section,rail_or_j,col_c,phi_rad,V
MZI,0,0,-0.049087,-0.1172
MZI,2,0,-0.098175,-0.2344
MZI,1,1,-0.171806,-0.4102
MZI,0,2,-0.208627,-0.4981
MZI,4,0,-0.147262,-0.3516
MZI,3,1,-0.269981,-0.6445
MZI,2,2,-0.269981,-0.6445
MZI,1,3,-0.295485,-0.7054
MZI,0,4,-0.349760,-0.8350
MZI,6,0,-0.196350,-0.4688
MZI,5,1,-0.368155,-0.8789
MZI,4,2,-0.368155,-0.8789
MZI,3,3,-0.368155,-0.8789
MZI,2,4,-0.387996,-0.9263
MZI,1,5,-0.432771,-1.0332
MZI,0,6,-0.494982,-1.1817
MZI,8,0,-0.245440,-0.5859
MZI,7,1,-0.466335,-1.1133
MZI,6,2,-0.466336,-1.1133
MZI,5,3,-0.466337,-1.1133
MZI,4,4,-0.466337,-1.1133
MZI,3,5,-0.482739,-1.1525
MZI,2,6,-0.521069,-1.2440
MZI,1,7,-0.575721,-1.3744
MZI,0,8,-0.641244,-1.5309
MZI,10,0,-0.294178,-0.7023
MZI,9,1,-0.563988,-1.3464
MZI,8,2,-0.563864,-1.3461
MZI,7,3,-0.563779,-1.3459
MZI,6,4,-0.563728,-1.3458
MZI,5,5,-0.563708,-1.3458
MZI,4,6,-0.577777,-1.3793
MZI,3,7,-0.611419,-1.4597
MZI,2,8,-0.660192,-1.5761
MZI,1,9,-0.719419,-1.7175
MZI,0,10,-0.785800,-1.8760
MZI,12,0,-0.352312,-0.8411
MZI,11,1,-0.675565,-1.6128
MZI,10,2,-0.678942,-1.6209
MZI,9,3,-0.681345,-1.6266
MZI,8,4,-0.682988,-1.6305
MZI,7,5,-0.683942,-1.6328
MZI,6,6,-0.684316,-1.6337
MZI,5,7,-0.696912,-1.6638
MZI,4,8,-0.727615,-1.7371
MZI,3,9,-0.773215,-1.8459
MZI,2,10,-0.830451,-1.9826
MZI,1,11,-0.899473,-2.1473
MZI,0,12,-0.996161,-2.3782
MZI,14,0,-0.416476,-0.9943
MZI,13,1,-0.800333,-1.9107
MZI,12,2,-0.801725,-1.9140
MZI,11,3,-0.805096,-1.9220
MZI,10,4,-0.807732,-1.9283
MZI,9,5,-0.809547,-1.9327
MZI,8,6,-0.810612,-1.9352
MZI,7,7,-0.811046,-1.9362
MZI,6,8,-0.822488,-1.9635
MZI,5,9,-0.850758,-2.0310
MZI,4,10,-0.893264,-2.1325
MZI,3,11,-0.947199,-2.2613
MZI,2,12,-1.012234,-2.4165
MZI,1,13,-1.092279,-2.6076
MZI,0,14,-1.236995,-2.9531
MZI,16,0,-0.424725,-1.0140
MZI,15,1,-0.846127,-2.0200
MZI,14,2,-0.830014,-1.9815
MZI,13,3,-0.824128,-1.9675
MZI,12,4,-0.826441,-1.9730
MZI,11,5,-0.832336,-1.9871
MZI,10,6,-0.838962,-2.0029
MZI,9,7,-0.844000,-2.0149
MZI,8,8,-0.846295,-2.0204
MZI,7,9,-0.856676,-2.0452
MZI,6,10,-0.882490,-2.1068
MZI,5,11,-0.922201,-2.2016
MZI,4,12,-0.972822,-2.3224
MZI,3,13,-1.031614,-2.4628
MZI,2,14,-1.085247,-2.5908
MZI,1,15,-0.858679,-2.0499
MZI,0,16,2.181113,5.2070
MZI,18,0,-0.599153,-1.4304
MZI,17,1,-1.135636,-2.7111
MZI,16,2,-1.240187,-2.9607
MZI,15,3,-1.329925,-3.1750
MZI,14,4,-1.416964,-3.3828
MZI,13,5,-1.496534,-3.5727
MZI,12,6,-1.561231,-3.7272
MZI,11,7,-1.607463,-3.8375
MZI,10,8,-1.634866,-3.9030
MZI,9,9,-1.645842,-3.9292
MZI,8,10,-1.659450,-3.9616
MZI,7,11,-1.694799,-4.0460
MZI,6,12,-1.757460,-4.1956
MZI,5,13,-1.851182,-4.4194
MZI,4,14,-1.985188,-4.7393
MZI,3,15,-2.174921,-5.1922
MZI,2,16,-2.542724,-6.0703
MZI,1,17,2.848592,6.8005
MZI,0,18,1.855435,4.4295
MZI,20,0,-0.500478,-1.1948
MZI,19,1,-1.042427,-2.4886
MZI,18,2,-0.951764,-2.2722
MZI,17,3,-0.914569,-2.1834
MZI,16,4,-0.865430,-2.0661
MZI,15,5,-0.813858,-1.9429
MZI,14,6,-0.766347,-1.8295
MZI,13,7,-0.728206,-1.7385
MZI,12,8,-0.702770,-1.6777
MZI,11,9,-0.689422,-1.6459
MZI,10,10,-0.684857,-1.6350
MZI,9,11,-0.689353,-1.6457
MZI,8,12,-0.699956,-1.6710
MZI,7,13,-0.710751,-1.6968
MZI,6,14,-0.714375,-1.7054
MZI,5,15,-0.700569,-1.6725
MZI,4,16,-0.659517,-1.5745
MZI,3,17,-0.706918,-1.6876
MZI,2,18,1.753396,4.1859
MZI,1,19,-2.911684,-6.9511
MZI,0,20,-0.098805,-0.2359
MZI,22,0,-0.652258,-1.5572
MZI,21,1,-1.236728,-2.9525
MZI,20,2,-1.332803,-3.1818
MZI,19,3,-1.359190,-3.2448
MZI,18,4,-1.409124,-3.3640
MZI,17,5,-1.448458,-3.4579
MZI,16,6,-1.484426,-3.5438
MZI,15,7,-1.518136,-3.6243
MZI,14,8,-1.547336,-3.6940
MZI,13,9,-1.569791,-3.7476
MZI,12,10,-1.584047,-3.7816
MZI,11,11,-1.590103,-3.7961
MZI,10,12,-1.599326,-3.8181
MZI,9,13,-1.623131,-3.8749
MZI,8,14,-1.663719,-3.9718
MZI,7,15,-1.721764,-4.1104
MZI,6,16,-1.801623,-4.3011
MZI,5,17,-1.918124,-4.5792
MZI,4,18,-2.143146,-5.1164
MZI,3,19,-2.447973,-5.8441
MZI,2,20,-0.064610,-0.1542
MZI,1,21,-2.930232,-6.9954
MZI,0,22,1.226370,2.9277
MZI,24,0,-0.663632,-1.5843
MZI,23,1,-1.322685,-3.1577
MZI,22,2,-1.286925,-3.0723
MZI,21,3,-1.326444,-3.1667
MZI,20,4,-1.335673,-3.1887
MZI,19,5,-1.369169,-3.2687
MZI,18,6,-1.401973,-3.3470
MZI,17,7,-1.440704,-3.4394
MZI,16,8,-1.484154,-3.5432
MZI,15,9,-1.526542,-3.6443
MZI,14,10,-1.561681,-3.7282
MZI,13,11,-1.584993,-3.7839
MZI,12,12,-1.595076,-3.8080
MZI,11,13,-1.605336,-3.8325
MZI,10,14,-1.632188,-3.8966
MZI,9,15,-1.680935,-4.0129
MZI,8,16,-1.755224,-4.1903
MZI,7,17,-1.864200,-4.4504
MZI,6,18,-2.021662,-4.8264
MZI,5,19,-2.118025,-5.0564
MZI,4,20,1.820804,4.3468
MZI,3,21,2.206895,5.2686
MZI,2,22,-2.922469,-6.9769
MZI,1,23,2.425674,5.7909
MZI,0,24,-0.053859,-0.1286
MZI,26,0,-0.734452,-1.7534
MZI,25,1,-1.483908,-3.5426
MZI,24,2,-1.641527,-3.9189
MZI,23,3,-2.034454,-4.8569
MZI,22,4,-2.924507,-6.9817
MZI,21,5,2.749338,6.5636
MZI,20,6,2.501881,5.9728
MZI,19,7,2.402749,5.7361
MZI,18,8,2.363276,5.6419
MZI,17,9,2.352024,5.6150
MZI,16,10,2.354181,5.6202
MZI,15,11,2.360095,5.6343
MZI,14,12,2.364348,5.6445
MZI,13,13,2.365699,5.6477
MZI,12,14,2.358637,5.6308
MZI,11,15,2.340453,5.5874
MZI,10,16,2.313614,5.5233
MZI,9,17,2.281336,5.4463
MZI,8,18,2.245640,5.3611
MZI,7,19,2.192832,5.2350
MZI,6,20,1.502731,3.5875
MZI,5,21,-1.727669,-4.1245
MZI,4,22,2.289983,5.4669
MZI,3,23,1.663371,3.9710
MZI,2,24,2.020481,4.8235
MZI,1,25,1.862881,4.4473
MZI,0,26,0.805569,1.9232
MZI,28,0,-0.771914,-1.8428
MZI,27,1,-1.517944,-3.6238
MZI,26,2,-1.619255,-3.8657
MZI,25,3,-2.639070,-6.3003
MZI,24,4,-3.127893,-7.4673
MZI,23,5,-2.216627,-5.2918
MZI,22,6,-1.197053,-2.8578
MZI,21,7,-0.376421,-0.8986
MZI,20,8,0.111738,0.2668
MZI,19,9,0.340373,0.8126
MZI,18,10,0.446393,1.0657
MZI,17,11,0.495038,1.1818
MZI,16,12,0.515559,1.2308
MZI,15,13,0.522607,1.2476
MZI,14,14,0.524052,1.2511
MZI,13,15,0.518535,1.2379
MZI,12,16,0.504731,1.2050
MZI,11,17,0.485433,1.1589
MZI,10,18,0.463979,1.1077
MZI,9,19,0.444613,1.0614
MZI,8,20,0.444933,1.0622
MZI,7,21,0.824879,1.9693
MZI,6,22,0.474710,1.1333
MZI,5,23,-1.621282,-3.8705
MZI,4,24,0.996091,2.3780
MZI,3,25,-1.583626,-3.7806
MZI,2,26,-1.597188,-3.8130
MZI,1,27,1.545674,3.6900
MZI,0,28,2.369002,5.6556
MZI,30,0,-0.790671,-1.8876
MZI,29,1,-1.573170,-3.7557
MZI,28,2,-1.555273,-3.7129
MZI,27,3,-1.877954,-4.4833
MZI,26,4,-2.637824,-6.2973
MZI,25,5,-1.126115,-2.6884
MZI,24,6,-0.008937,-0.0213
MZI,23,7,-0.167424,-0.3997
MZI,22,8,-0.720234,-1.7194
MZI,21,9,-1.109287,-2.6482
MZI,20,10,-1.306030,-3.1179
MZI,19,11,-1.410105,-3.3664
MZI,18,12,-1.469067,-3.5071
MZI,17,13,-1.502988,-3.5881
MZI,16,14,-1.521049,-3.6312
MZI,15,15,-1.528050,-3.6480
MZI,14,16,-1.533993,-3.6621
MZI,13,17,-1.549096,-3.6982
MZI,12,18,-1.574807,-3.7596
MZI,11,19,-1.608408,-3.8398
MZI,10,20,-1.645805,-3.9291
MZI,9,21,-1.686182,-4.0255
MZI,8,22,-1.851637,-4.4205
MZI,7,23,-2.092470,-4.9954
MZI,6,24,2.056928,4.9106
MZI,5,25,0.490124,1.1701
MZI,4,26,-1.502921,-3.5880
MZI,3,27,-0.460735,-1.0999
MZI,2,28,-2.629309,-6.2770
MZI,1,29,-1.354127,-3.2327
MZI,0,30,1.140042,2.7216
MZI,32,0,-0.841478,-2.0089
MZI,31,1,-1.665099,-3.9751
MZI,30,2,-1.691122,-4.0373
MZI,29,3,-1.686286,-4.0257
MZI,28,4,-2.995670,-7.1516
MZI,27,5,-1.813087,-4.3284
MZI,26,6,-0.519132,-1.2393
MZI,25,7,-1.544094,-3.6863
MZI,24,8,-1.837433,-4.3865
MZI,23,9,-1.991455,-4.7542
MZI,22,10,-2.116511,-5.0528
MZI,21,11,-2.237355,-5.3413
MZI,20,12,-2.357676,-5.6285
MZI,19,13,-2.470253,-5.8973
MZI,18,14,-2.562619,-6.1178
MZI,17,15,-2.623646,-6.2635
MZI,16,16,-2.649761,-6.3258
MZI,15,17,-2.664980,-6.3622
MZI,14,18,-2.705284,-6.4584
MZI,13,19,-2.786144,-6.6514
MZI,12,20,-2.918056,-6.9663
MZI,11,21,-3.115437,-7.4376
MZI,10,22,2.937105,7.0118
MZI,9,23,-2.410973,-5.7558
MZI,8,24,0.850291,2.0299
MZI,7,25,0.667524,1.5936
MZI,6,26,2.497036,5.9612
MZI,5,27,-2.485859,-5.9346
MZI,4,28,-0.412475,-0.9847
MZI,3,29,1.578339,3.7680
MZI,2,30,-2.876000,-6.8659
MZI,1,31,0.042233,0.1008
MZI,0,32,0.350249,0.8362
MZI,34,0,-0.879103,-2.0987
MZI,33,1,-1.740639,-4.1555
MZI,32,2,-1.747279,-4.1713
MZI,31,3,-1.765914,-4.2158
MZI,30,4,-1.740216,-4.1545
MZI,29,5,-2.821402,-6.7356
MZI,28,6,-1.449890,-3.4614
MZI,27,7,-1.567675,-3.7425
MZI,26,8,-1.801325,-4.3003
MZI,25,9,-1.863342,-4.4484
MZI,24,10,-1.899805,-4.5354
MZI,23,11,-1.915755,-4.5735
MZI,22,12,-1.915957,-4.5740
MZI,21,13,-1.903438,-4.5441
MZI,20,14,-1.883372,-4.4962
MZI,19,15,-1.863214,-4.4481
MZI,18,16,-1.849223,-4.4147
MZI,17,17,-1.843494,-4.4010
MZI,16,18,-1.843767,-4.4017
MZI,15,19,-1.843755,-4.4016
MZI,14,20,-1.837183,-4.3860
MZI,13,21,-1.816835,-4.3374
MZI,12,22,-1.777492,-4.2435
MZI,11,23,-1.770010,-4.2256
MZI,10,24,-2.738079,-6.5367
MZI,9,25,2.691706,6.4260
MZI,8,26,-1.866567,-4.4561
MZI,7,27,2.477648,5.9149
MZI,6,28,-2.160005,-5.1566
MZI,5,29,1.002120,2.3924
MZI,4,30,-1.415548,-3.3794
MZI,3,31,-0.832286,-1.9869
MZI,2,32,-0.398399,-0.9511
MZI,1,33,0.915923,2.1866
MZI,0,34,-1.250089,-2.9844
MZI,36,0,-0.882229,-2.1062
MZI,35,1,-1.762870,-4.2085
MZI,34,2,-1.751824,-4.1822
MZI,33,3,-1.748563,-4.1744
MZI,32,4,-1.753891,-4.1871
MZI,31,5,-1.704320,-4.0688
MZI,30,6,-2.006299,-4.7897
MZI,29,7,-0.489753,-1.1692
MZI,28,8,-1.678281,-4.0066
MZI,27,9,-1.749912,-4.1776
MZI,26,10,-1.775185,-4.2379
MZI,25,11,-1.795502,-4.2864
MZI,24,12,-1.809634,-4.3202
MZI,23,13,-1.822554,-4.3510
MZI,22,14,-1.835833,-4.3827
MZI,21,15,-1.849031,-4.4142
MZI,20,16,-1.860774,-4.4423
MZI,19,17,-1.869354,-4.4628
MZI,18,18,-1.873481,-4.4726
MZI,17,19,-1.878388,-4.4843
MZI,16,20,-1.891025,-4.5145
MZI,15,21,-1.912535,-4.5658
MZI,14,22,-1.942477,-4.6373
MZI,13,23,-1.981436,-4.7303
MZI,12,24,-2.024911,-4.8341
MZI,11,25,-1.938522,-4.6279
MZI,10,26,-1.724670,-4.1173
MZI,9,27,-1.277004,-3.0486
MZI,8,28,-0.641599,-1.5317
MZI,7,29,-3.113859,-7.4338
MZI,6,30,2.335394,5.5753
MZI,5,31,-1.358765,-3.2438
MZI,4,32,2.810326,6.7092
MZI,3,33,2.320131,5.5389
MZI,2,34,0.554762,1.3244
MZI,1,35,-1.593859,-3.8051
MZI,0,36,-1.741538,-4.1576
MZI,38,0,-0.948725,-2.2649
MZI,37,1,-1.869204,-4.4624
MZI,36,2,-1.900127,-4.5362
MZI,35,3,-1.920171,-4.5841
MZI,34,4,-1.944803,-4.6429
MZI,33,5,-1.975193,-4.7154
MZI,32,6,-1.934002,-4.6171
MZI,31,7,-2.168790,-5.1776
MZI,30,8,-1.540757,-3.6783
MZI,29,9,-2.066289,-4.9329
MZI,28,10,-2.128047,-5.0803
MZI,27,11,-2.170752,-5.1823
MZI,26,12,-2.210768,-5.2778
MZI,25,13,-2.240786,-5.3495
MZI,24,14,-2.260885,-5.3975
MZI,23,15,-2.270560,-5.4206
MZI,22,16,-2.271323,-5.4224
MZI,21,17,-2.267365,-5.4129
MZI,20,18,-2.263315,-5.4033
MZI,19,19,-2.261579,-5.3991
MZI,18,20,-2.263767,-5.4043
MZI,17,21,-2.268805,-5.4164
MZI,16,22,-2.272493,-5.4252
MZI,15,23,-2.267930,-5.4143
MZI,14,24,-2.246715,-5.3636
MZI,13,25,-2.253588,-5.3800
MZI,12,26,2.831366,6.7594
MZI,11,27,1.974043,4.7127
MZI,10,28,-2.291193,-5.4698
MZI,9,29,1.778877,4.2468
MZI,8,30,-1.189170,-2.8389
MZI,7,31,0.090010,0.2149
MZI,6,32,3.034454,7.2442
MZI,5,33,-2.949788,-7.0421
MZI,4,34,-1.892727,-4.5186
MZI,3,35,1.509384,3.6034
MZI,2,36,1.968784,4.7001
MZI,1,37,3.017578,7.2039
MZI,0,38,-0.411756,-0.9830
MZI,40,0,-1.003387,-2.3954
MZI,39,1,-1.982509,-4.7329
MZI,38,2,-1.989842,-4.7504
MZI,37,3,-2.017084,-4.8154
MZI,36,4,-2.039915,-4.8699
MZI,35,5,-2.068691,-4.9386
MZI,34,6,-2.102278,-5.0188
MZI,33,7,-2.049401,-4.8926
MZI,32,8,-2.275753,-5.4330
MZI,31,9,-2.064598,-4.9289
MZI,30,10,-2.225281,-5.3125
MZI,29,11,-2.278127,-5.4386
MZI,28,12,-2.319865,-5.5383
MZI,27,13,-2.360153,-5.6344
MZI,26,14,-2.392528,-5.7117
MZI,25,15,-2.419005,-5.7750
MZI,24,16,-2.441095,-5.8277
MZI,23,17,-2.459898,-5.8726
MZI,22,18,-2.475522,-5.9099
MZI,21,19,-2.486744,-5.9367
MZI,20,20,-2.492089,-5.9494
MZI,19,21,-2.497458,-5.9622
MZI,18,22,-2.511168,-5.9950
MZI,17,23,-2.534679,-6.0511
MZI,16,24,-2.567505,-6.1295
MZI,15,25,-2.611598,-6.2347
MZI,14,26,-2.683596,-6.4066
MZI,13,27,-2.545136,-6.0761
MZI,12,28,-2.399190,-5.7276
MZI,11,29,0.700760,1.6729
MZI,10,30,-1.305492,-3.1166
MZI,9,31,2.849221,6.8020
MZI,8,32,-0.501864,-1.1981
MZI,7,33,-2.905023,-6.9352
MZI,6,34,-2.395022,-5.7177
MZI,5,35,1.679456,4.0094
MZI,4,36,-2.867315,-6.8452
MZI,3,37,1.489321,3.5555
MZI,2,38,1.622362,3.8731
MZI,1,39,-2.201802,-5.2564
MZI,0,40,-0.904036,-2.1582
MZI,42,0,-1.099740,-2.6254
MZI,41,1,-2.153852,-5.1419
MZI,40,2,-2.177863,-5.1993
MZI,39,3,-2.204232,-5.2622
MZI,38,4,-2.243714,-5.3565
MZI,37,5,-2.279089,-5.4409
MZI,36,6,-2.319753,-5.5380
MZI,35,7,-2.363413,-5.6422
MZI,34,8,-2.302005,-5.4956
MZI,33,9,-2.549756,-6.0871
MZI,32,10,-2.433856,-5.8104
MZI,31,11,-2.524934,-6.0278
MZI,30,12,-2.577640,-6.1537
MZI,29,13,-2.623939,-6.2642
MZI,28,14,-2.672637,-6.3805
MZI,27,15,-2.719773,-6.4930
MZI,26,16,-2.768553,-6.6094
MZI,25,17,-2.817758,-6.7269
MZI,24,18,-2.861724,-6.8319
MZI,23,19,-2.894637,-6.9104
MZI,22,20,-2.914643,-6.9582
MZI,21,21,-2.923112,-6.9784
MZI,20,22,-2.931984,-6.9996
MZI,19,23,-2.955113,-7.0548
MZI,18,24,-2.995035,-7.1501
MZI,17,25,-3.047901,-7.2763
MZI,16,26,-3.092298,-7.3823
MZI,15,27,-2.949655,-7.0418
MZI,14,28,0.018738,0.0447
MZI,13,29,1.630894,3.8935
MZI,12,30,-2.515113,-6.0044
MZI,11,31,-2.873546,-6.8601
MZI,10,32,-2.199975,-5.2521
MZI,9,33,-2.304716,-5.5021
MZI,8,34,3.094119,7.3867
MZI,7,35,-2.322724,-5.5451
MZI,6,36,-1.875213,-4.4767
MZI,5,37,-2.750131,-6.5655
MZI,4,38,2.403675,5.7384
MZI,3,39,2.133818,5.0941
MZI,2,40,2.731592,6.5212
MZI,1,41,-0.026630,-0.0636
MZI,0,42,0.170733,0.4076
MZI,44,0,-1.079984,-2.5783
MZI,43,1,-2.168609,-5.1772
MZI,42,2,-2.129880,-5.0847
MZI,41,3,-2.117452,-5.0550
MZI,40,4,-2.115308,-5.0499
MZI,39,5,-2.126926,-5.0777
MZI,38,6,-2.137956,-5.1040
MZI,37,7,-2.155939,-5.1469
MZI,36,8,-2.176941,-5.1971
MZI,35,9,-2.094780,-5.0009
MZI,34,10,-2.310300,-5.5154
MZI,33,11,-2.198144,-5.2477
MZI,32,12,-2.245733,-5.3613
MZI,31,13,-2.272846,-5.4260
MZI,30,14,-2.293169,-5.4745
MZI,29,15,-2.310674,-5.5163
MZI,28,16,-2.318282,-5.5345
MZI,27,17,-2.315964,-5.5290
MZI,26,18,-2.305382,-5.5037
MZI,25,19,-2.292194,-5.4722
MZI,24,20,-2.282887,-5.4500
MZI,23,21,-2.279292,-5.4414
MZI,22,22,-2.278798,-5.4402
MZI,21,23,-2.279681,-5.4423
MZI,20,24,-2.281376,-5.4464
MZI,19,25,-2.282601,-5.4493
MZI,18,26,-2.286644,-5.4590
MZI,17,27,-2.331912,-5.5670
MZI,16,28,-2.783710,-6.6456
MZI,15,29,0.640011,1.5279
MZI,14,30,-0.416357,-0.9940
MZI,13,31,-0.349148,-0.8335
MZI,12,32,2.154207,5.1428
MZI,11,33,2.347847,5.6051
MZI,10,34,0.229688,0.5483
MZI,9,35,3.044020,7.2671
MZI,8,36,2.509696,5.9915
MZI,7,37,2.900073,6.9234
MZI,6,38,-2.620423,-6.2558
MZI,5,39,-0.700939,-1.6734
MZI,4,40,-0.596713,-1.4245
MZI,3,41,-2.085453,-4.9787
MZI,2,42,0.860352,2.0539
MZI,1,43,0.134385,0.3208
MZI,0,44,2.026864,4.8388
MZI,46,0,-1.139047,-2.7193
MZI,45,1,-2.248401,-5.3677
MZI,44,2,-2.278033,-5.4384
MZI,43,3,-2.275408,-5.4321
MZI,42,4,-2.283183,-5.4507
MZI,41,5,-2.295795,-5.4808
MZI,40,6,-2.316728,-5.5308
MZI,39,7,-2.335414,-5.5754
MZI,38,8,-2.359283,-5.6324
MZI,37,9,-2.384800,-5.6933
MZI,36,10,-2.304715,-5.5021
MZI,35,11,-2.522764,-6.0227
MZI,34,12,-2.436770,-5.8174
MZI,33,13,-2.475401,-5.9096
MZI,32,14,-2.504717,-5.9796
MZI,31,15,-2.529296,-6.0382
MZI,30,16,-2.551635,-6.0916
MZI,29,17,-2.564164,-6.1215
MZI,28,18,-2.565717,-6.1252
MZI,27,19,-2.556962,-6.1043
MZI,26,20,-2.542727,-6.0703
MZI,25,21,-2.529936,-6.0398
MZI,24,22,-2.522634,-6.0223
MZI,23,23,-2.520246,-6.0166
MZI,22,24,-2.520196,-6.0165
MZI,21,25,-2.518875,-6.0134
MZI,20,26,-2.511249,-5.9952
MZI,19,27,-2.492194,-5.9497
MZI,18,28,-2.495692,-5.9580
MZI,17,29,2.764866,6.6006
MZI,16,30,-2.832480,-6.7620
MZI,15,31,-2.225878,-5.3139
MZI,14,32,-2.851379,-6.8072
MZI,13,33,-2.694929,-6.4337
MZI,12,34,1.728975,4.1276
MZI,11,35,2.803819,6.6936
MZI,10,36,1.636048,3.9058
MZI,9,37,0.585082,1.3968
MZI,8,38,-2.981138,-7.1169
MZI,7,39,0.729498,1.7415
MZI,6,40,-2.708412,-6.4659
MZI,5,41,1.404282,3.3525
MZI,4,42,-2.416435,-5.7688
MZI,3,43,1.674174,3.9968
MZI,2,44,0.054662,0.1305
MZI,1,45,1.073593,2.5630
MZI,0,46,-1.392301,-3.3239
MZI,48,0,-1.213081,-2.8960
MZI,47,1,-2.392248,-5.7111
MZI,46,2,-2.402085,-5.7346
MZI,45,3,-2.437915,-5.8201
MZI,44,4,-2.452068,-5.8539
MZI,43,5,-2.473848,-5.9059
MZI,42,6,-2.499656,-5.9675
MZI,41,7,-2.531726,-6.0440
MZI,40,8,-2.561317,-6.1147
MZI,39,9,-2.595598,-6.1965
MZI,38,10,-2.630922,-6.2809
MZI,37,11,-2.559473,-6.1103
MZI,36,12,-2.790463,-6.6617
MZI,35,13,-2.720381,-6.4944
MZI,34,14,-2.762276,-6.5944
MZI,33,15,-2.800459,-6.6856
MZI,32,16,-2.837155,-6.7732
MZI,31,17,-2.876050,-6.8661
MZI,30,18,-2.910685,-6.9487
MZI,29,19,-2.939103,-7.0166
MZI,28,20,-2.958156,-7.0621
MZI,27,21,-2.966242,-7.0814
MZI,26,22,-2.965468,-7.0795
MZI,25,23,-2.961292,-7.0696
MZI,24,24,-2.958889,-7.0638
MZI,23,25,-2.962515,-7.0725
MZI,22,26,-2.971416,-7.0937
MZI,21,27,-2.979915,-7.1140
MZI,20,28,-2.972953,-7.0974
MZI,19,29,-2.860369,-6.8286
MZI,18,30,-1.391388,-3.3217
MZI,17,31,2.394382,5.7162
MZI,16,32,2.147447,5.1267
MZI,15,33,2.919986,6.9710
MZI,14,34,-2.809668,-6.7076
MZI,13,35,1.501238,3.5839
MZI,12,36,3.037514,7.2515
MZI,11,37,1.134373,2.7081
MZI,10,38,-1.036688,-2.4749
MZI,9,39,0.112738,0.2691
MZI,8,40,-1.150182,-2.7459
MZI,7,41,-1.731123,-4.1328
MZI,6,42,-2.381067,-5.6844
MZI,5,43,-2.676200,-6.3890
MZI,4,44,-0.440969,-1.0527
MZI,3,45,-2.521303,-6.0192
MZI,2,46,-0.781065,-1.8647
MZI,1,47,1.701467,4.0620
MZI,0,48,-1.950770,-4.6571
MZI,50,0,-1.285467,-3.0688
MZI,49,1,-2.531496,-6.0435
MZI,48,2,-2.530534,-6.0412
MZI,47,3,-2.531829,-6.0443
MZI,46,4,-2.556717,-6.1037
MZI,45,5,-2.564050,-6.1212
MZI,44,6,-2.576665,-6.1513
MZI,43,7,-2.591933,-6.1878
MZI,42,8,-2.611309,-6.2340
MZI,41,9,-2.627565,-6.2728
MZI,40,10,-2.647844,-6.3213
MZI,39,11,-2.668410,-6.3704
MZI,38,12,-2.582672,-6.1657
MZI,37,13,-2.801607,-6.6883
MZI,36,14,-2.711278,-6.4727
MZI,35,15,-2.737358,-6.5350
MZI,34,16,-2.761570,-6.5928
MZI,33,17,-2.786626,-6.6526
MZI,32,18,-2.816261,-6.7233
MZI,31,19,-2.842575,-6.7861
MZI,30,20,-2.860168,-6.8281
MZI,29,21,-2.863555,-6.8362
MZI,28,22,-2.853151,-6.8114
MZI,27,23,-2.836093,-6.7707
MZI,26,24,-2.821495,-6.7358
MZI,25,25,-2.814894,-6.7201
MZI,24,26,-2.817109,-6.7254
MZI,23,27,-2.822386,-6.7380
MZI,22,28,-2.823392,-6.7404
MZI,21,29,-2.807168,-6.7016
MZI,20,30,-2.713841,-6.4788
MZI,19,31,-1.607514,-3.8377
MZI,18,32,2.723378,6.5016
MZI,17,33,-2.395887,-5.7198
MZI,16,34,-3.124337,-7.4588
MZI,15,35,1.472381,3.5151
MZI,14,36,2.600105,6.2073
MZI,13,37,0.290345,0.6931
MZI,12,38,2.665024,6.3623
MZI,11,39,-2.848255,-6.7997
MZI,10,40,1.094814,2.6137
MZI,9,41,-1.114497,-2.6607
MZI,8,42,-0.984343,-2.3499
MZI,7,43,-1.564341,-3.7346
MZI,6,44,-2.254143,-5.3814
MZI,5,45,-0.840428,-2.0064
MZI,4,46,2.845671,6.7935
MZI,3,47,0.846431,2.0207
MZI,2,48,-0.408565,-0.9754
MZI,1,49,2.876512,6.8672
MZI,0,50,2.296908,5.4835
MZI,52,0,-1.362682,-3.2532
MZI,51,1,-2.694605,-6.4329
MZI,50,2,-2.703611,-6.4544
MZI,49,3,-2.720958,-6.4958
MZI,48,4,-2.741555,-6.5450
MZI,47,5,-2.785634,-6.6502
MZI,46,6,-2.816218,-6.7232
MZI,45,7,-2.852149,-6.8090
MZI,44,8,-2.891138,-6.9021
MZI,43,9,-2.933560,-7.0034
MZI,42,10,-2.972851,-7.0972
MZI,41,11,-3.015977,-7.2001
MZI,40,12,-3.059153,-7.3032
MZI,39,13,-3.003718,-7.1708
MZI,38,14,3.041813,7.2618
MZI,37,15,3.106150,7.4154
MZI,36,16,3.061955,7.3099
MZI,35,17,3.016418,7.2012
MZI,34,18,2.966521,7.0820
MZI,33,19,2.904819,6.9347
MZI,32,20,2.835464,6.7692
MZI,31,21,2.766476,6.6045
MZI,30,22,2.710836,6.4716
MZI,29,23,2.674115,6.3840
MZI,28,24,2.652805,6.3331
MZI,27,25,2.641304,6.3056
MZI,26,26,2.636316,6.2937
MZI,25,27,2.627338,6.2723
MZI,24,28,2.604214,6.2171
MZI,23,29,2.567095,6.1285
MZI,22,30,2.520621,6.0175
MZI,21,31,2.478922,5.9180
MZI,20,32,2.145636,5.1223
MZI,19,33,1.833402,4.3769
MZI,18,34,2.755626,6.5786
MZI,17,35,1.897031,4.5288
MZI,16,36,2.282669,5.4495
MZI,15,37,2.137565,5.1031
MZI,14,38,0.274342,0.6549
MZI,13,39,1.190207,2.8414
MZI,12,40,-0.901193,-2.1514
MZI,11,41,-2.959906,-7.0663
MZI,10,42,2.399995,5.7296
MZI,9,43,-0.455761,-1.0880
MZI,8,44,2.989856,7.1378
MZI,7,45,3.094250,7.3870
MZI,6,46,2.189369,5.2267
MZI,5,47,-0.644733,-1.5392
MZI,4,48,-0.039000,-0.0931
MZI,3,49,2.881219,6.8784
MZI,2,50,-2.195267,-5.2408
MZI,1,51,0.741406,1.7700
MZI,0,52,1.313511,3.1358
MZI,54,0,-1.422421,-3.3958
MZI,53,1,-2.815995,-6.7227
MZI,52,2,-2.821504,-6.7358
MZI,51,3,-2.822383,-6.7379
MZI,50,4,-2.831522,-6.7598
MZI,49,5,-2.841714,-6.7841
MZI,48,6,-2.872860,-6.8584
MZI,47,7,-2.892120,-6.9044
MZI,46,8,-2.915408,-6.9600
MZI,45,9,-2.940992,-7.0211
MZI,44,10,-2.968755,-7.0874
MZI,43,11,-2.993288,-7.1459
MZI,42,12,-3.021418,-7.2131
MZI,41,13,-3.049362,-7.2798
MZI,40,14,-2.989540,-7.1370
MZI,39,15,3.081886,7.3575
MZI,38,16,-3.119594,-7.4475
MZI,37,17,3.134438,7.4829
MZI,36,18,3.105161,7.4130
MZI,35,19,3.072033,7.3339
MZI,34,20,3.025949,7.2239
MZI,33,21,2.964899,7.0782
MZI,32,22,2.895916,6.9135
MZI,31,23,2.839094,6.7778
MZI,30,24,2.803476,6.6928
MZI,29,25,2.783509,6.6451
MZI,28,26,2.772300,6.6184
MZI,27,27,2.767136,6.6061
MZI,26,28,2.758325,6.5850
MZI,25,29,2.735955,6.5316
MZI,24,30,2.700856,6.4478
MZI,23,31,2.658769,6.3473
MZI,22,32,2.626405,6.2701
MZI,21,33,2.557426,6.1054
MZI,20,34,2.147998,5.1280
MZI,19,35,-2.761806,-6.5933
MZI,18,36,2.599596,6.2061
MZI,17,37,1.449282,3.4599
MZI,16,38,0.336544,0.8034
MZI,15,39,-2.038280,-4.8660
MZI,14,40,2.269811,5.4188
MZI,13,41,-1.216637,-2.9045
MZI,12,42,-2.751640,-6.5691
MZI,11,43,1.528837,3.6498
MZI,10,44,-2.957536,-7.0606
MZI,9,45,2.779346,6.6352
MZI,8,46,-0.761133,-1.8171
MZI,7,47,-0.353830,-0.8447
MZI,6,48,0.461209,1.1011
MZI,5,49,-1.145924,-2.7357
MZI,4,50,-1.003648,-2.3960
MZI,3,51,2.570858,6.1375
MZI,2,52,-0.750483,-1.7916
MZI,1,53,2.859397,6.8263
MZI,0,54,0.246368,0.5882
MZI,56,0,-1.460352,-3.4863
MZI,55,1,-2.904198,-6.9333
MZI,54,2,-2.901738,-6.9274
MZI,53,3,-2.908159,-6.9427
MZI,52,4,-2.908610,-6.9438
MZI,51,5,-2.918671,-6.9678
MZI,50,6,-2.930384,-6.9958
MZI,49,7,-2.962524,-7.0725
MZI,48,8,-2.985917,-7.1284
MZI,47,9,-3.014317,-7.1962
MZI,46,10,-3.046365,-7.2727
MZI,45,11,-3.081421,-7.3564
MZI,44,12,-3.114695,-7.4358
MZI,43,13,3.130629,7.4738
MZI,42,14,3.092052,7.3817
MZI,41,15,3.125972,7.4627
MZI,40,16,2.918127,6.9665
MZI,39,17,2.983195,7.1219
MZI,38,18,2.944362,7.0291
MZI,37,19,2.904220,6.9333
MZI,36,20,2.858265,6.8236
MZI,35,21,2.795123,6.6729
MZI,34,22,2.713108,6.4771
MZI,33,23,2.635857,6.2926
MZI,32,24,2.595274,6.1958
MZI,31,25,2.586437,6.1747
MZI,30,26,2.589695,6.1824
MZI,29,27,2.593630,6.1918
MZI,28,28,2.595006,6.1951
MZI,27,29,2.590055,6.1833
MZI,26,30,2.578348,6.1554
MZI,25,31,2.566252,6.1265
MZI,24,32,2.566701,6.1275
MZI,23,33,2.606126,6.2217
MZI,22,34,2.441404,5.8284
MZI,21,35,1.753793,4.1869
MZI,20,36,1.267270,3.0254
MZI,19,37,0.430945,1.0288
MZI,18,38,1.284027,3.0654
MZI,17,39,0.573104,1.3682
MZI,16,40,1.306190,3.1183
MZI,15,41,0.089798,0.2144
MZI,14,42,-1.942260,-4.6368
MZI,13,43,1.783117,4.2569
MZI,12,44,1.353741,3.2318
MZI,11,45,3.011861,7.1903
MZI,10,46,2.160415,5.1576
MZI,9,47,-0.652791,-1.5584
MZI,8,48,-0.968439,-2.3120
MZI,7,49,1.682859,4.0175
MZI,6,50,1.678808,4.0079
MZI,5,51,1.704536,4.0693
MZI,4,52,-1.304593,-3.1145
MZI,3,53,0.074948,0.1789
MZI,2,54,-2.670656,-6.3757
MZI,1,55,-0.707402,-1.6888
MZI,0,56,2.082657,4.9720
MZI,58,0,-1.454570,-3.4725
MZI,57,1,-2.912285,-6.9526
MZI,56,2,-2.898677,-6.9201
MZI,55,3,-2.882089,-6.8805
MZI,54,4,-2.873189,-6.8592
MZI,53,5,-2.856186,-6.8186
MZI,52,6,-2.847390,-6.7976
MZI,51,7,-2.838940,-6.7775
MZI,50,8,-2.848673,-6.8007
MZI,49,9,-2.850570,-6.8052
MZI,48,10,-2.856545,-6.8195
MZI,47,11,-2.865440,-6.8407
MZI,46,12,-2.876349,-6.8668
MZI,45,13,-2.885203,-6.8879
MZI,44,14,-2.897902,-6.9182
MZI,43,15,-2.910497,-6.9483
MZI,42,16,-2.858638,-6.8245
MZI,41,17,-3.023489,-7.2180
MZI,40,18,-2.931550,-6.9986
MZI,39,19,-2.943270,-7.0265
MZI,38,20,-2.955891,-7.0567
MZI,37,21,-2.975933,-7.1045
MZI,36,22,-3.016706,-7.2019
MZI,35,23,-3.081770,-7.3572
MZI,34,24,-3.132328,-7.4779
MZI,33,25,-3.135507,-7.4855
MZI,32,26,-3.114040,-7.4342
MZI,31,27,-3.091838,-7.3812
MZI,30,28,-3.077783,-7.3477
MZI,29,29,-3.072554,-7.3352
MZI,28,30,-3.075815,-7.3430
MZI,27,31,-3.083596,-7.3615
MZI,26,32,-3.089614,-7.3759
MZI,25,33,-3.084807,-7.3644
MZI,24,34,-3.058120,-7.3007
MZI,23,35,3.117288,7.4420
MZI,22,36,2.710415,6.4706
MZI,21,37,-2.991840,-7.1425
MZI,20,38,-2.654977,-6.3383
MZI,19,39,2.465501,5.8859
MZI,18,40,-2.432391,-5.8069
MZI,17,41,0.744475,1.7773
MZI,16,42,2.128143,5.0806
MZI,15,43,1.154167,2.7554
MZI,14,44,-1.319120,-3.1492
MZI,13,45,-1.654272,-3.9493
MZI,12,46,2.582148,6.1644
MZI,11,47,-2.542738,-6.0703
MZI,10,48,-2.194207,-5.2383
MZI,9,49,0.608278,1.4522
MZI,8,50,-2.013483,-4.8068
MZI,7,51,-1.179595,-2.8161
MZI,6,52,1.803580,4.3057
MZI,5,53,3.049052,7.2791
MZI,4,54,-1.080831,-2.5803
MZI,3,55,-1.748133,-4.1734
MZI,2,56,1.635972,3.9056
MZI,1,57,-3.035609,-7.2470
MZI,0,58,2.742253,6.5466
MZI,60,0,-1.524440,-3.6393
MZI,59,1,-3.015007,-7.1978
MZI,58,2,-3.043875,-7.2667
MZI,57,3,-3.057148,-7.2984
MZI,56,4,-3.062327,-7.3108
MZI,55,5,-3.072255,-7.3345
MZI,54,6,-3.071844,-7.3335
MZI,53,7,-3.077712,-7.3475
MZI,52,8,-3.082522,-7.3590
MZI,51,9,-3.103261,-7.4085
MZI,50,10,-3.116520,-7.4401
MZI,49,11,-3.132986,-7.4795
MZI,48,12,3.131366,7.4756
MZI,47,13,3.111186,7.4274
MZI,46,14,3.093285,7.3847
MZI,45,15,3.071880,7.3336
MZI,44,16,3.050671,7.2829
MZI,43,17,3.083749,7.3619
MZI,42,18,2.923907,6.9803
MZI,41,19,3.001413,7.1653
MZI,40,20,2.984186,7.1242
MZI,39,21,2.967812,7.0851
MZI,38,22,2.947500,7.0366
MZI,37,23,2.902865,6.9301
MZI,36,24,2.792908,6.6676
MZI,35,25,2.670629,6.3757
MZI,34,26,2.630331,6.2795
MZI,33,27,2.635687,6.2922
MZI,32,28,2.648146,6.3220
MZI,31,29,2.655862,6.3404
MZI,30,30,2.658214,6.3460
MZI,29,31,2.651610,6.3303
MZI,28,32,2.634868,6.2903
MZI,27,33,2.611067,6.2335
MZI,26,34,2.578410,6.1555
MZI,25,35,2.506501,5.9838
MZI,24,36,2.335948,5.5767
MZI,23,37,2.148495,5.1292
MZI,22,38,2.866727,6.8438
MZI,21,39,-1.854530,-4.4274
MZI,20,40,1.626715,3.8835
MZI,19,41,1.942509,4.6374
MZI,18,42,-2.687391,-6.4157
MZI,17,43,-1.929704,-4.6068
MZI,16,44,0.953157,2.2755
MZI,15,45,-2.419111,-5.7752
MZI,14,46,-2.446213,-5.8399
MZI,13,47,2.694504,6.4327
MZI,12,48,2.802017,6.6893
MZI,11,49,2.143234,5.1166
MZI,10,50,0.770712,1.8399
MZI,9,51,2.843774,6.7890
MZI,8,52,2.615056,6.2430
MZI,7,53,-1.663321,-3.9709
MZI,6,54,-0.829190,-1.9795
MZI,5,55,0.189974,0.4535
MZI,4,56,2.653417,6.3346
MZI,3,57,-2.197110,-5.2452
MZI,2,58,1.403470,3.3505
MZI,1,59,-1.504991,-3.5929
MZI,0,60,-0.649448,-1.5504
MZI,62,0,-1.729737,-4.1294
MZI,61,1,2.907710,6.9416
MZI,60,2,2.832818,6.7629
MZI,59,3,2.747758,6.5598
MZI,58,4,2.676454,6.3896
MZI,57,5,2.618326,6.2508
MZI,56,6,2.560018,6.1116
MZI,55,7,2.518030,6.0114
MZI,54,8,2.475379,5.9095
MZI,53,9,2.439099,5.8229
MZI,52,10,2.392107,5.7107
MZI,51,11,2.355749,5.6239
MZI,50,12,2.319938,5.5384
MZI,49,13,2.284990,5.4550
MZI,48,14,2.251997,5.3762
MZI,47,15,2.224359,5.3103
MZI,46,16,2.196078,5.2427
MZI,45,17,2.170952,5.1828
MZI,44,18,2.198392,5.2483
MZI,43,19,2.045363,4.8829
MZI,42,20,2.123454,5.0694
MZI,41,21,2.104011,5.0230
MZI,40,22,2.082599,4.9718
MZI,39,23,2.073764,4.9507
MZI,38,24,2.131267,5.0880
MZI,37,25,2.320723,5.5403
MZI,36,26,2.413426,5.7616
MZI,35,27,1.916442,4.5752
MZI,34,28,1.358142,3.2423
MZI,33,29,1.182922,2.8240
MZI,32,30,1.130079,2.6979
MZI,31,31,1.113001,2.6571
MZI,30,32,1.088209,2.5979
MZI,29,33,1.029683,2.4582
MZI,28,34,0.948741,2.2650
MZI,27,35,0.857898,2.0481
MZI,26,36,0.806807,1.9261
MZI,25,37,1.926027,4.5981
MZI,24,38,2.318721,5.5355
MZI,23,39,1.960083,4.6794
MZI,22,40,0.668644,1.5963
MZI,21,41,0.450119,1.0746
MZI,20,42,-2.925457,-6.9840
MZI,19,43,-0.820367,-1.9585
MZI,18,44,-3.045945,-7.2717
MZI,17,45,1.929594,4.6066
MZI,16,46,1.926845,4.6000
MZI,15,47,2.065165,4.9302
MZI,14,48,2.940682,7.0204
MZI,13,49,-2.752489,-6.5711
MZI,12,50,2.813659,6.7171
MZI,11,51,-0.217996,-0.5204
MZI,10,52,-1.269005,-3.0295
MZI,9,53,-3.002854,-7.1688
MZI,8,54,3.123633,7.4571
MZI,7,55,0.271271,0.6476
MZI,6,56,0.500969,1.1960
MZI,5,57,0.508390,1.2137
MZI,4,58,-2.617639,-6.2492
MZI,3,59,-1.072958,-2.5615
MZI,2,60,-0.494560,-1.1807
MZI,1,61,-0.358208,-0.8552
MZI,0,62,-0.944863,-2.2557
MZI,64,0,-1.685909,-4.0248
MZI,63,1,2.882850,6.8823
MZI,62,2,2.951042,7.0451
MZI,61,3,2.977451,7.1081
MZI,60,4,2.985764,7.1280
MZI,59,5,2.995349,7.1509
MZI,58,6,3.013079,7.1932
MZI,57,7,3.026708,7.2257
MZI,56,8,3.053525,7.2898
MZI,55,9,3.075148,7.3414
MZI,54,10,3.098471,7.3971
MZI,53,11,3.106807,7.4170
MZI,52,12,3.120839,7.4505
MZI,51,13,3.131408,7.4757
MZI,50,14,3.139243,7.4944
MZI,49,15,-3.137253,-7.4896
MZI,48,16,-3.128338,-7.4684
MZI,47,17,-3.122435,-7.4543
MZI,46,18,-3.114804,-7.4360
MZI,45,19,-3.057527,-7.2993
MZI,44,20,3.116070,7.4391
MZI,43,21,-3.066928,-7.3218
MZI,42,22,-3.084806,-7.3644
MZI,41,23,3.137609,7.4905
MZI,40,24,3.060292,7.3059
MZI,39,25,3.101028,7.4032
MZI,38,26,-2.880243,-6.8761
MZI,37,27,-2.220290,-5.3006
MZI,36,28,-0.942742,-2.2506
MZI,35,29,0.338953,0.8092
MZI,34,30,1.035940,2.4731
MZI,33,31,1.370574,3.2720
MZI,32,32,1.491347,3.5603
MZI,31,33,1.538431,3.6727
MZI,30,34,1.641277,3.9183
MZI,29,35,1.793217,4.2810
MZI,28,36,1.903326,4.5439
MZI,27,37,1.618333,3.8635
MZI,26,38,-2.176703,-5.1965
MZI,25,39,2.971750,7.0945
MZI,24,40,2.649277,6.3247
MZI,23,41,1.455842,3.4756
MZI,22,42,0.493768,1.1788
MZI,21,43,3.061207,7.3081
MZI,20,44,3.050992,7.2837
MZI,19,45,1.600732,3.8215
MZI,18,46,0.499783,1.1931
MZI,17,47,2.764910,6.6007
MZI,16,48,0.416975,0.9955
MZI,15,49,-1.596369,-3.8110
MZI,14,50,-0.578468,-1.3810
MZI,13,51,2.312805,5.5214
MZI,12,52,1.766129,4.2163
MZI,11,53,0.947545,2.2621
MZI,10,54,2.058132,4.9134
MZI,9,55,3.017631,7.2041
MZI,8,56,3.094032,7.3865
MZI,7,57,0.398267,0.9508
MZI,6,58,-1.668423,-3.9831
MZI,5,59,2.208357,5.2721
MZI,4,60,1.318880,3.1486
MZI,3,61,-0.645730,-1.5416
MZI,2,62,-1.509683,-3.6041
MZI,1,63,-1.036929,-2.4755
MZI,0,64,-0.998252,-2.3832
MZI,66,0,-1.707712,-4.0769
MZI,65,1,2.879119,6.8734
MZI,64,2,2.846693,6.7960
MZI,63,3,2.882992,6.8826
MZI,62,4,2.908693,6.9440
MZI,61,5,2.925592,6.9843
MZI,60,6,2.942048,7.0236
MZI,59,7,2.963730,7.0754
MZI,58,8,2.977595,7.1085
MZI,57,9,3.000141,7.1623
MZI,56,10,3.013918,7.1952
MZI,55,11,3.026339,7.2249
MZI,54,12,3.022705,7.2162
MZI,53,13,3.022951,7.2168
MZI,52,14,3.019191,7.2078
MZI,51,15,3.012442,7.1917
MZI,50,16,3.004711,7.1732
MZI,49,17,2.999571,7.1609
MZI,48,18,2.992284,7.1436
MZI,47,19,2.988061,7.1335
MZI,46,20,3.032643,7.2399
MZI,45,21,2.934438,7.0055
MZI,44,22,3.037696,7.2520
MZI,43,23,3.013728,7.1947
MZI,42,24,2.822239,6.7376
MZI,41,25,2.511474,5.9957
MZI,40,26,2.480517,5.9218
MZI,39,27,2.567853,6.1303
MZI,38,28,2.550259,6.0883
MZI,37,29,2.301861,5.4953
MZI,36,30,1.865387,4.4533
MZI,35,31,1.463428,3.4937
MZI,34,32,1.212763,2.8953
MZI,33,33,1.110826,2.6519
MZI,32,34,1.082087,2.5833
MZI,31,35,1.020031,2.4351
MZI,30,36,0.908708,2.1694
MZI,29,37,0.804304,1.9201
MZI,28,38,0.977092,2.3326
MZI,27,39,3.120539,7.4497
MZI,26,40,-3.042182,-7.2627
MZI,25,41,-1.528845,-3.6498
MZI,24,42,1.205920,2.8789
MZI,23,43,1.321342,3.1545
MZI,22,44,1.783410,4.2576
MZI,21,45,1.879292,4.4865
MZI,20,46,0.303728,0.7251
MZI,19,47,1.449799,3.4611
MZI,18,48,2.089643,4.9887
MZI,17,49,-3.128382,-7.4685
MZI,16,50,0.188325,0.4496
MZI,15,51,-0.764894,-1.8261
MZI,14,52,-2.313646,-5.5234
MZI,13,53,0.411240,0.9818
MZI,12,54,-2.682272,-6.4035
MZI,11,55,-0.379350,-0.9056
MZI,10,56,1.549978,3.7003
MZI,9,57,-0.330341,-0.7886
MZI,8,58,0.277312,0.6620
MZI,7,59,-3.116211,-7.4394
MZI,6,60,2.457089,5.8659
MZI,5,61,-0.677419,-1.6172
MZI,4,62,2.662026,6.3551
MZI,3,63,-0.099373,-0.2372
MZI,2,64,2.532271,6.0454
MZI,1,65,1.972000,4.7078
MZI,0,66,-0.773815,-1.8473
MZI,68,0,-1.561047,-3.7267
MZI,67,1,3.077045,7.3459
MZI,66,2,3.128220,7.4681
MZI,65,3,3.133549,7.4808
MZI,64,4,-3.093693,-7.3856
MZI,63,5,-3.035279,-7.2462
MZI,62,6,-2.983912,-7.1236
MZI,61,7,-2.939174,-7.0168
MZI,60,8,-2.895198,-6.9118
MZI,59,9,-2.863263,-6.8355
MZI,58,10,-2.826408,-6.7476
MZI,57,11,-2.800078,-6.6847
MZI,56,12,-2.776257,-6.6278
MZI,55,13,-2.768043,-6.6082
MZI,54,14,-2.756690,-6.5811
MZI,53,15,-2.749378,-6.5637
MZI,52,16,-2.745320,-6.5540
MZI,51,17,-2.742662,-6.5476
MZI,50,18,-2.738175,-6.5369
MZI,49,19,-2.736444,-6.5328
MZI,48,20,-2.731902,-6.5219
MZI,47,21,-2.673288,-6.3820
MZI,46,22,-2.743023,-6.5485
MZI,45,23,-2.584096,-6.1691
MZI,44,24,-2.478127,-5.9161
MZI,43,25,-2.918486,-6.9674
MZI,42,26,2.682129,6.4031
MZI,41,27,2.979909,7.1140
MZI,40,28,-3.109309,-7.4229
MZI,39,29,-3.067987,-7.3243
MZI,38,30,3.106439,7.4161
MZI,37,31,2.940832,7.0207
MZI,36,32,2.797535,6.6786
MZI,35,33,2.709775,6.4691
MZI,34,34,2.674450,6.3848
MZI,33,35,2.639861,6.3022
MZI,32,36,2.554297,6.0979
MZI,31,37,2.427177,5.7945
MZI,30,38,2.353561,5.6187
MZI,29,39,2.727614,6.5117
MZI,28,40,-2.953271,-7.0504
MZI,27,41,-1.946248,-4.6463
MZI,26,42,2.528742,6.0369
MZI,25,43,2.374828,5.6695
MZI,24,44,2.912312,6.9526
MZI,23,45,-2.730935,-6.5196
MZI,22,46,-2.463421,-5.8810
MZI,21,47,2.432844,5.8080
MZI,20,48,-1.235776,-2.9502
MZI,19,49,1.756579,4.1935
MZI,18,50,2.589762,6.1826
MZI,17,51,-2.830617,-6.7576
MZI,16,52,-0.780409,-1.8631
MZI,15,53,-0.004958,-0.0118
MZI,14,54,3.011055,7.1884
MZI,13,55,-2.383311,-5.6897
MZI,12,56,2.100476,5.0145
MZI,11,57,-2.263322,-5.4033
MZI,10,58,1.395358,3.3312
MZI,9,59,-2.875732,-6.8653
MZI,8,60,-0.520698,-1.2431
MZI,7,61,0.387592,0.9253
MZI,6,62,-2.422310,-5.7828
MZI,5,63,1.311479,3.1309
MZI,4,64,-0.967544,-2.3098
MZI,3,65,-0.495599,-1.1832
MZI,2,66,-0.136842,-0.3267
MZI,1,67,0.690180,1.6477
MZI,0,68,1.511496,3.6084
MZI,70,0,-1.778054,-4.2448
MZI,69,1,2.827881,6.7511
MZI,68,2,2.675446,6.3872
MZI,67,3,2.610345,6.2317
MZI,66,4,2.533917,6.0493
MZI,65,5,2.519097,6.0139
MZI,64,6,2.524749,6.0274
MZI,63,7,2.529319,6.0383
MZI,62,8,2.526869,6.0325
MZI,61,9,2.524145,6.0260
MZI,60,10,2.511354,5.9954
MZI,59,11,2.505622,5.9817
MZI,58,12,2.492722,5.9509
MZI,57,13,2.480140,5.9209
MZI,56,14,2.455452,5.8620
MZI,55,15,2.435536,5.8144
MZI,54,16,2.413063,5.7608
MZI,53,17,2.387828,5.7005
MZI,52,18,2.360980,5.6364
MZI,51,19,2.334878,5.5741
MZI,50,20,2.303819,5.5000
MZI,49,21,2.272189,5.4245
MZI,48,22,2.290110,5.4672
MZI,47,23,2.179987,5.2043
MZI,46,24,2.336202,5.5773
MZI,45,25,2.620852,6.2568
MZI,44,26,-1.687513,-4.0286
MZI,43,27,1.082048,2.5832
MZI,42,28,1.615621,3.8570
MZI,41,29,1.899816,4.5355
MZI,40,30,1.915753,4.5735
MZI,39,31,1.827019,4.3617
MZI,38,32,1.732970,4.1372
MZI,37,33,1.658293,3.9589
MZI,36,34,1.615961,3.8578
MZI,35,35,1.600132,3.8200
MZI,34,36,1.583029,3.7792
MZI,33,37,1.543024,3.6837
MZI,32,38,1.492523,3.5631
MZI,31,39,1.457867,3.4804
MZI,30,40,1.357873,3.2417
MZI,29,41,1.291022,3.0821
MZI,28,42,-3.046788,-7.2737
MZI,27,43,0.894502,2.1355
MZI,26,44,1.066901,2.5470
MZI,25,45,1.406939,3.3588
MZI,24,46,1.600951,3.8220
MZI,23,47,1.119351,2.6723
MZI,22,48,0.856984,2.0459
MZI,21,49,-2.623274,-6.2626
MZI,20,50,0.924601,2.2073
MZI,19,51,1.143544,2.7300
MZI,18,52,1.241544,2.9640
MZI,17,53,-0.126950,-0.3031
MZI,16,54,-1.132702,-2.7041
MZI,15,55,-0.820529,-1.9589
MZI,14,56,1.647227,3.9325
MZI,13,57,-0.467649,-1.1164
MZI,12,58,2.701999,6.4505
MZI,11,59,1.485839,3.5472
MZI,10,60,-2.738657,-6.5381
MZI,9,61,0.486535,1.1615
MZI,8,62,2.451104,5.8516
MZI,7,63,-0.359906,-0.8592
MZI,6,64,-1.462123,-3.4906
MZI,5,65,1.493918,3.5665
MZI,4,66,0.076485,0.1826
MZI,3,67,1.408681,3.3630
MZI,2,68,-0.745089,-1.7788
MZI,1,69,-0.953967,-2.2774
MZI,0,70,2.269748,5.4186
MZI,72,0,-1.798071,-4.2926
MZI,71,1,2.695604,6.4353
MZI,70,2,2.753156,6.5727
MZI,69,3,2.687078,6.4149
MZI,68,4,2.665020,6.3623
MZI,67,5,2.621695,6.2588
MZI,66,6,2.625403,6.2677
MZI,65,7,2.653589,6.3350
MZI,64,8,2.675068,6.3863
MZI,63,9,2.682255,6.4034
MZI,62,10,2.685948,6.4122
MZI,61,11,2.678813,6.3952
MZI,60,12,2.677860,6.3929
MZI,59,13,2.669793,6.3737
MZI,58,14,2.661831,6.3547
MZI,57,15,2.642798,6.3092
MZI,56,16,2.628109,6.2741
MZI,55,17,2.610805,6.2328
MZI,54,18,2.590152,6.1835
MZI,53,19,2.566711,6.1276
MZI,52,20,2.541512,6.0674
MZI,51,21,2.507546,5.9863
MZI,50,22,2.467273,5.8902
MZI,49,23,2.465662,5.8863
MZI,48,24,2.339208,5.5844
MZI,47,25,2.450045,5.8491
MZI,46,26,2.543597,6.0724
MZI,45,27,2.116041,5.0517
MZI,44,28,1.454995,3.4735
MZI,43,29,2.087076,4.9825
MZI,42,30,2.495846,5.9584
MZI,41,31,2.412498,5.7594
MZI,40,32,2.396550,5.7213
MZI,39,33,2.400457,5.7307
MZI,38,34,2.343560,5.5948
MZI,37,35,2.254231,5.3816
MZI,36,36,2.205286,5.2647
MZI,35,37,2.176026,5.1949
MZI,34,38,2.096037,5.0039
MZI,33,39,1.947412,4.6491
MZI,32,40,1.807472,4.3150
MZI,31,41,1.687679,4.0290
MZI,30,42,1.576705,3.7641
MZI,29,43,2.303036,5.4981
MZI,28,44,1.584218,3.7820
MZI,27,45,1.727090,4.1231
MZI,26,46,2.630783,6.2805
MZI,25,47,2.722109,6.4986
MZI,24,48,-1.698094,-4.0539
MZI,23,49,-0.022980,-0.0549
MZI,22,50,0.225066,0.5373
MZI,21,51,-1.206574,-2.8805
MZI,20,52,-2.232419,-5.3295
MZI,19,53,-2.143117,-5.1163
MZI,18,54,-1.969231,-4.7012
MZI,17,55,0.144040,0.3439
MZI,16,56,0.927224,2.2136
MZI,15,57,1.432936,3.4209
MZI,14,58,2.940623,7.0202
MZI,13,59,-0.736788,-1.7590
MZI,12,60,0.541426,1.2926
MZI,11,61,-1.299564,-3.1025
MZI,10,62,2.996978,7.1548
MZI,9,63,-1.306755,-3.1196
MZI,8,64,-0.744410,-1.7771
MZI,7,65,0.438598,1.0471
MZI,6,66,2.318648,5.5354
MZI,5,67,2.145741,5.1226
MZI,4,68,1.681326,4.0139
MZI,3,69,-1.414409,-3.3767
MZI,2,70,-1.258857,-3.0053
MZI,1,71,-0.108940,-0.2601
MZI,0,72,3.022185,7.2149
MZI,74,0,-1.896539,-4.5277
MZI,73,1,2.545200,6.0762
MZI,72,2,2.520312,6.0168
MZI,71,3,2.546878,6.0802
MZI,70,4,2.492649,5.9508
MZI,69,5,2.474564,5.9076
MZI,68,6,2.435248,5.8137
MZI,67,7,2.436811,5.8175
MZI,66,8,2.469881,5.8964
MZI,65,9,2.493931,5.9538
MZI,64,10,2.501750,5.9725
MZI,63,11,2.506742,5.9844
MZI,62,12,2.502625,5.9746
MZI,61,13,2.505359,5.9811
MZI,60,14,2.502160,5.9735
MZI,59,15,2.499791,5.9678
MZI,58,16,2.488145,5.9400
MZI,57,17,2.481526,5.9242
MZI,56,18,2.473439,5.9049
MZI,55,19,2.462794,5.8795
MZI,54,20,2.449582,5.8479
MZI,53,21,2.432934,5.8082
MZI,52,22,2.402536,5.7356
MZI,51,23,2.354956,5.6220
MZI,50,24,2.327531,5.5566
MZI,49,25,2.184761,5.2157
MZI,48,26,2.253327,5.3794
MZI,47,27,2.212098,5.2810
MZI,46,28,1.910196,4.5603
MZI,45,29,1.358808,3.2439
MZI,44,30,-2.590534,-6.1844
MZI,43,31,2.530587,6.0413
MZI,42,32,2.358633,5.6308
MZI,41,33,2.425767,5.7911
MZI,40,34,2.616721,6.2470
MZI,39,35,2.865758,6.8415
MZI,38,36,3.050668,7.2829
MZI,37,37,3.115128,7.4368
MZI,36,38,-3.107349,-7.4183
MZI,35,39,-2.933015,-7.0021
MZI,34,40,-2.665481,-6.3634
MZI,33,41,1.119560,2.6728
MZI,32,42,1.486360,3.5484
MZI,31,43,1.661407,3.9663
MZI,30,44,1.662394,3.9687
MZI,29,45,1.486184,3.5480
MZI,28,46,-2.984709,-7.1255
MZI,27,47,2.247550,5.3656
MZI,26,48,1.831166,4.3716
MZI,25,49,1.451147,3.4644
MZI,24,50,0.722929,1.7259
MZI,23,51,0.895558,2.1380
MZI,22,52,1.584030,3.7816
MZI,21,53,-2.978375,-7.1103
MZI,20,54,0.369243,0.8815
MZI,19,55,0.529705,1.2646
MZI,18,56,2.696964,6.4385
MZI,17,57,-2.494624,-5.9555
MZI,16,58,2.854779,6.8153
MZI,15,59,2.012049,4.8034
MZI,14,60,-0.812681,-1.9401
MZI,13,61,0.993222,2.3711
MZI,12,62,-2.872292,-6.8571
MZI,11,63,-0.970252,-2.3163
MZI,10,64,2.663024,6.3575
MZI,9,65,1.642021,3.9200
MZI,8,66,0.102897,0.2456
MZI,7,67,-3.037070,-7.2505
MZI,6,68,2.717706,6.4880
MZI,5,69,-1.483714,-3.5421
MZI,4,70,-2.155067,-5.1448
MZI,3,71,-2.198453,-5.2484
MZI,2,72,-2.408786,-5.7506
MZI,1,73,-2.955385,-7.0555
MZI,0,74,1.429791,3.4134
MZI,76,0,-1.900547,-4.5372
MZI,75,1,2.484569,5.9315
MZI,74,2,2.527776,6.0346
MZI,73,3,2.533411,6.0481
MZI,72,4,2.571306,6.1385
MZI,71,5,2.542817,6.0705
MZI,70,6,2.541284,6.0669
MZI,69,7,2.514614,6.0032
MZI,68,8,2.522735,6.0226
MZI,67,9,2.565972,6.1258
MZI,66,10,2.594704,6.1944
MZI,65,11,2.604528,6.2179
MZI,64,12,2.611313,6.2341
MZI,63,13,2.609559,6.2299
MZI,62,14,2.614345,6.2413
MZI,61,15,2.613333,6.2389
MZI,60,16,2.613186,6.2385
MZI,59,17,2.605058,6.2191
MZI,58,18,2.602955,6.2141
MZI,57,19,2.601191,6.2099
MZI,56,20,2.599145,6.2050
MZI,55,21,2.597466,6.2010
MZI,54,22,2.594667,6.1943
MZI,53,23,2.575687,6.1490
MZI,52,24,2.519432,6.0147
MZI,51,25,2.434169,5.8112
MZI,50,26,2.252183,5.3767
MZI,49,27,2.290799,5.4689
MZI,48,28,2.214786,5.2874
MZI,47,29,2.002457,4.7805
MZI,46,30,1.593175,3.8034
MZI,45,31,2.943721,7.0276
MZI,44,32,2.421394,5.7807
MZI,43,33,2.340715,5.5880
MZI,42,34,2.377262,5.6753
MZI,41,35,2.451219,5.8519
MZI,40,36,2.550062,6.0878
MZI,39,37,2.664471,6.3610
MZI,38,38,2.741607,6.5451
MZI,37,39,2.748590,6.5618
MZI,36,40,2.756209,6.5800
MZI,35,41,2.839917,6.7798
MZI,34,42,-0.612338,-1.4618
MZI,33,43,-1.376010,-3.2850
MZI,32,44,2.876597,6.8674
MZI,31,45,1.519750,3.6281
MZI,30,46,1.393906,3.3277
MZI,29,47,2.469871,5.8964
MZI,28,48,1.797901,4.2922
MZI,27,49,1.711217,4.0852
MZI,26,50,1.448037,3.4569
MZI,25,51,0.305543,0.7294
MZI,24,52,3.117275,7.4419
MZI,23,53,-1.169988,-2.7931
MZI,22,54,2.858623,6.8245
MZI,21,55,0.568004,1.3560
MZI,20,56,0.201757,0.4817
MZI,19,57,-2.837890,-6.7750
MZI,18,58,1.737873,4.1489
MZI,17,59,2.888736,6.8963
MZI,16,60,-0.645579,-1.5412
MZI,15,61,2.500242,5.9689
MZI,14,62,0.156197,0.3729
MZI,13,63,-0.205218,-0.4899
MZI,12,64,-1.211506,-2.8923
MZI,11,65,-3.055988,-7.2956
MZI,10,66,-2.485097,-5.9327
MZI,9,67,-2.375524,-5.6711
MZI,8,68,1.379568,3.2935
MZI,7,69,2.729166,6.5154
MZI,6,70,-0.629906,-1.5038
MZI,5,71,1.730829,4.1320
MZI,4,72,-1.012032,-2.4160
MZI,3,73,-2.242945,-5.3546
MZI,2,74,-1.860145,-4.4408
MZI,1,75,2.733968,6.5269
MZI,0,76,2.896485,6.9148
MZI,78,0,-1.927242,-4.6010
MZI,77,1,2.442742,5.8316
MZI,76,2,2.435933,5.8154
MZI,75,3,2.468106,5.8922
MZI,74,4,2.472721,5.9032
MZI,73,5,2.504222,5.9784
MZI,72,6,2.482884,5.9274
MZI,71,7,2.484369,5.9310
MZI,70,8,2.459824,5.8724
MZI,69,9,2.467074,5.8897
MZI,68,10,2.512617,5.9984
MZI,67,11,2.539597,6.0628
MZI,66,12,2.547395,6.0815
MZI,65,13,2.553015,6.0949
MZI,64,14,2.551197,6.0905
MZI,63,15,2.555815,6.1016
MZI,62,16,2.554857,6.0993
MZI,61,17,2.554692,6.0989
MZI,60,18,2.547708,6.0822
MZI,59,19,2.547778,6.0824
MZI,58,20,2.550323,6.0884
MZI,57,21,2.555998,6.1020
MZI,56,22,2.568252,6.1312
MZI,55,23,2.590511,6.1844
MZI,54,24,2.613460,6.2392
MZI,53,25,2.594237,6.1933
MZI,52,26,2.391682,5.7097
MZI,51,27,2.102796,5.0201
MZI,50,28,2.132546,5.0911
MZI,49,29,2.072355,4.9474
MZI,48,30,1.939705,4.6307
MZI,47,31,1.766530,4.2173
MZI,46,32,2.055252,4.9066
MZI,45,33,2.140884,5.1110
MZI,44,34,2.167037,5.1734
MZI,43,35,2.187171,5.2215
MZI,42,36,2.158321,5.1526
MZI,41,37,2.093557,4.9980
MZI,40,38,2.031162,4.8490
MZI,39,39,1.998850,4.7719
MZI,38,40,1.963188,4.6868
MZI,37,41,1.868388,4.4604
MZI,36,42,1.689488,4.0334
MZI,35,43,1.422105,3.3950
MZI,34,44,1.371052,3.2731
MZI,33,45,2.412742,5.7600
MZI,32,46,1.072593,2.5606
MZI,31,47,1.033889,2.4682
MZI,30,48,1.694680,4.0458
MZI,29,49,1.800494,4.2984
MZI,28,50,1.814015,4.3306
MZI,27,51,1.962830,4.6859
MZI,26,52,2.972271,7.0958
MZI,25,53,0.045211,0.1079
MZI,24,54,1.076484,2.5699
MZI,23,55,1.879028,4.4858
MZI,22,56,-0.038168,-0.0911
MZI,21,57,-2.171545,-5.1842
MZI,20,58,1.966275,4.6941
MZI,19,59,2.393660,5.7144
MZI,18,60,-2.047438,-4.8879
MZI,17,61,-2.061898,-4.9224
MZI,16,62,0.802633,1.9161
MZI,15,63,-3.031509,-7.2372
MZI,14,64,3.107969,7.4197
MZI,13,65,0.230725,0.5508
MZI,12,66,-3.120139,-7.4488
MZI,11,67,-1.477951,-3.5283
MZI,10,68,-1.341510,-3.2026
MZI,9,69,-1.065444,-2.5436
MZI,8,70,2.251685,5.3755
MZI,7,71,0.444629,1.0615
MZI,6,72,2.047029,4.8869
MZI,5,73,-1.005549,-2.4006
MZI,4,74,1.007406,2.4050
MZI,3,75,2.578616,6.1560
MZI,2,76,1.676207,4.0017
MZI,1,77,-2.891780,-6.9036
MZI,0,78,2.655108,6.3386
MZI,80,0,-1.990601,-4.7522
MZI,79,1,2.333624,5.5711
MZI,78,2,2.321233,5.5415
MZI,77,3,2.305033,5.5029
MZI,76,4,2.324414,5.5491
MZI,75,5,2.320442,5.5396
MZI,74,6,2.339584,5.5853
MZI,73,7,2.316627,5.5305
MZI,72,8,2.314139,5.5246
MZI,71,9,2.285985,5.4574
MZI,70,10,2.287533,5.4611
MZI,69,11,2.329732,5.5618
MZI,68,12,2.350527,5.6115
MZI,67,13,2.353159,5.6178
MZI,66,14,2.354892,5.6219
MZI,65,15,2.350373,5.6111
MZI,64,16,2.352365,5.6159
MZI,63,17,2.348878,5.6075
MZI,62,18,2.345729,5.6000
MZI,61,19,2.336135,5.5771
MZI,60,20,2.333772,5.5715
MZI,59,21,2.334700,5.5737
MZI,58,22,2.340384,5.5873
MZI,57,23,2.356940,5.6268
MZI,56,24,2.395723,5.7194
MZI,55,25,2.472681,5.9031
MZI,54,26,2.623588,6.2634
MZI,53,27,2.426268,5.7923
MZI,52,28,1.653025,3.9463
MZI,51,29,1.768067,4.2209
MZI,50,30,1.777343,4.2431
MZI,49,31,1.738664,4.1508
MZI,48,32,1.707907,4.0773
MZI,47,33,1.700693,4.0601
MZI,46,34,1.791714,4.2774
MZI,45,35,1.883731,4.4971
MZI,44,36,1.885273,4.5008
MZI,43,37,1.778886,4.2468
MZI,42,38,1.655493,3.9522
MZI,41,39,1.590156,3.7962
MZI,40,40,1.570488,3.7493
MZI,39,41,1.540927,3.6787
MZI,38,42,1.473215,3.5170
MZI,37,43,1.401782,3.3465
MZI,36,44,1.420345,3.3908
MZI,35,45,1.668067,3.9822
MZI,34,46,2.194795,5.2397
MZI,33,47,0.248001,0.5921
MZI,32,48,1.217902,2.9075
MZI,31,49,2.138348,5.1049
MZI,30,50,2.245150,5.3599
MZI,29,51,1.753306,4.1857
MZI,28,52,2.390366,5.7066
MZI,27,53,1.106105,2.6406
MZI,26,54,0.127100,0.3034
MZI,25,55,-0.504350,-1.2040
MZI,24,56,2.633788,6.2877
MZI,23,57,-0.499119,-1.1916
MZI,22,58,0.702494,1.6771
MZI,21,59,2.107106,5.0303
MZI,20,60,1.663303,3.9708
MZI,19,61,1.185909,2.8311
MZI,18,62,2.293578,5.4755
MZI,17,63,-2.234237,-5.3338
MZI,16,64,-2.536608,-6.0557
MZI,15,65,-1.377053,-3.2875
MZI,14,66,-0.400067,-0.9551
MZI,13,67,-1.108741,-2.6469
MZI,12,68,-1.060797,-2.5325
MZI,11,69,0.949431,2.2666
MZI,10,70,-0.440467,-1.0515
MZI,9,71,-2.809378,-6.7069
MZI,8,72,-1.646352,-3.9304
MZI,7,73,-2.608590,-6.2275
MZI,6,74,-1.853517,-4.4249
MZI,5,75,-2.075394,-4.9546
MZI,4,76,-1.695716,-4.0482
MZI,3,77,-0.744985,-1.7785
MZI,2,78,0.226546,0.5408
MZI,1,79,1.776795,4.2418
MZI,0,80,3.013703,7.1947
MZI,82,0,-2.062894,-4.9248
MZI,81,1,2.198728,5.2491
MZI,80,2,2.202146,5.2572
MZI,79,3,2.197276,5.2456
MZI,78,4,2.186992,5.2211
MZI,77,5,2.208796,5.2731
MZI,76,6,2.208320,5.2720
MZI,75,7,2.227296,5.3173
MZI,74,8,2.211516,5.2796
MZI,73,9,2.213316,5.2839
MZI,72,10,2.188476,5.2246
MZI,71,11,2.191365,5.2315
MZI,70,12,2.236936,5.3403
MZI,69,13,2.258318,5.3913
MZI,68,14,2.262222,5.4007
MZI,67,15,2.265950,5.4096
MZI,66,16,2.264075,5.4051
MZI,65,17,2.268548,5.4158
MZI,64,18,2.267205,5.4126
MZI,63,19,2.265268,5.4079
MZI,62,20,2.256336,5.3866
MZI,61,21,2.253381,5.3796
MZI,60,22,2.251913,5.3760
MZI,59,23,2.252564,5.3776
MZI,58,24,2.260367,5.3962
MZI,57,25,2.284011,5.4527
MZI,56,26,2.335698,5.5761
MZI,55,27,2.486115,5.9352
MZI,54,28,-2.966665,-7.0824
MZI,53,29,0.353823,0.8447
MZI,52,30,1.493534,3.5655
MZI,51,31,1.689484,4.0333
MZI,50,32,1.767265,4.2190
MZI,49,33,1.879689,4.4874
MZI,48,34,1.609429,3.8422
MZI,47,35,1.671437,3.9903
MZI,46,36,1.765673,4.2152
MZI,45,37,1.448804,3.4588
MZI,44,38,1.000355,2.3882
MZI,43,39,1.053699,2.5155
MZI,42,40,1.198309,2.8608
MZI,41,41,1.272956,3.0390
MZI,40,42,1.287691,3.0741
MZI,39,43,1.335674,3.1887
MZI,38,44,1.477398,3.5270
MZI,37,45,1.731938,4.1347
MZI,36,46,2.010551,4.7998
MZI,35,47,2.140137,5.1092
MZI,34,48,0.499643,1.1928
MZI,33,49,-1.906085,-4.5504
MZI,32,50,2.935432,7.0078
MZI,31,51,-3.068309,-7.3250
MZI,30,52,-1.027958,-2.4541
MZI,29,53,0.767028,1.8311
MZI,28,54,0.270328,0.6454
MZI,27,55,-0.030787,-0.0735
MZI,26,56,0.116816,0.2789
MZI,25,57,1.797539,4.2913
MZI,24,58,1.235830,2.9503
MZI,23,59,1.546158,3.6912
MZI,22,60,1.133983,2.7072
MZI,21,61,-1.691677,-4.0386
MZI,20,62,-1.487855,-3.5520
MZI,19,63,-1.547549,-3.6945
MZI,18,64,-1.361344,-3.2500
MZI,17,65,-2.146202,-5.1237
MZI,16,66,-2.730019,-6.5174
MZI,15,67,-1.688138,-4.0301
MZI,14,68,-1.158411,-2.7655
MZI,13,69,0.364039,0.8691
MZI,12,70,-2.836950,-6.7727
MZI,11,71,-2.963209,-7.0741
MZI,10,72,0.900603,2.1500
MZI,9,73,-2.908724,-6.9441
MZI,8,74,0.942492,2.2500
MZI,7,75,-0.430088,-1.0268
MZI,6,76,2.751715,6.5692
MZI,5,77,-2.581011,-6.1617
MZI,4,78,2.127915,5.0800
MZI,3,79,-2.660012,-6.3503
MZI,2,80,1.777895,4.2444
MZI,1,81,1.927099,4.6006
MZI,0,82,-2.883559,-6.8840
MZI,84,0,-2.402735,-5.7361
MZI,83,1,1.646103,3.9298
MZI,82,2,1.567571,3.7423
MZI,81,3,1.509799,3.6044
MZI,80,4,1.461105,3.4881
MZI,79,5,1.417497,3.3840
MZI,78,6,1.412776,3.3728
MZI,77,7,1.391418,3.3218
MZI,76,8,1.390551,3.3197
MZI,75,9,1.363643,3.2555
MZI,74,10,1.355248,3.2354
MZI,73,11,1.321288,3.1543
MZI,72,12,1.314274,3.1376
MZI,71,13,1.354015,3.2325
MZI,70,14,1.368376,3.2668
MZI,69,15,1.367079,3.2637
MZI,68,16,1.367278,3.2641
MZI,67,17,1.363031,3.2540
MZI,66,18,1.365930,3.2609
MZI,65,19,1.363133,3.2542
MZI,64,20,1.359868,3.2464
MZI,63,21,1.350437,3.2239
MZI,62,22,1.346955,3.2156
MZI,61,23,1.342126,3.2041
MZI,60,24,1.334878,3.1868
MZI,59,25,1.329815,3.1747
MZI,58,26,1.326673,3.1672
MZI,57,27,1.304858,3.1151
MZI,56,28,1.248712,2.9811
MZI,55,29,1.289539,3.0785
MZI,54,30,-0.422995,-1.0098
MZI,53,31,-0.296581,-0.7080
MZI,52,32,0.845755,2.0191
MZI,51,33,0.948907,2.2653
MZI,50,34,1.187004,2.8338
MZI,49,35,2.485649,5.9341
MZI,48,36,1.106334,2.6412
MZI,47,37,-2.867694,-6.8461
MZI,46,38,-1.315564,-3.1407
MZI,45,39,-0.313638,-0.7488
MZI,44,40,0.184696,0.4409
MZI,43,41,0.462424,1.1040
MZI,42,42,0.585751,1.3984
MZI,41,43,0.628811,1.5012
MZI,40,44,0.726671,1.7348
MZI,39,45,0.893308,2.1326
MZI,38,46,1.004257,2.3975
MZI,37,47,0.799771,1.9093
MZI,36,48,0.290680,0.6939
MZI,35,49,-0.979731,-2.3389
MZI,34,50,0.500977,1.1960
MZI,33,51,1.314025,3.1370
MZI,32,52,1.455928,3.4758
MZI,31,53,0.632169,1.5092
MZI,30,54,0.145271,0.3468
MZI,29,55,1.006456,2.4027
MZI,28,56,-0.727458,-1.7367
MZI,27,57,-0.683134,-1.6309
MZI,26,58,-0.172398,-0.4116
MZI,25,59,0.193759,0.4626
MZI,24,60,-2.827891,-6.7511
MZI,23,61,-1.470487,-3.5105
MZI,22,62,0.094136,0.2247
MZI,21,63,0.525465,1.2545
MZI,20,64,0.749790,1.7900
MZI,19,65,1.967329,4.6967
MZI,18,66,1.913495,4.5681
MZI,17,67,1.131152,2.7004
MZI,16,68,-0.967041,-2.3086
MZI,15,69,2.626349,6.2699
MZI,14,70,-1.738273,-4.1498
MZI,13,71,0.495798,1.1836
MZI,12,72,0.237575,0.5672
MZI,11,73,-0.326449,-0.7793
MZI,10,74,1.049353,2.5051
MZI,9,75,-2.112352,-5.0429
MZI,8,76,-1.207065,-2.8817
MZI,7,77,-2.979469,-7.1130
MZI,6,78,2.008566,4.7951
MZI,5,79,-2.862888,-6.8346
MZI,4,80,-3.073512,-7.3375
MZI,3,81,1.388014,3.3136
MZI,2,82,-1.177941,-2.8121
MZI,1,83,-1.840271,-4.3933
MZI,0,84,-1.993595,-4.7594
MZI,86,0,-2.192208,-5.2335
MZI,85,1,1.770647,4.2271
MZI,84,2,1.975013,4.7150
MZI,83,3,2.097149,5.0066
MZI,82,4,2.181787,5.2086
MZI,81,5,2.242287,5.3531
MZI,80,6,2.283581,5.4516
MZI,79,7,2.343928,5.5957
MZI,78,8,2.373847,5.6671
MZI,77,9,2.412391,5.7592
MZI,76,10,2.420875,5.7794
MZI,75,11,2.438874,5.8224
MZI,74,12,2.424176,5.7873
MZI,73,13,2.433289,5.8091
MZI,72,14,2.488828,5.9416
MZI,71,15,2.513641,6.0009
MZI,70,16,2.521513,6.0197
MZI,69,17,2.530201,6.0404
MZI,68,18,2.533873,6.0492
MZI,67,19,2.543469,6.0721
MZI,66,20,2.545571,6.0771
MZI,65,21,2.546960,6.0804
MZI,64,22,2.546218,6.0786
MZI,63,23,2.556075,6.1022
MZI,62,24,2.563823,6.1207
MZI,61,25,2.565373,6.1244
MZI,60,26,2.574392,6.1459
MZI,59,27,2.601205,6.2099
MZI,58,28,2.604423,6.2176
MZI,57,29,2.422697,5.7838
MZI,56,30,1.903892,4.5452
MZI,55,31,1.189744,2.8403
MZI,54,32,-0.063887,-0.1525
MZI,53,33,-2.827227,-6.7495
MZI,52,34,2.022845,4.8292
MZI,51,35,2.018975,4.8199
MZI,50,36,2.248248,5.3673
MZI,49,37,-1.880641,-4.4897
MZI,48,38,2.392603,5.7119
MZI,47,39,1.621076,3.8700
MZI,46,40,1.765711,4.2153
MZI,45,41,-2.350085,-5.6104
MZI,44,42,-2.397397,-5.7234
MZI,43,43,-2.489516,-5.9433
MZI,42,44,-2.595712,-6.1968
MZI,41,45,-2.829829,-6.7557
MZI,40,46,3.087643,7.3712
MZI,39,47,2.575594,6.1488
MZI,38,48,1.972062,4.7080
MZI,37,49,1.500169,3.5814
MZI,36,50,0.028144,0.0672
MZI,35,51,2.186133,5.2190
MZI,34,52,2.821681,6.7363
MZI,33,53,2.706713,6.4618
MZI,32,54,1.784443,4.2600
MZI,31,55,1.921721,4.5878
MZI,30,56,1.599631,3.8188
MZI,29,57,-0.434038,-1.0362
MZI,28,58,1.014589,2.4222
MZI,27,59,2.442478,5.8310
MZI,26,60,2.686745,6.4141
MZI,25,61,0.600479,1.4335
MZI,24,62,-0.003674,-0.0088
MZI,23,63,2.335151,5.5748
MZI,22,64,2.629107,6.2765
MZI,21,65,0.120430,0.2875
MZI,20,66,-2.647574,-6.3206
MZI,19,67,-1.367568,-3.2648
MZI,18,68,-1.178069,-2.8124
MZI,17,69,-1.072363,-2.5601
MZI,16,70,2.069126,4.9397
MZI,15,71,-1.476953,-3.5260
MZI,14,72,-2.384759,-5.6932
MZI,13,73,-0.748840,-1.7877
MZI,12,74,-1.868806,-4.4614
MZI,11,75,-3.045158,-7.2698
MZI,10,76,0.280153,0.6688
MZI,9,77,0.536549,1.2809
MZI,8,78,1.132894,2.7046
MZI,7,79,-0.040232,-0.0960
MZI,6,80,1.952802,4.6620
MZI,5,81,1.224424,2.9231
MZI,4,82,0.231127,0.5518
MZI,3,83,1.617120,3.8606
MZI,2,84,-2.933027,-7.0021
MZI,1,85,0.491282,1.1728
MZI,0,86,-0.572377,-1.3664
MZI,88,0,-2.271900,-5.4238
MZI,87,1,1.786077,4.2639
MZI,86,2,1.653224,3.9468
MZI,85,3,1.770982,4.2279
MZI,84,4,1.854434,4.4271
MZI,83,5,1.903012,4.5431
MZI,82,6,1.932039,4.6124
MZI,81,7,1.946862,4.6478
MZI,80,8,1.983524,4.7353
MZI,79,9,1.994066,4.7605
MZI,78,10,2.013264,4.8063
MZI,77,11,2.008472,4.7949
MZI,76,12,2.013512,4.8069
MZI,75,13,1.987742,4.7454
MZI,74,14,1.983552,4.7354
MZI,73,15,2.026490,4.8379
MZI,72,16,2.040474,4.8713
MZI,71,17,2.041717,4.8742
MZI,70,18,2.046474,4.8856
MZI,69,19,2.048282,4.8899
MZI,68,20,2.055992,4.9083
MZI,67,21,2.053556,4.9025
MZI,66,22,2.049551,4.8929
MZI,65,23,2.053976,4.9035
MZI,64,24,2.086656,4.9815
MZI,63,25,2.128046,5.0803
MZI,62,26,2.162652,5.1630
MZI,61,27,2.217354,5.2935
MZI,60,28,2.377428,5.6757
MZI,59,29,2.803407,6.6926
MZI,58,30,-2.324293,-5.5488
MZI,57,31,-0.357572,-0.8536
MZI,56,32,0.318385,0.7601
MZI,55,33,0.835412,1.9944
MZI,54,34,2.002860,4.7815
MZI,53,35,1.626203,3.8823
MZI,52,36,1.697839,4.0533
MZI,51,37,1.793041,4.2806
MZI,50,38,1.979468,4.7256
MZI,49,39,2.347559,5.6044
MZI,48,40,-2.080321,-4.9664
MZI,47,41,-1.231869,-2.9409
MZI,46,42,2.682046,6.4029
MZI,45,43,2.425421,5.7903
MZI,44,44,2.338010,5.5816
MZI,43,45,2.301137,5.4936
MZI,42,46,2.166691,5.1726
MZI,41,47,1.765575,4.2150
MZI,40,48,1.084887,2.5900
MZI,39,49,0.771867,1.8427
MZI,38,50,0.962806,2.2985
MZI,37,51,0.597860,1.4273
MZI,36,52,1.459925,3.4853
MZI,35,53,1.458793,3.4826
MZI,34,54,0.370903,0.8855
MZI,33,55,0.359562,0.8584
MZI,32,56,1.385964,3.3087
MZI,31,57,0.831684,1.9855
MZI,30,58,0.406183,0.9697
MZI,29,59,2.649260,6.3246
MZI,28,60,1.775986,4.2399
MZI,27,61,1.460908,3.4877
MZI,26,62,0.522142,1.2465
MZI,25,63,1.018940,2.4325
MZI,24,64,2.324116,5.5484
MZI,23,65,-2.444359,-5.8355
MZI,22,66,-1.119040,-2.6715
MZI,21,67,0.435778,1.0403
MZI,20,68,-0.413678,-0.9876
MZI,19,69,0.586029,1.3990
MZI,18,70,-2.972916,-7.0973
MZI,17,71,2.977149,7.1074
MZI,16,72,3.107790,7.4193
MZI,15,73,1.945906,4.6455
MZI,14,74,0.899214,2.1467
MZI,13,75,-0.064121,-0.1531
MZI,12,76,1.029689,2.4582
MZI,11,77,-2.731369,-6.5207
MZI,10,78,0.953262,2.2757
MZI,9,79,-1.343113,-3.2064
MZI,8,80,-1.984563,-4.7378
MZI,7,81,0.127920,0.3054
MZI,6,82,1.541864,3.6809
MZI,5,83,1.410660,3.3677
MZI,4,84,-1.050635,-2.5082
MZI,3,85,-3.135213,-7.4848
MZI,2,86,-0.895557,-2.1380
MZI,1,87,1.553579,3.7089
MZI,0,88,-2.756701,-6.5811
MZI,90,0,-2.293512,-5.4754
MZI,89,1,1.708680,4.0792
MZI,88,2,1.742947,4.1610
MZI,87,3,1.640056,3.9153
MZI,86,4,1.763307,4.2096
MZI,85,5,1.849218,4.4147
MZI,84,6,1.894440,4.5226
MZI,83,7,1.922066,4.5886
MZI,82,8,1.937872,4.6263
MZI,81,9,1.975484,4.7161
MZI,80,10,1.988115,4.7463
MZI,79,11,2.007333,4.7922
MZI,78,12,2.005002,4.7866
MZI,77,13,2.009435,4.7972
MZI,76,14,1.982119,4.7320
MZI,75,15,1.968932,4.7005
MZI,74,16,2.003365,4.7827
MZI,73,17,2.011930,4.8031
MZI,72,18,2.012780,4.8052
MZI,71,19,2.021167,4.8252
MZI,70,20,2.029478,4.8450
MZI,69,21,2.043011,4.8773
MZI,68,22,2.037118,4.8633
MZI,67,23,2.020241,4.8230
MZI,66,24,2.026424,4.8377
MZI,65,25,2.088926,4.9869
MZI,64,26,2.178494,5.2008
MZI,63,27,2.256836,5.3878
MZI,62,28,2.299756,5.4903
MZI,61,29,2.346756,5.6025
MZI,60,30,2.317701,5.5331
MZI,59,31,1.804018,4.3068
MZI,58,32,0.866323,2.0682
MZI,57,33,0.506460,1.2091
MZI,56,34,-0.402918,-0.9619
MZI,55,35,1.764751,4.2130
MZI,54,36,-3.016187,-7.2006
MZI,53,37,-2.971577,-7.0941
MZI,52,38,2.980750,7.1160
MZI,51,39,2.528199,6.0356
MZI,50,40,2.036412,4.8616
MZI,49,41,-0.260937,-0.6229
MZI,48,42,-3.116411,-7.4399
MZI,47,43,2.849300,6.8022
MZI,46,44,2.946301,7.0338
MZI,45,45,3.021927,7.2143
MZI,44,46,3.106397,7.4160
MZI,43,47,-2.801153,-6.6873
MZI,42,48,-1.258277,-3.0039
MZI,41,49,0.156795,0.3743
MZI,40,50,0.847690,2.0237
MZI,39,51,1.337989,3.1942
MZI,38,52,1.613352,3.8516
MZI,37,53,3.088373,7.3729
MZI,36,54,-0.066170,-0.1580
MZI,35,55,0.127907,0.3054
MZI,34,56,0.856143,2.0439
MZI,33,57,1.969686,4.7023
MZI,32,58,1.038226,2.4786
MZI,31,59,-0.075704,-0.1807
MZI,30,60,0.517477,1.2354
MZI,29,61,0.781565,1.8658
MZI,28,62,2.481678,5.9246
MZI,27,63,0.425894,1.0167
MZI,26,64,1.866820,4.4567
MZI,25,65,2.041248,4.8731
MZI,24,66,0.728348,1.7388
MZI,23,67,-0.043880,-0.1048
MZI,22,68,2.765204,6.6014
MZI,21,69,-0.069541,-0.1660
MZI,20,70,-2.025695,-4.8360
MZI,19,71,0.474670,1.1332
MZI,18,72,-2.966861,-7.0829
MZI,17,73,1.218630,2.9093
MZI,16,74,1.954648,4.6664
MZI,15,75,2.174348,5.1909
MZI,14,76,-0.409005,-0.9764
MZI,13,77,-1.412432,-3.3719
MZI,12,78,-2.661584,-6.3541
MZI,11,79,-0.408473,-0.9752
MZI,10,80,-0.614854,-1.4679
MZI,9,81,-0.646594,-1.5436
MZI,8,82,-2.395742,-5.7194
MZI,7,83,2.651813,6.3307
MZI,6,84,0.335469,0.8009
MZI,5,85,-2.259072,-5.3931
MZI,4,86,-2.347668,-5.6046
MZI,3,87,1.928277,4.6034
MZI,2,88,1.900482,4.5371
MZI,1,89,0.879879,2.1006
MZI,0,90,1.615618,3.8570
MZI,92,0,-2.258341,-5.3914
MZI,91,1,1.746593,4.1697
MZI,90,2,1.767276,4.2191
MZI,89,3,1.813521,4.3295
MZI,88,4,1.728505,4.1265
MZI,87,5,1.862544,4.4465
MZI,86,6,1.950186,4.6557
MZI,85,7,1.994705,4.7620
MZI,84,8,2.024810,4.8339
MZI,83,9,2.045462,4.8832
MZI,82,10,2.087499,4.9835
MZI,81,11,2.105672,5.0269
MZI,80,12,2.128463,5.0813
MZI,79,13,2.130867,5.0871
MZI,78,14,2.135025,5.0970
MZI,77,15,2.106662,5.0293
MZI,76,16,2.072687,4.9482
MZI,75,17,2.085984,4.9799
MZI,74,18,2.085045,4.9777
MZI,73,19,2.088101,4.9850
MZI,72,20,2.107066,5.0302
MZI,71,21,2.130859,5.0871
MZI,70,22,2.158491,5.1530
MZI,69,23,2.146730,5.1249
MZI,68,24,2.098084,5.0088
MZI,67,25,2.098848,5.0106
MZI,66,26,2.180336,5.2052
MZI,65,27,2.280612,5.4446
MZI,64,28,2.349994,5.6102
MZI,63,29,2.296829,5.4833
MZI,62,30,2.087444,4.9834
MZI,61,31,1.804560,4.3081
MZI,60,32,1.487567,3.5513
MZI,59,33,1.228242,2.9322
MZI,58,34,0.780183,1.8626
MZI,57,35,1.852323,4.4221
MZI,56,36,0.966974,2.3085
MZI,55,37,1.855800,4.4304
MZI,54,38,2.288649,5.4637
MZI,53,39,2.481829,5.9249
MZI,52,40,2.292804,5.4737
MZI,51,41,1.133915,2.7070
MZI,50,42,0.999663,2.3865
MZI,49,43,2.418505,5.7738
MZI,48,44,2.520557,6.0174
MZI,47,45,2.470511,5.8979
MZI,46,46,2.473262,5.9045
MZI,45,47,2.429437,5.7999
MZI,44,48,2.211692,5.2800
MZI,43,49,1.190643,2.8424
MZI,42,50,0.735177,1.7551
MZI,41,51,1.165763,2.7831
MZI,40,52,2.292823,5.4737
MZI,39,53,1.735161,4.1424
MZI,38,54,2.807091,6.7014
MZI,37,55,0.376844,0.8996
MZI,36,56,0.984629,2.3506
MZI,35,57,0.466919,1.1147
MZI,34,58,2.067728,4.9363
MZI,33,59,0.670338,1.6003
MZI,32,60,-0.459535,-1.0971
MZI,31,61,0.745490,1.7797
MZI,30,62,0.890083,2.1249
MZI,29,63,2.351974,5.6149
MZI,28,64,1.340476,3.2002
MZI,27,65,2.037409,4.8640
MZI,26,66,0.714500,1.7057
MZI,25,67,1.761501,4.2053
MZI,24,68,0.459043,1.0959
MZI,23,69,2.793662,6.6694
MZI,22,70,-2.780530,-6.6380
MZI,21,71,1.460565,3.4868
MZI,20,72,2.921431,6.9744
MZI,19,73,-0.746787,-1.7828
MZI,18,74,1.966496,4.6947
MZI,17,75,0.771539,1.8419
MZI,16,76,-1.043578,-2.4914
MZI,15,77,-0.212382,-0.5070
MZI,14,78,1.153395,2.7535
MZI,13,79,2.472275,5.9021
MZI,12,80,0.498797,1.1908
MZI,11,81,1.877033,4.4811
MZI,10,82,2.202878,5.2590
MZI,9,83,0.086663,0.2069
MZI,8,84,-2.867294,-6.8452
MZI,7,85,1.696817,4.0509
MZI,6,86,1.252739,2.9907
MZI,5,87,1.601772,3.8239
MZI,4,88,-2.919871,-6.9707
MZI,3,89,1.794753,4.2847
MZI,2,90,-2.366770,-5.6502
MZI,1,91,-0.252687,-0.6032
MZI,0,92,1.123900,2.6831
MZI,94,0,-2.316900,-5.5312
MZI,93,1,1.679151,4.0087
MZI,92,2,1.642272,3.9206
MZI,91,3,1.634401,3.9018
MZI,90,4,1.660632,3.9645
MZI,89,5,1.566652,3.7401
MZI,88,6,1.690244,4.0352
MZI,87,7,1.761439,4.2051
MZI,86,8,1.792448,4.2792
MZI,85,9,1.814557,4.3319
MZI,84,10,1.831012,4.3712
MZI,83,11,1.869973,4.4642
MZI,82,12,1.888161,4.5077
MZI,81,13,1.911495,4.5634
MZI,80,14,1.917051,4.5766
MZI,79,15,1.918599,4.5803
MZI,78,16,1.890934,4.5143
MZI,77,17,1.799474,4.2959
MZI,76,18,1.751814,4.1821
MZI,75,19,1.733191,4.1377
MZI,74,20,1.747787,4.1725
MZI,73,21,1.790436,4.2744
MZI,72,22,1.840384,4.3936
MZI,71,23,1.890151,4.5124
MZI,70,24,1.865939,4.4546
MZI,69,25,1.750753,4.1796
MZI,68,26,1.753284,4.1857
MZI,67,27,1.846120,4.4073
MZI,66,28,1.918986,4.5812
MZI,65,29,1.956441,4.6707
MZI,64,30,1.909050,4.5575
MZI,63,31,1.597912,3.8147
MZI,62,32,1.331073,3.1777
MZI,61,33,1.300975,3.1058
MZI,60,34,1.533268,3.6604
MZI,59,35,1.680380,4.0116
MZI,58,36,1.822662,4.3513
MZI,57,37,1.266271,3.0230
MZI,56,38,1.008046,2.4065
MZI,55,39,2.102159,5.0185
MZI,54,40,2.560304,6.1123
MZI,53,41,-2.930405,-6.9958
MZI,52,42,0.326104,0.7785
MZI,51,43,1.241417,2.9637
MZI,50,44,1.788969,4.2708
MZI,49,45,1.921365,4.5869
MZI,48,46,1.786126,4.2641
MZI,47,47,1.696229,4.0494
MZI,46,48,1.616378,3.8588
MZI,45,49,1.404846,3.3538
MZI,44,50,1.022094,2.4401
MZI,43,51,0.487600,1.1641
MZI,42,52,-1.739733,-4.1533
MZI,41,53,1.060597,2.5320
MZI,40,54,0.858814,2.0503
MZI,39,55,1.140229,2.7221
MZI,38,56,0.494376,1.1802
MZI,37,57,-0.164229,-0.3921
MZI,36,58,-0.673187,-1.6071
MZI,35,59,1.079224,2.5765
MZI,34,60,0.084844,0.2025
MZI,33,61,0.422488,1.0086
MZI,32,62,-0.260895,-0.6228
MZI,31,63,1.596943,3.8124
MZI,30,64,1.436725,3.4299
MZI,29,65,0.910773,2.1743
MZI,28,66,3.112561,7.4307
MZI,27,67,2.684849,6.4096
MZI,26,68,-0.854225,-2.0393
MZI,25,69,-0.469175,-1.1201
MZI,24,70,-1.388848,-3.3156
MZI,23,71,-1.324764,-3.1626
MZI,22,72,1.837752,4.3873
MZI,21,73,-2.039128,-4.8681
MZI,20,74,-1.624920,-3.8792
MZI,19,75,2.670101,6.3744
MZI,18,76,-1.912149,-4.5649
MZI,17,77,0.330176,0.7882
MZI,16,78,0.275693,0.6582
MZI,15,79,-0.258756,-0.6177
MZI,14,80,-0.199805,-0.4770
MZI,13,81,-0.747983,-1.7857
MZI,12,82,-0.717965,-1.7140
MZI,11,83,0.145150,0.3465
MZI,10,84,-0.361814,-0.8638
MZI,9,85,0.385667,0.9207
MZI,8,86,-1.988626,-4.7475
MZI,7,87,0.364162,0.8694
MZI,6,88,2.646181,6.3173
MZI,5,89,2.024703,4.8336
MZI,4,90,-2.416677,-5.7694
MZI,3,91,1.387252,3.3118
MZI,2,92,-0.847594,-2.0235
MZI,1,93,2.505238,5.9808
MZI,0,94,2.321131,5.5413
MZI,96,0,-2.384502,-5.6926
MZI,95,1,1.556742,3.7164
MZI,94,2,1.564966,3.7361
MZI,93,3,1.541580,3.6803
MZI,92,4,1.539281,3.6748
MZI,91,5,1.570085,3.7483
MZI,90,6,1.483116,3.5407
MZI,89,7,1.609663,3.8428
MZI,88,8,1.678858,4.0080
MZI,87,9,1.709969,4.0822
MZI,86,10,1.736219,4.1449
MZI,85,11,1.759224,4.1998
MZI,84,12,1.805793,4.3110
MZI,83,13,1.835419,4.3817
MZI,82,14,1.874920,4.4760
MZI,81,15,1.903572,4.5444
MZI,80,16,1.925936,4.5978
MZI,79,17,1.941629,4.6353
MZI,78,18,1.683748,4.0197
MZI,77,19,1.476063,3.5238
MZI,76,20,1.502707,3.5874
MZI,75,21,1.597268,3.8132
MZI,74,22,1.705759,4.0722
MZI,73,23,1.803541,4.3056
MZI,72,24,1.889366,4.5105
MZI,71,25,1.850278,4.4172
MZI,70,26,1.628685,3.8882
MZI,69,27,1.698172,4.0541
MZI,68,28,1.822305,4.3504
MZI,67,29,1.875504,4.4774
MZI,66,30,1.907127,4.5529
MZI,65,31,2.013001,4.8057
MZI,64,32,1.636405,3.9066
MZI,63,33,1.280193,3.0562
MZI,62,34,1.469261,3.5076
MZI,61,35,1.708682,4.0792
MZI,60,36,1.678688,4.0076
MZI,59,37,1.617805,3.8622
MZI,58,38,1.321295,3.1544
MZI,57,39,0.770455,1.8393
MZI,56,40,2.997209,7.1553
MZI,55,41,1.833044,4.3761
MZI,54,42,1.994586,4.7617
MZI,53,43,0.996290,2.3785
MZI,52,44,1.869937,4.4641
MZI,51,45,2.831052,6.7586
MZI,50,46,-3.056583,-7.2971
MZI,49,47,-2.708661,-6.4665
MZI,48,48,-2.550841,-6.0897
MZI,47,49,-2.426440,-5.7927
MZI,46,50,-2.079139,-4.9636
MZI,45,51,-1.387604,-3.3127
MZI,44,52,-0.447730,-1.0689
MZI,43,53,-2.200593,-5.2535
MZI,42,54,0.280272,0.6691
MZI,41,55,0.775277,1.8508
MZI,40,56,1.334065,3.1848
MZI,39,57,0.832376,1.9872
MZI,38,58,0.482797,1.1526
MZI,37,59,0.272127,0.6497
MZI,36,60,-2.698431,-6.4420
MZI,35,61,-1.265998,-3.0223
MZI,34,62,0.693542,1.6557
MZI,33,63,-3.126220,-7.4633
MZI,32,64,0.144593,0.3452
MZI,31,65,0.999161,2.3853
MZI,30,66,-0.327225,-0.7812
MZI,29,67,0.047522,0.1135
MZI,28,68,-0.350632,-0.8371
MZI,27,69,-1.327845,-3.1700
MZI,26,70,2.573481,6.1437
MZI,25,71,-2.362871,-5.6409
MZI,24,72,-3.075882,-7.3431
MZI,23,73,2.284190,5.4531
MZI,22,74,0.188492,0.4500
MZI,21,75,0.314795,0.7515
MZI,20,76,1.700014,4.0585
MZI,19,77,0.282256,0.6738
MZI,18,78,0.766358,1.8295
MZI,17,79,-0.725307,-1.7315
MZI,16,80,-1.216715,-2.9047
MZI,15,81,1.305103,3.1157
MZI,14,82,-0.818671,-1.9544
MZI,13,83,-1.418541,-3.3865
MZI,12,84,0.149296,0.3564
MZI,11,85,-0.304226,-0.7263
MZI,10,86,1.684821,4.0222
MZI,9,87,-2.114672,-5.0484
MZI,8,88,-2.854563,-6.8148
MZI,7,89,0.960393,2.2928
MZI,6,90,0.886134,2.1155
MZI,5,91,0.460298,1.0989
MZI,4,92,1.556192,3.7151
MZI,3,93,0.355700,0.8492
MZI,2,94,0.337749,0.8063
MZI,1,95,0.194416,0.4641
MZI,0,96,-2.182241,-5.2097
MZI,98,0,-2.475802,-5.9105
MZI,97,1,1.378200,3.2902
MZI,96,2,1.386234,3.3094
MZI,95,3,1.388649,3.3152
MZI,94,4,1.362038,3.2516
MZI,93,5,1.355322,3.2356
MZI,92,6,1.381934,3.2991
MZI,91,7,1.293506,3.0880
MZI,90,8,1.414364,3.3765
MZI,89,9,1.473692,3.5182
MZI,88,10,1.496990,3.5738
MZI,87,11,1.519838,3.6283
MZI,86,12,1.541966,3.6812
MZI,85,13,1.590303,3.7966
MZI,84,14,1.627567,3.8855
MZI,83,15,1.687848,4.0294
MZI,82,16,1.761053,4.2042
MZI,81,17,1.871564,4.4680
MZI,80,18,2.134970,5.0969
MZI,79,19,-0.017161,-0.0410
MZI,78,20,0.698691,1.6680
MZI,77,21,1.095089,2.6143
MZI,76,22,1.350098,3.2231
MZI,75,23,1.532211,3.6579
MZI,74,24,1.657555,3.9571
MZI,73,25,1.763887,4.2110
MZI,72,26,1.710393,4.0833
MZI,71,27,1.272655,3.0382
MZI,70,28,1.472155,3.5145
MZI,69,29,1.611424,3.8470
MZI,68,30,1.612125,3.8487
MZI,67,31,1.587205,3.7892
MZI,66,32,1.780413,4.2504
MZI,65,33,3.044737,7.2688
MZI,64,34,0.747772,1.7852
MZI,63,35,1.163095,2.7767
MZI,62,36,1.392830,3.3251
MZI,61,37,1.340931,3.2012
MZI,60,38,1.330731,3.1769
MZI,59,39,1.173426,2.8013
MZI,58,40,1.108761,2.6470
MZI,57,41,-2.384571,-5.6927
MZI,56,42,0.073361,0.1751
MZI,55,43,0.724666,1.7300
MZI,54,44,0.610177,1.4567
MZI,53,45,1.528589,3.6492
MZI,52,46,1.010696,2.4129
MZI,51,47,0.791990,1.8907
MZI,50,48,0.681914,1.6280
MZI,49,49,0.630886,1.5061
MZI,48,50,0.539562,1.2881
MZI,47,51,0.276787,0.6608
MZI,46,52,-0.304779,-0.7276
MZI,45,53,-1.321422,-3.1547
MZI,44,54,0.232950,0.5561
MZI,43,55,-0.588041,-1.4038
MZI,42,56,1.380998,3.2969
MZI,41,57,0.746668,1.7825
MZI,40,58,0.469438,1.1207
MZI,39,59,0.535082,1.2774
MZI,38,60,-2.690786,-6.4238
MZI,37,61,-0.089223,-0.2130
MZI,36,62,-1.094636,-2.6133
MZI,35,63,1.633351,3.8993
MZI,34,64,-0.180185,-0.4302
MZI,33,65,0.193580,0.4621
MZI,32,66,0.800116,1.9101
MZI,31,67,-2.373274,-5.6658
MZI,30,68,-1.525980,-3.6430
MZI,29,69,-1.744155,-4.1639
MZI,28,70,1.829997,4.3688
MZI,27,71,-0.703584,-1.6797
MZI,26,72,-0.209583,-0.5003
MZI,25,73,0.636929,1.5206
MZI,24,74,0.998293,2.3832
MZI,23,75,0.888612,2.1214
MZI,22,76,0.497584,1.1879
MZI,21,77,-0.306236,-0.7311
MZI,20,78,-0.769342,-1.8367
MZI,19,79,-1.152405,-2.7512
MZI,18,80,1.131330,2.7009
MZI,17,81,1.297511,3.0976
MZI,16,82,3.040791,7.2594
MZI,15,83,2.638348,6.2986
MZI,14,84,2.043942,4.8796
MZI,13,85,-1.063336,-2.5385
MZI,12,86,-1.302541,-3.1096
MZI,11,87,2.755269,6.5777
MZI,10,88,-2.630346,-6.2795
MZI,9,89,1.120049,2.6739
MZI,8,90,2.418957,5.7748
MZI,7,91,-2.141929,-5.1135
MZI,6,92,0.895617,2.1381
MZI,5,93,2.560755,6.1134
MZI,4,94,-0.550072,-1.3132
MZI,3,95,-2.766895,-6.6055
MZI,2,96,-1.052369,-2.5123
MZI,1,97,1.266531,3.0236
MZI,0,98,-2.013582,-4.8071
MZI,100,0,-2.535051,-6.0520
MZI,99,1,1.244717,2.9715
MZI,98,2,1.261174,3.0108
MZI,97,3,1.288850,3.0769
MZI,96,4,1.301841,3.1079
MZI,95,5,1.286549,3.0714
MZI,94,6,1.288996,3.0773
MZI,93,7,1.322572,3.1574
MZI,92,8,1.243371,2.9683
MZI,91,9,1.363712,3.2556
MZI,90,10,1.419789,3.3895
MZI,89,11,1.441120,3.4404
MZI,88,12,1.465893,3.4996
MZI,87,13,1.491108,3.5598
MZI,86,14,1.544885,3.6881
MZI,85,15,1.592409,3.8016
MZI,84,16,1.678464,4.0070
MZI,83,17,1.804013,4.3068
MZI,82,18,2.045831,4.8841
MZI,81,19,2.244041,5.3573
MZI,80,20,-0.306562,-0.7319
MZI,79,21,0.483481,1.1542
MZI,78,22,1.135776,2.7115
MZI,77,23,1.615251,3.8561
MZI,76,24,1.801303,4.3003
MZI,75,25,1.851715,4.4206
MZI,74,26,1.930522,4.6088
MZI,73,27,2.204947,5.2639
MZI,72,28,1.107563,2.6441
MZI,71,29,1.480855,3.5353
MZI,70,30,1.629947,3.8912
MZI,69,31,1.561340,3.7274
MZI,68,32,1.400115,3.3425
MZI,67,33,1.387655,3.3128
MZI,66,34,1.539745,3.6759
MZI,65,35,-0.103729,-0.2476
MZI,64,36,1.096911,2.6187
MZI,63,37,1.321191,3.1541
MZI,62,38,1.274393,3.0424
MZI,61,39,1.382393,3.3002
MZI,60,40,1.246166,2.9750
MZI,59,41,0.888056,2.1201
MZI,58,42,0.622677,1.4865
MZI,57,43,-0.520141,-1.2417
MZI,56,44,1.087640,2.5965
MZI,55,45,1.073878,2.5637
MZI,54,46,-0.718068,-1.7143
MZI,53,47,0.701347,1.6743
MZI,52,48,0.766720,1.8304
MZI,51,49,0.732092,1.7477
MZI,50,50,0.710089,1.6952
MZI,49,51,0.650206,1.5523
MZI,48,52,0.512004,1.2223
MZI,47,53,0.294204,0.7024
MZI,46,54,0.026710,0.0638
MZI,45,55,0.715196,1.7074
MZI,44,56,0.480006,1.1459
MZI,43,57,0.345010,0.8237
MZI,42,58,0.031876,0.0761
MZI,41,59,0.021667,0.0517
MZI,40,60,0.229342,0.5475
MZI,39,61,-0.236758,-0.5652
MZI,38,62,-1.535034,-3.6646
MZI,37,63,-1.263318,-3.0160
MZI,36,64,1.695647,4.0481
MZI,35,65,-2.867455,-6.8455
MZI,34,66,0.203794,0.4865
MZI,33,67,-0.354657,-0.8467
MZI,32,68,-0.279129,-0.6664
MZI,31,69,-0.035441,-0.0846
MZI,30,70,0.423031,1.0099
MZI,29,71,0.083271,0.1988
MZI,28,72,0.568290,1.3567
MZI,27,73,0.323042,0.7712
MZI,26,74,-0.376213,-0.8981
MZI,25,75,-0.460026,-1.0982
MZI,24,76,-1.579888,-3.7717
MZI,23,77,-2.689996,-6.4219
MZI,22,78,1.675080,3.9990
MZI,21,79,2.081145,4.9684
MZI,20,80,-2.732566,-6.5235
MZI,19,81,1.725464,4.1192
MZI,18,82,0.745795,1.7805
MZI,17,83,1.921191,4.5865
MZI,16,84,-0.248623,-0.5935
MZI,15,85,-0.084589,-0.2019
MZI,14,86,-0.450043,-1.0744
MZI,13,87,-0.742909,-1.7736
MZI,12,88,0.808560,1.9303
MZI,11,89,-0.658512,-1.5721
MZI,10,90,-0.865520,-2.0663
MZI,9,91,-1.866286,-4.4554
MZI,8,92,-0.442027,-1.0553
MZI,7,93,-1.301262,-3.1065
MZI,6,94,2.776228,6.6278
MZI,5,95,2.424324,5.7876
MZI,4,96,-3.013193,-7.1935
MZI,3,97,-2.484076,-5.9303
MZI,2,98,-2.060336,-4.9187
MZI,1,99,-2.639453,-6.3012
MZI,0,100,0.733720,1.7516
MZI,102,0,-2.548015,-6.0829
MZI,101,1,1.195458,2.8539
MZI,100,2,1.219006,2.9102
MZI,99,3,1.251888,2.9887
MZI,98,4,1.300244,3.1041
MZI,97,5,1.327411,3.1690
MZI,96,6,1.327617,3.1695
MZI,95,7,1.343277,3.2068
MZI,94,8,1.386967,3.3111
MZI,93,9,1.320818,3.1532
MZI,92,10,1.441307,3.4409
MZI,91,11,1.496010,3.5715
MZI,90,12,1.517571,3.6229
MZI,89,13,1.546739,3.6926
MZI,88,14,1.576386,3.7633
MZI,87,15,1.636175,3.9061
MZI,86,16,1.689548,4.0335
MZI,85,17,1.780850,4.2515
MZI,84,18,1.876697,4.4803
MZI,83,19,1.960368,4.6800
MZI,82,20,1.694960,4.0464
MZI,81,21,1.211574,2.8924
MZI,80,22,0.497109,1.1868
MZI,79,23,-1.527775,-3.6473
MZI,78,24,2.804239,6.6946
MZI,77,25,2.354747,5.6215
MZI,76,26,2.163487,5.1649
MZI,75,27,2.165982,5.1709
MZI,74,28,3.080590,7.3544
MZI,73,29,1.130086,2.6979
MZI,72,30,1.658682,3.9598
MZI,71,31,1.847951,4.4117
MZI,70,32,1.802833,4.3039
MZI,69,33,1.413265,3.3739
MZI,68,34,1.224982,2.9244
MZI,67,35,1.088277,2.5981
MZI,66,36,-0.032439,-0.0774
MZI,65,37,1.726183,4.1210
MZI,64,38,1.547238,3.6938
MZI,63,39,1.418380,3.3861
MZI,62,40,1.517159,3.6220
MZI,61,41,1.529196,3.6507
MZI,60,42,0.737012,1.7595
MZI,59,43,0.760949,1.8166
MZI,58,44,0.137798,0.3290
MZI,57,45,3.120424,7.4495
MZI,56,46,1.732776,4.1367
MZI,55,47,0.861274,2.0561
MZI,54,48,-1.888735,-4.5090
MZI,53,49,3.111596,7.4284
MZI,52,50,2.375919,5.6721
MZI,51,51,2.102638,5.0197
MZI,50,52,1.958668,4.6760
MZI,49,53,1.601711,3.8238
MZI,48,54,0.619094,1.4780
MZI,47,55,-0.134080,-0.3201
MZI,46,56,0.469407,1.1206
MZI,45,57,0.959611,2.2909
MZI,44,58,-1.409430,-3.3648
MZI,43,59,-1.022333,-2.4406
MZI,42,60,-0.175812,-0.4197
MZI,41,61,0.479912,1.1457
MZI,40,62,0.289286,0.6906
MZI,39,63,-0.546813,-1.3054
MZI,38,64,1.345219,3.2115
MZI,37,65,0.898032,2.1439
MZI,36,66,-0.021104,-0.0504
MZI,35,67,0.041072,0.0981
MZI,34,68,0.100622,0.2402
MZI,33,69,2.872956,6.8587
MZI,32,70,1.169485,2.7919
MZI,31,71,-1.011583,-2.4150
MZI,30,72,-2.987040,-7.1310
MZI,29,73,0.584494,1.3954
MZI,28,74,-0.749411,-1.7891
MZI,27,75,-0.488577,-1.1664
MZI,26,76,-0.426539,-1.0183
MZI,25,77,-0.882155,-2.1060
MZI,24,78,0.326803,0.7802
MZI,23,79,1.530174,3.6530
MZI,22,80,0.966750,2.3079
MZI,21,81,-2.294553,-5.4778
MZI,20,82,-2.589629,-6.1823
MZI,19,83,-2.150465,-5.1339
MZI,18,84,0.264875,0.6323
MZI,17,85,-2.592678,-6.1896
MZI,16,86,-2.902968,-6.9303
MZI,15,87,-3.075447,-7.3421
MZI,14,88,-1.199482,-2.8636
MZI,13,89,0.743444,1.7748
MZI,12,90,-3.094199,-7.3869
MZI,11,91,-2.720178,-6.4939
MZI,10,92,-2.586180,-6.1741
MZI,9,93,0.188602,0.4503
MZI,8,94,-0.852406,-2.0350
MZI,7,95,2.898246,6.9191
MZI,6,96,2.010652,4.8001
MZI,5,97,2.464998,5.8847
MZI,4,98,1.138423,2.7178
MZI,3,99,-1.181154,-2.8198
MZI,2,100,-1.236975,-2.9531
MZI,1,101,1.488139,3.5527
MZI,0,102,1.183388,2.8251
MZI,104,0,-2.615747,-6.2446
MZI,103,1,1.091838,2.6066
MZI,102,2,1.082914,2.5853
MZI,101,3,1.096925,2.6187
MZI,100,4,1.124297,2.6841
MZI,99,5,1.173509,2.8015
MZI,98,6,1.198948,2.8623
MZI,97,7,1.201608,2.8686
MZI,96,8,1.219554,2.9115
MZI,95,9,1.264389,3.0185
MZI,94,10,1.204768,2.8762
MZI,93,11,1.318294,3.1472
MZI,92,12,1.364370,3.2572
MZI,91,13,1.380252,3.2951
MZI,90,14,1.409031,3.3638
MZI,89,15,1.437587,3.4320
MZI,88,16,1.497250,3.5744
MZI,87,17,1.543161,3.6840
MZI,86,18,1.603267,3.8275
MZI,85,19,1.604096,3.8295
MZI,84,20,1.526195,3.6435
MZI,83,21,1.263527,3.0164
MZI,82,22,1.015397,2.4241
MZI,81,23,0.663723,1.5845
MZI,80,24,1.320416,3.1523
MZI,79,25,2.177974,5.1995
MZI,78,26,2.044824,4.8817
MZI,77,27,1.947822,4.6501
MZI,76,28,1.919873,4.5834
MZI,75,29,1.772107,4.2306
MZI,74,30,0.907791,2.1672
MZI,73,31,1.631414,3.8947
MZI,72,32,1.809908,4.3208
MZI,71,33,2.016975,4.8152
MZI,70,34,1.491671,3.5611
MZI,69,35,0.793606,1.8946
MZI,68,36,0.883788,2.1099
MZI,67,37,0.701871,1.6756
MZI,66,38,2.260554,5.3967
MZI,65,39,1.367572,3.2648
MZI,64,40,1.230682,2.9380
MZI,63,41,1.300462,3.1046
MZI,62,42,1.712455,4.0882
MZI,61,43,0.309158,0.7381
MZI,60,44,0.886135,2.1155
MZI,59,45,0.828331,1.9775
MZI,58,46,1.040494,2.4840
MZI,57,47,1.366785,3.2630
MZI,56,48,1.187111,2.8340
MZI,55,49,0.891710,2.1288
MZI,54,50,1.474658,3.5205
MZI,53,51,2.056508,4.9096
MZI,52,52,2.317226,5.5320
MZI,51,53,2.442645,5.8314
MZI,50,54,2.794911,6.6724
MZI,49,55,-2.343485,-5.5947
MZI,48,56,-0.918763,-2.1934
MZI,47,57,0.039874,0.0952
MZI,46,58,0.593791,1.4176
MZI,45,59,0.358948,0.8569
MZI,44,60,-0.483218,-1.1536
MZI,43,61,-1.635776,-3.9051
MZI,42,62,-2.911305,-6.9502
MZI,41,63,0.455475,1.0874
MZI,40,64,0.871992,2.0817
MZI,39,65,0.695195,1.6597
MZI,38,66,0.069042,0.1648
MZI,37,67,-1.813411,-4.3292
MZI,36,68,-0.481079,-1.1485
MZI,35,69,-1.212218,-2.8940
MZI,34,70,1.747687,4.1723
MZI,33,71,-1.643513,-3.9236
MZI,32,72,0.083913,0.2003
MZI,31,73,-0.129867,-0.3100
MZI,30,74,1.486030,3.5476
MZI,29,75,2.354633,5.6213
MZI,28,76,2.387496,5.6997
MZI,27,77,2.926081,6.9855
MZI,26,78,-1.046848,-2.4992
MZI,25,79,0.145058,0.3463
MZI,24,80,-0.183282,-0.4376
MZI,23,81,-0.496430,-1.1851
MZI,22,82,-1.172136,-2.7983
MZI,21,83,-0.589583,-1.4075
MZI,20,84,0.079029,0.1887
MZI,19,85,-1.423958,-3.3994
MZI,18,86,0.196640,0.4694
MZI,17,87,1.476363,3.5246
MZI,16,88,2.385815,5.6957
MZI,15,89,-1.197187,-2.8581
MZI,14,90,-0.894777,-2.1361
MZI,13,91,-2.970456,-7.0914
MZI,12,92,3.114346,7.4350
MZI,11,93,-2.284831,-5.4546
MZI,10,94,-1.700241,-4.0590
MZI,9,95,-0.293809,-0.7014
MZI,8,96,-1.916236,-4.5747
MZI,7,97,2.848998,6.8015
MZI,6,98,-2.819813,-6.7318
MZI,5,99,3.037411,7.2513
MZI,4,100,2.587353,6.1768
MZI,3,101,-1.627251,-3.8848
MZI,2,102,2.978773,7.1113
MZI,1,103,2.676571,6.3898
MZI,0,104,0.190107,0.4538
MZI,106,0,-2.689589,-6.4209
MZI,105,1,0.946196,2.2589
MZI,104,2,0.961208,2.2947
MZI,103,3,0.962532,2.2979
MZI,102,4,0.979664,2.3388
MZI,101,5,1.008436,2.4075
MZI,100,6,1.061483,2.5341
MZI,99,7,1.086705,2.5943
MZI,98,8,1.092758,2.6088
MZI,97,9,1.112903,2.6569
MZI,96,10,1.158651,2.7661
MZI,95,11,1.107322,2.6435
MZI,94,12,1.212764,2.8953
MZI,93,13,1.246138,2.9749
MZI,92,14,1.253834,2.9933
MZI,91,15,1.280657,3.0573
MZI,90,16,1.305619,3.1169
MZI,89,17,1.361564,3.2505
MZI,88,18,1.391159,3.3211
MZI,87,19,1.408014,3.3614
MZI,86,20,1.350671,3.2245
MZI,85,21,1.251773,2.9884
MZI,84,22,1.025836,2.4490
MZI,83,23,0.974908,2.3274
MZI,82,24,1.077285,2.5718
MZI,81,25,1.353042,3.2301
MZI,80,26,1.566500,3.7397
MZI,79,27,1.659765,3.9624
MZI,78,28,1.688275,4.0305
MZI,77,29,1.633691,3.9001
MZI,76,30,1.317254,3.1447
MZI,75,31,0.648427,1.5480
MZI,74,32,2.054572,4.9049
MZI,73,33,1.622913,3.8744
MZI,72,34,1.677361,4.0044
MZI,71,35,-2.809910,-6.7082
MZI,70,36,-0.092110,-0.2199
MZI,69,37,0.811316,1.9369
MZI,68,38,1.132233,2.7030
MZI,67,39,0.014170,0.0338
MZI,66,40,0.933065,2.2275
MZI,65,41,1.034713,2.4702
MZI,64,42,1.133607,2.7063
MZI,63,43,1.426653,3.4059
MZI,62,44,0.025610,0.0611
MZI,61,45,1.022450,2.4409
MZI,60,46,1.496812,3.5734
MZI,59,47,0.746603,1.7824
MZI,58,48,0.940496,2.2453
MZI,57,49,1.485200,3.5457
MZI,56,50,1.516419,3.6202
MZI,55,51,0.201513,0.4811
MZI,54,52,0.426466,1.0181
MZI,53,53,0.519229,1.2396
MZI,52,54,0.485418,1.1589
MZI,51,55,0.408668,0.9756
MZI,50,56,0.253200,0.6045
MZI,49,57,-0.192561,-0.4597
MZI,48,58,-1.292227,-3.0850
MZI,47,59,2.490052,5.9446
MZI,46,60,2.282420,5.4489
MZI,45,61,-2.928941,-6.9923
MZI,44,62,-1.272330,-3.0375
MZI,43,63,0.408572,0.9754
MZI,42,64,-2.129867,-5.0847
MZI,41,65,0.815676,1.9473
MZI,40,66,0.449677,1.0735
MZI,39,67,0.163487,0.3903
MZI,38,68,2.352929,5.6172
MZI,37,69,-0.628533,-1.5005
MZI,36,70,0.546651,1.3050
MZI,35,71,1.707496,4.0763
MZI,34,72,1.101661,2.6300
MZI,33,73,2.120219,5.0617
MZI,32,74,-2.092286,-4.9950
MZI,31,75,-0.661611,-1.5795
MZI,30,76,-0.557714,-1.3314
MZI,29,77,-0.505672,-1.2072
MZI,28,78,-0.459308,-1.0965
MZI,27,79,-1.801994,-4.3019
MZI,26,80,2.244078,5.3573
MZI,25,81,0.534070,1.2750
MZI,24,82,0.333477,0.7961
MZI,23,83,0.794753,1.8973
MZI,22,84,0.566527,1.3525
MZI,21,85,-1.500425,-3.5820
MZI,20,86,2.899940,6.9231
MZI,19,87,2.137112,5.1020
MZI,18,88,1.141725,2.7257
MZI,17,89,-2.782780,-6.6434
MZI,16,90,2.818792,6.7294
MZI,15,91,-1.538095,-3.6719
MZI,14,92,-2.124425,-5.0717
MZI,13,93,-2.320870,-5.5407
MZI,12,94,-2.047439,-4.8879
MZI,11,95,0.287508,0.6864
MZI,10,96,-2.690411,-6.4229
MZI,9,97,1.386701,3.3105
MZI,8,98,1.736012,4.1444
MZI,7,99,0.207576,0.4956
MZI,6,100,-0.015720,-0.0375
MZI,5,101,-0.412065,-0.9837
MZI,4,102,1.743186,4.1615
MZI,3,103,1.643597,3.9238
MZI,2,104,2.531195,6.0428
MZI,1,105,-0.768445,-1.8345
MZI,0,106,-2.359409,-5.6327
MZI,108,0,-2.758750,-6.5860
MZI,107,1,0.809424,1.9324
MZI,106,2,0.831057,1.9840
MZI,105,3,0.862014,2.0579
MZI,104,4,0.878368,2.0970
MZI,103,5,0.904965,2.1604
MZI,102,6,0.941008,2.2465
MZI,101,7,1.001875,2.3918
MZI,100,8,1.030440,2.4600
MZI,99,9,1.042847,2.4896
MZI,98,10,1.066845,2.5469
MZI,97,11,1.115099,2.6621
MZI,96,12,1.077320,2.5719
MZI,95,13,1.174838,2.8047
MZI,94,14,1.190222,2.8414
MZI,93,15,1.188192,2.8366
MZI,92,16,1.213920,2.8980
MZI,91,17,1.236617,2.9522
MZI,90,18,1.290149,3.0800
MZI,89,19,1.305570,3.1168
MZI,88,20,1.296508,3.0952
MZI,87,21,1.231372,2.9397
MZI,86,22,1.162251,2.7747
MZI,85,23,0.980272,2.3402
MZI,84,24,1.073134,2.5619
MZI,83,25,1.218164,2.9082
MZI,82,26,1.343258,3.2068
MZI,81,27,1.440221,3.4383
MZI,80,28,1.515322,3.6176
MZI,79,29,1.570071,3.7483
MZI,78,30,1.516029,3.6193
MZI,77,31,1.157153,2.7625
MZI,76,32,0.533163,1.2728
MZI,75,33,2.251788,5.3757
MZI,74,34,1.424807,3.4015
MZI,73,35,1.204580,2.8757
MZI,72,36,0.861118,2.0558
MZI,71,37,-0.516427,-1.2329
MZI,70,38,2.604383,6.2175
MZI,69,39,2.207549,5.2701
MZI,68,40,-0.685041,-1.6354
MZI,67,41,0.526973,1.2581
MZI,66,42,1.122138,2.6789
MZI,65,43,1.256077,2.9987
MZI,64,44,1.270996,3.0343
MZI,63,45,0.380868,0.9093
MZI,62,46,1.246101,2.9748
MZI,61,47,0.879494,2.0996
MZI,60,48,2.052939,4.9010
MZI,59,49,1.534691,3.6638
MZI,58,50,1.502354,3.5866
MZI,57,51,2.707714,6.4642
MZI,56,52,-1.241853,-2.9647
MZI,55,53,-0.617518,-1.4742
MZI,54,54,-0.078978,-0.1885
MZI,53,55,0.128169,0.3060
MZI,52,56,0.396797,0.9473
MZI,51,57,0.559117,1.3348
MZI,50,58,0.371690,0.8873
MZI,49,59,-0.148240,-0.3539
MZI,48,60,0.889176,2.1228
MZI,47,61,0.826007,1.9719
MZI,46,62,0.145116,0.3464
MZI,45,63,-1.214240,-2.8988
MZI,44,64,-2.778880,-6.6341
MZI,43,65,1.656593,3.9548
MZI,42,66,0.871403,2.0803
MZI,41,67,-0.029247,-0.0698
MZI,40,68,-0.207114,-0.4944
MZI,39,69,-0.395456,-0.9441
MZI,38,70,-1.560849,-3.7263
MZI,37,71,0.970773,2.3175
MZI,36,72,0.533705,1.2741
MZI,35,73,0.037169,0.0887
MZI,34,74,-0.605743,-1.4461
MZI,33,75,-0.523872,-1.2507
MZI,32,76,-1.451166,-3.4644
MZI,31,77,-2.730231,-6.5179
MZI,30,78,2.752584,6.5713
MZI,29,79,-0.923563,-2.2048
MZI,28,80,-0.588992,-1.4061
MZI,27,81,0.258360,0.6168
MZI,26,82,0.056653,0.1352
MZI,25,83,-0.005145,-0.0123
MZI,24,84,1.037814,2.4776
MZI,23,85,2.600505,6.2082
MZI,22,86,-1.009745,-2.4106
MZI,21,87,-0.564384,-1.3474
MZI,20,88,1.046889,2.4993
MZI,19,89,2.254694,5.3827
MZI,18,90,-0.999642,-2.3865
MZI,17,91,-2.956950,-7.0592
MZI,16,92,-2.327080,-5.5555
MZI,15,93,2.651826,6.3308
MZI,14,94,-2.686376,-6.4133
MZI,13,95,-0.434136,-1.0364
MZI,12,96,1.432050,3.4188
MZI,11,97,-1.975546,-4.7163
MZI,10,98,1.942573,4.6376
MZI,9,99,0.580324,1.3854
MZI,8,100,2.276401,5.4345
MZI,7,101,2.838883,6.7773
MZI,6,102,-2.915721,-6.9608
MZI,5,103,1.761468,4.2052
MZI,4,104,1.896876,4.5285
MZI,3,105,1.321960,3.1559
MZI,2,106,-2.277412,-5.4369
MZI,1,107,0.246520,0.5885
MZI,0,108,1.962829,4.6859
MZI,110,0,-2.945529,-7.0319
MZI,109,1,0.491753,1.1740
MZI,108,2,0.478068,1.1413
MZI,107,3,0.482685,1.1523
MZI,106,4,0.502903,1.2006
MZI,105,5,0.513880,1.2268
MZI,104,6,0.533959,1.2747
MZI,103,7,0.564679,1.3481
MZI,102,8,0.622366,1.4858
MZI,101,9,0.645299,1.5405
MZI,100,10,0.656278,1.5667
MZI,99,11,0.676844,1.6158
MZI,98,12,0.722707,1.7253
MZI,97,13,0.703224,1.6788
MZI,96,14,0.788799,1.8831
MZI,95,15,0.767805,1.8330
MZI,94,16,0.745099,1.7788
MZI,93,17,0.765196,1.8268
MZI,92,18,0.783876,1.8714
MZI,91,19,0.835183,1.9939
MZI,90,20,0.840271,2.0060
MZI,89,21,0.822303,1.9631
MZI,88,22,0.771203,1.8411
MZI,87,23,0.740149,1.7670
MZI,86,24,0.597287,1.4259
MZI,85,25,0.737357,1.7603
MZI,84,26,0.847086,2.0223
MZI,83,27,0.915612,2.1859
MZI,82,28,0.971669,2.3197
MZI,81,29,1.025897,2.4491
MZI,80,30,1.089527,2.6011
MZI,79,31,1.088906,2.5996
MZI,78,32,0.527044,1.2582
MZI,77,33,0.185272,0.4423
MZI,76,34,1.178608,2.8137
MZI,75,35,1.069729,2.5538
MZI,74,36,0.712550,1.7011
MZI,73,37,0.289659,0.6915
MZI,72,38,-0.443911,-1.0598
MZI,71,39,1.067188,2.5477
MZI,70,40,0.821171,1.9604
MZI,69,41,0.030083,0.0718
MZI,68,42,-1.548557,-3.6969
MZI,67,43,1.379191,3.2926
MZI,66,44,1.064103,2.5404
MZI,65,45,0.875097,2.0891
MZI,64,46,0.128905,0.3077
MZI,63,47,2.209604,5.2750
MZI,62,48,-1.365329,-3.2595
MZI,61,49,-0.059713,-0.1426
MZI,60,50,1.373537,3.2791
MZI,59,51,1.346180,3.2138
MZI,58,52,-0.376627,-0.8991
MZI,57,53,-1.018795,-2.4322
MZI,56,54,-1.778999,-4.2470
MZI,55,55,-2.432801,-5.8079
MZI,54,56,-2.743611,-6.5499
MZI,53,57,3.003618,7.1706
MZI,52,58,2.293642,5.4757
MZI,51,59,1.142721,2.7280
MZI,50,60,-0.554671,-1.3242
MZI,49,61,-0.154703,-0.3693
MZI,48,62,-0.117900,-0.2815
MZI,47,63,-0.543251,-1.2969
MZI,46,64,-1.080362,-2.5792
MZI,45,65,-0.480422,-1.1469
MZI,44,66,0.537759,1.2838
MZI,43,67,-1.547750,-3.6950
MZI,42,68,2.641603,6.3064
MZI,41,69,-1.505342,-3.5937
MZI,40,70,-0.819590,-1.9566
MZI,39,71,-0.859136,-2.0510
MZI,38,72,0.636474,1.5195
MZI,37,73,-0.231860,-0.5535
MZI,36,74,-2.806120,-6.6991
MZI,35,75,2.496734,5.9605
MZI,34,76,0.668516,1.5960
MZI,33,77,0.394419,0.9416
MZI,32,78,2.737464,6.5352
MZI,31,79,2.727984,6.5126
MZI,30,80,-0.950533,-2.2692
MZI,29,81,-1.234158,-2.9463
MZI,28,82,2.777311,6.6303
MZI,27,83,-2.739444,-6.5399
MZI,26,84,-0.989588,-2.3625
MZI,25,85,-0.323359,-0.7720
MZI,24,86,-0.740587,-1.7680
MZI,23,87,-1.657215,-3.9563
MZI,22,88,-2.419388,-5.7759
MZI,21,89,-1.417737,-3.3846
MZI,20,90,3.022733,7.2162
MZI,19,91,1.879137,4.4861
MZI,18,92,-1.606424,-3.8351
MZI,17,93,-1.519383,-3.6273
MZI,16,94,-2.083989,-4.9752
MZI,15,95,-2.424555,-5.7882
MZI,14,96,0.580104,1.3849
MZI,13,97,-2.741250,-6.5443
MZI,12,98,2.581151,6.1620
MZI,11,99,-0.320418,-0.7649
MZI,10,100,1.744081,4.1637
MZI,9,101,0.741824,1.7710
MZI,8,102,2.936872,7.0113
MZI,7,103,0.239981,0.5729
MZI,6,104,1.219099,2.9104
MZI,5,105,1.303656,3.1122
MZI,4,106,0.134671,0.3215
MZI,3,107,-0.337777,-0.8064
MZI,2,108,-2.730406,-6.5184
MZI,1,109,3.024733,7.2210
MZI,0,110,-1.262762,-3.0146
MZI,112,0,-2.759681,-6.5883
MZI,111,1,0.647738,1.5464
MZI,110,2,0.778832,1.8593
MZI,109,3,0.874770,2.0884
MZI,108,4,0.952869,2.2748
MZI,107,5,1.026740,2.4512
MZI,106,6,1.080298,2.5790
MZI,105,7,1.131246,2.7006
MZI,104,8,1.187236,2.8343
MZI,103,9,1.264431,3.0186
MZI,102,10,1.301008,3.1059
MZI,101,11,1.326216,3.1661
MZI,100,12,1.355239,3.2354
MZI,99,13,1.408170,3.3618
MZI,98,14,1.431287,3.4169
MZI,97,15,1.509568,3.6038
MZI,96,16,1.429059,3.4116
MZI,95,17,1.380369,3.2954
MZI,94,18,1.408414,3.3623
MZI,93,19,1.440785,3.4396
MZI,92,20,1.506980,3.5976
MZI,91,21,1.521558,3.6325
MZI,90,22,1.520578,3.6301
MZI,89,23,1.503270,3.5888
MZI,88,24,1.515010,3.6168
MZI,87,25,1.410799,3.3680
MZI,86,26,1.557145,3.7174
MZI,85,27,1.635048,3.9034
MZI,84,28,1.677608,4.0050
MZI,83,29,1.716112,4.0969
MZI,82,30,1.760488,4.2029
MZI,81,31,1.844965,4.4045
MZI,80,32,1.985610,4.7403
MZI,79,33,0.589565,1.4075
MZI,78,34,1.237849,2.9551
MZI,77,35,1.923187,4.5913
MZI,76,36,2.496806,5.9607
MZI,75,37,-3.025465,-7.2228
MZI,74,38,-1.192649,-2.8472
MZI,73,39,0.044650,0.1066
MZI,72,40,1.026750,2.4512
MZI,71,41,1.493886,3.5664
MZI,70,42,1.362135,3.2519
MZI,69,43,0.990779,2.3653
MZI,68,44,2.107377,5.0310
MZI,67,45,1.554855,3.7119
MZI,66,46,1.303304,3.1114
MZI,65,47,0.448086,1.0697
MZI,64,48,1.434937,3.4257
MZI,63,49,0.289539,0.6912
MZI,62,50,2.031643,4.8502
MZI,61,51,1.941913,4.6360
MZI,60,52,2.321015,5.5410
MZI,59,53,-2.433566,-5.8097
MZI,58,54,2.116208,5.0521
MZI,57,55,1.484258,3.5434
MZI,56,56,1.542379,3.6822
MZI,55,57,1.464002,3.4950
MZI,54,58,1.413479,3.3744
MZI,53,59,1.590955,3.7981
MZI,52,60,2.501665,5.9723
MZI,51,61,-1.833243,-4.3765
MZI,50,62,1.548259,3.6962
MZI,49,63,1.590971,3.7982
MZI,48,64,-0.462468,-1.1041
MZI,47,65,-0.067627,-0.1614
MZI,46,66,0.542504,1.2951
MZI,45,67,0.649431,1.5504
MZI,44,68,0.640166,1.5283
MZI,43,69,0.244517,0.5837
MZI,42,70,-1.164345,-2.7797
MZI,41,71,1.514864,3.6165
MZI,40,72,1.323739,3.1602
MZI,39,73,2.453777,5.8580
MZI,38,74,-2.058962,-4.9154
MZI,37,75,0.117584,0.2807
MZI,36,76,0.506373,1.2089
MZI,35,77,-2.850389,-6.8048
MZI,34,78,2.836723,6.7722
MZI,33,79,0.548583,1.3096
MZI,32,80,-0.371266,-0.8863
MZI,31,81,-1.588763,-3.7929
MZI,30,82,-1.309833,-3.1270
MZI,29,83,-2.077339,-4.9593
MZI,28,84,-1.953340,-4.6633
MZI,27,85,2.953788,7.0516
MZI,26,86,2.494774,5.9558
MZI,25,87,-2.987413,-7.1319
MZI,24,88,-2.592872,-6.1900
MZI,23,89,-2.604201,-6.2171
MZI,22,90,0.495766,1.1836
MZI,21,91,0.871014,2.0794
MZI,20,92,0.459826,1.0978
MZI,19,93,-0.374100,-0.8931
MZI,18,94,-0.426489,-1.0182
MZI,17,95,2.469415,5.8953
MZI,16,96,-3.095879,-7.3909
MZI,15,97,-2.646380,-6.3178
MZI,14,98,2.873182,6.8592
MZI,13,99,2.047111,4.8871
MZI,12,100,1.366081,3.2613
MZI,11,101,1.761124,4.2044
MZI,10,102,-2.637976,-6.2977
MZI,9,103,2.697006,6.4386
MZI,8,104,-0.974348,-2.3261
MZI,7,105,-1.552748,-3.7069
MZI,6,106,-1.345299,-3.2117
MZI,5,107,0.968064,2.3111
MZI,4,108,1.605786,3.8335
MZI,3,109,-0.516997,-1.2342
MZI,2,110,-0.892697,-2.1312
MZI,1,111,-2.217522,-5.2939
MZI,0,112,0.960695,2.2935
MZI,114,0,-2.875948,-6.8658
MZI,113,1,0.602974,1.4395
MZI,112,2,0.470340,1.1229
MZI,111,3,0.518721,1.2384
MZI,110,4,0.577933,1.3797
MZI,109,5,0.628728,1.5010
MZI,108,6,0.681631,1.6273
MZI,107,7,0.723835,1.7280
MZI,106,8,0.763033,1.8216
MZI,105,9,0.810481,1.9349
MZI,104,10,0.879401,2.0994
MZI,103,11,0.908667,2.1693
MZI,102,12,0.930394,2.2212
MZI,101,13,0.953272,2.2758
MZI,100,14,1.003858,2.3965
MZI,99,15,1.103670,2.6348
MZI,98,16,1.186438,2.8324
MZI,97,17,0.952560,2.2741
MZI,96,18,0.829683,1.9807
MZI,95,19,0.878906,2.0982
MZI,94,20,0.935748,2.2339
MZI,93,21,1.022006,2.4399
MZI,92,22,1.047621,2.5010
MZI,91,23,1.063464,2.5388
MZI,90,24,1.072942,2.5615
MZI,89,25,1.112155,2.6551
MZI,88,26,1.045636,2.4963
MZI,87,27,1.179144,2.8150
MZI,86,28,1.220291,2.9132
MZI,85,29,1.237129,2.9534
MZI,84,30,1.256266,2.9991
MZI,83,31,1.284724,3.0671
MZI,82,32,1.416736,3.3822
MZI,81,33,2.500037,5.9684
MZI,80,34,0.354903,0.8473
MZI,79,35,0.946215,2.2589
MZI,78,36,1.557502,3.7183
MZI,77,37,1.507889,3.5998
MZI,76,38,1.300652,3.1051
MZI,75,39,0.112377,0.2683
MZI,74,40,-0.305380,-0.7290
MZI,73,41,2.321226,5.5415
MZI,72,42,2.194462,5.2389
MZI,71,43,2.253116,5.3789
MZI,70,44,2.694389,6.4324
MZI,69,45,-2.264658,-5.4065
MZI,68,46,-0.493126,-1.1773
MZI,67,47,0.103429,0.2469
MZI,66,48,-0.428405,-1.0227
MZI,65,49,0.746958,1.7832
MZI,64,50,0.528470,1.2616
MZI,63,51,2.030383,4.8472
MZI,62,52,1.085478,2.5914
MZI,61,53,0.913857,2.1817
MZI,60,54,0.713246,1.7028
MZI,59,55,1.407378,3.3599
MZI,58,56,1.344365,3.2094
MZI,57,57,1.258439,3.0043
MZI,56,58,1.178016,2.8123
MZI,55,59,1.007487,2.4052
MZI,54,60,0.724621,1.7299
MZI,53,61,0.038249,0.0913
MZI,52,62,-0.461410,-1.1015
MZI,51,63,2.263605,5.4040
MZI,50,64,2.380104,5.6821
MZI,49,65,-0.720998,-1.7213
MZI,48,66,-0.081349,-0.1942
MZI,47,67,0.523840,1.2506
MZI,46,68,1.236334,2.9515
MZI,45,69,1.149959,2.7453
MZI,44,70,2.290645,5.4685
MZI,43,71,1.661767,3.9672
MZI,42,72,-1.927412,-4.6014
MZI,41,73,2.191146,5.2310
MZI,40,74,1.054779,2.5181
MZI,39,75,-0.244860,-0.5846
MZI,38,76,-1.160686,-2.7709
MZI,37,77,-2.559995,-6.1115
MZI,36,78,0.980108,2.3398
MZI,35,79,1.180786,2.8189
MZI,34,80,1.783824,4.2586
MZI,33,81,-2.285349,-5.4559
MZI,32,82,-0.031626,-0.0755
MZI,31,83,0.734164,1.7527
MZI,30,84,-1.282863,-3.0626
MZI,29,85,-1.319473,-3.1500
MZI,28,86,-1.263261,-3.0158
MZI,27,87,0.261976,0.6254
MZI,26,88,-0.911415,-2.1758
MZI,25,89,-2.551757,-6.0919
MZI,24,90,2.608115,6.2264
MZI,23,91,2.144780,5.1203
MZI,22,92,1.698595,4.0551
MZI,21,93,2.219716,5.2992
MZI,20,94,-2.653380,-6.3345
MZI,19,95,-1.204257,-2.8750
MZI,18,96,-1.096834,-2.6185
MZI,17,97,-1.574575,-3.7590
MZI,16,98,-1.948620,-4.6520
MZI,15,99,-2.342216,-5.5916
MZI,14,100,-2.919618,-6.9701
MZI,13,101,2.901210,6.9261
MZI,12,102,1.629848,3.8910
MZI,11,103,-0.720971,-1.7212
MZI,10,104,-1.998831,-4.7719
MZI,9,105,-2.253210,-5.3791
MZI,8,106,-2.211323,-5.2791
MZI,7,107,-2.952623,-7.0489
MZI,6,108,1.848421,4.4128
MZI,5,109,1.822560,4.3510
MZI,4,110,2.069673,4.9410
MZI,3,111,1.813930,4.3304
MZI,2,112,0.067077,0.1601
MZI,1,113,1.682847,4.0175
MZI,0,114,2.794193,6.6706
MZI,116,0,-2.895542,-6.9126
MZI,115,1,0.501956,1.1983
MZI,114,2,0.555070,1.3251
MZI,113,3,0.458218,1.0939
MZI,112,4,0.514296,1.2278
MZI,111,5,0.580804,1.3866
MZI,110,6,0.630710,1.5057
MZI,109,7,0.680249,1.6240
MZI,108,8,0.725123,1.7311
MZI,107,9,0.761895,1.8189
MZI,106,10,0.808749,1.9307
MZI,105,11,0.875234,2.0895
MZI,104,12,0.904041,2.1582
MZI,103,13,0.927220,2.2136
MZI,102,14,0.949651,2.2671
MZI,101,15,1.005847,2.4013
MZI,100,16,1.222382,2.9182
MZI,99,17,1.418901,3.3874
MZI,98,18,0.851923,2.0338
MZI,97,19,0.541763,1.2934
MZI,96,20,0.714134,1.7049
MZI,95,21,0.829582,1.9805
MZI,94,22,0.947031,2.2609
MZI,93,23,0.983232,2.3473
MZI,92,24,1.008762,2.4082
MZI,91,25,1.030530,2.4602
MZI,90,26,1.078603,2.5750
MZI,89,27,1.036752,2.4751
MZI,88,28,1.173096,2.8006
MZI,87,29,1.183695,2.8259
MZI,86,30,1.172566,2.7993
MZI,85,31,1.168813,2.7903
MZI,84,32,1.173276,2.8010
MZI,83,33,1.333770,3.1841
MZI,82,34,1.587974,3.7910
MZI,81,35,0.520690,1.2431
MZI,80,36,1.064369,2.5410
MZI,79,37,2.040194,4.8706
MZI,78,38,0.634030,1.5136
MZI,77,39,0.502122,1.1987
MZI,76,40,0.301569,0.7199
MZI,75,41,-0.560282,-1.3376
MZI,74,42,1.823781,4.3540
MZI,73,43,1.268253,3.0277
MZI,72,44,1.023585,2.4436
MZI,71,45,0.937082,2.2371
MZI,70,46,0.389014,0.9287
MZI,69,47,-0.738286,-1.7625
MZI,68,48,-1.131442,-2.7011
MZI,67,49,-0.106082,-0.2533
MZI,66,50,1.476823,3.5257
MZI,65,51,1.286379,3.0710
MZI,64,52,1.996972,4.7674
MZI,63,53,1.727054,4.1230
MZI,62,54,1.915850,4.5738
MZI,61,55,2.682207,6.4033
MZI,60,56,-1.770957,-4.2278
MZI,59,57,-0.537965,-1.2843
MZI,58,58,-0.155103,-0.3703
MZI,57,59,-0.011613,-0.0277
MZI,56,60,0.186229,0.4446
MZI,55,61,0.149274,0.3564
MZI,54,62,-0.305235,-0.7287
MZI,53,63,0.238819,0.5701
MZI,52,64,0.924856,2.2079
MZI,51,65,1.177661,2.8115
MZI,50,66,0.338088,0.8071
MZI,49,67,-2.831060,-6.7587
MZI,48,68,2.507037,5.9851
MZI,47,69,-0.043993,-0.1050
MZI,46,70,-0.929261,-2.2184
MZI,45,71,-0.620825,-1.4821
MZI,44,72,-0.990891,-2.3656
MZI,43,73,-1.403609,-3.3509
MZI,42,74,0.127044,0.3033
MZI,41,75,-2.794654,-6.6717
MZI,40,76,-2.762998,-6.5962
MZI,39,77,-2.119873,-5.0608
MZI,38,78,-0.874235,-2.0871
MZI,37,79,-0.854891,-2.0409
MZI,36,80,-0.967451,-2.3096
MZI,35,81,-1.085948,-2.5925
MZI,34,82,-1.577965,-3.7671
MZI,33,83,-1.779049,-4.2472
MZI,32,84,-0.535549,-1.2785
MZI,31,85,-2.327771,-5.5571
MZI,30,86,-2.833237,-6.7639
MZI,29,87,-2.982849,-7.1210
MZI,28,88,1.844583,4.4036
MZI,27,89,2.335480,5.5755
MZI,26,90,-2.936715,-7.0109
MZI,25,91,-1.977255,-4.7203
MZI,24,92,-1.603613,-3.8283
MZI,23,93,-1.343233,-3.2067
MZI,22,94,-1.029636,-2.4581
MZI,21,95,-0.353532,-0.8440
MZI,20,96,-0.893531,-2.1331
MZI,19,97,-1.235066,-2.9485
MZI,18,98,-1.304068,-3.1132
MZI,17,99,-1.371602,-3.2745
MZI,16,100,-1.392817,-3.3251
MZI,15,101,-1.334550,-3.1860
MZI,14,102,-1.166646,-2.7852
MZI,13,103,-1.005259,-2.3999
MZI,12,104,-1.079278,-2.5766
MZI,11,105,-1.175955,-2.8074
MZI,10,106,-1.214673,-2.8998
MZI,9,107,-1.213686,-2.8975
MZI,8,108,-1.360832,-3.2487
MZI,7,109,-1.359516,-3.2456
MZI,6,110,-1.462075,-3.4904
MZI,5,111,-1.616661,-3.8595
MZI,4,112,-1.691539,-4.0383
MZI,3,113,-1.670481,-3.9880
MZI,2,114,-1.922353,-4.5893
MZI,1,115,-2.293449,-5.4752
MZI,0,116,-2.124340,-5.0715
MZI,118,0,-2.945251,-7.0313
MZI,117,1,0.417532,0.9968
MZI,116,2,0.406849,0.9713
MZI,115,3,0.445460,1.0635
MZI,114,4,0.355840,0.8495
MZI,113,5,0.405904,0.9690
MZI,112,6,0.467254,1.1155
MZI,111,7,0.508696,1.2144
MZI,110,8,0.550177,1.3135
MZI,109,9,0.594810,1.4200
MZI,108,10,0.626894,1.4966
MZI,107,11,0.671022,1.6019
MZI,106,12,0.733745,1.7517
MZI,105,13,0.764555,1.8252
MZI,104,14,0.790292,1.8867
MZI,103,15,0.817591,1.9519
MZI,102,16,0.885358,2.1136
MZI,101,17,1.061840,2.5350
MZI,100,18,1.323209,3.1589
MZI,99,19,-2.508291,-5.9881
MZI,98,20,-0.109168,-0.2606
MZI,97,21,0.423072,1.0100
MZI,96,22,0.628557,1.5006
MZI,95,23,0.772466,1.8441
MZI,94,24,0.802248,1.9152
MZI,93,25,0.816342,1.9489
MZI,92,26,0.827269,1.9750
MZI,91,27,0.858639,2.0498
MZI,90,28,0.808508,1.9302
MZI,89,29,0.941359,2.2473
MZI,88,30,0.924612,2.2073
MZI,87,31,0.897333,2.1422
MZI,86,32,0.892644,2.1310
MZI,85,33,0.902845,2.1554
MZI,84,34,0.976808,2.3320
MZI,83,35,0.639024,1.5256
MZI,82,36,0.097984,0.2339
MZI,81,37,-2.964715,-7.0777
MZI,80,38,1.558151,3.7198
MZI,79,39,-0.878092,-2.0963
MZI,78,40,0.188914,0.4510
MZI,77,41,0.435014,1.0385
MZI,76,42,0.432796,1.0332
MZI,75,43,0.581801,1.3889
MZI,74,44,0.567891,1.3557
MZI,73,45,0.204849,0.4890
MZI,72,46,0.031725,0.0757
MZI,71,47,-0.072972,-0.1742
MZI,70,48,-0.447496,-1.0683
MZI,69,49,-0.918171,-2.1920
MZI,68,50,-1.670888,-3.9890
MZI,67,51,1.135752,2.7114
MZI,66,52,0.059288,0.1415
MZI,65,53,0.497970,1.1888
MZI,64,54,0.878838,2.0981
MZI,63,55,0.592630,1.4148
MZI,62,56,-0.257475,-0.6147
MZI,61,57,-1.183464,-2.8253
MZI,60,58,-2.147144,-5.1259
MZI,59,59,-2.750992,-6.5675
MZI,58,60,-3.062675,-7.3116
MZI,57,61,2.697228,6.4392
MZI,56,62,2.633563,6.2872
MZI,55,63,0.220802,0.5271
MZI,54,64,0.760332,1.8152
MZI,53,65,0.621307,1.4833
MZI,52,66,0.357589,0.8537
MZI,51,67,0.230462,0.5502
MZI,50,68,-0.146209,-0.3490
MZI,49,69,-1.305432,-3.1165
MZI,48,70,-2.093964,-4.9990
MZI,47,71,-1.656542,-3.9547
MZI,46,72,-0.838542,-2.0019
MZI,45,73,-1.198245,-2.8606
MZI,44,74,-1.076225,-2.5693
MZI,43,75,-0.464075,-1.1079
MZI,42,76,-2.771707,-6.6170
MZI,41,77,-1.585373,-3.7848
MZI,40,78,-0.922733,-2.2029
MZI,39,79,-0.908842,-2.1697
MZI,38,80,-0.999814,-2.3869
MZI,37,81,-1.030521,-2.4602
MZI,36,82,-0.977424,-2.3334
MZI,35,83,-1.123043,-2.6811
MZI,34,84,-1.621464,-3.8710
MZI,33,85,1.643645,3.9239
MZI,32,86,-3.000602,-7.1634
MZI,31,87,-1.775727,-4.2392
MZI,30,88,-1.227887,-2.9314
MZI,29,89,-0.995984,-2.3777
MZI,28,90,-1.533512,-3.6610
MZI,27,91,-1.783651,-4.2582
MZI,26,92,-1.807067,-4.3141
MZI,25,93,-1.662357,-3.9686
MZI,24,94,-1.104832,-2.6376
MZI,23,95,-0.358139,-0.8550
MZI,22,96,-0.448104,-1.0698
MZI,21,97,-1.111577,-2.6537
MZI,20,98,-1.258248,-3.0038
MZI,19,99,-1.268885,-3.0292
MZI,18,100,-1.306673,-3.1195
MZI,17,101,-1.360015,-3.2468
MZI,16,102,-1.405691,-3.3558
MZI,15,103,-1.439499,-3.4366
MZI,14,104,-1.461599,-3.4893
MZI,13,105,-1.522889,-3.6356
MZI,12,106,-1.524912,-3.6405
MZI,11,107,-1.585468,-3.7850
MZI,10,108,-1.615947,-3.8578
MZI,9,109,-1.701291,-4.0615
MZI,8,110,-1.790469,-4.2744
MZI,7,111,-1.861527,-4.4441
MZI,6,112,-1.957866,-4.6741
MZI,5,113,-2.030251,-4.8469
MZI,4,114,-2.108758,-5.0343
MZI,3,115,-2.215591,-5.2893
MZI,2,116,-2.335664,-5.5760
MZI,1,117,-2.385828,-5.6957
MZI,0,118,-2.459995,-5.8728
MZI,120,0,-2.994330,-7.1484
MZI,119,1,0.319064,0.7617
MZI,118,2,0.319277,0.7622
MZI,117,3,0.311605,0.7439
MZI,116,4,0.343586,0.8203
MZI,115,5,0.268964,0.6421
MZI,114,6,0.312536,0.7461
MZI,113,7,0.366789,0.8756
MZI,112,8,0.400488,0.9561
MZI,111,9,0.435199,1.0390
MZI,110,10,0.477855,1.1408
MZI,109,11,0.505670,1.2072
MZI,108,12,0.544908,1.3009
MZI,107,13,0.602165,1.4376
MZI,106,14,0.635371,1.5168
MZI,105,15,0.662312,1.5812
MZI,104,16,0.696705,1.6633
MZI,103,17,0.767061,1.8312
MZI,102,18,0.714040,1.7046
MZI,101,19,0.806782,1.9260
MZI,100,20,0.408143,0.9744
MZI,99,21,-0.352159,-0.8407
MZI,98,22,0.184743,0.4410
MZI,97,23,0.530520,1.2665
MZI,96,24,0.682181,1.6286
MZI,95,25,0.675418,1.6124
MZI,94,26,0.658865,1.5729
MZI,93,27,0.647482,1.5457
MZI,92,28,0.654100,1.5615
MZI,91,29,0.607626,1.4506
MZI,90,30,0.699966,1.6710
MZI,89,31,0.639653,1.5271
MZI,88,32,0.606313,1.4475
MZI,87,33,0.622029,1.4850
MZI,86,34,0.669039,1.5972
MZI,85,35,0.651176,1.5546
MZI,84,36,0.352222,0.8409
MZI,83,37,-0.184692,-0.4409
MZI,82,38,0.501648,1.1976
MZI,81,39,0.730995,1.7451
MZI,80,40,-0.298701,-0.7131
MZI,79,41,0.005308,0.0127
MZI,78,42,0.537285,1.2827
MZI,77,43,0.744133,1.7765
MZI,76,44,0.444916,1.0622
MZI,75,45,0.511351,1.2208
MZI,74,46,-0.320734,-0.7657
MZI,73,47,-0.229674,-0.5483
MZI,72,48,-0.035318,-0.0843
MZI,71,49,-0.179374,-0.4282
MZI,70,50,-0.233546,-0.5575
MZI,69,51,-0.760664,-1.8160
MZI,68,52,0.398300,0.9509
MZI,67,53,-0.439854,-1.0501
MZI,66,54,-0.006450,-0.0154
MZI,65,55,0.167598,0.4001
MZI,64,56,0.163893,0.3913
MZI,63,57,-0.146375,-0.3494
MZI,62,58,-0.602864,-1.4392
MZI,61,59,-0.348679,-0.8324
MZI,60,60,-0.081550,-0.1947
MZI,59,61,-0.115111,-0.2748
MZI,58,62,-0.067910,-0.1621
MZI,57,63,-0.037941,-0.0906
MZI,56,64,-0.589809,-1.4081
MZI,55,65,-0.165603,-0.3953
MZI,54,66,-0.223452,-0.5335
MZI,53,67,-0.196006,-0.4679
MZI,52,68,0.017550,0.0419
MZI,51,69,-0.051395,-0.1227
MZI,50,70,-2.198363,-5.2482
MZI,49,71,-1.642129,-3.9203
MZI,48,72,-0.903772,-2.1576
MZI,47,73,-0.381051,-0.9097
MZI,46,74,-0.330357,-0.7887
MZI,45,75,-0.706634,-1.6870
MZI,44,76,-1.135391,-2.7105
MZI,43,77,-1.805576,-4.3105
MZI,42,78,-2.393653,-5.7144
MZI,41,79,-0.735088,-1.7549
MZI,40,80,-0.978618,-2.3363
MZI,39,81,-1.058974,-2.5281
MZI,38,82,-1.053033,-2.5139
MZI,37,83,-1.019901,-2.4348
MZI,36,84,-1.225020,-2.9245
MZI,35,85,-1.592744,-3.8024
MZI,34,86,-1.502996,-3.5881
MZI,33,87,-2.261896,-5.3999
MZI,32,88,-2.153829,-5.1419
MZI,31,89,-1.384922,-3.3063
MZI,30,90,-1.518727,-3.6257
MZI,29,91,-1.776375,-4.2408
MZI,28,92,-1.996390,-4.7660
MZI,27,93,-2.291079,-5.4695
MZI,26,94,-2.935023,-7.0069
MZI,25,95,-0.168895,-0.4032
MZI,24,96,-0.955236,-2.2805
MZI,23,97,-1.376423,-3.2860
MZI,22,98,-1.480237,-3.5338
MZI,21,99,-1.560068,-3.7244
MZI,20,100,-1.571531,-3.7518
MZI,19,101,-1.603588,-3.8283
MZI,18,102,-1.648812,-3.9362
MZI,17,103,-1.686837,-4.0270
MZI,16,104,-1.722441,-4.1120
MZI,15,105,-1.748971,-4.1754
MZI,14,106,-1.805221,-4.3096
MZI,13,107,-1.812271,-4.3265
MZI,12,108,-1.861342,-4.4436
MZI,11,109,-1.891359,-4.5153
MZI,10,110,-1.952150,-4.6604
MZI,9,111,-2.021648,-4.8263
MZI,8,112,-2.076267,-4.9567
MZI,7,113,-2.146319,-5.1240
MZI,6,114,-2.205474,-5.2652
MZI,5,115,-2.272126,-5.4243
MZI,4,116,-2.345866,-5.6003
MZI,3,117,-2.422766,-5.7839
MZI,2,118,-2.477036,-5.9135
MZI,1,119,-2.538694,-6.0607
MZI,0,120,-2.605138,-6.2193
MZI,122,0,-3.043418,-7.2656
MZI,121,1,0.220893,0.5273
MZI,120,2,0.220891,0.5273
MZI,119,3,0.221034,0.5277
MZI,118,4,0.215801,0.5152
MZI,117,5,0.239766,0.5724
MZI,116,6,0.184890,0.4414
MZI,115,7,0.218007,0.5205
MZI,114,8,0.260597,0.6221
MZI,113,9,0.285643,0.6819
MZI,112,10,0.312886,0.7470
MZI,111,11,0.348451,0.8319
MZI,110,12,0.370944,0.8856
MZI,109,13,0.401294,0.9580
MZI,108,14,0.447999,1.0695
MZI,107,15,0.478308,1.1419
MZI,106,16,0.500868,1.1957
MZI,105,17,0.533971,1.2748
MZI,104,18,0.581284,1.3877
MZI,103,19,0.410976,0.9811
MZI,102,20,0.441562,1.0542
MZI,101,21,0.256283,0.6118
MZI,100,22,-0.138345,-0.3303
MZI,99,23,-0.197996,-0.4727
MZI,98,24,0.523339,1.2494
MZI,97,25,0.619245,1.4783
MZI,96,26,0.549442,1.3117
MZI,95,27,0.502240,1.1990
MZI,94,28,0.475094,1.1342
MZI,93,29,0.466314,1.1132
MZI,92,30,0.454536,1.0851
MZI,91,31,0.498300,1.1896
MZI,90,32,0.391574,0.9348
MZI,89,33,0.352726,0.8421
MZI,88,34,0.383450,0.9154
MZI,87,35,0.446999,1.0671
MZI,86,36,0.433150,1.0341
MZI,85,37,0.253519,0.6052
MZI,84,38,-0.066594,-0.1590
MZI,83,39,0.306586,0.7319
MZI,82,40,0.374758,0.8947
MZI,81,41,0.007104,0.0170
MZI,80,42,-0.227036,-0.5420
MZI,79,43,0.577504,1.3787
MZI,78,44,0.871213,2.0799
MZI,77,45,0.709883,1.6947
MZI,76,46,0.822105,1.9626
MZI,75,47,-1.119401,-2.6724
MZI,74,48,-0.235452,-0.5621
MZI,73,49,0.174067,0.4156
MZI,72,50,0.076217,0.1820
MZI,71,51,-0.199607,-0.4765
MZI,70,52,-0.297707,-0.7107
MZI,69,53,0.986585,2.3553
MZI,68,54,-0.517071,-1.2344
MZI,67,55,0.073585,0.1757
MZI,66,56,0.157462,0.3759
MZI,65,57,0.168517,0.4023
MZI,64,58,0.427432,1.0204
MZI,63,59,0.383974,0.9167
MZI,62,60,0.156840,0.3744
MZI,61,61,0.157293,0.3755
MZI,60,62,-0.040422,-0.0965
MZI,59,63,-0.241171,-0.5758
MZI,58,64,-0.310964,-0.7424
MZI,57,65,-1.591142,-3.7986
MZI,56,66,-0.746900,-1.7831
MZI,55,67,-0.615458,-1.4693
MZI,54,68,-0.647258,-1.5452
MZI,53,69,-0.388969,-0.9286
MZI,52,70,-1.477254,-3.5267
MZI,51,71,-2.053383,-4.9021
MZI,50,72,-1.392473,-3.3243
MZI,49,73,-0.683266,-1.6312
MZI,48,74,-0.820247,-1.9582
MZI,47,75,-0.615977,-1.4705
MZI,46,76,-0.961797,-2.2961
MZI,45,77,-1.488012,-3.5524
MZI,44,78,-1.865691,-4.4540
MZI,43,79,3.043264,7.2653
MZI,42,80,-0.947057,-2.2609
MZI,41,81,-1.251600,-2.9880
MZI,40,82,-1.330885,-3.1773
MZI,39,83,-1.350827,-3.2249
MZI,38,84,-1.416074,-3.3806
MZI,37,85,-1.631708,-3.8954
MZI,36,86,-1.905011,-4.5479
MZI,35,87,-1.881717,-4.4923
MZI,34,88,-2.131270,-5.0880
MZI,33,89,-2.717251,-6.4870
MZI,32,90,-1.499200,-3.5791
MZI,31,91,-1.832829,-4.3756
MZI,30,92,-2.011762,-4.8027
MZI,29,93,-2.187147,-5.2214
MZI,28,94,-2.440044,-5.8252
MZI,27,95,-2.783687,-6.6456
MZI,26,96,-1.319443,-3.1499
MZI,25,97,-1.690833,-4.0366
MZI,24,98,-1.786276,-4.2644
MZI,23,99,-1.821615,-4.3488
MZI,22,100,-1.877757,-4.4828
MZI,21,101,-1.889419,-4.5107
MZI,20,102,-1.914602,-4.5708
MZI,19,103,-1.948597,-4.6519
MZI,18,104,-1.976989,-4.7197
MZI,17,105,-2.005271,-4.7872
MZI,16,106,-2.028022,-4.8415
MZI,15,107,-2.071406,-4.9451
MZI,14,108,-2.080984,-4.9680
MZI,13,109,-2.117891,-5.0561
MZI,12,110,-2.143047,-5.1161
MZI,11,111,-2.186654,-5.2203
MZI,10,112,-2.236717,-5.3398
MZI,9,113,-2.277419,-5.4369
MZI,8,114,-2.327656,-5.5569
MZI,7,115,-2.372807,-5.6647
MZI,6,116,-2.423418,-5.7855
MZI,5,117,-2.477089,-5.9136
MZI,4,118,-2.533044,-6.0472
MZI,3,119,-2.580075,-6.1595
MZI,2,120,-2.632287,-6.2841
MZI,1,121,-2.689671,-6.4211
MZI,0,122,-2.753817,-6.5743
MZI,124,0,-3.092505,-7.3828
MZI,123,1,0.122718,0.2930
MZI,122,2,0.122718,0.2930
MZI,121,3,0.122717,0.2930
MZI,120,4,0.122801,0.2932
MZI,119,5,0.119775,0.2859
MZI,118,6,0.134473,0.3210
MZI,117,7,0.101558,0.2425
MZI,116,8,0.121738,0.2906
MZI,115,9,0.148954,0.3556
MZI,114,10,0.164648,0.3931
MZI,113,11,0.182766,0.4363
MZI,112,12,0.206550,0.4931
MZI,111,13,0.222008,0.5300
MZI,110,14,0.241147,0.5757
MZI,109,15,0.272212,0.6499
MZI,108,16,0.293398,0.7004
MZI,107,17,0.307710,0.7346
MZI,106,18,0.329746,0.7872
MZI,105,19,0.348669,0.8324
MZI,104,20,0.205650,0.4910
MZI,103,21,0.223909,0.5345
MZI,102,22,0.137431,0.3281
MZI,101,23,-0.040639,-0.0970
MZI,100,24,-0.624760,-1.4915
MZI,99,25,0.589447,1.4072
MZI,98,26,0.475204,1.1345
MZI,97,27,0.374623,0.8943
MZI,96,28,0.323645,0.7726
MZI,95,29,0.297173,0.7094
MZI,94,30,0.285850,0.6824
MZI,93,31,0.302853,0.7230
MZI,92,32,0.321066,0.7665
MZI,91,33,0.202900,0.4844
MZI,90,34,0.168289,0.4018
MZI,89,35,0.201226,0.4804
MZI,88,36,0.252870,0.6037
MZI,87,37,0.266761,0.6368
MZI,86,38,0.192347,0.4592
MZI,85,39,0.049358,0.1178
MZI,84,40,0.179982,0.4297
MZI,83,41,0.182667,0.4361
MZI,82,42,0.003136,0.0075
MZI,81,43,-0.413162,-0.9864
MZI,80,44,0.460792,1.1001
MZI,79,45,0.366367,0.8746
MZI,78,46,0.885650,2.1143
MZI,77,47,0.666149,1.5903
MZI,76,48,-0.736750,-1.7589
MZI,75,49,-0.177813,-0.4245
MZI,74,50,0.304083,0.7259
MZI,73,51,0.458416,1.0944
MZI,72,52,-0.236256,-0.5640
MZI,71,53,-0.193126,-0.4611
MZI,70,54,0.726926,1.7354
MZI,69,55,-0.617298,-1.4737
MZI,68,56,0.170591,0.4073
MZI,67,57,0.104769,0.2501
MZI,66,58,0.031341,0.0748
MZI,65,59,0.116429,0.2780
MZI,64,60,0.538343,1.2852
MZI,63,61,0.382616,0.9134
MZI,62,62,0.247748,0.5915
MZI,61,63,-0.119899,-0.2862
MZI,60,64,-0.465098,-1.1103
MZI,59,65,-0.694877,-1.6589
MZI,58,66,-1.298184,-3.0992
MZI,57,67,-1.026271,-2.4500
MZI,56,68,-1.017968,-2.4302
MZI,55,69,-1.190312,-2.8417
MZI,54,70,-1.374829,-3.2822
MZI,53,71,-2.738089,-6.5367
MZI,52,72,-1.824472,-4.3556
MZI,51,73,-1.586254,-3.7869
MZI,50,74,-1.048332,-2.5027
MZI,49,75,-1.422184,-3.3952
MZI,48,76,-1.446205,-3.4526
MZI,47,77,-1.434398,-3.4244
MZI,46,78,-1.842987,-4.3998
MZI,45,79,-2.021406,-4.8258
MZI,44,80,-1.898296,-4.5318
MZI,43,81,-1.534868,-3.6642
MZI,42,82,-1.695409,-4.0475
MZI,41,83,-1.765455,-4.2147
MZI,40,84,-1.809472,-4.3198
MZI,39,85,-1.896328,-4.5271
MZI,38,86,-2.043480,-4.8784
MZI,37,87,-2.212093,-5.2810
MZI,36,88,-2.197259,-5.2456
MZI,35,89,-2.319709,-5.5379
MZI,34,90,-2.744338,-6.5516
MZI,33,91,-1.783421,-4.2576
MZI,32,92,-2.159078,-5.1544
MZI,31,93,-2.268222,-5.4150
MZI,30,94,-2.355441,-5.6232
MZI,29,95,-2.408896,-5.7508
MZI,28,96,-2.322569,-5.5447
MZI,27,97,-2.087810,-4.9843
MZI,26,98,-2.144295,-5.1191
MZI,25,99,-2.171122,-5.1832
MZI,24,100,-2.191922,-5.2328
MZI,23,101,-2.228507,-5.3202
MZI,22,102,-2.238397,-5.3438
MZI,21,103,-2.256152,-5.3862
MZI,20,104,-2.278989,-5.4407
MZI,19,105,-2.298168,-5.4865
MZI,18,106,-2.317709,-5.5331
MZI,17,107,-2.334308,-5.5727
MZI,16,108,-2.362660,-5.6404
MZI,15,109,-2.371373,-5.6612
MZI,14,110,-2.395821,-5.7196
MZI,13,111,-2.413944,-5.7629
MZI,12,112,-2.442229,-5.8304
MZI,11,113,-2.474550,-5.9076
MZI,10,114,-2.501649,-5.9722
MZI,9,115,-2.534116,-6.0498
MZI,8,116,-2.564876,-6.1232
MZI,7,117,-2.599131,-6.2050
MZI,6,118,-2.635455,-6.2917
MZI,5,119,-2.674043,-6.3838
MZI,4,120,-2.709857,-6.4693
MZI,3,121,-2.749773,-6.5646
MZI,2,122,-2.794317,-6.6709
MZI,1,123,-2.845071,-6.7921
MZI,0,124,-2.904346,-6.9336
MZI,126,0,-3.141593,-7.5000
MZI,125,1,0.024544,0.0586
MZI,124,2,0.024544,0.0586
MZI,123,3,0.024544,0.0586
MZI,122,4,0.024543,0.0586
MZI,121,5,0.024576,0.0587
MZI,120,6,0.023389,0.0558
MZI,119,7,0.029320,0.0700
MZI,118,8,0.016308,0.0389
MZI,117,9,0.024272,0.0579
MZI,116,10,0.035592,0.0850
MZI,115,11,0.042216,0.1008
MZI,114,12,0.050161,0.1198
MZI,113,13,0.060528,0.1445
MZI,112,14,0.067596,0.1614
MZI,111,15,0.075759,0.1809
MZI,110,16,0.089350,0.2133
MZI,109,17,0.098873,0.2360
MZI,108,18,0.105061,0.2508
MZI,107,19,0.114349,0.2730
MZI,106,20,0.119188,0.2845
MZI,105,21,0.054804,0.1308
MZI,104,22,0.063789,0.1523
MZI,103,23,0.033813,0.0807
MZI,102,24,-0.026615,-0.0635
MZI,101,25,-0.294392,-0.7028
MZI,100,26,0.398091,0.9504
MZI,99,27,0.201205,0.4803
MZI,98,28,0.145435,0.3472
MZI,97,29,0.119658,0.2857
MZI,96,30,0.106846,0.2551
MZI,95,31,0.101233,0.2417
MZI,94,32,0.116835,0.2789
MZI,93,33,0.125361,0.2993
MZI,92,34,0.055842,0.1333
MZI,91,35,0.038759,0.0925
MZI,90,36,0.058344,0.1393
MZI,89,37,0.083918,0.2003
MZI,88,38,0.098494,0.2351
MZI,87,39,0.081529,0.1946
MZI,86,40,0.035524,0.0848
MZI,85,41,0.061810,0.1476
MZI,84,42,0.052628,0.1256
MZI,83,43,-0.018763,-0.0448
MZI,82,44,-0.256674,-0.6128
MZI,81,45,0.200226,0.4780
MZI,80,46,0.076219,0.1820
MZI,79,47,0.266696,0.6367
MZI,78,48,0.196181,0.4683
MZI,77,49,-0.238662,-0.5698
MZI,76,50,-0.122873,-0.2933
MZI,75,51,0.194038,0.4632
MZI,74,52,0.483600,1.1545
MZI,73,53,-0.273261,-0.6524
MZI,72,54,-0.115165,-0.2749
MZI,71,55,0.109318,0.2610
MZI,70,56,-0.574198,-1.3708
MZI,69,57,0.138782,0.3313
MZI,68,58,0.019514,0.0466
MZI,67,59,-0.048735,-0.1163
MZI,66,60,-0.068896,-0.1645
MZI,65,61,0.054945,0.1312
MZI,64,62,0.234527,0.5599
MZI,63,63,0.181256,0.4327
MZI,62,64,-0.746371,-1.7818
MZI,61,65,-1.220760,-2.9144
MZI,60,66,-1.530210,-3.6531
MZI,59,67,-1.900218,-4.5364
MZI,58,68,-1.625694,-3.8811
MZI,57,69,-1.850038,-4.4166
MZI,56,70,-2.011090,-4.8011
MZI,55,71,-2.160986,-5.1590
MZI,54,72,-2.931530,-6.9985
MZI,53,73,-2.290054,-5.4671
MZI,52,74,-2.124514,-5.0719
MZI,51,75,-2.043725,-4.8790
MZI,50,76,-2.215359,-5.2888
MZI,49,77,-2.270381,-5.4201
MZI,48,78,-2.238299,-5.3435
MZI,47,79,-2.409648,-5.7526
MZI,46,80,-2.492058,-5.9494
MZI,45,81,-2.457121,-5.8659
MZI,44,82,-2.346025,-5.6007
MZI,43,83,-2.395816,-5.7196
MZI,42,84,-2.434261,-5.8114
MZI,41,85,-2.465636,-5.8863
MZI,40,86,-2.512621,-5.9984
MZI,39,87,-2.575756,-6.1492
MZI,38,88,-2.646973,-6.3192
MZI,37,89,-2.645469,-6.3156
MZI,36,90,-2.693171,-6.4295
MZI,35,91,-2.817819,-6.7270
MZI,34,92,-2.476267,-5.9117
MZI,33,93,-2.639115,-6.3004
MZI,32,94,-2.683380,-6.4061
MZI,31,95,-2.714353,-6.4800
MZI,30,96,-2.724586,-6.5045
MZI,29,97,-2.695989,-6.4362
MZI,28,98,-2.645672,-6.3161
MZI,27,99,-2.658220,-6.3460
MZI,26,100,-2.666427,-6.3656
MZI,25,101,-2.675815,-6.3880
MZI,24,102,-2.691007,-6.4243
MZI,23,103,-2.696437,-6.4373
MZI,22,104,-2.704833,-6.4573
MZI,21,105,-2.715087,-6.4818
MZI,20,106,-2.723816,-6.5026
MZI,19,107,-2.732855,-6.5242
MZI,18,108,-2.740859,-6.5433
MZI,17,109,-2.752877,-6.5720
MZI,16,110,-2.757733,-6.5836
MZI,15,111,-2.768533,-6.6094
MZI,14,112,-2.777256,-6.6302
MZI,13,113,-2.789695,-6.6599
MZI,12,114,-2.803961,-6.6940
MZI,11,115,-2.816259,-6.7233
MZI,10,116,-2.830578,-6.7575
MZI,9,117,-2.845033,-6.7920
MZI,8,118,-2.861072,-6.8303
MZI,7,119,-2.878355,-6.8716
MZI,6,120,-2.897352,-6.9169
MZI,5,121,-2.916297,-6.9621
MZI,4,122,-2.937709,-7.0133
MZI,3,123,-2.961968,-7.0712
MZI,2,124,-2.990213,-7.1386
MZI,1,125,-3.024325,-7.2200
MZI,0,126,-3.067962,-7.3242
MZI,126,2,0.036821,0.0879
MZI,125,3,0.062325,0.1488
MZI,124,4,0.082166,0.1962
MZI,123,5,0.098567,0.2353
MZI,122,6,0.112665,0.2690
MZI,121,7,0.124446,0.2971
MZI,120,8,0.137825,0.3290
MZI,119,9,0.140747,0.3360
MZI,118,10,0.151826,0.3625
MZI,117,11,0.162847,0.3888
MZI,116,12,0.171172,0.4086
MZI,115,13,0.178525,0.4262
MZI,114,14,0.188047,0.4489
MZI,113,15,0.195064,0.4657
MZI,112,16,0.202741,0.4840
MZI,111,17,0.212752,0.5079
MZI,110,18,0.220919,0.5274
MZI,109,19,0.227820,0.5439
MZI,108,20,0.235794,0.5629
MZI,107,21,0.241827,0.5773
MZI,106,22,0.216410,0.5166
MZI,105,23,0.224615,0.5362
MZI,104,24,0.223414,0.5334
MZI,103,25,0.205388,0.4903
MZI,102,26,0.139109,0.3321
MZI,101,27,0.419300,1.0010
MZI,100,28,0.307743,0.7347
MZI,99,29,0.285471,0.6815
MZI,98,30,0.279176,0.6665
MZI,97,31,0.279439,0.6671
MZI,96,32,0.282668,0.6748
MZI,95,33,0.301313,0.7193
MZI,94,34,0.298690,0.7131
MZI,93,35,0.257158,0.6139
MZI,92,36,0.267754,0.6392
MZI,91,37,0.291024,0.6948
MZI,90,38,0.314401,0.7506
MZI,89,39,0.338023,0.8070
MZI,88,40,0.344398,0.8222
MZI,87,41,0.336241,0.8027
MZI,86,42,0.356866,0.8520
MZI,85,43,0.374357,0.8937
MZI,84,44,0.366832,0.8757
MZI,83,45,0.294777,0.7037
MZI,82,46,0.468190,1.1177
MZI,81,47,0.449403,1.0729
MZI,80,48,0.571080,1.3634
MZI,79,49,0.553647,1.3217
MZI,78,50,0.405091,0.9671
MZI,77,51,0.325240,0.7765
MZI,76,52,0.586994,1.4013
MZI,75,53,0.802676,1.9162
MZI,74,54,-0.074185,-0.1771
MZI,73,55,0.538726,1.2861
MZI,72,56,0.730259,1.7434
MZI,71,57,0.389158,0.9290
MZI,70,58,0.774409,1.8488
MZI,69,59,0.803974,1.9193
MZI,68,60,0.883810,2.1099
MZI,67,61,1.035520,2.4721
MZI,66,62,1.300207,3.1040
MZI,65,63,1.677340,4.0044
MZI,64,64,2.522941,6.0231
MZI,63,65,2.489918,5.9442
MZI,62,66,2.166113,5.1712
MZI,61,67,1.994610,4.7618
MZI,60,68,1.832197,4.3740
MZI,59,69,1.832245,4.3742
MZI,58,70,1.892272,4.5175
MZI,57,71,1.831063,4.3713
MZI,56,72,1.783544,4.2579
MZI,55,73,1.616905,3.8601
MZI,54,74,1.702640,4.0648
MZI,53,75,1.523086,3.6361
MZI,52,76,1.920103,4.5839
MZI,51,77,1.803315,4.3051
MZI,50,78,1.787003,4.2662
MZI,49,79,1.830958,4.3711
MZI,48,80,1.674547,3.9977
MZI,47,81,1.676480,4.0023
MZI,46,82,1.749180,4.1759
MZI,45,83,1.819655,4.3441
MZI,44,84,1.787661,4.2677
MZI,43,85,1.771292,4.2286
MZI,42,86,1.761025,4.2041
MZI,41,87,1.736139,4.1447
MZI,40,88,1.691713,4.0387
MZI,39,89,1.662320,3.9685
MZI,38,90,1.675530,4.0000
MZI,37,91,1.649626,3.9382
MZI,36,92,1.599270,3.8180
MZI,35,93,1.826917,4.3614
MZI,34,94,1.703881,4.0677
MZI,33,95,1.679210,4.0088
MZI,32,96,1.669083,3.9846
MZI,31,97,1.678991,4.0083
MZI,30,98,1.709175,4.0804
MZI,29,99,1.733336,4.1380
MZI,28,100,1.724797,4.1176
MZI,27,101,1.722251,4.1116
MZI,26,102,1.716727,4.0984
MZI,25,103,1.705333,4.0712
MZI,24,104,1.704407,4.0690
MZI,23,105,1.701026,4.0609
MZI,22,106,1.695990,4.0489
MZI,21,107,1.691983,4.0393
MZI,20,108,1.688157,4.0302
MZI,19,109,1.685229,4.0232
MZI,18,110,1.677838,4.0055
MZI,17,111,1.676942,4.0034
MZI,16,112,1.671484,3.9904
MZI,15,113,1.668400,3.9830
MZI,14,114,1.662287,3.9684
MZI,13,115,1.655662,3.9526
MZI,12,116,1.650298,3.9398
MZI,11,117,1.643248,3.9230
MZI,10,118,1.637720,3.9098
MZI,9,119,1.631391,3.8947
MZI,8,120,1.624861,3.8791
MZI,7,121,1.618682,3.8643
MZI,6,122,1.613632,3.8523
MZI,5,123,1.608151,3.8392
MZI,4,124,1.601793,3.8240
MZI,3,125,1.594149,3.8058
MZI,2,126,1.584438,3.7826
MZI,1,127,1.570796,3.7500
MZI,126,4,0.054275,0.1296
MZI,125,5,0.099050,0.2365
MZI,124,6,0.137378,0.3280
MZI,123,7,0.171106,0.4085
MZI,122,8,0.199441,0.4761
MZI,121,9,0.233211,0.5567
MZI,120,10,0.238264,0.5688
MZI,119,11,0.266576,0.6364
MZI,118,12,0.294908,0.7040
MZI,117,13,0.316182,0.7548
MZI,116,14,0.334651,0.7989
MZI,115,15,0.360114,0.8597
MZI,114,16,0.378354,0.9033
MZI,113,17,0.398347,0.9510
MZI,112,18,0.424822,1.0142
MZI,111,19,0.446665,1.0663
MZI,110,20,0.464949,1.1100
MZI,109,21,0.486191,1.1607
MZI,108,22,0.500024,1.1937
MZI,107,23,0.428827,1.0237
MZI,106,24,0.450333,1.0751
MZI,105,25,0.450334,1.0751
MZI,104,26,0.411291,0.9819
MZI,103,27,0.314380,0.7505
MZI,102,28,1.155096,2.7576
MZI,101,29,0.691578,1.6510
MZI,100,30,0.619928,1.4800
MZI,99,31,0.597775,1.4271
MZI,98,32,0.595954,1.4227
MZI,97,33,0.602742,1.4389
MZI,96,34,0.660075,1.5758
MZI,95,35,0.641396,1.5312
MZI,94,36,0.505040,1.2057
MZI,93,37,0.552977,1.3201
MZI,92,38,0.617924,1.4752
MZI,91,39,0.678325,1.6194
MZI,90,40,0.744541,1.7775
MZI,89,41,0.771488,1.8418
MZI,88,42,0.732108,1.7478
MZI,87,43,0.766149,1.8290
MZI,86,44,0.812339,1.9393
MZI,85,45,0.800974,1.9122
MZI,84,46,0.692802,1.6539
MZI,83,47,1.033955,2.4684
MZI,82,48,0.969591,2.3147
MZI,81,49,1.214869,2.9003
MZI,80,50,1.213398,2.8968
MZI,79,51,0.900272,2.1492
MZI,78,52,0.582473,1.3906
MZI,77,53,1.367375,3.2644
MZI,76,54,1.767841,4.2204
MZI,75,55,0.084946,0.2028
MZI,74,56,1.160002,2.7693
MZI,73,57,1.492471,3.5630
MZI,72,58,0.944219,2.2542
MZI,71,59,1.771329,4.2287
MZI,70,60,1.676040,4.0012
MZI,69,61,1.760557,4.2030
MZI,68,62,1.953735,4.6642
MZI,67,63,2.272684,5.4256
MZI,66,64,2.742684,6.5477
MZI,65,65,-3.111451,-7.4280
MZI,64,66,-2.850218,-6.8044
MZI,63,67,-3.094748,-7.3882
MZI,62,68,2.918949,6.9685
MZI,61,69,2.790617,6.6621
MZI,60,70,0.079284,0.1893
MZI,59,71,2.994417,7.1486
MZI,58,72,2.935545,7.0081
MZI,57,73,2.909862,6.9468
MZI,56,74,2.839968,6.7799
MZI,55,75,2.864933,6.8395
MZI,54,76,0.808208,1.9295
MZI,53,77,-2.976773,-7.1065
MZI,52,78,3.039883,7.2572
MZI,51,79,3.038606,7.2541
MZI,50,80,-3.052252,-7.2867
MZI,49,81,2.743839,6.5504
MZI,48,82,2.885809,6.8894
MZI,47,83,3.078783,7.3501
MZI,46,84,-3.023761,-7.2187
MZI,45,85,-3.069541,-7.3280
MZI,44,86,-3.097540,-7.3948
MZI,43,87,-3.111529,-7.4282
MZI,42,88,3.120819,7.4504
MZI,41,89,3.020630,7.2112
MZI,40,90,2.978405,7.1104
MZI,39,91,3.012967,7.1929
MZI,38,92,2.968959,7.0879
MZI,37,93,2.915748,6.9608
MZI,36,94,-2.846544,-6.7956
MZI,35,95,3.135844,7.4863
MZI,34,96,3.084240,7.3631
MZI,33,97,3.075479,7.3422
MZI,32,98,3.110652,7.4261
MZI,31,99,-3.109011,-7.4222
MZI,30,100,-3.070506,-7.3303
MZI,29,101,-3.073700,-7.3379
MZI,28,102,-3.069297,-7.3274
MZI,27,103,-3.077540,-7.3471
MZI,26,104,-3.104019,-7.4103
MZI,25,105,-3.101701,-7.4048
MZI,24,106,-3.105499,-7.4138
MZI,23,107,-3.113808,-7.4337
MZI,22,108,-3.119753,-7.4479
MZI,21,109,-3.124855,-7.4600
MZI,20,110,-3.127766,-7.4670
MZI,19,111,3.139536,7.4951
MZI,18,112,3.141454,7.4997
MZI,17,113,3.131704,7.4764
MZI,16,114,3.128929,7.4698
MZI,15,115,3.118335,7.4445
MZI,14,116,3.107110,7.4177
MZI,13,117,3.098761,7.3977
MZI,12,118,3.086033,7.3674
MZI,11,119,3.079011,7.3506
MZI,10,120,3.070240,7.3297
MZI,9,121,3.062122,7.3103
MZI,8,122,3.056546,7.2970
MZI,7,123,3.055681,7.2949
MZI,6,124,3.055694,7.2949
MZI,5,125,3.055695,7.2949
MZI,4,126,3.055695,7.2949
MZI,3,127,3.055695,7.2949
MZI,126,6,0.062212,0.1485
MZI,125,7,0.116858,0.2790
MZI,124,8,0.165854,0.3959
MZI,123,9,0.205806,0.4913
MZI,122,10,0.261917,0.6253
MZI,121,11,0.254916,0.6086
MZI,120,12,0.304146,0.7261
MZI,119,13,0.354791,0.8470
MZI,118,14,0.390852,0.9331
MZI,117,15,0.421678,1.0067
MZI,116,16,0.470925,1.1243
MZI,115,17,0.503537,1.2021
MZI,114,18,0.538934,1.2866
MZI,113,19,0.589662,1.4077
MZI,112,20,0.631220,1.5069
MZI,111,21,0.663331,1.5836
MZI,110,22,0.701609,1.6750
MZI,109,23,0.712647,1.7013
MZI,108,24,0.546201,1.3040
MZI,107,25,0.586909,1.4011
MZI,106,26,0.587162,1.4017
MZI,105,27,0.525376,1.2542
MZI,104,28,0.458708,1.0951
MZI,103,29,1.519353,3.6272
MZI,102,30,1.134053,2.7074
MZI,101,31,0.958024,2.2871
MZI,100,32,0.881273,2.1039
MZI,99,33,0.858185,2.0488
MZI,98,34,0.857855,2.0480
MZI,97,35,1.004538,2.3982
MZI,96,36,0.942130,2.2492
MZI,95,37,0.522617,1.2477
MZI,94,38,0.699847,1.6708
MZI,93,39,0.829513,1.9803
MZI,92,40,0.938203,2.2398
MZI,91,41,1.080128,2.5786
MZI,90,42,1.190587,2.8423
MZI,89,43,1.055677,2.5202
MZI,88,44,0.990151,2.3638
MZI,87,45,1.066117,2.5452
MZI,86,46,1.046653,2.4987
MZI,85,47,0.964783,2.3032
MZI,84,48,1.334506,3.1859
MZI,83,49,1.217101,2.9056
MZI,82,50,1.489659,3.5563
MZI,81,51,1.617911,3.8625
MZI,80,52,1.130916,2.6999
MZI,79,53,0.324911,0.7757
MZI,78,54,1.935588,4.6209
MZI,77,55,1.660668,3.9646
MZI,76,56,0.807744,1.9283
MZI,75,57,1.421007,3.3924
MZI,74,58,1.696886,4.0510
MZI,73,59,1.151525,2.7491
MZI,72,60,2.378871,5.6791
MZI,71,61,2.103040,5.0206
MZI,70,62,2.096811,5.0058
MZI,69,63,2.218222,5.2956
MZI,68,64,2.442080,5.8300
MZI,67,65,2.799262,6.6827
MZI,66,66,-3.100331,-7.4015
MZI,65,67,-2.793742,-6.6696
MZI,64,68,-2.211963,-5.2807
MZI,63,69,3.038082,7.2529
MZI,62,70,2.564591,6.1225
MZI,61,71,2.134485,5.0957
MZI,60,72,2.838643,6.7768
MZI,59,73,2.717398,6.4873
MZI,58,74,2.680589,6.3994
MZI,57,75,2.624963,6.2666
MZI,56,76,-2.687228,-6.4153
MZI,55,77,2.451034,5.8514
MZI,54,78,-2.837646,-6.7744
MZI,53,79,2.782692,6.6432
MZI,52,80,2.857428,6.8216
MZI,51,81,-2.961090,-7.0691
MZI,50,82,2.002503,4.7806
MZI,49,83,2.727168,6.5106
MZI,48,84,3.027068,7.2266
MZI,47,85,-2.975777,-7.1041
MZI,46,86,-2.978028,-7.1095
MZI,45,87,-3.047496,-7.2754
MZI,44,88,-3.101822,-7.4051
MZI,43,89,3.077864,7.3479
MZI,42,90,2.904839,6.9348
MZI,41,91,2.833646,6.7648
MZI,40,92,2.872741,6.8582
MZI,39,93,2.831168,6.7589
MZI,38,94,2.819596,6.7313
MZI,37,95,-2.818946,-6.7297
MZI,36,96,-3.090471,-7.3780
MZI,35,97,3.092811,7.3835
MZI,34,98,3.078731,7.3499
MZI,33,99,3.123059,7.4558
MZI,32,100,-3.094852,-7.3884
MZI,31,101,-3.076265,-7.3440
MZI,30,102,-3.042147,-7.2626
MZI,29,103,-3.016108,-7.2004
MZI,28,104,-3.025716,-7.2234
MZI,27,105,-3.071537,-7.3328
MZI,26,106,-3.066517,-7.3208
MZI,25,107,-3.071909,-7.3336
MZI,24,108,-3.085704,-7.3666
MZI,23,109,-3.095041,-7.3889
MZI,22,110,-3.103199,-7.4083
MZI,21,111,-3.108082,-7.4200
MZI,20,112,-3.136518,-7.4879
MZI,19,113,-3.131669,-7.4763
MZI,18,114,3.134605,7.4833
MZI,17,115,3.130487,7.4735
MZI,16,116,3.112605,7.4308
MZI,15,117,3.092302,7.3823
MZI,14,118,3.077366,7.3467
MZI,13,119,3.055022,7.2933
MZI,12,120,3.042583,7.2636
MZI,11,121,3.026331,7.2248
MZI,10,122,3.012364,7.1915
MZI,9,123,3.001678,7.1660
MZI,8,124,3.000490,7.1631
MZI,7,125,3.000475,7.1631
MZI,6,126,3.000479,7.1631
MZI,5,127,3.000479,7.1631
MZI,126,8,0.065497,0.1564
MZI,125,9,0.125314,0.2992
MZI,124,10,0.170600,0.4073
MZI,123,11,0.252228,0.6022
MZI,122,12,0.215358,0.5141
MZI,121,13,0.289663,0.6915
MZI,120,14,0.364393,0.8699
MZI,119,15,0.414049,0.9885
MZI,118,16,0.451261,1.0773
MZI,117,17,0.536411,1.2806
MZI,116,18,0.584859,1.3962
MZI,115,19,0.634428,1.5146
MZI,114,20,0.715043,1.7070
MZI,113,21,0.780533,1.8634
MZI,112,22,0.823859,1.9668
MZI,111,23,0.872288,2.0824
MZI,110,24,0.847790,2.0240
MZI,109,25,0.558957,1.3344
MZI,108,26,0.626224,1.4950
MZI,107,27,0.659054,1.5734
MZI,106,28,0.605289,1.4450
MZI,105,29,0.632248,1.5094
MZI,104,30,1.091055,2.6047
MZI,103,31,1.399728,3.3416
MZI,102,32,1.283568,3.0643
MZI,101,33,1.130810,2.6996
MZI,100,34,1.061121,2.5332
MZI,99,35,1.040097,2.4830
MZI,98,36,1.373764,3.2796
MZI,97,37,1.466021,3.4999
MZI,96,38,0.290328,0.6931
MZI,95,39,0.725997,1.7332
MZI,94,40,0.925063,2.2084
MZI,93,41,1.086977,2.5950
MZI,92,42,1.381055,3.2970
MZI,91,43,1.746231,4.1688
MZI,90,44,-3.063313,-7.3131
MZI,89,45,0.885281,2.1135
MZI,88,46,1.117237,2.6672
MZI,87,47,1.145695,2.7351
MZI,86,48,1.230004,2.9364
MZI,85,49,0.558636,1.3336
MZI,84,50,1.255250,2.9967
MZI,83,51,1.572705,3.7546
MZI,82,52,2.017871,4.8173
MZI,81,53,1.187840,2.8358
MZI,80,54,1.016138,2.4259
MZI,79,55,0.990131,2.3638
MZI,78,56,1.060414,2.5316
MZI,77,57,0.919703,2.1956
MZI,76,58,1.107916,2.6450
MZI,75,59,1.626937,3.8840
MZI,74,60,1.220874,2.9146
MZI,73,61,2.022394,4.8281
MZI,72,62,2.308969,5.5123
MZI,71,63,2.358652,5.6309
MZI,70,64,2.384210,5.6919
MZI,69,65,2.500644,5.9698
MZI,68,66,2.707005,6.4625
MZI,67,67,2.952170,7.0478
MZI,66,68,3.058979,7.3028
MZI,65,69,-3.037465,-7.2514
MZI,64,70,-1.321287,-3.1543
MZI,63,71,0.403077,0.9623
MZI,62,72,1.620386,3.8684
MZI,61,73,2.410564,5.7548
MZI,60,74,2.470039,5.8968
MZI,59,75,2.508078,5.9876
MZI,58,76,2.488978,5.9420
MZI,57,77,-2.835956,-6.7703
MZI,56,78,3.021329,7.2129
MZI,55,79,-1.917922,-4.5787
MZI,54,80,1.606511,3.8353
MZI,53,81,2.725824,6.5074
MZI,52,82,-2.873214,-6.8593
MZI,51,83,1.859137,4.4384
MZI,50,84,2.695574,6.4352
MZI,49,85,-3.122431,-7.4543
MZI,48,86,-2.902851,-6.9300
MZI,47,87,-2.885194,-6.8879
MZI,46,88,-3.016420,-7.2012
MZI,45,89,-3.128501,-7.4687
MZI,44,90,3.017366,7.2034
MZI,43,91,2.774039,6.6225
MZI,42,92,2.638166,6.2982
MZI,41,93,2.707775,6.4643
MZI,40,94,2.741791,6.5455
MZI,39,95,2.809240,6.7066
MZI,38,96,-3.051649,-7.2853
MZI,37,97,-2.935461,-7.0079
MZI,36,98,-3.074120,-7.3389
MZI,35,99,-3.113787,-7.4336
MZI,34,100,-3.089524,-7.3757
MZI,33,101,-3.053366,-7.2894
MZI,32,102,-3.112898,-7.4315
MZI,31,103,-3.026338,-7.2248
MZI,30,104,-2.969026,-7.0880
MZI,29,105,-2.982410,-7.1200
MZI,28,106,-3.045031,-7.2695
MZI,27,107,-3.038077,-7.2529
MZI,26,108,-3.044461,-7.2681
MZI,25,109,-3.062942,-7.3122
MZI,24,110,-3.074680,-7.3403
MZI,23,111,-3.085469,-7.3660
MZI,22,112,-3.093265,-7.3846
MZI,21,113,-3.133038,-7.4796
MZI,20,114,-3.125076,-7.4606
MZI,19,115,3.134740,7.4836
MZI,18,116,3.129097,7.4702
MZI,17,117,3.105658,7.4142
MZI,16,118,3.075969,7.3433
MZI,15,119,3.054589,7.2923
MZI,14,120,3.024742,7.2210
MZI,13,121,3.007217,7.1792
MZI,12,122,2.983528,7.1226
MZI,11,123,2.965955,7.0807
MZI,10,124,2.950159,7.0430
MZI,9,125,2.949446,7.0413
MZI,8,126,2.949344,7.0410
MZI,7,127,2.949351,7.0411
MZI,126,10,0.069207,0.1652
MZI,125,11,0.108834,0.2598
MZI,124,12,0.232913,0.5560
MZI,123,13,0.131703,0.3144
MZI,122,14,0.244869,0.5846
MZI,121,15,0.344185,0.8217
MZI,120,16,0.405589,0.9683
MZI,119,17,0.421766,1.0069
MZI,118,18,0.590512,1.4097
MZI,117,19,0.660950,1.5779
MZI,116,20,0.719198,1.7170
MZI,115,21,0.842394,2.0111
MZI,114,22,0.934012,2.2298
MZI,113,23,0.974366,2.3261
MZI,112,24,1.001387,2.3906
MZI,111,25,0.891633,2.1286
MZI,110,26,0.500955,1.1959
MZI,109,27,0.601106,1.4350
MZI,108,28,0.747325,1.7841
MZI,107,29,0.734247,1.7529
MZI,106,30,0.838280,2.0012
MZI,105,31,1.070264,2.5551
MZI,104,32,1.384609,3.3055
MZI,103,33,1.510729,3.6066
MZI,102,34,1.384122,3.3043
MZI,101,35,1.234081,2.9462
MZI,100,36,1.181844,2.8214
MZI,99,37,1.568403,3.7443
MZI,98,38,3.039784,7.2569
MZI,97,39,0.392718,0.9375
MZI,96,40,0.664775,1.5870
MZI,95,41,0.917079,2.1894
MZI,94,42,1.187062,2.8339
MZI,93,43,1.726671,4.1221
MZI,92,44,1.799903,4.2970
MZI,91,45,1.577422,3.7658
MZI,90,46,-1.121960,-2.6785
MZI,89,47,0.564655,1.3480
MZI,88,48,1.172495,2.7991
MZI,87,49,1.838383,4.3888
MZI,86,50,0.731216,1.7456
MZI,85,51,1.342475,3.2049
MZI,84,52,1.783487,4.2578
MZI,83,53,2.612635,6.2372
MZI,82,54,-0.084658,-0.2021
MZI,81,55,1.800929,4.2994
MZI,80,56,-0.511640,-1.2215
MZI,79,57,0.702306,1.6766
MZI,78,58,0.986954,2.3562
MZI,77,59,-0.801700,-1.9139
MZI,76,60,2.120950,5.0634
MZI,75,61,0.296460,0.7077
MZI,74,62,1.712707,4.0888
MZI,73,63,2.393551,5.7142
MZI,72,64,2.843045,6.7873
MZI,71,65,3.000058,7.1621
MZI,70,66,2.961245,7.0695
MZI,69,67,2.961967,7.0712
MZI,68,68,3.061820,7.3096
MZI,67,69,3.050482,7.2825
MZI,66,70,2.909271,6.9454
MZI,65,71,2.751412,6.5685
MZI,64,72,1.446183,3.4525
MZI,63,73,0.493470,1.1781
MZI,62,74,0.926379,2.2116
MZI,61,75,2.224021,5.3095
MZI,60,76,2.535926,6.0541
MZI,59,77,2.436049,5.8156
MZI,58,78,2.413670,5.7622
MZI,57,79,-1.907192,-4.5531
MZI,56,80,-2.883768,-6.8845
MZI,55,81,1.608388,3.8397
MZI,54,82,-2.914512,-6.9579
MZI,53,83,-2.655429,-6.3394
MZI,52,84,2.589317,6.1815
MZI,51,85,2.549692,6.0869
MZI,50,86,-2.496475,-5.9599
MZI,49,87,-2.636338,-6.2938
MZI,48,88,-2.793656,-6.6694
MZI,47,89,-3.131623,-7.4762
MZI,46,90,3.017285,7.2032
MZI,45,91,2.940108,7.0190
MZI,44,92,2.485016,5.9325
MZI,43,93,2.328254,5.5583
MZI,42,94,2.602244,6.2124
MZI,41,95,2.776161,6.6276
MZI,40,96,2.906857,6.9396
MZI,39,97,3.133737,7.4812
MZI,38,98,-2.839426,-6.7786
MZI,37,99,-2.884179,-6.8855
MZI,36,100,-2.951704,-7.0467
MZI,35,101,-2.967118,-7.0835
MZI,34,102,-2.963003,-7.0736
MZI,33,103,-3.136366,-7.4875
MZI,32,104,-3.005744,-7.1757
MZI,31,105,-2.926643,-6.9868
MZI,30,106,-2.953131,-7.0501
MZI,29,107,-3.030099,-7.2338
MZI,28,108,-3.022007,-7.2145
MZI,27,109,-3.029104,-7.2315
MZI,26,110,-3.051702,-7.2854
MZI,25,111,-3.065214,-7.3177
MZI,24,112,-3.078418,-7.3492
MZI,23,113,-3.090449,-7.3779
MZI,22,114,-3.139419,-7.4948
MZI,21,115,-3.129009,-7.4700
MZI,20,116,3.125109,7.4606
MZI,19,117,3.117209,7.4418
MZI,18,118,3.090156,7.3772
MZI,17,119,3.050894,7.2835
MZI,16,120,3.023702,7.2186
MZI,15,121,2.989370,7.1366
MZI,14,122,2.967412,7.0842
MZI,13,123,2.937170,7.0120
MZI,12,124,2.919062,6.9687
MZI,11,125,2.898713,6.9202
MZI,10,126,2.899532,6.9221
MZI,9,127,2.899257,6.9215
MZI,126,12,-0.036958,-0.0882
MZI,125,13,0.230133,0.5494
MZI,124,14,-0.014747,-0.0352
MZI,123,15,0.173815,0.4150
MZI,122,16,0.252739,0.6034
MZI,121,17,0.320685,0.7656
MZI,120,18,0.080715,0.1927
MZI,119,19,0.620559,1.4815
MZI,118,20,0.725035,1.7309
MZI,117,21,0.804353,1.9203
MZI,116,22,1.009312,2.4096
MZI,115,23,1.118040,2.6691
MZI,114,24,1.108296,2.6459
MZI,113,25,1.088011,2.5974
MZI,112,26,0.850882,2.0313
MZI,111,27,0.561094,1.3395
MZI,110,28,0.646514,1.5434
MZI,109,29,1.077649,2.5727
MZI,108,30,1.131199,2.7005
MZI,107,31,1.290721,3.0814
MZI,106,32,1.426846,3.4063
MZI,105,33,1.691775,4.0388
MZI,104,34,2.067863,4.9367
MZI,103,35,2.356340,5.6253
MZI,102,36,1.789827,4.2729
MZI,101,37,1.581526,3.7756
MZI,100,38,1.149205,2.7435
MZI,99,39,1.045863,2.4968
MZI,98,40,0.310196,0.7405
MZI,97,41,0.031890,0.0761
MZI,96,42,-0.188293,-0.4495
MZI,95,43,2.194330,5.2386
MZI,94,44,1.899432,4.5346
MZI,93,45,1.437652,3.4321
MZI,92,46,1.121214,2.6767
MZI,91,47,0.883939,2.1102
MZI,90,48,-0.853223,-2.0369
MZI,89,49,-1.795499,-4.2864
MZI,88,50,-3.018748,-7.2067
MZI,87,51,1.642996,3.9224
MZI,86,52,1.615980,3.8579
MZI,85,53,2.485651,5.9341
MZI,84,54,1.996259,4.7657
MZI,83,55,-0.026569,-0.0634
MZI,82,56,1.909027,4.5575
MZI,81,57,1.340295,3.1997
MZI,80,58,0.718454,1.7152
MZI,79,59,1.042588,2.4890
MZI,78,60,2.640223,6.3031
MZI,77,61,-1.975669,-4.7166
MZI,76,62,0.293079,0.6997
MZI,75,63,0.998481,2.3837
MZI,74,64,2.040532,4.8714
MZI,73,65,2.592742,6.1897
MZI,72,66,3.031641,7.2375
MZI,71,67,-2.850966,-6.8062
MZI,70,68,-2.615771,-6.2447
MZI,69,69,-2.540133,-6.0641
MZI,68,70,-2.510867,-5.9943
MZI,67,71,-2.617905,-6.2498
MZI,66,72,2.798316,6.6805
MZI,65,73,2.018537,4.8189
MZI,64,74,1.793032,4.2805
MZI,63,75,1.573556,3.7566
MZI,62,76,-0.149080,-0.3559
MZI,61,77,-0.580996,-1.3870
MZI,60,78,2.031138,4.8490
MZI,59,79,2.461832,5.8772
MZI,58,80,2.932348,7.0005
MZI,57,81,-2.837999,-6.7752
MZI,56,82,-2.672022,-6.3790
MZI,55,83,-2.873867,-6.8609
MZI,54,84,-2.841011,-6.7824
MZI,53,85,3.024843,7.2213
MZI,52,86,0.893962,2.1342
MZI,51,87,-2.012499,-4.8045
MZI,50,88,-2.100158,-5.0138
MZI,49,89,-1.527703,-3.6471
MZI,48,90,0.892220,2.1300
MZI,47,91,2.565565,6.1248
MZI,46,92,2.876210,6.8664
MZI,45,93,0.966884,2.3083
MZI,44,94,2.274740,5.4305
MZI,43,95,2.738004,6.5365
MZI,42,96,3.038378,7.2536
MZI,41,97,-3.138564,-7.4928
MZI,40,98,-3.090234,-7.3774
MZI,39,99,-2.921983,-6.9757
MZI,38,100,-2.846033,-6.7944
MZI,37,101,-2.857872,-6.8227
MZI,36,102,-2.875317,-6.8643
MZI,35,103,-2.869707,-6.8509
MZI,34,104,3.128797,7.4695
MZI,33,105,-2.982722,-7.1207
MZI,32,106,-2.896227,-6.9142
MZI,31,107,-2.939252,-7.0169
MZI,30,108,-3.027533,-7.2277
MZI,29,109,-3.018391,-7.2059
MZI,28,110,-3.026285,-7.2247
MZI,27,111,-3.052982,-7.2885
MZI,26,112,-3.068253,-7.3249
MZI,25,113,-3.084160,-7.3629
MZI,24,114,-3.101639,-7.4046
MZI,23,115,3.125619,7.4619
MZI,22,116,3.137457,7.4901
MZI,21,117,3.103414,7.4089
MZI,20,118,3.092499,7.3828
MZI,19,119,3.063624,7.3139
MZI,18,120,3.014953,7.1977
MZI,17,121,2.983243,7.1220
MZI,16,122,2.947454,7.0365
MZI,15,123,2.922203,6.9762
MZI,14,124,2.887263,6.8928
MZI,13,125,2.871477,6.8551
MZI,12,126,2.847173,6.7971
MZI,11,127,2.851122,6.8066
MZI,126,14,1.363446,3.2550
MZI,125,15,0.254256,0.6070
MZI,124,16,0.625187,1.4925
MZI,123,17,0.003275,0.0078
MZI,122,18,0.356918,0.8521
MZI,121,19,0.194239,0.4637
MZI,120,20,-0.375481,-0.8964
MZI,119,21,-0.694289,-1.6575
MZI,118,22,2.214417,5.2865
MZI,117,23,2.262020,5.4002
MZI,116,24,2.264449,5.4060
MZI,115,25,1.924955,4.5955
MZI,114,26,2.134955,5.0968
MZI,113,27,1.430677,3.4155
MZI,112,28,1.467805,3.5041
MZI,111,29,1.447363,3.4553
MZI,110,30,2.378824,5.6790
MZI,109,31,2.568928,6.1329
MZI,108,32,2.628117,6.2742
MZI,107,33,2.630180,6.2791
MZI,106,34,2.451277,5.8520
MZI,105,35,2.175276,5.1931
MZI,104,36,1.916018,4.5742
MZI,103,37,2.871021,6.8541
MZI,102,38,-2.805968,-6.6988
MZI,101,39,0.458902,1.0955
MZI,100,40,0.709724,1.6943
MZI,99,41,0.200089,0.4777
MZI,98,42,-0.034555,-0.0825
MZI,97,43,-0.223179,-0.5328
MZI,96,44,-2.817566,-6.7264
MZI,95,45,2.496749,5.9605
MZI,94,46,2.136705,5.1010
MZI,93,47,1.898110,4.5314
MZI,92,48,2.012475,4.8044
MZI,91,49,1.906112,4.5505
MZI,90,50,1.914539,4.5706
MZI,89,51,2.322200,5.5438
MZI,88,52,1.898013,4.5312
MZI,87,53,-0.699951,-1.6710
MZI,86,54,3.061703,7.3093
MZI,85,55,1.518864,3.6260
MZI,84,56,1.551694,3.7044
MZI,83,57,1.465614,3.4989
MZI,82,58,1.437675,3.4322
MZI,81,59,1.377168,3.2877
MZI,80,60,2.299299,5.4892
MZI,79,61,2.409024,5.7511
MZI,78,62,2.350501,5.6114
MZI,77,63,1.407247,3.3596
MZI,76,64,1.056595,2.5224
MZI,75,65,-0.250802,-0.5987
MZI,74,66,-2.978104,-7.1097
MZI,73,67,3.032860,7.2404
MZI,72,68,3.054196,7.2914
MZI,71,69,-3.091767,-7.3810
MZI,70,70,-2.945199,-7.0311
MZI,69,71,-2.876504,-6.8671
MZI,68,72,-2.666274,-6.3653
MZI,67,73,-1.598741,-3.8167
MZI,66,74,-0.028681,-0.0685
MZI,65,75,2.060654,4.9194
MZI,64,76,2.642910,6.3095
MZI,63,77,2.728713,6.5143
MZI,62,78,2.791736,6.6648
MZI,61,79,0.678123,1.6189
MZI,60,80,2.773257,6.6207
MZI,59,81,2.993855,7.1473
MZI,58,82,-2.966199,-7.0813
MZI,57,83,-3.083739,-7.3619
MZI,56,84,2.136441,5.1004
MZI,55,85,-3.095052,-7.3889
MZI,54,86,2.896053,6.9138
MZI,53,87,-3.071967,-7.3338
MZI,52,88,-2.627709,-6.2732
MZI,51,89,-2.726022,-6.5079
MZI,50,90,-2.826330,-6.7474
MZI,49,91,1.762065,4.2066
MZI,48,92,0.314028,0.7497
MZI,47,93,-0.527517,-1.2594
MZI,46,94,2.212950,5.2830
MZI,45,95,2.519017,6.0137
MZI,44,96,-2.734665,-6.5285
MZI,43,97,-2.655248,-6.3389
MZI,42,98,-2.897265,-6.9167
MZI,41,99,-3.042530,-7.2635
MZI,40,100,-3.029405,-7.2322
MZI,39,101,-2.972884,-7.0972
MZI,38,102,-2.935004,-7.0068
MZI,37,103,-2.915194,-6.9595
MZI,36,104,-2.867807,-6.8464
MZI,35,105,3.044063,7.2672
MZI,34,106,-3.015895,-7.1999
MZI,33,107,-2.923465,-6.9793
MZI,32,108,-2.980858,-7.1163
MZI,31,109,-3.078188,-7.3486
MZI,30,110,-3.068966,-7.3266
MZI,29,111,-3.078969,-7.3505
MZI,28,112,-3.110907,-7.4267
MZI,27,113,-3.129207,-7.4704
MZI,26,114,3.133590,7.4809
MZI,25,115,3.108767,7.4216
MZI,24,116,3.046622,7.2733
MZI,23,117,3.057598,7.2995
MZI,22,118,3.018143,7.2053
MZI,21,119,3.002325,7.1675
MZI,20,120,2.971647,7.0943
MZI,19,121,2.912456,6.9530
MZI,18,122,2.876067,6.8661
MZI,17,123,2.839149,6.7780
MZI,16,124,2.809501,6.7072
MZI,15,125,2.769300,6.6112
MZI,14,126,2.754426,6.5757
MZI,13,127,2.719779,6.4930
MZI,126,16,1.337089,3.1921
MZI,125,17,0.556042,1.3275
MZI,124,18,0.892234,2.1301
MZI,123,19,-2.360790,-5.6360
MZI,122,20,-1.302228,-3.1088
MZI,121,21,-2.622915,-6.2617
MZI,120,22,-1.791651,-4.2773
MZI,119,23,0.104290,0.2490
MZI,118,24,-0.414160,-0.9887
MZI,117,25,-0.659535,-1.5745
MZI,116,26,1.160294,2.7700
MZI,115,27,-1.159084,-2.7671
MZI,114,28,2.417554,5.7715
MZI,113,29,-2.810475,-6.7095
MZI,112,30,-2.274907,-5.4309
MZI,111,31,-2.292279,-5.4724
MZI,110,32,-2.042954,-4.8772
MZI,109,33,-2.155167,-5.1451
MZI,108,34,-1.830623,-4.3703
MZI,107,35,-2.996337,-7.1532
MZI,106,36,-2.985068,-7.1263
MZI,105,37,-2.532484,-6.0459
MZI,104,38,-1.794504,-4.2841
MZI,103,39,-1.609981,-3.8435
MZI,102,40,2.445163,5.8374
MZI,101,41,-0.592471,-1.4144
MZI,100,42,-0.944850,-2.2557
MZI,99,43,-0.658032,-1.5709
MZI,98,44,-0.254474,-0.6075
MZI,97,45,1.471428,3.5128
MZI,96,46,0.574724,1.3721
MZI,95,47,0.471781,1.1263
MZI,94,48,-0.467777,-1.1167
MZI,93,49,-0.955333,-2.2807
MZI,92,50,-1.200843,-2.8668
MZI,91,51,-1.252774,-2.9908
MZI,90,52,-1.231290,-2.9395
MZI,89,53,-2.212662,-5.2823
MZI,88,54,-0.736590,-1.7585
MZI,87,55,0.420244,1.0033
MZI,86,56,0.292281,0.6978
MZI,85,57,0.811653,1.9377
MZI,84,58,-1.608065,-3.8390
MZI,83,59,-1.237467,-2.9542
MZI,82,60,-0.407011,-0.9717
MZI,81,61,-0.933587,-2.2288
MZI,80,62,-1.106080,-2.6406
MZI,79,63,0.988444,2.3597
MZI,78,64,-1.407574,-3.3603
MZI,77,65,-0.859738,-2.0525
MZI,76,66,-0.809890,-1.9335
MZI,75,67,0.463309,1.1061
MZI,74,68,0.194112,0.4634
MZI,73,69,0.151329,0.3613
MZI,72,70,0.195260,0.4661
MZI,71,71,0.265486,0.6338
MZI,70,72,0.265111,0.6329
MZI,69,73,0.175437,0.4188
MZI,68,74,-0.031415,-0.0750
MZI,67,75,-0.955871,-2.2820
MZI,66,76,2.842668,6.7864
MZI,65,77,1.039779,2.4823
MZI,64,78,0.513906,1.2269
MZI,63,79,0.214990,0.5133
MZI,62,80,-0.421516,-1.0063
MZI,61,81,1.363257,3.2545
MZI,60,82,0.218032,0.5205
MZI,59,83,0.247758,0.5915
MZI,58,84,0.054878,0.1310
MZI,57,85,-0.833616,-1.9901
MZI,56,86,0.463249,1.1059
MZI,55,87,-0.012309,-0.0294
MZI,54,88,0.264983,0.6326
MZI,53,89,0.521578,1.2452
MZI,52,90,0.462674,1.1046
MZI,51,91,0.263209,0.6284
MZI,50,92,-0.030504,-0.0728
MZI,49,93,-0.293220,-0.7000
MZI,48,94,0.103281,0.2466
MZI,47,95,-0.048238,-0.1152
MZI,46,96,-2.827596,-6.7504
MZI,45,97,1.608800,3.8407
MZI,44,98,0.917677,2.1908
MZI,43,99,0.669839,1.5991
MZI,42,100,0.540536,1.2904
MZI,41,101,0.520660,1.2430
MZI,40,102,0.548015,1.3083
MZI,39,103,0.586038,1.3991
MZI,38,104,0.626199,1.4949
MZI,37,105,0.742888,1.7735
MZI,36,106,0.278769,0.6655
MZI,35,107,0.554571,1.3239
MZI,34,108,0.657763,1.5703
MZI,33,109,0.587518,1.4026
MZI,32,110,0.485283,1.1585
MZI,31,111,0.496552,1.1854
MZI,30,112,0.487110,1.1629
MZI,29,113,0.453254,1.0821
MZI,28,114,0.435085,1.0387
MZI,27,115,0.413501,0.9872
MZI,26,116,0.385200,0.9196
MZI,25,117,0.322198,0.7692
MZI,24,118,0.336010,0.8022
MZI,23,119,0.297699,0.7107
MZI,22,120,0.283579,0.6770
MZI,21,121,0.260529,0.6220
MZI,20,122,0.200770,0.4793
MZI,19,123,0.171509,0.4094
MZI,18,124,0.148014,0.3534
MZI,17,125,0.131311,0.3135
MZI,16,126,0.107608,0.2569
MZI,15,127,0.126169,0.3012
MZI,126,18,-0.383642,-0.9159
MZI,125,19,0.192434,0.4594
MZI,124,20,-2.562308,-6.1171
MZI,123,21,2.653667,6.3352
MZI,122,22,-1.605683,-3.8333
MZI,121,23,-3.081429,-7.3564
MZI,120,24,-0.525732,-1.2551
MZI,119,25,0.170175,0.4063
MZI,118,26,-2.940913,-7.0209
MZI,117,27,1.069378,2.5530
MZI,116,28,3.095578,7.3901
MZI,115,29,0.179022,0.4274
MZI,114,30,-0.256171,-0.6116
MZI,113,31,1.219596,2.9116
MZI,112,32,0.203591,0.4860
MZI,111,33,0.869399,2.0755
MZI,110,34,-0.195076,-0.4657
MZI,109,35,-1.922515,-4.5897
MZI,108,36,0.772897,1.8452
MZI,107,37,1.536161,3.6673
MZI,106,38,2.668755,6.3712
MZI,105,39,2.224690,5.3111
MZI,104,40,2.829424,6.7548
MZI,103,41,0.264177,0.6307
MZI,102,42,2.449964,5.8489
MZI,101,43,2.852599,6.8101
MZI,100,44,-3.043469,-7.2657
MZI,99,45,-2.251684,-5.3755
MZI,98,46,2.376150,5.6726
MZI,97,47,2.060984,4.9202
MZI,96,48,1.918945,4.5811
MZI,95,49,-1.934905,-4.6192
MZI,94,50,-0.046281,-0.1105
MZI,93,51,0.702471,1.6770
MZI,92,52,1.240241,2.9609
MZI,91,53,1.916084,4.5743
MZI,90,54,-0.479472,-1.1447
MZI,89,55,0.895214,2.1372
MZI,88,56,0.324576,0.7749
MZI,87,57,2.179352,5.2028
MZI,86,58,1.757545,4.1958
MZI,85,59,-0.249948,-0.5967
MZI,84,60,-1.522566,-3.6349
MZI,83,61,3.004128,7.1718
MZI,82,62,0.927498,2.2142
MZI,81,63,-0.717244,-1.7123
MZI,80,64,1.631091,3.8939
MZI,79,65,1.992858,4.7576
MZI,78,66,1.798822,4.2944
MZI,77,67,1.845828,4.4066
MZI,76,68,0.946719,2.2601
MZI,75,69,1.556735,3.7164
MZI,74,70,1.899141,4.5339
MZI,73,71,2.122422,5.0669
MZI,72,72,2.246022,5.3620
MZI,71,73,2.290507,5.4682
MZI,70,74,2.311383,5.5180
MZI,69,75,2.311680,5.5187
MZI,68,76,2.273850,5.4284
MZI,67,77,2.652698,6.3328
MZI,66,78,-3.014368,-7.1963
MZI,65,79,2.238520,5.3441
MZI,64,80,2.235697,5.3373
MZI,63,81,1.282174,3.0610
MZI,62,82,2.302014,5.4957
MZI,61,83,2.326620,5.5544
MZI,60,84,2.332685,5.5689
MZI,59,85,2.252436,5.3773
MZI,58,86,1.790339,4.2741
MZI,57,87,2.433380,5.8093
MZI,56,88,2.234637,5.3348
MZI,55,89,2.451353,5.8522
MZI,54,90,2.603807,6.2161
MZI,53,91,2.597105,6.2001
MZI,52,92,2.429898,5.8010
MZI,51,93,2.129195,5.0831
MZI,50,94,2.058167,4.9135
MZI,49,95,2.347839,5.6051
MZI,48,96,2.742273,6.5467
MZI,47,97,1.946114,4.6460
MZI,46,98,2.570441,6.1365
MZI,45,99,2.689522,6.4208
MZI,44,100,2.702827,6.4525
MZI,43,101,2.674316,6.3845
MZI,42,102,2.670120,6.3744
MZI,41,103,2.683581,6.4066
MZI,40,104,2.710312,6.4704
MZI,39,105,2.756429,6.5805
MZI,38,106,3.025124,7.2220
MZI,37,107,2.383266,5.6896
MZI,36,108,2.697030,6.4387
MZI,35,109,2.785375,6.6496
MZI,34,110,2.696344,6.4370
MZI,33,111,2.587646,6.1775
MZI,32,112,2.596864,6.1996
MZI,31,113,2.584083,6.1690
MZI,30,114,2.544686,6.0750
MZI,29,115,2.522562,6.0222
MZI,28,116,2.495224,5.9569
MZI,27,117,2.459073,5.8706
MZI,26,118,2.391269,5.7087
MZI,25,119,2.401685,5.7336
MZI,24,120,2.358846,5.6313
MZI,23,121,2.339119,5.5842
MZI,22,122,2.315624,5.5281
MZI,21,123,2.244580,5.3585
MZI,20,124,2.210641,5.2775
MZI,19,125,2.184665,5.2155
MZI,18,126,2.158552,5.1532
MZI,17,127,2.117070,5.0541
MZI,126,20,-2.812791,-6.7150
MZI,125,21,-2.996055,-7.1526
MZI,124,22,-1.134454,-2.7083
MZI,123,23,-0.284292,-0.6787
MZI,122,24,2.514746,6.0035
MZI,121,25,2.049279,4.8923
MZI,120,26,1.436986,3.4306
MZI,119,27,-0.213268,-0.5091
MZI,118,28,-1.267197,-3.0252
MZI,117,29,2.770800,6.6148
MZI,116,30,-1.808492,-4.3175
MZI,115,31,-1.620326,-3.8682
MZI,114,32,-0.130837,-0.3124
MZI,113,33,-1.080294,-2.5790
MZI,112,34,-0.633379,-1.5121
MZI,111,35,-0.182761,-0.4363
MZI,110,36,1.859118,4.4383
MZI,109,37,1.427823,3.4087
MZI,108,38,2.254042,5.3811
MZI,107,39,1.722582,4.1124
MZI,106,40,0.721662,1.7228
MZI,105,41,1.333048,3.1824
MZI,104,42,0.775283,1.8509
MZI,103,43,2.844233,6.7901
MZI,102,44,2.254943,5.3833
MZI,101,45,2.710603,6.4711
MZI,100,46,2.063417,4.9260
MZI,99,47,1.951465,4.6588
MZI,98,48,0.247060,0.5898
MZI,97,49,1.780978,4.2518
MZI,96,50,1.558440,3.7205
MZI,95,51,0.790798,1.8879
MZI,94,52,2.069539,4.9407
MZI,93,53,2.277059,5.4361
MZI,92,54,2.438958,5.8226
MZI,91,55,0.492266,1.1752
MZI,90,56,0.391861,0.9355
MZI,89,57,1.694072,4.0443
MZI,88,58,2.847134,6.7970
MZI,87,59,-1.871719,-4.4684
MZI,86,60,0.675475,1.6126
MZI,85,61,2.781846,6.6412
MZI,84,62,0.038734,0.0925
MZI,83,63,1.357837,3.2416
MZI,82,64,2.028890,4.8436
MZI,81,65,1.017085,2.4281
MZI,80,66,-2.277374,-5.4368
MZI,79,67,1.023311,2.4430
MZI,78,68,0.208557,0.4979
MZI,77,69,1.845893,4.4067
MZI,76,70,2.248490,5.3679
MZI,75,71,2.921011,6.9734
MZI,74,72,-2.948876,-7.0399
MZI,73,73,-2.797262,-6.6780
MZI,72,74,-2.780673,-6.6384
MZI,71,75,-2.806571,-6.7002
MZI,70,76,-2.811448,-6.7118
MZI,69,77,-2.785706,-6.6504
MZI,68,78,-2.564985,-6.1235
MZI,67,79,-1.337659,-3.1934
MZI,66,80,0.712120,1.7001
MZI,65,81,0.672855,1.6063
MZI,64,82,2.026973,4.8390
MZI,63,83,3.116706,7.4406
MZI,62,84,-1.343927,-3.2084
MZI,61,85,-1.942922,-4.6384
MZI,60,86,-2.356973,-5.6269
MZI,59,87,1.689580,4.0336
MZI,58,88,-3.055871,-7.2954
MZI,57,89,-2.865703,-6.8414
MZI,56,90,-2.714273,-6.4798
MZI,55,91,-2.650603,-6.3278
MZI,54,92,-2.651095,-6.3290
MZI,53,93,-2.900526,-6.9245
MZI,52,94,2.749401,6.5637
MZI,51,95,3.010134,7.1862
MZI,50,96,-2.930712,-6.9966
MZI,49,97,-2.719158,-6.4915
MZI,48,98,1.318914,3.1487
MZI,47,99,-2.745905,-6.5554
MZI,46,100,-2.650422,-6.3274
MZI,45,101,-2.630771,-6.2805
MZI,44,102,-2.635354,-6.2914
MZI,43,103,-2.630826,-6.2806
MZI,42,104,-2.624663,-6.2659
MZI,41,105,-2.604970,-6.2189
MZI,40,106,-2.548614,-6.0844
MZI,39,107,-2.076834,-4.9581
MZI,38,108,-2.945295,-7.0314
MZI,37,109,-2.559994,-6.1115
MZI,36,110,-2.542755,-6.0704
MZI,35,111,-2.642796,-6.3092
MZI,34,112,-2.752558,-6.5712
MZI,33,113,-2.741240,-6.5442
MZI,32,114,-2.752128,-6.5702
MZI,31,115,-2.791096,-6.6633
MZI,30,116,-2.811049,-6.7109
MZI,29,117,-2.836971,-6.7728
MZI,28,118,-2.872736,-6.8582
MZI,27,119,-2.936648,-7.0107
MZI,26,120,-2.920762,-6.9728
MZI,25,121,-2.956382,-7.0578
MZI,24,122,-2.967961,-7.0855
MZI,23,123,-2.975030,-7.1024
MZI,22,124,-3.038734,-7.2544
MZI,21,125,-3.055249,-7.2939
MZI,20,126,-3.054748,-7.2927
MZI,19,127,-3.050426,-7.2824
MZI,126,22,-3.056823,-7.2976
MZI,125,23,2.167079,5.1735
MZI,124,24,-2.151103,-5.1354
MZI,123,25,2.091972,4.9942
MZI,122,26,2.325992,5.5529
MZI,121,27,2.861594,6.8316
MZI,120,28,1.349533,3.2218
MZI,119,29,0.819237,1.9558
MZI,118,30,1.299493,3.1023
MZI,117,31,-0.227332,-0.5427
MZI,116,32,0.410857,0.9808
MZI,115,33,0.431776,1.0308
MZI,114,34,0.279884,0.6682
MZI,113,35,0.594535,1.4193
MZI,112,36,-1.586848,-3.7883
MZI,111,37,1.095584,2.6155
MZI,110,38,0.220102,0.5255
MZI,109,39,2.351505,5.6138
MZI,108,40,-2.896364,-6.9146
MZI,107,41,-2.807161,-6.7016
MZI,106,42,-0.501604,-1.1975
MZI,105,43,0.471377,1.1253
MZI,104,44,-0.936077,-2.2347
MZI,103,45,-1.163946,-2.7787
MZI,102,46,0.143548,0.3427
MZI,101,47,0.128568,0.3069
MZI,100,48,0.062286,0.1487
MZI,99,49,-0.294386,-0.7028
MZI,98,50,0.157006,0.3748
MZI,97,51,0.176490,0.4213
MZI,96,52,1.400667,3.3438
MZI,95,53,-0.202642,-0.4838
MZI,94,54,-0.174269,-0.4160
MZI,93,55,0.197213,0.4708
MZI,92,56,0.607494,1.4503
MZI,91,57,0.708719,1.6919
MZI,90,58,0.868245,2.0728
MZI,89,59,2.248964,5.3690
MZI,88,60,0.475477,1.1351
MZI,87,61,-1.152879,-2.7523
MZI,86,62,2.878399,6.8717
MZI,85,63,0.582428,1.3904
MZI,84,64,0.380533,0.9085
MZI,83,65,-1.788715,-4.2702
MZI,82,66,0.804315,1.9202
MZI,81,67,1.871649,4.4682
MZI,80,68,0.065668,0.1568
MZI,79,69,1.369281,3.2689
MZI,78,70,-2.158355,-5.1527
MZI,77,71,-1.821668,-4.3489
MZI,76,72,-2.517392,-6.0098
MZI,75,73,-3.056031,-7.2957
MZI,74,74,3.040773,7.2593
MZI,73,75,2.927487,6.9889
MZI,72,76,2.644654,6.3136
MZI,71,77,2.125918,5.0753
MZI,70,78,1.586490,3.7875
MZI,69,79,1.233073,2.9437
MZI,68,80,0.968459,2.3120
MZI,67,81,0.489542,1.1687
MZI,66,82,0.499221,1.1918
MZI,65,83,0.578339,1.3807
MZI,64,84,2.795403,6.6735
MZI,63,85,1.990572,4.7521
MZI,62,86,2.412778,5.7601
MZI,61,87,2.672829,6.3809
MZI,60,88,-0.019350,-0.0462
MZI,59,89,1.659365,3.9614
MZI,58,90,2.175943,5.1947
MZI,57,91,2.215261,5.2885
MZI,56,92,2.218404,5.2960
MZI,55,93,2.441583,5.8288
MZI,54,94,-1.875033,-4.4763
MZI,53,95,0.724305,1.7292
MZI,52,96,1.449736,3.4610
MZI,51,97,1.842086,4.3977
MZI,50,98,1.760833,4.2037
MZI,49,99,0.831074,1.9840
MZI,48,100,3.095837,7.3908
MZI,47,101,2.273733,5.4281
MZI,46,102,2.115458,5.0503
MZI,45,103,2.054268,4.9042
MZI,44,104,2.039033,4.8678
MZI,43,105,2.032476,4.8522
MZI,42,106,2.044615,4.8812
MZI,41,107,2.113247,5.0450
MZI,40,108,2.411568,5.7572
MZI,39,109,1.656001,3.9534
MZI,38,110,2.265997,5.4097
MZI,37,111,2.052142,4.8991
MZI,36,112,1.949938,4.6551
MZI,35,113,1.838435,4.3889
MZI,34,114,1.848990,4.4141
MZI,33,115,1.836831,4.3851
MZI,32,116,1.794933,4.2851
MZI,31,117,1.773533,4.2340
MZI,30,118,1.745030,4.1660
MZI,29,119,1.705754,4.0722
MZI,28,120,1.641054,3.9177
MZI,27,121,1.656719,3.9551
MZI,26,122,1.621778,3.8717
MZI,25,123,1.610494,3.8448
MZI,24,124,1.609616,3.8427
MZI,23,125,1.537495,3.6705
MZI,22,126,1.520124,3.6290
MZI,21,127,1.523192,3.6364
MZI,126,24,1.858824,4.4376
MZI,125,25,0.813469,1.9420
MZI,124,26,-1.578261,-3.7678
MZI,123,27,2.323880,5.5479
MZI,122,28,0.486443,1.1613
MZI,121,29,1.347698,3.2174
MZI,120,30,-2.347793,-5.6049
MZI,119,31,-2.347746,-5.6048
MZI,118,32,0.692868,1.6541
MZI,117,33,2.310722,5.5164
MZI,116,34,-2.939069,-7.0165
MZI,115,35,-2.852752,-6.8104
MZI,114,36,-2.225819,-5.3138
MZI,113,37,0.560791,1.3388
MZI,112,38,-0.226380,-0.5404
MZI,111,39,1.533637,3.6613
MZI,110,40,-0.614349,-1.4667
MZI,109,41,0.306656,0.7321
MZI,108,42,0.415355,0.9916
MZI,107,43,0.961055,2.2944
MZI,106,44,-2.272276,-5.4247
MZI,105,45,1.046360,2.4980
MZI,104,46,0.966223,2.3067
MZI,103,47,0.683428,1.6316
MZI,102,48,-0.121460,-0.2900
MZI,101,49,-0.002138,-0.0051
MZI,100,50,-2.143524,-5.1173
MZI,99,51,-0.887669,-2.1192
MZI,98,52,3.016335,7.2010
MZI,97,53,0.927247,2.2136
MZI,96,54,0.589223,1.4067
MZI,95,55,0.558135,1.3324
MZI,94,56,-2.807151,-6.7016
MZI,93,57,2.475260,5.9092
MZI,92,58,0.922516,2.2023
MZI,91,59,-0.525317,-1.2541
MZI,90,60,1.709496,4.0811
MZI,89,61,0.031945,0.0763
MZI,88,62,0.506993,1.2104
MZI,87,63,1.333672,3.1839
MZI,86,64,0.924596,2.2073
MZI,85,65,-0.150503,-0.3593
MZI,84,66,1.068118,2.5499
MZI,83,67,1.077159,2.5715
MZI,82,68,1.292246,3.0850
MZI,81,69,1.532830,3.6594
MZI,80,70,1.678338,4.0067
MZI,79,71,0.050412,0.1203
MZI,78,72,0.636701,1.5200
MZI,77,73,1.645172,3.9276
MZI,76,74,1.992617,4.7570
MZI,75,75,2.132458,5.0909
MZI,74,76,2.220667,5.3015
MZI,73,77,2.437653,5.8195
MZI,72,78,2.787470,6.6546
MZI,71,79,1.240767,2.9621
MZI,70,80,0.789246,1.8842
MZI,69,81,0.932903,2.2271
MZI,68,82,1.092632,2.6085
MZI,67,83,1.529308,3.6510
MZI,66,84,2.489123,5.9423
MZI,65,85,1.822444,4.3508
MZI,64,86,1.849217,4.4147
MZI,63,87,1.989380,4.7493
MZI,62,88,2.190542,5.2295
MZI,61,89,1.981460,4.7304
MZI,60,90,1.729058,4.1278
MZI,59,91,2.562984,6.1187
MZI,58,92,2.538573,6.0604
MZI,57,93,2.554233,6.0978
MZI,56,94,2.777557,6.6309
MZI,55,95,1.967875,4.6980
MZI,54,96,1.178444,2.8133
MZI,53,97,2.028905,4.8437
MZI,52,98,2.338533,5.5828
MZI,51,99,2.006710,4.7907
MZI,50,100,1.797272,4.2907
MZI,49,101,2.754357,6.5755
MZI,48,102,2.663202,6.3579
MZI,47,103,2.412821,5.7602
MZI,46,104,2.298469,5.4872
MZI,45,105,2.261747,5.3995
MZI,44,106,2.247631,5.3658
MZI,43,107,2.257271,5.3888
MZI,42,108,2.332023,5.5673
MZI,41,109,2.295255,5.4795
MZI,40,110,1.771382,4.2289
MZI,39,111,2.774087,6.6226
MZI,38,112,2.198374,5.2482
MZI,37,113,2.105092,5.0255
MZI,36,114,1.992803,4.7575
MZI,35,115,2.001889,4.7792
MZI,34,116,1.987668,4.7452
MZI,33,117,1.942142,4.6365
MZI,32,118,1.918541,4.5802
MZI,31,119,1.886834,4.5045
MZI,30,120,1.843972,4.4022
MZI,29,121,1.778106,4.2449
MZI,28,122,1.792731,4.2798
MZI,27,123,1.758295,4.1976
MZI,26,124,1.747480,4.1718
MZI,25,125,1.752588,4.1840
MZI,24,126,1.668770,3.9839
MZI,23,127,1.645376,3.9280
MZI,126,26,2.228928,5.3212
MZI,125,27,-1.401985,-3.3470
MZI,124,28,0.966394,2.3071
MZI,123,29,2.319899,5.5384
MZI,122,30,0.928097,2.2157
MZI,121,31,-1.014389,-2.4217
MZI,120,32,-2.727418,-6.5112
MZI,119,33,0.969857,2.3154
MZI,118,34,0.031285,0.0747
MZI,117,35,0.532029,1.2701
MZI,116,36,-0.399173,-0.9530
MZI,115,37,2.050054,4.8941
MZI,114,38,1.261768,3.0123
MZI,113,39,0.421093,1.0053
MZI,112,40,-0.762342,-1.8200
MZI,111,41,-0.176342,-0.4210
MZI,110,42,1.464033,3.4951
MZI,109,43,0.337395,0.8055
MZI,108,44,-0.662913,-1.5826
MZI,107,45,0.409628,0.9779
MZI,106,46,-1.139525,-2.7204
MZI,105,47,-0.408991,-0.9764
MZI,104,48,-2.410128,-5.7538
MZI,103,49,-2.645050,-6.3146
MZI,102,50,-2.397760,-5.7242
MZI,101,51,-1.971554,-4.7067
MZI,100,52,1.399978,3.3422
MZI,99,53,2.352810,5.6169
MZI,98,54,1.734701,4.1413
MZI,97,55,0.863341,2.0611
MZI,96,56,1.375041,3.2827
MZI,95,57,-1.712039,-4.0872
MZI,94,58,-1.768654,-4.2224
MZI,93,59,2.993394,7.1462
MZI,92,60,-2.148651,-5.1295
MZI,91,61,0.479854,1.1456
MZI,90,62,-1.778330,-4.2455
MZI,89,63,-0.736064,-1.7572
MZI,88,64,-0.955940,-2.2821
MZI,87,65,-1.389993,-3.3184
MZI,86,66,-2.562432,-6.1174
MZI,85,67,-1.257302,-3.0016
MZI,84,68,-2.018168,-4.8180
MZI,83,69,2.215786,5.2898
MZI,82,70,-0.741320,-1.7698
MZI,81,71,-1.253367,-2.9922
MZI,80,72,-1.819696,-4.3442
MZI,79,73,2.604945,6.2188
MZI,78,74,0.577849,1.3795
MZI,77,75,0.191395,0.4569
MZI,76,76,0.143640,0.3429
MZI,75,77,0.104407,0.2493
MZI,74,78,0.035153,0.0839
MZI,73,79,0.105293,0.2514
MZI,72,80,2.278654,5.4399
MZI,71,81,-2.357471,-5.6280
MZI,70,82,-0.927470,-2.2142
MZI,69,83,-0.619084,-1.4780
MZI,68,84,-0.421063,-1.0052
MZI,67,85,-0.739162,-1.7646
MZI,66,86,-0.716936,-1.7116
MZI,65,87,-0.213497,-0.5097
MZI,64,88,-0.133842,-0.3195
MZI,63,89,-0.042322,-0.1010
MZI,62,90,-0.307787,-0.7348
MZI,61,91,-0.890314,-2.1255
MZI,60,92,0.561694,1.3409
MZI,59,93,0.182178,0.4349
MZI,58,94,0.071193,0.1700
MZI,57,95,-0.131978,-0.3151
MZI,56,96,-0.610868,-1.4583
MZI,55,97,-1.353412,-3.2310
MZI,54,98,1.909999,4.5598
MZI,53,99,0.250503,0.5980
MZI,52,100,-0.100026,-0.2388
MZI,51,101,-0.201690,-0.4815
MZI,50,102,-0.017162,-0.0410
MZI,49,103,0.218848,0.5225
MZI,48,104,0.189508,0.4524
MZI,47,105,0.120895,0.2886
MZI,46,106,0.094957,0.2267
MZI,45,107,0.089227,0.2130
MZI,44,108,0.106150,0.2534
MZI,43,109,0.169411,0.4044
MZI,42,110,-0.030943,-0.0739
MZI,41,111,-0.529878,-1.2650
MZI,40,112,0.463454,1.1064
MZI,39,113,0.023252,0.0555
MZI,38,114,-0.051327,-0.1225
MZI,37,115,-0.157855,-0.3769
MZI,36,116,-0.143705,-0.3431
MZI,35,117,-0.152695,-0.3645
MZI,34,118,-0.193928,-0.4630
MZI,33,119,-0.210892,-0.5035
MZI,32,120,-0.235912,-0.5632
MZI,31,121,-0.271045,-0.6471
MZI,30,122,-0.326106,-0.7785
MZI,29,123,-0.298151,-0.7118
MZI,28,124,-0.314760,-0.7514
MZI,27,125,-0.303943,-0.7256
MZI,26,126,-0.265089,-0.6329
MZI,25,127,-0.342304,-0.8172
MZI,126,28,-1.600981,-3.8221
MZI,125,29,2.849572,6.8029
MZI,124,30,0.764764,1.8257
MZI,123,31,1.814934,4.3328
MZI,122,32,1.101929,2.6307
MZI,121,33,-1.534833,-3.6641
MZI,120,34,-0.414090,-0.9886
MZI,119,35,-1.468161,-3.5050
MZI,118,36,-1.616834,-3.8599
MZI,117,37,-1.132578,-2.7038
MZI,116,38,-2.939101,-7.0166
MZI,115,39,2.023397,4.8305
MZI,114,40,-2.422740,-5.7839
MZI,113,41,-2.847132,-6.7970
MZI,112,42,2.711659,6.4736
MZI,111,43,1.116915,2.6664
MZI,110,44,-0.740057,-1.7668
MZI,109,45,2.249869,5.3712
MZI,108,46,-0.741511,-1.7702
MZI,107,47,1.671811,3.9912
MZI,106,48,1.655492,3.9522
MZI,105,49,-2.558725,-6.1085
MZI,104,50,0.628104,1.4995
MZI,103,51,1.336992,3.1918
MZI,102,52,0.013047,0.0311
MZI,101,53,-1.365719,-3.2604
MZI,100,54,-0.192474,-0.4595
MZI,99,55,1.561979,3.7290
MZI,98,56,-1.134174,-2.7076
MZI,97,57,-0.384931,-0.9190
MZI,96,58,-0.218985,-0.5228
MZI,95,59,-0.026725,-0.0638
MZI,94,60,-0.278577,-0.6651
MZI,93,61,0.572362,1.3664
MZI,92,62,0.681185,1.6262
MZI,91,63,-2.478417,-5.9168
MZI,90,64,0.375628,0.8967
MZI,89,65,0.068343,0.1632
MZI,88,66,-0.139469,-0.3330
MZI,87,67,0.169172,0.4039
MZI,86,68,0.587196,1.4018
MZI,85,69,-0.206562,-0.4931
MZI,84,70,0.801779,1.9141
MZI,83,71,2.091874,4.9940
MZI,82,72,1.614427,3.8542
MZI,81,73,0.844359,2.0158
MZI,80,74,1.002365,2.3930
MZI,79,75,1.799024,4.2949
MZI,78,76,1.930367,4.6084
MZI,77,77,1.952091,4.6603
MZI,76,78,1.959224,4.6773
MZI,75,79,1.919767,4.5831
MZI,74,80,1.757614,4.1960
MZI,73,81,1.379247,3.2927
MZI,72,82,0.226634,0.5410
MZI,71,83,-2.447915,-5.8440
MZI,70,84,1.595149,3.8081
MZI,69,85,1.314628,3.1384
MZI,68,86,0.917696,2.1908
MZI,67,87,-2.174255,-5.1907
MZI,66,88,1.885448,4.5012
MZI,65,89,1.865468,4.4535
MZI,64,90,1.841093,4.3953
MZI,63,91,1.573056,3.7554
MZI,62,92,0.896583,2.1404
MZI,61,93,2.002310,4.7802
MZI,60,94,1.795529,4.2865
MZI,59,95,1.688281,4.0305
MZI,58,96,1.508768,3.6019
MZI,57,97,1.239508,2.9591
MZI,56,98,0.973841,2.3249
MZI,55,99,1.939860,4.6311
MZI,54,100,2.016941,4.8151
MZI,53,101,1.886131,4.5028
MZI,52,102,1.843541,4.4011
MZI,51,103,1.906224,4.5508
MZI,50,104,2.016838,4.8148
MZI,49,105,2.053312,4.9019
MZI,48,106,2.036586,4.8620
MZI,47,107,2.031274,4.8493
MZI,46,108,2.035142,4.8585
MZI,45,109,2.054295,4.9043
MZI,44,110,2.075126,4.9540
MZI,43,111,1.817602,4.3392
MZI,42,112,1.294602,3.0906
MZI,41,113,2.112147,5.0424
MZI,40,114,1.957933,4.6742
MZI,39,115,1.901506,4.5395
MZI,38,116,1.801390,4.3005
MZI,37,117,1.819736,4.3443
MZI,36,118,1.815292,4.3337
MZI,35,119,1.778335,4.2455
MZI,34,120,1.768740,4.2226
MZI,33,121,1.751674,4.1818
MZI,32,122,1.727059,4.1230
MZI,31,123,1.686918,4.0272
MZI,30,124,1.735151,4.1424
MZI,29,125,1.746803,4.1702
MZI,28,126,1.797381,4.2909
MZI,27,127,1.916495,4.5753
MZI,126,30,0.362975,0.8665
MZI,125,31,0.924218,2.2064
MZI,124,32,2.417914,5.7723
MZI,123,33,-1.770030,-4.2256
MZI,122,34,2.889909,6.8991
MZI,121,35,-2.251965,-5.3762
MZI,120,36,-1.634803,-3.9028
MZI,119,37,-0.199562,-0.4764
MZI,118,38,-0.512789,-1.2242
MZI,117,39,1.117742,2.6684
MZI,116,40,-2.913313,-6.9550
MZI,115,41,-0.173550,-0.4143
MZI,114,42,2.375776,5.6717
MZI,113,43,1.802136,4.3023
MZI,112,44,1.132239,2.7030
MZI,111,45,-1.219615,-2.9116
MZI,110,46,2.700895,6.4479
MZI,109,47,2.496472,5.9599
MZI,108,48,1.819932,4.3448
MZI,107,49,1.626374,3.8827
MZI,106,50,1.925482,4.5967
MZI,105,51,0.484719,1.1572
MZI,104,52,1.168047,2.7885
MZI,103,53,0.946861,2.2605
MZI,102,54,1.977744,4.7215
MZI,101,55,2.006520,4.7902
MZI,100,56,1.020193,2.4355
MZI,99,57,-1.516643,-3.6207
MZI,98,58,-2.691714,-6.4260
MZI,97,59,1.550731,3.7021
MZI,96,60,1.392706,3.3248
MZI,95,61,-1.246237,-2.9752
MZI,94,62,1.934376,4.6180
MZI,93,63,1.140734,2.7233
MZI,92,64,1.328695,3.1720
MZI,91,65,-0.200188,-0.4779
MZI,90,66,0.549335,1.3114
MZI,89,67,0.775765,1.8520
MZI,88,68,1.362214,3.2520
MZI,87,69,1.906697,4.5519
MZI,86,70,0.315006,0.7520
MZI,85,71,1.413316,3.3740
MZI,84,72,1.714038,4.0920
MZI,83,73,1.696422,4.0499
MZI,82,74,1.719860,4.1059
MZI,81,75,1.875024,4.4763
MZI,80,76,1.992037,4.7556
MZI,79,77,2.063380,4.9260
MZI,78,78,2.097490,5.0074
MZI,77,79,2.115806,5.0511
MZI,76,80,2.126890,5.0776
MZI,75,81,2.083207,4.9733
MZI,74,82,1.897056,4.5289
MZI,73,83,1.580927,3.7742
MZI,72,84,2.519602,6.0151
MZI,71,85,-1.288438,-3.0759
MZI,70,86,0.375332,0.8960
MZI,69,87,0.965647,2.3053
MZI,68,88,1.537503,3.6705
MZI,67,89,2.247893,5.3664
MZI,66,90,2.170695,5.1822
MZI,65,91,2.081637,4.9695
MZI,64,92,1.900277,4.5366
MZI,63,93,1.784871,4.2611
MZI,62,94,1.424083,3.3997
MZI,61,95,1.592614,3.8021
MZI,60,96,1.639421,3.9138
MZI,59,97,1.588329,3.7919
MZI,58,98,1.527419,3.6464
MZI,57,99,1.619860,3.8671
MZI,56,100,1.869456,4.4630
MZI,55,101,1.961069,4.6817
MZI,54,102,1.941617,4.6353
MZI,53,103,1.934590,4.6185
MZI,52,104,1.962760,4.6857
MZI,51,105,2.014114,4.8083
MZI,50,106,2.041416,4.8735
MZI,49,107,2.039672,4.8694
MZI,48,108,2.043194,4.8778
MZI,47,109,2.046073,4.8846
MZI,46,110,2.050165,4.8944
MZI,45,111,2.006403,4.7899
MZI,44,112,1.731046,4.1326
MZI,43,113,1.386083,3.3090
MZI,42,114,1.953498,4.6636
MZI,41,115,1.908305,4.5557
MZI,40,116,1.858102,4.4359
MZI,39,117,1.752152,4.1830
MZI,38,118,1.758784,4.1988
MZI,37,119,1.740347,4.1548
MZI,36,120,1.686102,4.0253
MZI,35,121,1.658051,3.9583
MZI,34,122,1.617604,3.8617
MZI,33,123,1.565349,3.7370
MZI,32,124,1.491465,3.5606
MZI,31,125,1.497983,3.5762
MZI,30,126,1.452631,3.4679
MZI,29,127,1.419358,3.3885
MZI,126,32,1.122353,2.6794
MZI,125,33,-0.221202,-0.5281
MZI,124,34,-1.112872,-2.6568
MZI,123,35,-0.634207,-1.5141
MZI,122,36,-0.269644,-0.6437
MZI,121,37,0.532501,1.2713
MZI,120,38,-0.917363,-2.1900
MZI,119,39,-2.883292,-6.8834
MZI,118,40,-1.496874,-3.5735
MZI,117,41,-1.327439,-3.1690
MZI,116,42,-1.998919,-4.7721
MZI,115,43,1.327166,3.1684
MZI,114,44,-0.044660,-0.1066
MZI,113,45,-2.926761,-6.9871
MZI,112,46,-1.149835,-2.7450
MZI,111,47,0.564419,1.3475
MZI,110,48,2.985273,7.1268
MZI,109,49,0.450501,1.0755
MZI,108,50,-2.986540,-7.1298
MZI,107,51,2.499549,5.9672
MZI,106,52,2.756037,6.5796
MZI,105,53,1.890844,4.5141
MZI,104,54,1.596175,3.8106
MZI,103,55,-2.870052,-6.8517
MZI,102,56,-2.791516,-6.6643
MZI,101,57,-2.119151,-5.0591
MZI,100,58,-1.600786,-3.8216
MZI,99,59,-1.535826,-3.6665
MZI,98,60,-0.812197,-1.9390
MZI,97,61,-1.209729,-2.8880
MZI,96,62,-2.147674,-5.1272
MZI,95,63,0.553183,1.3206
MZI,94,64,-1.204789,-2.8762
MZI,93,65,-1.188260,-2.8368
MZI,92,66,-2.583956,-6.1687
MZI,91,67,0.492991,1.1769
MZI,90,68,-0.295736,-0.7060
MZI,89,69,-0.164144,-0.3919
MZI,88,70,0.045886,0.1095
MZI,87,71,-2.019291,-4.8207
MZI,86,72,-0.953800,-2.2770
MZI,85,73,-0.704402,-1.6816
MZI,84,74,-1.215285,-2.9013
MZI,83,75,-0.794107,-1.8958
MZI,82,76,-0.322925,-0.7709
MZI,81,77,-0.039278,-0.0938
MZI,80,78,0.117915,0.2815
MZI,79,79,0.183570,0.4382
MZI,78,80,0.217732,0.5198
MZI,77,81,0.265624,0.6341
MZI,76,82,0.300942,0.7184
MZI,75,83,0.138759,0.3313
MZI,74,84,-0.788608,-1.8827
MZI,73,85,-0.711017,-1.6974
MZI,72,86,-0.903985,-2.1581
MZI,71,87,-2.024822,-4.8339
MZI,70,88,-0.832374,-1.9871
MZI,69,89,0.104217,0.2488
MZI,68,90,0.772922,1.8452
MZI,67,91,0.702760,1.6777
MZI,66,92,0.549448,1.3117
MZI,65,93,0.444477,1.0611
MZI,64,94,0.951476,2.2715
MZI,63,95,-1.501464,-3.5845
MZI,62,96,-0.548324,-1.3090
MZI,61,97,-0.252985,-0.6040
MZI,60,98,-0.174961,-0.4177
MZI,59,99,-0.153707,-0.3669
MZI,58,100,-0.097965,-0.2339
MZI,57,101,-0.028775,-0.0687
MZI,56,102,0.011131,0.0266
MZI,55,103,0.021082,0.0503
MZI,54,104,0.035749,0.0853
MZI,53,105,0.059859,0.1429
MZI,52,106,0.094071,0.2246
MZI,51,107,0.115135,0.2749
MZI,50,108,0.120015,0.2865
MZI,49,109,0.131430,0.3138
MZI,48,110,0.133948,0.3198
MZI,47,111,0.121153,0.2892
MZI,46,112,0.034986,0.0835
MZI,45,113,-0.215857,-0.5153
MZI,44,114,-0.301822,-0.7205
MZI,43,115,0.025474,0.0608
MZI,42,116,0.018682,0.0446
MZI,41,117,-0.017672,-0.0422
MZI,40,118,-0.114948,-0.2744
MZI,39,119,-0.100504,-0.2399
MZI,38,120,-0.110463,-0.2637
MZI,37,121,-0.156674,-0.3740
MZI,36,122,-0.173311,-0.4137
MZI,35,123,-0.201946,-0.4821
MZI,34,124,-0.240600,-0.5744
MZI,33,125,-0.299718,-0.7155
MZI,32,126,-0.270292,-0.6453
MZI,31,127,-0.291245,-0.6953
MZI,126,34,1.482128,3.5383
MZI,125,35,-1.769413,-4.2242
MZI,124,36,-0.591778,-1.4128
MZI,123,37,-3.017198,-7.2030
MZI,122,38,0.763318,1.8223
MZI,121,39,3.055596,7.2947
MZI,120,40,-1.679030,-4.0084
MZI,119,41,1.177133,2.8102
MZI,118,42,1.895484,4.5251
MZI,117,43,0.820093,1.9578
MZI,116,44,2.361703,5.6382
MZI,115,45,-2.610608,-6.2324
MZI,114,46,-0.692125,-1.6523
MZI,113,47,1.892433,4.5179
MZI,112,48,1.643227,3.9229
MZI,111,49,1.510431,3.6059
MZI,110,50,-0.376924,-0.8998
MZI,109,51,-0.936853,-2.2366
MZI,108,52,-0.929447,-2.2189
MZI,107,53,0.018111,0.0432
MZI,106,54,-0.820536,-1.9589
MZI,105,55,-0.607463,-1.4502
MZI,104,56,-0.281206,-0.6713
MZI,103,57,0.043798,0.1046
MZI,102,58,0.156913,0.3746
MZI,101,59,0.920254,2.1969
MZI,100,60,0.390938,0.9333
MZI,99,61,1.099412,2.6247
MZI,98,62,-0.537064,-1.2821
MZI,97,63,-0.007725,-0.0184
MZI,96,64,1.290799,3.0816
MZI,95,65,3.084489,7.3637
MZI,94,66,1.374845,3.2822
MZI,93,67,0.397132,0.9481
MZI,92,68,1.447294,3.4552
MZI,91,69,1.031409,2.4623
MZI,90,70,1.610380,3.8445
MZI,89,71,1.072797,2.5611
MZI,88,72,0.449637,1.0734
MZI,87,73,-1.902774,-4.5425
MZI,86,74,1.855467,4.4296
MZI,85,75,0.523105,1.2488
MZI,84,76,1.307137,3.1206
MZI,83,77,1.652684,3.9455
MZI,82,78,1.790478,4.2745
MZI,81,79,1.859605,4.4395
MZI,80,80,1.896613,4.5278
MZI,79,81,1.898804,4.5331
MZI,78,82,1.897075,4.5289
MZI,77,83,1.974081,4.7128
MZI,76,84,2.486611,5.9363
MZI,75,85,-0.067474,-0.1611
MZI,74,86,0.941423,2.2475
MZI,73,87,1.102210,2.6313
MZI,72,88,0.816275,1.9487
MZI,71,89,-1.650196,-3.9396
MZI,70,90,2.291205,5.4699
MZI,69,91,2.044907,4.8819
MZI,68,92,2.065539,4.9311
MZI,67,93,2.052330,4.8996
MZI,66,94,1.981625,4.7308
MZI,65,95,1.785443,4.2624
MZI,64,96,0.702400,1.6769
MZI,63,97,0.895144,2.1370
MZI,62,98,1.822984,4.3521
MZI,61,99,1.866978,4.4571
MZI,60,100,1.818963,4.3425
MZI,59,101,1.798989,4.2948
MZI,58,102,1.797818,4.2920
MZI,57,103,1.807241,4.3145
MZI,56,104,1.817527,4.3390
MZI,55,105,1.835513,4.3820
MZI,54,106,1.854514,4.4273
MZI,53,107,1.878239,4.4840
MZI,52,108,1.891922,4.5166
MZI,51,109,1.894657,4.5232
MZI,50,110,1.903963,4.5454
MZI,49,111,1.895071,4.5241
MZI,48,112,1.856387,4.4318
MZI,47,113,1.745788,4.1678
MZI,46,114,1.548237,3.6961
MZI,45,115,1.596807,3.8121
MZI,44,116,1.774252,4.2357
MZI,43,117,1.779710,4.2487
MZI,42,118,1.749986,4.1778
MZI,41,119,1.656438,3.9545
MZI,40,120,1.671286,3.9899
MZI,39,121,1.661672,3.9669
MZI,38,122,1.614909,3.8553
MZI,37,123,1.600476,3.8209
MZI,36,124,1.573102,3.7555
MZI,35,125,1.536447,3.6680
MZI,34,126,1.477314,3.5268
MZI,33,127,1.522083,3.6337
MZI,126,36,-1.871758,-4.4685
MZI,125,37,2.857647,6.8221
MZI,124,38,1.670550,3.9881
MZI,123,39,3.119831,7.4480
MZI,122,40,0.337190,0.8050
MZI,121,41,-0.300709,-0.7179
MZI,120,42,2.132000,5.0898
MZI,119,43,2.879206,6.8736
MZI,118,44,-2.436774,-5.8174
MZI,117,45,1.704492,4.0692
MZI,116,46,0.530565,1.2666
MZI,115,47,1.980086,4.7271
MZI,114,48,1.336386,3.1904
MZI,113,49,1.102104,2.6311
MZI,112,50,1.375258,3.2832
MZI,111,51,-0.786689,-1.8781
MZI,110,52,1.851961,4.4212
MZI,109,53,-1.329489,-3.1739
MZI,108,54,2.457167,5.8661
MZI,107,55,-1.526535,-3.6443
MZI,106,56,-1.316173,-3.1421
MZI,105,57,-0.163206,-0.3896
MZI,104,58,-0.872744,-2.0835
MZI,103,59,-0.222397,-0.5309
MZI,102,60,0.318607,0.7606
MZI,101,61,0.443009,1.0576
MZI,100,62,0.845133,2.0176
MZI,99,63,-1.173682,-2.8020
MZI,98,64,0.655072,1.5639
MZI,97,65,1.229710,2.9357
MZI,96,66,0.209032,0.4990
MZI,95,67,1.503769,3.5900
MZI,94,68,2.404130,5.7394
MZI,93,69,-0.952738,-2.2745
MZI,92,70,1.022583,2.4412
MZI,91,71,1.812210,4.3263
MZI,90,72,0.558224,1.3327
MZI,89,73,0.812894,1.9406
MZI,88,74,1.219013,2.9102
MZI,87,75,2.335541,5.5757
MZI,86,76,-1.826434,-4.3603
MZI,85,77,-2.557177,-6.1048
MZI,84,78,1.805215,4.3096
MZI,83,79,1.675081,3.9990
MZI,82,80,1.707056,4.0753
MZI,81,81,1.741414,4.1573
MZI,80,82,1.751318,4.1810
MZI,79,83,1.766311,4.2168
MZI,78,84,1.835102,4.3810
MZI,77,85,2.013761,4.8075
MZI,76,86,0.697621,1.6654
MZI,75,87,1.308484,3.1238
MZI,74,88,1.741050,4.1565
MZI,73,89,1.748561,4.1744
MZI,72,90,1.841955,4.3973
MZI,71,91,2.182048,5.2093
MZI,70,92,2.128936,5.0825
MZI,69,93,2.132399,5.0907
MZI,68,94,2.084950,4.9775
MZI,67,95,1.976110,4.7176
MZI,66,96,1.831585,4.3726
MZI,65,97,1.461134,3.4882
MZI,64,98,0.215684,0.5149
MZI,63,99,-3.019720,-7.2091
MZI,62,100,2.488728,5.9414
MZI,61,101,2.297016,5.4837
MZI,60,102,2.226317,5.3149
MZI,59,103,2.198879,5.2494
MZI,58,104,2.196403,5.2435
MZI,57,105,2.203969,5.2616
MZI,56,106,2.220929,5.3021
MZI,55,107,2.236144,5.3384
MZI,54,108,2.253540,5.3799
MZI,53,109,2.261231,5.3983
MZI,52,110,2.259259,5.3936
MZI,51,111,2.262966,5.4024
MZI,50,112,2.240721,5.3493
MZI,49,113,2.183547,5.2128
MZI,48,114,2.076121,4.9564
MZI,47,115,1.952337,4.6609
MZI,46,116,2.036413,4.8616
MZI,45,117,2.134305,5.0953
MZI,44,118,2.142237,5.1142
MZI,43,119,2.116857,5.0536
MZI,42,120,2.026804,4.8386
MZI,41,121,2.040890,4.8723
MZI,40,122,2.029692,4.8455
MZI,39,123,1.978671,4.7237
MZI,38,124,1.960618,4.6806
MZI,37,125,1.924869,4.5953
MZI,36,126,1.873380,4.4724
MZI,35,127,1.773103,4.2330
MZI,126,38,-0.263172,-0.6283
MZI,125,39,-1.073365,-2.5625
MZI,124,40,2.215804,5.2898
MZI,123,41,0.689832,1.6469
MZI,122,42,-2.259873,-5.3951
MZI,121,43,-2.553014,-6.0949
MZI,120,44,2.593953,6.1926
MZI,119,45,-2.982156,-7.1194
MZI,118,46,-0.821801,-1.9619
MZI,117,47,-0.788746,-1.8830
MZI,116,48,1.028418,2.4552
MZI,115,49,-1.718841,-4.1034
MZI,114,50,0.787805,1.8807
MZI,113,51,-3.018211,-7.2054
MZI,112,52,2.414852,5.7650
MZI,111,53,1.622004,3.8722
MZI,110,54,0.440471,1.0515
MZI,109,55,2.517716,6.0106
MZI,108,56,0.877117,2.0940
MZI,107,57,0.384825,0.9187
MZI,106,58,1.270684,3.0335
MZI,105,59,1.364576,3.2577
MZI,104,60,2.157715,5.1512
MZI,103,61,1.708958,4.0798
MZI,102,62,1.992563,4.7569
MZI,101,63,2.384284,5.6921
MZI,100,64,0.370630,0.8848
MZI,99,65,-1.453878,-3.4709
MZI,98,66,1.848361,4.4126
MZI,97,67,1.757984,4.1969
MZI,96,68,-2.979066,-7.1120
MZI,95,69,-2.857895,-6.8227
MZI,94,70,1.538358,3.6726
MZI,93,71,1.924047,4.5933
MZI,92,72,-2.573335,-6.1434
MZI,91,73,1.176308,2.8082
MZI,90,74,2.106200,5.0282
MZI,89,75,2.358620,5.6308
MZI,88,76,1.911930,4.5644
MZI,87,77,2.303799,5.4999
MZI,86,78,-2.984257,-7.1244
MZI,85,79,-0.163104,-0.3894
MZI,84,80,1.664963,3.9748
MZI,83,81,2.331766,5.5667
MZI,82,82,2.531434,6.0434
MZI,81,83,2.629470,6.2774
MZI,80,84,2.774492,6.6236
MZI,79,85,2.950493,7.0438
MZI,78,86,3.069303,7.3274
MZI,77,87,2.678027,6.3933
MZI,76,88,2.276496,5.4347
MZI,75,89,-3.061957,-7.3099
MZI,74,90,3.125261,7.4610
MZI,73,91,3.085114,7.3652
MZI,72,92,-3.073580,-7.3376
MZI,71,93,-3.037242,-7.2509
MZI,70,94,-3.057443,-7.2991
MZI,69,95,3.131855,7.4768
MZI,68,96,3.007192,7.1791
MZI,67,97,2.916040,6.9615
MZI,66,98,2.771431,6.6163
MZI,65,99,2.669961,6.3741
MZI,64,100,-2.402523,-5.7356
MZI,63,101,-2.548861,-6.0850
MZI,62,102,-2.741268,-6.5443
MZI,61,103,-2.832625,-6.7624
MZI,60,104,-2.872983,-6.8587
MZI,59,105,-2.883214,-6.8832
MZI,58,106,-2.880643,-6.8770
MZI,57,107,-2.868179,-6.8473
MZI,56,108,-2.858501,-6.8242
MZI,55,109,-2.848080,-6.7993
MZI,54,110,-2.847776,-6.7986
MZI,53,111,-2.857136,-6.8209
MZI,52,112,-2.860697,-6.8294
MZI,51,113,-2.891982,-6.9041
MZI,50,114,-2.951111,-7.0453
MZI,49,115,-3.029978,-7.2335
MZI,48,116,-3.085463,-7.3660
MZI,47,117,-3.005705,-7.1756
MZI,46,118,-2.946072,-7.0332
MZI,45,119,-2.932355,-7.0005
MZI,44,120,-2.946161,-7.0334
MZI,43,121,-3.018826,-7.2069
MZI,42,122,-2.987458,-7.1320
MZI,41,123,-2.977258,-7.1077
MZI,40,124,-3.002450,-7.1678
MZI,39,125,-2.982826,-7.1210
MZI,38,126,-2.970377,-7.0913
MZI,37,127,-2.951343,-7.0458
MZI,126,40,-1.044761,-2.4942
MZI,125,41,1.826466,4.3604
MZI,124,42,-2.361414,-5.6375
MZI,123,43,2.154998,5.1447
MZI,122,44,-2.201019,-5.2545
MZI,121,45,1.641501,3.9188
MZI,120,46,1.194741,2.8522
MZI,119,47,-0.302727,-0.7227
MZI,118,48,0.085962,0.2052
MZI,117,49,-1.988258,-4.7466
MZI,116,50,0.894796,2.1362
MZI,115,51,-2.465349,-5.8856
MZI,114,52,-2.291165,-5.4698
MZI,113,53,0.537131,1.2823
MZI,112,54,-0.045429,-0.1085
MZI,111,55,3.068628,7.3258
MZI,110,56,0.384018,0.9168
MZI,109,57,-1.700567,-4.0598
MZI,108,58,-1.868220,-4.4600
MZI,107,59,-1.068369,-2.5505
MZI,106,60,-0.536404,-1.2806
MZI,105,61,-2.206972,-5.2688
MZI,104,62,-3.047591,-7.2756
MZI,103,63,-0.638650,-1.5247
MZI,102,64,-0.812068,-1.9387
MZI,101,65,-0.610171,-1.4567
MZI,100,66,0.945411,2.2570
MZI,99,67,3.065805,7.3191
MZI,98,68,1.629009,3.8890
MZI,97,69,1.113344,2.6579
MZI,96,70,0.136463,0.3258
MZI,95,71,-0.921584,-2.2001
MZI,94,72,-2.665412,-6.3632
MZI,93,73,0.226579,0.5409
MZI,92,74,-0.842848,-2.0122
MZI,91,75,0.158352,0.3780
MZI,90,76,-0.410422,-0.9798
MZI,89,77,-0.243371,-0.5810
MZI,88,78,0.299649,0.7154
MZI,87,79,0.861422,2.0565
MZI,86,80,0.304482,0.7269
MZI,85,81,-1.382999,-3.3017
MZI,84,82,-2.156636,-5.1486
MZI,83,83,-2.444794,-5.8365
MZI,82,84,-2.613094,-6.2383
MZI,81,85,-3.023111,-7.2171
MZI,80,86,2.258598,5.3920
MZI,79,87,1.372558,3.2767
MZI,78,88,0.787953,1.8811
MZI,77,89,-0.360124,-0.8597
MZI,76,90,1.397628,3.3366
MZI,75,91,0.947628,2.2623
MZI,74,92,0.798585,1.9065
MZI,73,93,0.821588,1.9614
MZI,72,94,0.873705,2.0858
MZI,71,95,0.840748,2.0071
MZI,70,96,0.735934,1.7569
MZI,69,97,0.637373,1.5216
MZI,68,98,0.598758,1.4294
MZI,67,99,0.572541,1.3668
MZI,66,100,0.660597,1.5771
MZI,65,101,0.965940,2.3060
MZI,64,102,1.184184,2.8270
MZI,63,103,1.191397,2.8443
MZI,62,104,1.148735,2.7424
MZI,61,105,1.115253,2.6625
MZI,60,106,1.100432,2.6271
MZI,59,107,1.095951,2.6164
MZI,58,108,1.100862,2.6281
MZI,57,109,1.102395,2.6318
MZI,56,110,1.103463,2.6343
MZI,55,111,1.093510,2.6106
MZI,54,112,1.073419,2.5626
MZI,53,113,1.061004,2.5330
MZI,52,114,1.024565,2.4460
MZI,51,115,0.972369,2.3214
MZI,50,116,0.922876,2.2032
MZI,49,117,0.899576,2.1476
MZI,48,118,0.955388,2.2808
MZI,47,119,0.986866,2.3560
MZI,46,120,0.996648,2.3793
MZI,45,121,0.982224,2.3449
MZI,44,122,0.912407,2.1782
MZI,43,123,0.940836,2.2461
MZI,42,124,0.946964,2.2607
MZI,41,125,0.913511,2.1808
MZI,40,126,0.926265,2.2113
MZI,39,127,0.924873,2.2080
MZI,126,42,0.448074,1.0697
MZI,125,43,2.542237,6.0691
MZI,124,44,-0.981545,-2.3433
MZI,123,45,-0.374158,-0.8932
MZI,122,46,-0.375879,-0.8973
MZI,121,47,-1.778726,-4.2464
MZI,120,48,-0.101029,-0.2412
MZI,119,49,-0.120844,-0.2885
MZI,118,50,-2.309116,-5.5126
MZI,117,51,-0.106893,-0.2552
MZI,116,52,3.033898,7.2429
MZI,115,53,-2.423507,-5.7857
MZI,114,54,2.437526,5.8192
MZI,113,55,1.489247,3.5553
MZI,112,56,-2.090542,-4.9908
MZI,111,57,2.653530,6.3348
MZI,110,58,-1.739431,-4.1526
MZI,109,59,-1.814267,-4.3312
MZI,108,60,2.502752,5.9749
MZI,107,61,-0.992097,-2.3685
MZI,106,62,-1.257461,-3.0020
MZI,105,63,-1.393792,-3.3274
MZI,104,64,-1.709422,-4.0809
MZI,103,65,-1.298800,-3.1007
MZI,102,66,-0.580335,-1.3854
MZI,101,67,0.277025,0.6613
MZI,100,68,-2.976543,-7.1060
MZI,99,69,-1.144628,-2.7326
MZI,98,70,-0.804515,-1.9206
MZI,97,71,-1.061016,-2.5330
MZI,96,72,-0.799892,-1.9096
MZI,95,73,0.126873,0.3029
MZI,94,74,-0.997550,-2.3815
MZI,93,75,-1.278563,-3.0523
MZI,92,76,0.147216,0.3515
MZI,91,77,-0.711802,-1.6993
MZI,90,78,-0.149143,-0.3561
MZI,89,79,0.468229,1.1178
MZI,88,80,0.468383,1.1182
MZI,87,81,0.031841,0.0760
MZI,86,82,-0.067191,-0.1604
MZI,85,83,-0.018826,-0.0449
MZI,84,84,0.045102,0.1077
MZI,83,85,0.085881,0.2050
MZI,82,86,0.242128,0.5780
MZI,81,87,0.803515,1.9183
MZI,80,88,1.045685,2.4964
MZI,79,89,0.839120,2.0033
MZI,78,90,0.335801,0.8017
MZI,77,91,0.705957,1.6853
MZI,76,92,0.253024,0.6040
MZI,75,93,0.083768,0.2000
MZI,74,94,0.099303,0.2371
MZI,73,95,0.170045,0.4060
MZI,72,96,0.156384,0.3733
MZI,71,97,0.085308,0.2037
MZI,70,98,0.048699,0.1163
MZI,69,99,0.067921,0.1621
MZI,68,100,0.103775,0.2477
MZI,67,101,0.199176,0.4755
MZI,66,102,0.341369,0.8150
MZI,65,103,0.481367,1.1492
MZI,64,104,0.559710,1.3362
MZI,63,105,0.577287,1.3782
MZI,62,106,0.566902,1.3534
MZI,61,107,0.553290,1.3209
MZI,60,108,0.541940,1.2938
MZI,59,109,0.537967,1.2843
MZI,58,110,0.530007,1.2653
MZI,57,111,0.520921,1.2436
MZI,56,112,0.500425,1.1947
MZI,55,113,0.470644,1.1236
MZI,54,114,0.453426,1.0825
MZI,53,115,0.419558,1.0016
MZI,52,116,0.381593,0.9110
MZI,51,117,0.356815,0.8518
MZI,50,118,0.345562,0.8250
MZI,49,119,0.383055,0.9145
MZI,48,120,0.397537,0.9490
MZI,47,121,0.403772,0.9639
MZI,46,122,0.388343,0.9271
MZI,45,123,0.322672,0.7703
MZI,44,124,0.352923,0.8425
MZI,43,125,0.360812,0.8614
MZI,42,126,0.324411,0.7745
MZI,41,127,0.342441,0.8175
MZI,126,44,-0.547697,-1.3075
MZI,125,45,2.008864,4.7958
MZI,124,46,0.262121,0.6258
MZI,123,47,2.546350,6.0790
MZI,122,48,-2.043004,-4.8773
MZI,121,49,0.674614,1.6105
MZI,120,50,-0.027695,-0.0661
MZI,119,51,0.239099,0.5708
MZI,118,52,-1.440916,-3.4399
MZI,117,53,-0.529940,-1.2651
MZI,116,54,-2.715710,-6.4833
MZI,115,55,1.337238,3.1924
MZI,114,56,-2.386706,-5.6978
MZI,113,57,-1.037702,-2.4773
MZI,112,58,-2.022398,-4.8281
MZI,111,59,2.656082,6.3409
MZI,110,60,-1.203774,-2.8738
MZI,109,61,2.605947,6.2212
MZI,108,62,0.824852,1.9692
MZI,107,63,-1.887423,-4.5059
MZI,106,64,-0.951642,-2.2719
MZI,105,65,-1.293043,-3.0869
MZI,104,66,-1.440399,-3.4387
MZI,103,67,-1.246960,-2.9769
MZI,102,68,-2.478820,-5.9177
MZI,101,69,-0.273380,-0.6526
MZI,100,70,-0.161876,-0.3865
MZI,99,71,1.560824,3.7262
MZI,98,72,-1.877787,-4.4829
MZI,97,73,0.165723,0.3956
MZI,96,74,1.840459,4.3938
MZI,95,75,0.098160,0.2343
MZI,94,76,0.288979,0.6899
MZI,93,77,1.781891,4.2540
MZI,92,78,0.771091,1.8408
MZI,91,79,1.225358,2.9253
MZI,90,80,1.453463,3.4699
MZI,89,81,0.905320,2.1613
MZI,88,82,0.797508,1.9039
MZI,87,83,0.810635,1.9352
MZI,86,84,0.858185,2.0488
MZI,85,85,0.891380,2.1280
MZI,84,86,0.907438,2.1663
MZI,83,87,0.939897,2.2438
MZI,82,88,1.028530,2.4554
MZI,81,89,1.174209,2.8032
MZI,80,90,1.273833,3.0411
MZI,79,91,1.515741,3.6186
MZI,78,92,2.992170,7.1433
MZI,77,93,-0.772734,-1.8448
MZI,76,94,0.315622,0.7535
MZI,75,95,0.552722,1.3195
MZI,74,96,0.709411,1.6936
MZI,73,97,0.748150,1.7861
MZI,72,98,0.736462,1.7582
MZI,71,99,0.768657,1.8350
MZI,70,100,0.832494,1.9874
MZI,69,101,0.895584,2.1380
MZI,68,102,0.978778,2.3367
MZI,67,103,1.061751,2.5347
MZI,66,104,1.140043,2.7217
MZI,65,105,1.203689,2.8736
MZI,64,106,1.239090,2.9581
MZI,63,107,1.245061,2.9724
MZI,62,108,1.234381,2.9469
MZI,61,109,1.216634,2.9045
MZI,60,110,1.202679,2.8712
MZI,59,111,1.183760,2.8260
MZI,58,112,1.163738,2.7782
MZI,57,113,1.133176,2.7053
MZI,56,114,1.095979,2.6165
MZI,55,115,1.077610,2.5726
MZI,54,116,1.049717,2.5060
MZI,53,117,1.024085,2.4448
MZI,52,118,1.011803,2.4155
MZI,51,119,0.998011,2.3826
MZI,50,120,1.018085,2.4305
MZI,49,121,1.017056,2.4280
MZI,48,122,1.015351,2.4240
MZI,47,123,0.992752,2.3700
MZI,46,124,0.925107,2.2085
MZI,45,125,0.951334,2.2711
MZI,44,126,0.953953,2.2774
MZI,43,127,0.897064,2.1416
MZI,126,46,-2.055083,-4.9061
MZI,125,47,0.822484,1.9635
MZI,124,48,-2.923396,-6.9791
MZI,123,49,2.625242,6.2673
MZI,122,50,0.772699,1.8447
MZI,121,51,0.454612,1.0853
MZI,120,52,2.405324,5.7423
MZI,119,53,2.126532,5.0767
MZI,118,54,-0.952965,-2.2750
MZI,117,55,3.063519,7.3136
MZI,116,56,-2.314183,-5.5247
MZI,115,57,-1.810464,-4.3222
MZI,114,58,1.517407,3.6225
MZI,113,59,2.584133,6.1692
MZI,112,60,2.832084,6.7611
MZI,111,61,-1.209234,-2.8868
MZI,110,62,3.091003,7.3792
MZI,109,63,-2.023146,-4.8299
MZI,108,64,2.459350,5.8713
MZI,107,65,3.069735,7.3285
MZI,106,66,2.902110,6.9283
MZI,105,67,-2.980757,-7.1160
MZI,104,68,-2.505940,-5.9825
MZI,103,69,3.117497,7.4425
MZI,102,70,1.520606,3.6302
MZI,101,71,0.764649,1.8255
MZI,100,72,-1.134377,-2.7081
MZI,99,73,2.902219,6.9285
MZI,98,74,-2.646174,-6.3173
MZI,97,75,-1.720831,-4.1082
MZI,96,76,-2.730233,-6.5180
MZI,95,77,-2.158518,-5.1531
MZI,94,78,-1.616527,-3.8592
MZI,93,79,-1.907263,-4.5533
MZI,92,80,-1.779228,-4.2476
MZI,91,81,-1.943680,-4.6402
MZI,90,82,-2.109164,-5.0353
MZI,89,83,-2.130746,-5.0868
MZI,88,84,-2.101049,-5.0159
MZI,87,85,-2.055360,-4.9068
MZI,86,86,-2.024998,-4.8343
MZI,85,87,-2.014615,-4.8095
MZI,84,88,-2.007428,-4.7924
MZI,83,89,-2.000274,-4.7753
MZI,82,90,-2.024255,-4.8326
MZI,81,91,-2.115440,-5.0502
MZI,80,92,-2.149965,-5.1327
MZI,79,93,-1.879196,-4.4863
MZI,78,94,2.567544,6.1296
MZI,77,95,2.396896,5.7222
MZI,76,96,-2.510604,-5.9936
MZI,75,97,-2.013389,-4.8066
MZI,74,98,-1.933342,-4.6155
MZI,73,99,-1.919544,-4.5826
MZI,72,100,-1.862524,-4.4464
MZI,71,101,-1.792207,-4.2786
MZI,70,102,-1.732778,-4.1367
MZI,69,103,-1.671623,-3.9907
MZI,68,104,-1.625179,-3.8798
MZI,67,105,-1.587077,-3.7889
MZI,66,106,-1.550249,-3.7009
MZI,65,107,-1.520916,-3.6309
MZI,64,108,-1.508664,-3.6017
MZI,63,109,-1.512540,-3.6109
MZI,62,110,-1.527519,-3.6467
MZI,61,111,-1.541273,-3.6795
MZI,60,112,-1.560380,-3.7251
MZI,59,113,-1.579481,-3.7707
MZI,58,114,-1.606818,-3.8360
MZI,57,115,-1.636994,-3.9080
MZI,56,116,-1.643235,-3.9229
MZI,55,117,-1.654882,-3.9507
MZI,54,118,-1.662985,-3.9701
MZI,53,119,-1.661014,-3.9654
MZI,52,120,-1.670906,-3.9890
MZI,51,121,-1.652515,-3.9451
MZI,50,122,-1.652010,-3.9439
MZI,49,123,-1.645292,-3.9278
MZI,48,124,-1.657126,-3.9561
MZI,47,125,-1.703520,-4.0669
MZI,46,126,-1.647530,-3.9332
MZI,45,127,-1.598415,-3.8159
MZI,126,48,-2.147404,-5.1266
MZI,125,49,-1.679487,-4.0095
MZI,124,50,-0.694980,-1.6591
MZI,123,51,-2.868476,-6.8480
MZI,122,52,2.364335,5.6444
MZI,121,53,-1.001465,-2.3908
MZI,120,54,-2.041823,-4.8745
MZI,119,55,-1.576571,-3.7638
MZI,118,56,0.400962,0.9572
MZI,117,57,2.957128,7.0596
MZI,116,58,0.173942,0.4153
MZI,115,59,-2.503767,-5.9773
MZI,114,60,-3.037766,-7.2521
MZI,113,61,-1.227447,-2.9303
MZI,112,62,0.680179,1.6238
MZI,111,63,-2.317007,-5.5314
MZI,110,64,-0.224813,-0.5367
MZI,109,65,-1.607625,-3.8379
MZI,108,66,-0.930391,-2.2211
MZI,107,67,-2.173677,-5.1893
MZI,106,68,1.567815,3.7429
MZI,105,69,-0.682619,-1.6296
MZI,104,70,1.687653,4.0290
MZI,103,71,-3.037801,-7.2522
MZI,102,72,-2.520857,-6.0181
MZI,101,73,-2.579353,-6.1578
MZI,100,74,-2.649902,-6.3262
MZI,99,75,1.659074,3.9607
MZI,98,76,-2.107149,-5.0304
MZI,97,77,2.705594,6.4591
MZI,96,78,-1.208124,-2.8842
MZI,95,79,-2.019715,-4.8217
MZI,94,80,-1.809601,-4.3201
MZI,93,81,-2.027353,-4.8399
MZI,92,82,-2.325869,-5.5526
MZI,91,83,-2.517835,-6.0109
MZI,90,84,-2.510727,-5.9939
MZI,89,85,-2.432350,-5.8068
MZI,88,86,-2.353078,-5.6176
MZI,87,87,-2.309055,-5.5125
MZI,86,88,-2.291871,-5.4714
MZI,85,89,-2.274426,-5.4298
MZI,84,90,-2.257751,-5.3900
MZI,83,91,-2.266584,-5.4111
MZI,82,92,-2.292341,-5.4726
MZI,81,93,-2.205862,-5.2661
MZI,80,94,-2.076160,-4.9565
MZI,79,95,-2.200240,-5.2527
MZI,78,96,-2.897458,-6.9172
MZI,77,97,1.421785,3.3943
MZI,76,98,-0.623782,-1.4892
MZI,75,99,-1.346037,-3.2134
MZI,74,100,-1.579309,-3.7703
MZI,73,101,-1.630588,-3.8927
MZI,72,102,-1.622075,-3.8724
MZI,71,103,-1.603349,-3.8277
MZI,70,104,-1.578069,-3.7674
MZI,69,105,-1.565110,-3.7364
MZI,68,106,-1.558200,-3.7199
MZI,67,107,-1.545525,-3.6897
MZI,66,108,-1.529995,-3.6526
MZI,65,109,-1.522221,-3.6340
MZI,64,110,-1.525660,-3.6422
MZI,63,111,-1.539899,-3.6762
MZI,62,112,-1.554179,-3.7103
MZI,61,113,-1.574629,-3.7591
MZI,60,114,-1.594885,-3.8075
MZI,59,115,-1.622707,-3.8739
MZI,58,116,-1.652525,-3.9451
MZI,57,117,-1.657294,-3.9565
MZI,56,118,-1.667864,-3.9817
MZI,55,119,-1.677851,-4.0056
MZI,54,120,-1.682636,-4.0170
MZI,53,121,-1.708305,-4.0783
MZI,52,122,-1.709537,-4.0812
MZI,51,123,-1.729748,-4.1295
MZI,50,124,-1.744046,-4.1636
MZI,49,125,-1.784211,-4.2595
MZI,48,126,-1.864213,-4.4505
MZI,47,127,-1.845683,-4.4062
MZI,126,50,0.909127,2.1704
MZI,125,51,-2.305977,-5.5051
MZI,124,52,2.712810,6.4764
MZI,123,53,1.969570,4.7020
MZI,122,54,-2.793746,-6.6696
MZI,121,55,0.964454,2.3025
MZI,120,56,1.932749,4.6141
MZI,119,57,3.073212,7.3368
MZI,118,58,-0.895103,-2.1369
MZI,117,59,-2.783578,-6.6453
MZI,116,60,2.333448,5.5707
MZI,115,61,-1.171247,-2.7961
MZI,114,62,1.815161,4.3334
MZI,113,63,-0.033602,-0.0802
MZI,112,64,-2.849275,-6.8021
MZI,111,65,-0.602693,-1.4388
MZI,110,66,2.449038,5.8466
MZI,109,67,0.645634,1.5413
MZI,108,68,1.980348,4.7277
MZI,107,69,0.475740,1.1357
MZI,106,70,1.659535,3.9618
MZI,105,71,1.080814,2.5803
MZI,104,72,1.969658,4.7022
MZI,103,73,-1.878832,-4.4854
MZI,102,74,0.046463,0.1109
MZI,101,75,0.633082,1.5114
MZI,100,76,-0.525969,-1.2557
MZI,99,77,0.979450,2.3383
MZI,98,78,-0.103229,-0.2464
MZI,97,79,2.316992,5.5314
MZI,96,80,0.391027,0.9335
MZI,95,81,2.252610,5.3777
MZI,94,82,1.995623,4.7642
MZI,93,83,-0.192695,-0.4600
MZI,92,84,0.213582,0.5099
MZI,91,85,0.551511,1.3166
MZI,90,86,0.782846,1.8689
MZI,89,87,0.929812,2.2198
MZI,88,88,0.994287,2.3737
MZI,87,89,1.032562,2.4651
MZI,86,90,1.100933,2.6283
MZI,85,91,1.186159,2.8317
MZI,84,92,1.250049,2.9843
MZI,83,93,1.305626,3.1170
MZI,82,94,1.433337,3.4218
MZI,81,95,1.512174,3.6100
MZI,80,96,1.397095,3.3353
MZI,79,97,1.119505,2.6726
MZI,78,98,0.994079,2.3732
MZI,77,99,1.827759,4.3635
MZI,76,100,1.876824,4.4806
MZI,75,101,1.729885,4.1298
MZI,74,102,1.658713,3.9599
MZI,73,103,1.643928,3.9246
MZI,72,104,1.643933,3.9246
MZI,71,105,1.651169,3.9419
MZI,70,106,1.647430,3.9329
MZI,69,107,1.638717,3.9121
MZI,68,108,1.638824,3.9124
MZI,67,109,1.646089,3.9297
MZI,66,110,1.650160,3.9395
MZI,65,111,1.647363,3.9328
MZI,64,112,1.636833,3.9076
MZI,63,113,1.627640,3.8857
MZI,62,114,1.612829,3.8503
MZI,61,115,1.598867,3.8170
MZI,60,116,1.577813,3.7668
MZI,59,117,1.554919,3.7121
MZI,58,118,1.557106,3.7173
MZI,57,119,1.552310,3.7059
MZI,56,120,1.545920,3.6906
MZI,55,121,1.542688,3.6829
MZI,54,122,1.513659,3.6136
MZI,53,123,1.508691,3.6017
MZI,52,124,1.485226,3.5457
MZI,51,125,1.469705,3.5087
MZI,50,126,1.421723,3.3941
MZI,49,127,1.323846,3.1605
MZI,126,52,1.602491,3.8257
MZI,125,53,2.438772,5.8221
MZI,124,54,0.594685,1.4197
MZI,123,55,-1.770700,-4.2272
MZI,122,56,-2.319254,-5.5368
MZI,121,57,1.239183,2.9583
MZI,120,58,1.425853,3.4040
MZI,119,59,1.478145,3.5288
MZI,118,60,-1.505517,-3.5942
MZI,117,61,2.170867,5.1826
MZI,116,62,0.809277,1.9320
MZI,115,63,-2.212544,-5.2821
MZI,114,64,1.106796,2.6423
MZI,113,65,0.618347,1.4762
MZI,112,66,1.704029,4.0681
MZI,111,67,0.973379,2.3238
MZI,110,68,1.632325,3.8969
MZI,109,69,1.108118,2.6454
MZI,108,70,0.603079,1.4397
MZI,107,71,2.109824,5.0368
MZI,106,72,0.902766,2.1552
MZI,105,73,2.567914,6.1304
MZI,104,74,1.173668,2.8019
MZI,103,75,-0.542786,-1.2958
MZI,102,76,1.910991,4.5622
MZI,101,77,0.833522,1.9899
MZI,100,78,1.585739,3.7857
MZI,99,79,1.403366,3.3503
MZI,98,80,2.165987,5.1709
MZI,97,81,0.580795,1.3865
MZI,96,82,2.171921,5.1851
MZI,95,83,-2.301109,-5.4935
MZI,94,84,0.927478,2.2142
MZI,93,85,1.209031,2.8863
MZI,92,86,2.437571,5.8193
MZI,91,87,-3.111713,-7.4287
MZI,90,88,-3.022831,-7.2165
MZI,89,89,-2.999651,-7.1611
MZI,88,90,-3.040284,-7.2581
MZI,87,91,3.106615,7.4165
MZI,86,92,2.910207,6.9476
MZI,85,93,2.712284,6.4751
MZI,84,94,2.580561,6.1606
MZI,83,95,2.554073,6.0974
MZI,82,96,2.539762,6.0632
MZI,81,97,2.395998,5.7200
MZI,80,98,2.021326,4.8256
MZI,79,99,1.687083,4.0276
MZI,78,100,1.906588,4.5516
MZI,77,101,2.193101,5.2356
MZI,76,102,2.373355,5.6660
MZI,75,103,2.464360,5.8832
MZI,74,104,2.505839,5.9822
MZI,73,105,2.519969,6.0160
MZI,72,106,2.527304,6.0335
MZI,71,107,2.522109,6.0211
MZI,70,108,2.512928,5.9992
MZI,69,109,2.514050,6.0019
MZI,68,110,2.524299,6.0263
MZI,67,111,2.533726,6.0488
MZI,66,112,2.539012,6.0614
MZI,65,113,2.539742,6.0632
MZI,64,114,2.543588,6.0724
MZI,63,115,2.542532,6.0698
MZI,62,116,2.542320,6.0693
MZI,61,117,2.534946,6.0517
MZI,60,118,2.525309,6.0287
MZI,59,119,2.540151,6.0642
MZI,58,120,2.548018,6.0829
MZI,57,121,2.554457,6.0983
MZI,56,122,2.565915,6.1257
MZI,55,123,2.551751,6.0919
MZI,54,124,2.565728,6.1252
MZI,53,125,2.568288,6.1313
MZI,52,126,2.591351,6.1864
MZI,51,127,2.590239,6.1837
MZI,126,54,-3.008333,-7.1819
MZI,125,55,2.426268,5.7923
MZI,124,56,-0.970548,-2.3170
MZI,123,57,0.199226,0.4756
MZI,122,58,0.021744,0.0519
MZI,121,59,0.423349,1.0107
MZI,120,60,-1.351915,-3.2275
MZI,119,61,-0.809145,-1.9317
MZI,118,62,-1.335600,-3.1885
MZI,117,63,2.384630,5.6929
MZI,116,64,0.728141,1.7383
MZI,115,65,0.275084,0.6567
MZI,114,66,1.989951,4.7507
MZI,113,67,1.030651,2.4605
MZI,112,68,0.853235,2.0369
MZI,111,69,1.618950,3.8650
MZI,110,70,1.081122,2.5810
MZI,109,71,0.839072,2.0031
MZI,108,72,2.396088,5.7202
MZI,107,73,1.360122,3.2471
MZI,106,74,-1.369538,-3.2695
MZI,105,75,1.284427,3.0663
MZI,104,76,1.048316,2.5027
MZI,103,77,3.080406,7.3539
MZI,102,78,1.712769,4.0889
MZI,101,79,2.931363,6.9981
MZI,100,80,2.340838,5.5883
MZI,99,81,2.587170,6.1764
MZI,98,82,1.933028,4.6148
MZI,97,83,3.025472,7.2228
MZI,96,84,2.464681,5.8840
MZI,95,85,1.345499,3.2121
MZI,94,86,0.519340,1.2398
MZI,93,87,-1.190741,-2.8427
MZI,92,88,-2.226248,-5.3148
MZI,91,89,-2.473751,-5.9056
MZI,90,90,-2.544417,-6.0743
MZI,89,91,-2.575832,-6.1493
MZI,88,92,-2.641330,-6.3057
MZI,87,93,-2.751829,-6.5695
MZI,86,94,-2.857989,-6.8229
MZI,85,95,-2.902510,-6.9292
MZI,84,96,-2.861496,-6.8313
MZI,83,97,-2.763676,-6.5978
MZI,82,98,-2.847053,-6.7968
MZI,81,99,1.574348,3.7585
MZI,80,100,2.243773,5.3566
MZI,79,101,2.759990,6.5890
MZI,78,102,3.134717,7.4836
MZI,77,103,-2.854526,-6.8147
MZI,76,104,-2.694014,-6.4315
MZI,75,105,-2.655194,-6.3388
MZI,74,106,-2.663711,-6.3591
MZI,73,107,-2.672220,-6.3795
MZI,72,108,-2.681878,-6.4025
MZI,71,109,-2.688208,-6.4176
MZI,70,110,-2.680355,-6.3989
MZI,69,111,-2.660597,-6.3517
MZI,68,112,-2.639398,-6.3011
MZI,67,113,-2.620595,-6.2562
MZI,66,114,-2.603724,-6.2159
MZI,65,115,-2.582112,-6.1643
MZI,64,116,-2.564647,-6.1226
MZI,63,117,-2.546501,-6.0793
MZI,62,118,-2.535595,-6.0533
MZI,61,119,-2.527521,-6.0340
MZI,60,120,-2.495388,-5.9573
MZI,59,121,-2.469921,-5.8965
MZI,58,122,-2.445762,-5.8388
MZI,57,123,-2.414874,-5.7651
MZI,56,124,-2.412696,-5.7599
MZI,55,125,-2.382608,-5.6881
MZI,54,126,-2.362935,-5.6411
MZI,53,127,-2.314175,-5.5247
MZI,126,56,0.022416,0.0535
MZI,125,57,0.291183,0.6951
MZI,124,58,2.369382,5.6565
MZI,123,59,-1.931263,-4.6105
MZI,122,60,2.685157,6.4103
MZI,121,61,-0.650354,-1.5526
MZI,120,62,-3.033878,-7.2429
MZI,119,63,-0.757290,-1.8079
MZI,118,64,0.040876,0.0976
MZI,117,65,0.879858,2.1005
MZI,116,66,1.493140,3.5646
MZI,115,67,0.393551,0.9395
MZI,114,68,-3.008072,-7.1812
MZI,113,69,2.873162,6.8592
MZI,112,70,1.518460,3.6251
MZI,111,71,2.662728,6.3568
MZI,110,72,2.049835,4.8936
MZI,109,73,1.249031,2.9818
MZI,108,74,3.067871,7.3240
MZI,107,75,-1.412440,-3.3720
MZI,106,76,1.316765,3.1435
MZI,105,77,-1.218896,-2.9099
MZI,104,78,-1.832050,-4.3737
MZI,103,79,-2.126280,-5.0761
MZI,102,80,-0.393459,-0.9393
MZI,101,81,-1.688175,-4.0302
MZI,100,82,-1.508577,-3.6015
MZI,99,83,-1.953195,-4.6629
MZI,98,84,-1.007284,-2.4047
MZI,97,85,-1.462654,-3.4918
MZI,96,86,-1.538268,-3.6723
MZI,95,87,-1.347743,-3.2175
MZI,94,88,-1.128664,-2.6945
MZI,93,89,-0.995344,-2.3762
MZI,92,90,-0.923594,-2.2049
MZI,91,91,-0.896097,-2.1393
MZI,90,92,-0.876233,-2.0919
MZI,89,93,-0.833605,-1.9901
MZI,88,94,-0.768974,-1.8358
MZI,87,95,-0.688191,-1.6429
MZI,86,96,-0.566217,-1.3517
MZI,85,97,-0.322796,-0.7706
MZI,84,98,0.280069,0.6686
MZI,83,99,1.621916,3.8720
MZI,82,100,-1.784902,-4.2611
MZI,81,101,-1.372591,-3.2768
MZI,80,102,-0.965545,-2.3051
MZI,79,103,-0.294944,-0.7041
MZI,78,104,-0.127764,-0.3050
MZI,77,105,-0.195836,-0.4675
MZI,76,106,-0.295803,-0.7062
MZI,75,107,-0.377640,-0.9016
MZI,74,108,-0.428461,-1.0229
MZI,73,109,-0.464390,-1.1087
MZI,72,110,-0.490522,-1.1710
MZI,71,111,-0.499348,-1.1921
MZI,70,112,-0.494081,-1.1795
MZI,69,113,-0.486637,-1.1618
MZI,68,114,-0.481569,-1.1497
MZI,67,115,-0.477550,-1.1401
MZI,66,116,-0.468843,-1.1193
MZI,65,117,-0.465257,-1.1107
MZI,64,118,-0.462702,-1.1046
MZI,63,119,-0.469429,-1.1207
MZI,62,120,-0.482244,-1.1513
MZI,61,121,-0.472674,-1.1284
MZI,60,122,-0.471377,-1.1253
MZI,59,123,-0.474120,-1.1319
MZI,58,124,-0.471744,-1.1262
MZI,57,125,-0.506106,-1.2082
MZI,56,126,-0.515633,-1.2310
MZI,55,127,-0.543375,-1.2972
MZI,126,58,-0.586793,-1.4009
MZI,125,59,-0.212782,-0.5080
MZI,124,60,1.907988,4.5550
MZI,123,61,1.345831,3.2129
MZI,122,62,1.249215,2.9823
MZI,121,63,0.205639,0.4909
MZI,120,64,0.451718,1.0784
MZI,119,65,1.564681,3.7354
MZI,118,66,2.897782,6.9179
MZI,117,67,-1.128042,-2.6930
MZI,116,68,-0.080317,-0.1917
MZI,115,69,0.916623,2.1883
MZI,114,70,2.624334,6.2651
MZI,113,71,0.816321,1.9488
MZI,112,72,-1.046836,-2.4991
MZI,111,73,1.871127,4.4670
MZI,110,74,-2.363496,-5.6424
MZI,109,75,0.143362,0.3423
MZI,108,76,-0.447923,-1.0693
MZI,107,77,-0.142796,-0.3409
MZI,106,78,-0.423202,-1.0103
MZI,105,79,-2.123502,-5.0695
MZI,104,80,-2.173251,-5.1883
MZI,103,81,-0.177501,-0.4238
MZI,102,82,-0.729696,-1.7420
MZI,101,83,1.628918,3.8888
MZI,100,84,-2.916550,-6.9628
MZI,99,85,-0.049078,-0.1172
MZI,98,86,0.058105,0.1387
MZI,97,87,0.281843,0.6729
MZI,96,88,0.344230,0.8218
MZI,95,89,0.445597,1.0638
MZI,94,90,0.536989,1.2820
MZI,93,91,0.601362,1.4356
MZI,92,92,0.630250,1.5046
MZI,91,93,0.647782,1.5465
MZI,90,94,0.685926,1.6375
MZI,89,95,0.759629,1.8135
MZI,88,96,0.874511,2.0877
MZI,87,97,1.031532,2.4626
MZI,86,98,1.185199,2.8295
MZI,85,99,1.068816,2.5516
MZI,84,100,0.418815,0.9998
MZI,83,101,0.015168,0.0362
MZI,82,102,-0.603947,-1.4418
MZI,81,103,3.032988,7.2407
MZI,80,104,1.841504,4.3963
MZI,79,105,1.311920,3.1320
MZI,78,106,1.133518,2.7061
MZI,77,107,1.055872,2.5207
MZI,76,108,1.003975,2.3968
MZI,75,109,0.970155,2.3161
MZI,74,110,0.943579,2.2526
MZI,73,111,0.922680,2.2027
MZI,72,112,0.916375,2.1877
MZI,71,113,0.923401,2.2045
MZI,70,114,0.932269,2.2256
MZI,69,115,0.938328,2.2401
MZI,68,116,0.944671,2.2552
MZI,67,117,0.957085,2.2849
MZI,66,118,0.965312,2.3045
MZI,65,119,0.973086,2.3231
MZI,64,120,0.972389,2.3214
MZI,63,121,0.966081,2.3063
MZI,62,122,0.983776,2.3486
MZI,61,123,0.994855,2.3750
MZI,60,124,1.003685,2.3961
MZI,59,125,1.022439,2.4409
MZI,58,126,1.002862,2.3942
MZI,57,127,1.013200,2.4188
MZI,126,60,0.496801,1.1860
MZI,125,61,-1.612315,-3.8491
MZI,124,62,2.670893,6.3763
MZI,123,63,1.854532,4.4274
MZI,122,64,-1.578030,-3.7673
MZI,121,65,-1.226579,-2.9282
MZI,120,66,-2.250166,-5.3719
MZI,119,67,-1.935595,-4.6209
MZI,118,68,-1.832167,-4.3740
MZI,117,69,-1.829569,-4.3678
MZI,116,70,-0.853500,-2.0376
MZI,115,71,2.161231,5.1596
MZI,114,72,1.450223,3.4622
MZI,113,73,1.840581,4.3941
MZI,112,74,-1.446340,-3.4529
MZI,111,75,2.630887,6.2808
MZI,110,76,1.873687,4.4731
MZI,109,77,0.973889,2.3250
MZI,108,78,-1.108460,-2.6463
MZI,107,79,0.389000,0.9287
MZI,106,80,1.307295,3.1209
MZI,105,81,2.242870,5.3545
MZI,104,82,-2.389838,-5.7053
MZI,103,83,-2.862421,-6.8335
MZI,102,84,-1.465059,-3.4976
MZI,101,85,-2.467521,-5.8908
MZI,100,86,-2.474266,-5.9069
MZI,99,87,0.263745,0.6296
MZI,98,88,-0.617268,-1.4736
MZI,97,89,-1.076327,-2.5695
MZI,96,90,-1.238998,-2.9579
MZI,95,91,-1.278104,-3.0512
MZI,94,92,-1.278344,-3.0518
MZI,93,93,-1.271221,-3.0348
MZI,92,94,-1.274625,-3.0429
MZI,91,95,-1.293079,-3.0870
MZI,90,96,-1.322111,-3.1563
MZI,89,97,-1.365687,-3.2603
MZI,88,98,-1.456808,-3.4779
MZI,87,99,-1.645640,-3.9287
MZI,86,100,-1.932586,-4.6137
MZI,85,101,-2.288765,-5.4640
MZI,84,102,-2.891461,-6.9029
MZI,83,103,2.885394,6.8884
MZI,82,104,-1.571972,-3.7528
MZI,81,105,-1.465625,-3.4989
MZI,80,106,-1.488853,-3.5544
MZI,79,107,-1.496554,-3.5728
MZI,78,108,-1.492090,-3.5621
MZI,77,109,-1.490273,-3.5578
MZI,76,110,-1.487798,-3.5519
MZI,75,111,-1.489859,-3.5568
MZI,74,112,-1.493546,-3.5656
MZI,73,113,-1.488097,-3.5526
MZI,72,114,-1.472110,-3.5144
MZI,71,115,-1.455997,-3.4759
MZI,70,116,-1.444403,-3.4483
MZI,69,117,-1.431993,-3.4186
MZI,68,118,-1.412839,-3.3729
MZI,67,119,-1.397512,-3.3363
MZI,66,120,-1.382864,-3.3013
MZI,65,121,-1.376559,-3.2863
MZI,64,122,-1.376731,-3.2867
MZI,63,123,-1.352935,-3.2299
MZI,62,124,-1.335298,-3.1878
MZI,61,125,-1.320245,-3.1519
MZI,60,126,-1.291810,-3.0840
MZI,59,127,-1.313264,-3.1352
MZI,126,62,-0.107353,-0.2563
MZI,125,63,-0.369598,-0.8823
MZI,124,64,-0.112193,-0.2678
MZI,123,65,-1.085211,-2.5908
MZI,122,66,0.884529,2.1117
MZI,121,67,2.511734,5.9963
MZI,120,68,2.556642,6.1035
MZI,119,69,-0.528075,-1.2607
MZI,118,70,-3.130873,-7.4744
MZI,117,71,-0.801971,-1.9146
MZI,116,72,0.633424,1.5122
MZI,115,73,-1.066855,-2.5469
MZI,114,74,1.375577,3.2839
MZI,113,75,1.189761,2.8403
MZI,112,76,1.434669,3.4250
MZI,111,77,1.558890,3.7216
MZI,110,78,1.990141,4.7511
MZI,109,79,1.159056,2.7670
MZI,108,80,1.982139,4.7320
MZI,107,81,1.745823,4.1678
MZI,106,82,0.741521,1.7703
MZI,105,83,1.258142,3.0036
MZI,104,84,1.307512,3.1215
MZI,103,85,1.785324,4.2621
MZI,102,86,1.273376,3.0400
MZI,101,87,0.567625,1.3551
MZI,100,88,1.452253,3.4670
MZI,99,89,1.705493,4.0716
MZI,98,90,1.945313,4.6441
MZI,97,91,1.987602,4.7450
MZI,96,92,1.975048,4.7151
MZI,95,93,1.963313,4.6871
MZI,94,94,1.960271,4.6798
MZI,93,95,1.953369,4.6633
MZI,92,96,1.926065,4.5981
MZI,91,97,1.864590,4.4514
MZI,90,98,1.761676,4.2057
MZI,89,99,1.617645,3.8618
MZI,88,100,1.436020,3.4282
MZI,87,101,1.215369,2.9015
MZI,86,102,0.973366,2.3237
MZI,85,103,0.920554,2.1977
MZI,84,104,1.348090,3.2183
MZI,83,105,1.549607,3.6994
MZI,82,106,1.628890,3.8887
MZI,81,107,1.655281,3.9517
MZI,80,108,1.672157,3.9920
MZI,79,109,1.684974,4.0226
MZI,78,110,1.692175,4.0398
MZI,77,111,1.699439,4.0571
MZI,76,112,1.699765,4.0579
MZI,75,113,1.695112,4.0468
MZI,74,114,1.696374,4.0498
MZI,73,115,1.705929,4.0726
MZI,72,116,1.713267,4.0901
MZI,71,117,1.713705,4.0912
MZI,70,118,1.714884,4.0940
MZI,69,119,1.722649,4.1125
MZI,68,120,1.726454,4.1216
MZI,67,121,1.729068,4.1278
MZI,66,122,1.723697,4.1150
MZI,65,123,1.711322,4.0855
MZI,64,124,1.723704,4.1150
MZI,63,125,1.732440,4.1359
MZI,62,126,1.741564,4.1577
MZI,61,127,1.779570,4.2484
MZI,126,64,0.017174,0.0410
MZI,125,65,-0.982164,-2.3447
MZI,124,66,1.182350,2.8227
MZI,123,67,2.378473,5.6782
MZI,122,68,0.776632,1.8541
MZI,121,69,0.560524,1.3382
MZI,120,70,2.899818,6.9228
MZI,119,71,2.773297,6.6208
MZI,118,72,2.301094,5.4935
MZI,117,73,-2.109337,-5.0357
MZI,116,74,0.742182,1.7718
MZI,115,75,-2.594211,-6.1932
MZI,114,76,2.210564,5.2773
MZI,113,77,2.282195,5.4483
MZI,112,78,-2.863677,-6.8365
MZI,111,79,-2.308511,-5.5112
MZI,110,80,2.605105,6.2192
MZI,109,81,2.219468,5.2986
MZI,108,82,3.124533,7.4593
MZI,107,83,-0.481254,-1.1489
MZI,106,84,0.464279,1.1084
MZI,105,85,0.498158,1.1893
MZI,104,86,0.384224,0.9173
MZI,103,87,0.025336,0.0605
MZI,102,88,-1.952971,-4.6624
MZI,101,89,0.270267,0.6452
MZI,100,90,0.363409,0.8676
MZI,99,91,0.434739,1.0379
MZI,98,92,0.465094,1.1103
MZI,97,93,0.471396,1.1254
MZI,96,94,0.472472,1.1279
MZI,95,95,0.474187,1.1320
MZI,94,96,0.470178,1.1225
MZI,93,97,0.451282,1.0774
MZI,92,98,0.409040,0.9765
MZI,91,99,0.336779,0.8040
MZI,90,100,0.233880,0.5583
MZI,89,101,0.111772,0.2668
MZI,88,102,0.010983,0.0262
MZI,87,103,0.024105,0.0575
MZI,86,104,0.172215,0.4111
MZI,85,105,0.318389,0.7601
MZI,84,106,0.389439,0.9297
MZI,83,107,0.427313,1.0201
MZI,82,108,0.442053,1.0553
MZI,81,109,0.454630,1.0854
MZI,80,110,0.463457,1.1064
MZI,79,111,0.468537,1.1185
MZI,78,112,0.476485,1.1375
MZI,77,113,0.479213,1.1440
MZI,76,114,0.476772,1.1382
MZI,75,115,0.479428,1.1446
MZI,74,116,0.489731,1.1691
MZI,73,117,0.496306,1.1848
MZI,72,118,0.493516,1.1782
MZI,71,119,0.490941,1.1720
MZI,70,120,0.494112,1.1796
MZI,69,121,0.492121,1.1749
MZI,68,122,0.486804,1.1622
MZI,67,123,0.471526,1.1257
MZI,66,124,0.444858,1.0620
MZI,65,125,0.439589,1.0494
MZI,64,126,0.426697,1.0187
MZI,63,127,0.402967,0.9620
MZI,126,66,2.650156,6.3268
MZI,125,67,-2.293421,-5.4751
MZI,124,68,2.174496,5.1912
MZI,123,69,-2.842518,-6.7860
MZI,122,70,1.425649,3.4035
MZI,121,71,-0.361658,-0.8634
MZI,120,72,-2.156337,-5.1479
MZI,119,73,-2.556079,-6.1022
MZI,118,74,-3.090481,-7.3780
MZI,117,75,1.853067,4.4239
MZI,116,76,-3.004523,-7.1728
MZI,115,77,-1.151487,-2.7490
MZI,114,78,-1.828411,-4.3650
MZI,113,79,2.052828,4.9008
MZI,112,80,-1.415780,-3.3799
MZI,111,81,2.758328,6.5850
MZI,110,82,2.380906,5.6840
MZI,109,83,-2.753875,-6.5744
MZI,108,84,-1.347037,-3.2158
MZI,107,85,-2.318624,-5.5353
MZI,106,86,-1.529902,-3.6524
MZI,105,87,-0.607997,-1.4515
MZI,104,88,-1.367441,-3.2645
MZI,103,89,-0.497133,-1.1868
MZI,102,90,-0.332585,-0.7940
MZI,101,91,-0.259677,-0.6199
MZI,100,92,-0.218830,-0.5224
MZI,99,93,-0.198497,-0.4739
MZI,98,94,-0.188531,-0.4501
MZI,97,95,-0.181354,-0.4330
MZI,96,96,-0.176412,-0.4212
MZI,95,97,-0.178278,-0.4256
MZI,94,98,-0.191152,-0.4563
MZI,93,99,-0.217944,-0.5203
MZI,92,100,-0.259375,-0.6192
MZI,91,101,-0.307997,-0.7353
MZI,90,102,-0.338960,-0.8092
MZI,89,103,-0.315379,-0.7529
MZI,88,104,-0.229983,-0.5490
MZI,87,105,-0.140623,-0.3357
MZI,86,106,-0.070152,-0.1675
MZI,85,107,-0.019231,-0.0459
MZI,84,108,0.014969,0.0357
MZI,83,109,0.034403,0.0821
MZI,82,110,0.055772,0.1331
MZI,81,111,0.074389,0.1776
MZI,80,112,0.090470,0.2160
MZI,79,113,0.110877,0.2647
MZI,78,114,0.127755,0.3050
MZI,77,115,0.139971,0.3342
MZI,76,116,0.157593,0.3762
MZI,75,117,0.183908,0.4390
MZI,74,118,0.206427,0.4928
MZI,73,119,0.217939,0.5203
MZI,72,120,0.230830,0.5511
MZI,71,121,0.250253,0.5974
MZI,70,122,0.264963,0.6326
MZI,69,123,0.275899,0.6587
MZI,68,124,0.278006,0.6637
MZI,67,125,0.268442,0.6409
MZI,66,126,0.281895,0.6730
MZI,65,127,0.291632,0.6962
MZI,126,68,1.589820,3.7954
MZI,125,69,1.283172,3.0633
MZI,124,70,-0.742146,-1.7717
MZI,123,71,-1.969305,-4.7014
MZI,122,72,-1.842406,-4.3984
MZI,121,73,-2.337071,-5.5793
MZI,120,74,1.061429,2.5340
MZI,119,75,2.582760,6.1659
MZI,118,76,-2.923267,-6.9788
MZI,117,77,-0.438610,-1.0471
MZI,116,78,-2.922520,-6.9770
MZI,115,79,1.804282,4.3074
MZI,114,80,-2.598161,-6.2027
MZI,113,81,-2.306711,-5.5069
MZI,112,82,-3.098353,-7.3968
MZI,111,83,2.424820,5.7888
MZI,110,84,-2.998882,-7.1593
MZI,109,85,-2.159949,-5.1565
MZI,108,86,-2.949724,-7.0419
MZI,107,87,0.802317,1.9154
MZI,106,88,-1.363406,-3.2549
MZI,105,89,-3.021624,-7.2136
MZI,104,90,-2.131729,-5.0891
MZI,103,91,-1.928756,-4.6046
MZI,102,92,-1.844324,-4.4030
MZI,101,93,-1.803056,-4.3045
MZI,100,94,-1.774433,-4.2361
MZI,99,95,-1.753221,-4.1855
MZI,98,96,-1.737546,-4.1481
MZI,97,97,-1.729310,-4.1284
MZI,96,98,-1.727464,-4.1240
MZI,95,99,-1.729378,-4.1286
MZI,94,100,-1.734495,-4.1408
MZI,93,101,-1.742238,-4.1593
MZI,92,102,-1.747477,-4.1718
MZI,91,103,-1.738056,-4.1493
MZI,90,104,-1.704364,-4.0689
MZI,89,105,-1.653252,-3.9468
MZI,88,106,-1.613026,-3.8508
MZI,87,107,-1.571556,-3.7518
MZI,86,108,-1.527971,-3.6478
MZI,85,109,-1.495864,-3.5711
MZI,84,110,-1.475499,-3.5225
MZI,83,111,-1.451377,-3.4649
MZI,82,112,-1.429920,-3.4137
MZI,81,113,-1.411036,-3.3686
MZI,80,114,-1.387808,-3.3131
MZI,79,115,-1.367447,-3.2645
MZI,78,116,-1.352810,-3.2296
MZI,77,117,-1.333328,-3.1831
MZI,76,118,-1.304346,-3.1139
MZI,75,119,-1.280161,-3.0562
MZI,74,120,-1.270071,-3.0321
MZI,73,121,-1.258047,-3.0034
MZI,72,122,-1.239887,-2.9600
MZI,71,123,-1.227010,-2.9293
MZI,70,124,-1.220090,-2.9128
MZI,69,125,-1.221950,-2.9172
MZI,68,126,-1.239089,-2.9581
MZI,67,127,-1.235296,-2.9491
MZI,126,70,0.921651,2.2003
MZI,125,71,-0.997849,-2.3822
MZI,124,72,1.085083,2.5904
MZI,123,73,0.229345,0.5475
MZI,122,74,0.899449,2.1473
MZI,121,75,-0.661282,-1.5787
MZI,120,76,-2.670108,-6.3744
MZI,119,77,0.047631,0.1137
MZI,118,78,0.369651,0.8825
MZI,117,79,2.307580,5.5089
MZI,116,80,-0.763218,-1.8220
MZI,115,81,0.269594,0.6436
MZI,114,82,0.262592,0.6269
MZI,113,83,-0.440836,-1.0524
MZI,112,84,-0.189319,-0.4520
MZI,111,85,3.012106,7.1909
MZI,110,86,-2.324030,-5.5482
MZI,109,87,0.881793,2.1051
MZI,108,88,1.026321,2.4502
MZI,107,89,0.887292,2.1183
MZI,106,90,0.565031,1.3489
MZI,105,91,0.897457,2.1425
MZI,104,92,1.036748,2.4751
MZI,103,93,1.086678,2.5943
MZI,102,94,1.114547,2.6608
MZI,101,95,1.140368,2.7224
MZI,100,96,1.163170,2.7769
MZI,99,97,1.181248,2.8200
MZI,98,98,1.190701,2.8426
MZI,97,99,1.193524,2.8493
MZI,96,100,1.194426,2.8515
MZI,95,101,1.196228,2.8558
MZI,94,102,1.202080,2.8698
MZI,93,103,1.217248,2.9060
MZI,92,104,1.246702,2.9763
MZI,91,105,1.288546,3.0762
MZI,90,106,1.333370,3.1832
MZI,89,107,1.360705,3.2484
MZI,88,108,1.392224,3.3237
MZI,87,109,1.432993,3.4210
MZI,86,110,1.464071,3.4952
MZI,85,111,1.484749,3.5446
MZI,84,112,1.510925,3.6071
MZI,83,113,1.535191,3.6650
MZI,82,114,1.557382,3.7180
MZI,81,115,1.584255,3.7821
MZI,80,116,1.609699,3.8429
MZI,79,117,1.628893,3.8887
MZI,78,118,1.653233,3.9468
MZI,77,119,1.689336,4.0330
MZI,76,120,1.720603,4.1076
MZI,75,121,1.734907,4.1418
MZI,74,122,1.753267,4.1856
MZI,73,123,1.778460,4.2458
MZI,72,124,1.799057,4.2949
MZI,71,125,1.811778,4.3253
MZI,70,126,1.817840,4.3398
MZI,69,127,1.804477,4.3079
MZI,126,72,-0.756826,-1.8068
MZI,125,73,3.014622,7.1969
MZI,124,74,1.435654,3.4274
MZI,123,75,1.455888,3.4757
MZI,122,76,-2.436741,-5.8173
MZI,121,77,2.188950,5.2257
MZI,120,78,1.916550,4.5754
MZI,119,79,1.841083,4.3953
MZI,118,80,1.222841,2.9193
MZI,117,81,-3.033224,-7.2413
MZI,116,82,1.000960,2.3896
MZI,115,83,0.903552,2.1571
MZI,114,84,0.762541,1.8204
MZI,113,85,0.879827,2.1004
MZI,112,86,1.133074,2.7050
MZI,111,87,0.181620,0.4336
MZI,110,88,0.151519,0.3617
MZI,109,89,0.580353,1.3855
MZI,108,90,-0.057963,-0.1384
MZI,107,91,1.005182,2.3997
MZI,106,92,0.906840,2.1649
MZI,105,93,0.943445,2.2523
MZI,104,94,0.908740,2.1695
MZI,103,95,0.910302,2.1732
MZI,102,96,0.923777,2.2054
MZI,101,97,0.938964,2.2416
MZI,100,98,0.952176,2.2732
MZI,99,99,0.959453,2.2905
MZI,98,100,0.961100,2.2945
MZI,97,101,0.959632,2.2910
MZI,96,102,0.956690,2.2839
MZI,95,103,0.954499,2.2787
MZI,94,104,0.956352,2.2831
MZI,93,105,0.964699,2.3030
MZI,92,106,0.978127,2.3351
MZI,91,107,0.991695,2.3675
MZI,90,108,0.989552,2.3624
MZI,89,109,0.996502,2.3790
MZI,88,110,1.017962,2.4302
MZI,87,111,1.030825,2.4609
MZI,86,112,1.034167,2.4689
MZI,85,113,1.043978,2.4923
MZI,84,114,1.052588,2.5129
MZI,83,115,1.059449,2.5292
MZI,82,116,1.070908,2.5566
MZI,81,117,1.081879,2.5828
MZI,80,118,1.085071,2.5904
MZI,79,119,1.092967,2.6093
MZI,78,120,1.114174,2.6599
MZI,77,121,1.129660,2.6969
MZI,76,122,1.124994,2.6857
MZI,75,123,1.126920,2.6903
MZI,74,124,1.136474,2.7131
MZI,73,125,1.143391,2.7296
MZI,72,126,1.142199,2.7268
MZI,71,127,1.144058,2.7312
MZI,126,74,1.046960,2.4994
MZI,125,75,1.551639,3.7043
MZI,124,76,-1.006087,-2.4019
MZI,123,77,-0.873999,-2.0865
MZI,122,78,-2.661625,-6.3542
MZI,121,79,0.202145,0.4826
MZI,120,80,0.381403,0.9105
MZI,119,81,0.874588,2.0879
MZI,118,82,-1.030905,-2.4611
MZI,117,83,0.727189,1.7360
MZI,116,84,1.701722,4.0626
MZI,115,85,1.161521,2.7729
MZI,114,86,1.927227,4.6009
MZI,113,87,-1.655186,-3.9515
MZI,112,88,-2.018920,-4.8198
MZI,111,89,-2.054010,-4.9036
MZI,110,90,-1.366511,-3.2623
MZI,109,91,-1.922752,-4.5902
MZI,108,92,-1.282304,-3.0613
MZI,107,93,-1.118169,-2.6694
MZI,106,94,-1.026146,-2.4497
MZI,105,95,-1.036048,-2.4734
MZI,104,96,-1.019235,-2.4332
MZI,103,97,-0.994625,-2.3745
MZI,102,98,-0.971544,-2.3194
MZI,101,99,-0.953970,-2.2774
MZI,100,100,-0.945409,-2.2570
MZI,99,101,-0.941733,-2.2482
MZI,98,102,-0.937004,-2.2369
MZI,97,103,-0.929341,-2.2186
MZI,96,104,-0.918677,-2.1932
MZI,95,105,-0.904897,-2.1603
MZI,94,106,-0.887442,-2.1186
MZI,93,107,-0.866061,-2.0676
MZI,92,108,-0.842623,-2.0116
MZI,91,109,-0.831283,-1.9845
MZI,90,110,-0.809283,-1.9320
MZI,89,111,-0.771590,-1.8420
MZI,88,112,-0.741024,-1.7691
MZI,87,113,-0.719068,-1.7166
MZI,86,114,-0.691253,-1.6502
MZI,85,115,-0.665983,-1.5899
MZI,84,116,-0.644297,-1.5381
MZI,83,117,-0.620887,-1.4823
MZI,82,118,-0.598141,-1.4280
MZI,81,119,-0.584966,-1.3965
MZI,80,120,-0.568582,-1.3574
MZI,79,121,-0.537346,-1.2828
MZI,78,122,-0.512148,-1.2227
MZI,77,123,-0.511756,-1.2217
MZI,76,124,-0.503488,-1.2020
MZI,75,125,-0.488400,-1.1660
MZI,74,126,-0.476083,-1.1366
MZI,73,127,-0.480511,-1.1471
MZI,126,76,2.658519,6.3467
MZI,125,77,1.751423,4.1812
MZI,124,78,2.397578,5.7238
MZI,123,79,-1.387387,-3.3121
MZI,122,80,0.149141,0.3560
MZI,121,81,-0.622089,-1.4851
MZI,120,82,-0.027829,-0.0664
MZI,119,83,1.712526,4.0884
MZI,118,84,-3.035433,-7.2466
MZI,117,85,3.058913,7.3026
MZI,116,86,0.622771,1.4868
MZI,115,87,2.994343,7.1485
MZI,114,88,0.488287,1.1657
MZI,113,89,-0.461959,-1.1028
MZI,112,90,-2.404415,-5.7401
MZI,111,91,0.801697,1.9139
MZI,110,92,0.992592,2.3696
MZI,109,93,1.787602,4.2676
MZI,108,94,2.453422,5.8571
MZI,107,95,2.946357,7.0339
MZI,106,96,2.971398,7.0937
MZI,105,97,3.009196,7.1839
MZI,104,98,3.052385,7.2870
MZI,103,99,3.090194,7.3773
MZI,102,100,3.117046,7.4414
MZI,101,101,3.128991,7.4699
MZI,100,102,3.136416,7.4876
MZI,99,103,-3.131367,-7.4756
MZI,98,104,-3.104417,-7.4112
MZI,97,105,-3.067001,-7.3219
MZI,96,106,-3.020667,-7.2113
MZI,95,107,-2.966280,-7.0815
MZI,94,108,-2.904269,-6.9334
MZI,93,109,-2.837574,-6.7742
MZI,92,110,-2.782571,-6.6429
MZI,91,111,-2.717914,-6.4885
MZI,90,112,-2.637544,-6.2967
MZI,89,113,-2.565206,-6.1240
MZI,88,114,-2.502259,-5.9737
MZI,87,115,-2.434587,-5.8121
MZI,86,116,-2.371910,-5.6625
MZI,85,117,-2.315397,-5.5276
MZI,84,118,-2.261131,-5.3981
MZI,83,119,-2.207564,-5.2702
MZI,82,120,-2.166605,-5.1724
MZI,81,121,-2.125043,-5.0732
MZI,80,122,-2.066542,-4.9335
MZI,79,123,-2.015773,-4.8123
MZI,78,124,-1.998503,-4.7711
MZI,77,125,-1.971130,-4.7057
MZI,76,126,-1.937301,-4.6250
MZI,75,127,-1.901457,-4.5394
MZI,126,78,2.883478,6.8838
MZI,125,79,-2.408542,-5.7500
MZI,124,80,-2.820698,-6.7339
MZI,123,81,-1.299397,-3.1021
MZI,122,82,-2.457919,-5.8678
MZI,121,83,2.201866,5.2566
MZI,120,84,0.582234,1.3900
MZI,119,85,1.820741,4.3467
MZI,118,86,-0.424818,-1.0142
MZI,117,87,1.355538,3.2361
MZI,116,88,-0.123222,-0.2942
MZI,115,89,-0.689786,-1.6467
MZI,114,90,0.403469,0.9632
MZI,113,91,0.432504,1.0325
MZI,112,92,-2.229183,-5.3218
MZI,111,93,-0.002150,-0.0051
MZI,110,94,0.066124,0.1579
MZI,109,95,0.293768,0.7013
MZI,108,96,0.196952,0.4702
MZI,107,97,0.201657,0.4814
MZI,106,98,0.237502,0.5670
MZI,105,99,0.271551,0.6483
MZI,104,100,0.299586,0.7152
MZI,103,101,0.319501,0.7628
MZI,102,102,0.328709,0.7847
MZI,101,103,0.333312,0.7957
MZI,100,104,0.340837,0.8137
MZI,99,105,0.353125,0.8430
MZI,98,106,0.369755,0.8827
MZI,97,107,0.391069,0.9336
MZI,96,108,0.417623,0.9970
MZI,95,109,0.447932,1.0694
MZI,94,110,0.477079,1.1389
MZI,93,111,0.488475,1.1661
MZI,92,112,0.507762,1.2122
MZI,91,113,0.544902,1.3009
MZI,90,114,0.571131,1.3635
MZI,89,115,0.585081,1.3968
MZI,88,116,0.602759,1.4390
MZI,87,117,0.616219,1.4711
MZI,86,118,0.624899,1.4918
MZI,85,119,0.632704,1.5105
MZI,84,120,0.644323,1.5382
MZI,83,121,0.642040,1.5328
MZI,82,122,0.641825,1.5322
MZI,81,123,0.665341,1.5884
MZI,80,124,0.681547,1.6271
MZI,79,125,0.656686,1.5677
MZI,78,126,0.647736,1.5464
MZI,77,127,0.644795,1.5393
MZI,126,80,2.741130,6.5440
MZI,125,81,2.129181,5.0830
MZI,124,82,-1.305058,-3.1156
MZI,123,83,-1.128875,-2.6950
MZI,122,84,2.299334,5.4893
MZI,121,85,-0.114554,-0.2735
MZI,120,86,-1.999876,-4.7744
MZI,119,87,-0.290467,-0.6934
MZI,118,88,0.245950,0.5872
MZI,117,89,-0.027640,-0.0660
MZI,116,90,-1.024955,-2.4469
MZI,115,91,-2.273658,-5.4280
MZI,114,92,-0.967311,-2.3093
MZI,113,93,0.299165,0.7142
MZI,112,94,-1.158693,-2.7662
MZI,111,95,-1.038435,-2.4791
MZI,110,96,-0.635617,-1.5174
MZI,109,97,-0.458452,-1.0945
MZI,108,98,-0.436325,-1.0416
MZI,107,99,-0.398308,-0.9509
MZI,106,100,-0.361484,-0.8630
MZI,105,101,-0.330552,-0.7891
MZI,104,102,-0.308533,-0.7366
MZI,103,103,-0.298436,-0.7125
MZI,102,104,-0.293172,-0.6999
MZI,101,105,-0.283858,-0.6777
MZI,100,106,-0.267855,-0.6395
MZI,99,107,-0.245183,-0.5853
MZI,98,108,-0.215218,-0.5138
MZI,97,109,-0.177194,-0.4230
MZI,96,110,-0.132820,-0.3171
MZI,95,111,-0.088267,-0.2107
MZI,94,112,-0.062087,-0.1482
MZI,93,113,-0.027669,-0.0661
MZI,92,114,0.025348,0.0605
MZI,91,115,0.065613,0.1566
MZI,90,116,0.092686,0.2213
MZI,89,117,0.123460,0.2947
MZI,88,118,0.149645,0.3573
MZI,87,119,0.170674,0.4075
MZI,86,120,0.188122,0.4491
MZI,85,121,0.211697,0.5054
MZI,84,122,0.219151,0.5232
MZI,83,123,0.227012,0.5420
MZI,82,124,0.263986,0.6302
MZI,81,125,0.293689,0.7011
MZI,80,126,0.269000,0.6422
MZI,79,127,0.264747,0.6320
MZI,126,82,1.769121,4.2235
MZI,125,83,-1.886482,-4.5036
MZI,124,84,-0.328015,-0.7831
MZI,123,85,3.054868,7.2930
MZI,122,86,-2.645076,-6.3147
MZI,121,87,-2.594424,-6.1937
MZI,120,88,-2.526157,-6.0308
MZI,119,89,3.024679,7.2209
MZI,118,90,-2.475657,-5.9102
MZI,117,91,-2.522858,-6.0229
MZI,116,92,-0.658240,-1.5714
MZI,115,93,-2.428636,-5.7979
MZI,114,94,-2.444400,-5.8356
MZI,113,95,-2.687512,-6.4160
MZI,112,96,-2.653826,-6.3355
MZI,111,97,-2.518897,-6.0134
MZI,110,98,-2.554713,-6.0989
MZI,109,99,-2.512271,-5.9976
MZI,108,100,-2.464607,-5.8838
MZI,107,101,-2.422044,-5.7822
MZI,106,102,-2.387517,-5.6998
MZI,105,103,-2.363396,-5.6422
MZI,104,104,-2.352403,-5.6159
MZI,103,105,-2.346831,-5.6026
MZI,102,106,-2.337225,-5.5797
MZI,101,107,-2.320855,-5.5406
MZI,100,108,-2.297682,-5.4853
MZI,99,109,-2.266589,-5.4111
MZI,98,110,-2.226297,-5.3149
MZI,97,111,-2.179161,-5.2024
MZI,96,112,-2.133078,-5.0923
MZI,95,113,-2.107830,-5.0321
MZI,94,114,-2.074091,-4.9515
MZI,93,115,-2.021101,-4.8250
MZI,92,116,-1.983890,-4.7362
MZI,91,117,-1.961106,-4.6818
MZI,90,118,-1.934663,-4.6187
MZI,89,119,-1.912496,-4.5657
MZI,88,120,-1.894971,-4.5239
MZI,87,121,-1.883442,-4.4964
MZI,86,122,-1.861795,-4.4447
MZI,85,123,-1.858042,-4.4357
MZI,84,124,-1.854743,-4.4279
MZI,83,125,-1.813637,-4.3297
MZI,82,126,-1.776648,-4.2414
MZI,81,127,-1.811918,-4.3256
MZI,126,84,0.679685,1.6226
MZI,125,85,1.614494,3.8543
MZI,124,86,-1.163867,-2.7785
MZI,123,87,2.019796,4.8219
MZI,122,88,1.657686,3.9574
MZI,121,89,1.070093,2.5547
MZI,120,90,1.953897,4.6646
MZI,119,91,0.368013,0.8786
MZI,118,92,2.681941,6.4027
MZI,117,93,2.219521,5.2987
MZI,116,94,-0.621346,-1.4834
MZI,115,95,0.505183,1.2060
MZI,114,96,0.094466,0.2255
MZI,113,97,1.335168,3.1875
MZI,112,98,2.119450,5.0598
MZI,111,99,1.708987,4.0799
MZI,110,100,1.724460,4.1168
MZI,109,101,1.773771,4.2346
MZI,108,102,1.823753,4.3539
MZI,107,103,1.865489,4.4535
MZI,106,104,1.894233,4.5221
MZI,105,105,1.906772,4.5521
MZI,104,106,1.914567,4.5707
MZI,103,107,1.931409,4.6109
MZI,102,108,1.962124,4.6842
MZI,101,109,2.007380,4.7923
MZI,100,110,2.068260,4.9376
MZI,99,111,2.144679,5.1200
MZI,98,112,2.231208,5.3266
MZI,97,113,2.316100,5.5293
MZI,96,114,2.378447,5.6781
MZI,95,115,2.446198,5.8399
MZI,94,116,2.531311,6.0431
MZI,93,117,2.599105,6.2049
MZI,92,118,2.652891,6.3333
MZI,91,119,2.709807,6.4692
MZI,90,120,2.761641,6.5929
MZI,89,121,2.808020,6.7037
MZI,88,122,2.842380,6.7857
MZI,87,123,2.890656,6.9009
MZI,86,124,2.918389,6.9671
MZI,85,125,2.942047,7.0236
MZI,84,126,3.018237,7.2055
MZI,83,127,3.111238,7.4275
MZI,126,86,1.023090,2.4424
MZI,125,87,1.210262,2.8893
MZI,124,88,1.293992,3.0892
MZI,123,89,-0.026933,-0.0643
MZI,122,90,2.937479,7.0127
MZI,121,91,0.456927,1.0908
MZI,120,92,2.952655,7.0489
MZI,119,93,-1.855716,-4.4302
MZI,118,94,-0.725642,-1.7323
MZI,117,95,-0.203712,-0.4863
MZI,116,96,-0.864912,-2.0648
MZI,115,97,-0.262394,-0.6264
MZI,114,98,-0.234966,-0.5609
MZI,113,99,-0.575591,-1.3741
MZI,112,100,-0.370500,-0.8845
MZI,111,101,-0.331813,-0.7921
MZI,110,102,-0.301016,-0.7186
MZI,109,103,-0.270691,-0.6462
MZI,108,104,-0.244113,-0.5828
MZI,107,105,-0.224727,-0.5365
MZI,106,106,-0.215545,-0.5146
MZI,105,107,-0.211612,-0.5052
MZI,104,108,-0.205860,-0.4915
MZI,103,109,-0.195251,-0.4661
MZI,102,110,-0.178073,-0.4251
MZI,101,111,-0.152189,-0.3633
MZI,100,112,-0.117723,-0.2810
MZI,99,113,-0.081063,-0.1935
MZI,98,114,-0.053062,-0.1267
MZI,97,115,-0.051574,-0.1231
MZI,96,116,-0.044814,-0.1070
MZI,95,117,-0.017075,-0.0408
MZI,94,118,-0.007694,-0.0184
MZI,93,119,-0.015161,-0.0362
MZI,92,120,-0.022576,-0.0539
MZI,91,121,-0.036321,-0.0867
MZI,90,122,-0.057238,-0.1366
MZI,89,123,-0.097706,-0.2333
MZI,88,124,-0.121610,-0.2903
MZI,87,125,-0.176508,-0.4214
MZI,86,126,-0.248606,-0.5935
MZI,85,127,-0.259339,-0.6191
MZI,126,88,1.367485,3.2646
MZI,125,89,-2.099672,-5.0126
MZI,124,90,-1.886472,-4.5036
MZI,123,91,1.093144,2.6097
MZI,122,92,1.656529,3.9547
MZI,121,93,1.177555,2.8112
MZI,120,94,1.948212,4.6510
MZI,119,95,1.029967,2.4589
MZI,118,96,0.706027,1.6855
MZI,117,97,-1.096903,-2.6187
MZI,116,98,-0.214147,-0.5112
MZI,115,99,-0.686852,-1.6397
MZI,114,100,-0.631231,-1.5070
MZI,113,101,-0.357614,-0.8537
MZI,112,102,-0.272886,-0.6515
MZI,111,103,-0.185398,-0.4426
MZI,110,104,-0.105745,-0.2524
MZI,109,105,-0.043297,-0.1034
MZI,108,106,-0.002402,-0.0057
MZI,107,107,0.014836,0.0354
MZI,106,108,0.025821,0.0616
MZI,105,109,0.050723,0.1211
MZI,104,110,0.097011,0.2316
MZI,103,111,0.164744,0.3933
MZI,102,112,0.251530,0.6005
MZI,101,113,0.350048,0.8357
MZI,100,114,0.445474,1.0635
MZI,99,115,0.521487,1.2450
MZI,98,116,0.560377,1.3378
MZI,97,117,0.601203,1.4353
MZI,96,118,0.663247,1.5834
MZI,95,119,0.701919,1.6757
MZI,94,120,0.721625,1.7228
MZI,93,121,0.741520,1.7702
MZI,92,122,0.754106,1.8003
MZI,91,123,0.758526,1.8108
MZI,90,124,0.731880,1.7472
MZI,89,125,0.727333,1.7364
MZI,88,126,0.683752,1.6323
MZI,87,127,0.597749,1.4270
MZI,126,90,-2.146058,-5.1233
MZI,125,91,-1.438497,-3.4342
MZI,124,92,1.706413,4.0738
MZI,123,93,1.465765,3.4993
MZI,122,94,1.533843,3.6618
MZI,121,95,-0.753657,-1.7992
MZI,120,96,2.760200,6.5895
MZI,119,97,2.774501,6.6236
MZI,118,98,-2.571684,-6.1394
MZI,117,99,-2.910373,-6.9480
MZI,116,100,-2.254870,-5.3831
MZI,115,101,-1.915363,-4.5726
MZI,114,102,-1.910328,-4.5606
MZI,113,103,-1.784484,-4.2601
MZI,112,104,-1.650549,-3.9404
MZI,111,105,-1.538197,-3.6722
MZI,110,106,-1.456287,-3.4766
MZI,109,107,-1.405455,-3.3553
MZI,108,108,-1.384720,-3.3058
MZI,107,109,-1.371352,-3.2739
MZI,106,110,-1.340757,-3.2008
MZI,105,111,-1.285536,-3.0690
MZI,104,112,-1.209741,-2.8880
MZI,103,113,-1.121930,-2.6784
MZI,102,114,-1.035041,-2.4710
MZI,101,115,-0.964155,-2.3017
MZI,100,116,-0.916950,-2.1891
MZI,99,117,-0.900950,-2.1509
MZI,98,118,-0.871866,-2.0814
MZI,97,119,-0.808675,-1.9306
MZI,96,120,-0.762773,-1.8210
MZI,95,121,-0.726536,-1.7345
MZI,94,122,-0.679640,-1.6225
MZI,93,123,-0.629397,-1.5026
MZI,92,124,-0.575818,-1.3747
MZI,91,125,-0.556898,-1.3295
MZI,90,126,-0.486634,-1.1618
MZI,89,127,-0.433917,-1.0359
MZI,126,92,1.938719,4.6284
MZI,125,93,-0.578079,-1.3801
MZI,124,94,-2.625806,-6.2687
MZI,123,95,-0.138712,-0.3312
MZI,122,96,-1.155829,-2.7593
MZI,121,97,-2.249122,-5.3694
MZI,120,98,-1.596058,-3.8103
MZI,119,99,-1.656631,-3.9549
MZI,118,100,-0.718532,-1.7154
MZI,117,101,-1.574463,-3.7588
MZI,116,102,-1.521316,-3.6319
MZI,115,103,-1.185879,-2.8311
MZI,114,104,-0.981575,-2.3433
MZI,113,105,-0.824304,-1.9679
MZI,112,106,-0.720835,-1.7209
MZI,111,107,-0.657943,-1.5707
MZI,110,108,-0.622442,-1.4860
MZI,109,109,-0.607733,-1.4509
MZI,108,110,-0.601235,-1.4353
MZI,107,111,-0.591095,-1.4111
MZI,106,112,-0.575839,-1.3747
MZI,105,113,-0.559729,-1.3363
MZI,104,114,-0.546626,-1.3050
MZI,103,115,-0.539845,-1.2888
MZI,102,116,-0.543265,-1.2969
MZI,101,117,-0.557694,-1.3314
MZI,100,118,-0.592195,-1.4138
MZI,99,119,-0.609759,-1.4557
MZI,98,120,-0.588342,-1.4046
MZI,97,121,-0.582211,-1.3899
MZI,96,122,-0.584387,-1.3951
MZI,95,123,-0.575713,-1.3744
MZI,94,124,-0.562999,-1.3441
MZI,93,125,-0.547252,-1.3065
MZI,92,126,-0.589735,-1.4079
MZI,91,127,-0.563049,-1.3442
MZI,126,94,-0.643295,-1.5358
MZI,125,95,-0.195196,-0.4660
MZI,124,96,2.545347,6.0766
MZI,123,97,-1.794037,-4.2829
MZI,122,98,0.919900,2.1961
MZI,121,99,-0.556206,-1.3278
MZI,120,100,-0.097395,-0.2325
MZI,119,101,-1.883448,-4.4964
MZI,118,102,0.656656,1.5676
MZI,117,103,-2.574537,-6.1463
MZI,116,104,2.403030,5.7368
MZI,115,105,2.415291,5.7661
MZI,114,106,2.418774,5.7744
MZI,113,107,2.424199,5.7873
MZI,112,108,2.432816,5.8079
MZI,111,109,2.441454,5.8285
MZI,110,110,2.446499,5.8406
MZI,109,111,2.447583,5.8432
MZI,108,112,2.447595,5.8432
MZI,107,113,2.449902,5.8487
MZI,106,114,2.456943,5.8655
MZI,105,115,2.468096,5.8921
MZI,104,116,2.477219,5.9139
MZI,103,117,2.474084,5.9064
MZI,102,118,2.454762,5.8603
MZI,101,119,2.411354,5.7567
MZI,100,120,2.383962,5.6913
MZI,99,121,2.399582,5.7286
MZI,98,122,2.402028,5.7344
MZI,97,123,2.401186,5.7324
MZI,96,124,2.415674,5.7670
MZI,95,125,2.435785,5.8150
MZI,94,126,2.459559,5.8718
MZI,93,127,2.373714,5.6668
MZI,126,96,0.820519,1.9588
MZI,125,97,1.002734,2.3939
MZI,124,98,-1.656891,-3.9555
MZI,123,99,0.400938,0.9572
MZI,122,100,-0.418877,-1.0000
MZI,121,101,2.329774,5.5619
MZI,120,102,0.106292,0.2538
MZI,119,103,-0.138203,-0.3299
MZI,118,104,-2.004820,-4.7862
MZI,117,105,-1.565763,-3.7380
MZI,116,106,-1.680229,-4.0113
MZI,115,107,-1.717126,-4.0993
MZI,114,108,-1.702425,-4.0642
MZI,113,109,-1.642851,-3.9220
MZI,112,110,-1.566153,-3.7389
MZI,111,111,-1.530412,-3.6536
MZI,110,112,-1.454002,-3.4712
MZI,109,113,-1.069374,-2.5529
MZI,108,114,0.005647,0.0135
MZI,107,115,0.544830,1.3007
MZI,106,116,0.698052,1.6665
MZI,105,117,0.758701,1.8113
MZI,104,118,0.798920,1.9073
MZI,103,119,0.846068,2.0198
MZI,102,120,0.896497,2.1402
MZI,101,121,0.980349,2.3404
MZI,100,122,1.113088,2.6573
MZI,99,123,1.230100,2.9366
MZI,98,124,1.349301,3.2212
MZI,97,125,1.484340,3.5436
MZI,96,126,1.627829,3.8862
MZI,95,127,1.806448,4.3126
MZI,126,98,0.096229,0.2297
MZI,125,99,-0.423315,-1.0106
MZI,124,100,-2.160508,-5.1578
MZI,123,101,0.769856,1.8379
MZI,122,102,-1.963021,-4.6864
MZI,121,103,-0.095364,-0.2277
MZI,120,104,1.860926,4.4426
MZI,119,105,2.868052,6.8470
MZI,118,106,2.481748,5.9247
MZI,117,107,2.405200,5.7420
MZI,116,108,2.367908,5.6530
MZI,115,109,2.322821,5.5453
MZI,114,110,2.252617,5.3777
MZI,113,111,2.175969,5.1947
MZI,112,112,2.143945,5.1183
MZI,111,113,2.063129,4.9254
MZI,110,114,1.658336,3.9590
MZI,109,115,0.546339,1.3043
MZI,108,116,-0.042320,-0.1010
MZI,107,117,-0.249892,-0.5966
MZI,106,118,-0.362829,-0.8662
MZI,105,119,-0.450541,-1.0756
MZI,104,120,-0.532666,-1.2716
MZI,103,121,-0.625544,-1.4934
MZI,102,122,-0.701188,-1.6740
MZI,101,123,-0.721070,-1.7214
MZI,100,124,-0.756869,-1.8069
MZI,99,125,-0.797055,-1.9028
MZI,98,126,-0.831072,-1.9840
MZI,97,127,-0.866077,-2.0676
MZI,126,100,0.651006,1.5542
MZI,125,101,1.635525,3.9045
MZI,124,102,-2.939467,-7.0175
MZI,123,103,-2.238988,-5.3452
MZI,122,104,-0.592654,-1.4149
MZI,121,105,0.340340,0.8125
MZI,120,106,-2.242275,-5.3530
MZI,119,107,-1.937333,-4.6250
MZI,118,108,-1.897075,-4.5289
MZI,117,109,-1.858451,-4.4367
MZI,116,110,-1.818428,-4.3412
MZI,115,111,-1.785243,-4.2620
MZI,114,112,-1.762702,-4.2081
MZI,113,113,-1.752780,-4.1845
MZI,112,114,-1.747108,-4.1709
MZI,111,115,-1.735329,-4.1428
MZI,110,116,-1.714447,-4.0929
MZI,109,117,-1.687166,-4.0278
MZI,108,118,-1.659247,-3.9612
MZI,107,119,-1.639576,-3.9142
MZI,106,120,-1.635929,-3.9055
MZI,105,121,-1.642572,-3.9214
MZI,104,122,-1.670269,-3.9875
MZI,103,123,-1.686745,-4.0268
MZI,102,124,-1.648334,-3.9351
MZI,101,125,-1.645810,-3.9291
MZI,100,126,-1.652170,-3.9443
MZI,99,127,-1.649979,-3.9390
MZI,126,102,-1.750287,-4.1785
MZI,125,103,-1.995272,-4.7634
MZI,124,104,1.930656,4.6091
MZI,123,105,3.000703,7.1637
MZI,122,106,1.492164,3.5623
MZI,121,107,-2.738622,-6.5380
MZI,120,108,-2.910451,-6.9482
MZI,119,109,-2.893673,-6.9081
MZI,118,110,-2.841148,-6.7827
MZI,117,111,-2.788008,-6.6559
MZI,116,112,-2.746888,-6.5577
MZI,115,113,-2.719668,-6.4927
MZI,114,114,-2.707301,-6.4632
MZI,113,115,-2.701915,-6.4503
MZI,112,116,-2.693791,-6.4310
MZI,111,117,-2.681436,-6.4015
MZI,110,118,-2.670146,-6.3745
MZI,109,119,-2.667685,-6.3686
MZI,108,120,-2.680348,-6.3989
MZI,107,121,-2.705146,-6.4581
MZI,106,122,-2.723248,-6.5013
MZI,105,123,-2.752648,-6.5715
MZI,104,124,-2.769855,-6.6125
MZI,103,125,-2.718559,-6.4901
MZI,102,126,-2.721573,-6.4973
MZI,101,127,-2.734082,-6.5271
MZI,126,104,-1.129966,-2.6976
MZI,125,105,2.817013,6.7251
MZI,124,106,-2.514702,-6.0034
MZI,123,107,0.772154,1.8434
MZI,122,108,2.298269,5.4867
MZI,121,109,2.033974,4.8558
MZI,120,110,1.816368,4.3363
MZI,119,111,1.707444,4.0762
MZI,118,112,1.666683,3.9789
MZI,117,113,1.653769,3.9481
MZI,116,114,1.653087,3.9465
MZI,115,115,1.656215,3.9539
MZI,114,116,1.652427,3.9449
MZI,113,117,1.634113,3.9012
MZI,112,118,1.598143,3.8153
MZI,111,119,1.546934,3.6930
MZI,110,120,1.489913,3.5569
MZI,109,121,1.442552,3.4438
MZI,108,122,1.421105,3.3926
MZI,107,123,1.434943,3.4257
MZI,106,124,1.436323,3.4290
MZI,105,125,1.432157,3.4190
MZI,104,126,1.511536,3.6085
MZI,103,127,1.509951,3.6047
MZI,126,106,-0.127702,-0.3049
MZI,125,107,-0.541458,-1.2926
MZI,124,108,2.767343,6.6065
MZI,123,109,0.006680,0.0159
MZI,122,110,0.480287,1.1466
MZI,121,111,0.823121,1.9651
MZI,120,112,1.186963,2.8337
MZI,119,113,1.447244,3.4550
MZI,118,114,1.610092,3.8438
MZI,117,115,1.700841,4.0605
MZI,116,116,1.735667,4.1436
MZI,115,117,1.758445,4.1980
MZI,114,118,1.813977,4.3306
MZI,113,119,1.919849,4.5833
MZI,112,120,2.071976,4.9465
MZI,111,121,2.254901,5.3832
MZI,110,122,2.446104,5.8396
MZI,109,123,2.624888,6.2665
MZI,108,124,2.779552,6.6357
MZI,107,125,2.859214,6.8259
MZI,106,126,2.878020,6.8708
MZI,105,127,3.035374,7.2464
MZI,126,108,-1.129266,-2.6959
MZI,125,109,-1.853574,-4.4251
MZI,124,110,-0.066142,-0.1579
MZI,123,111,-1.233138,-2.9439
MZI,122,112,-1.143269,-2.7294
MZI,121,113,-0.932566,-2.2263
MZI,120,114,-0.815084,-1.9459
MZI,119,115,-0.755631,-1.8039
MZI,118,116,-0.723193,-1.7265
MZI,117,117,-0.708567,-1.6916
MZI,116,118,-0.703910,-1.6805
MZI,115,119,-0.699904,-1.6709
MZI,114,120,-0.695563,-1.6605
MZI,113,121,-0.698056,-1.6665
MZI,112,122,-0.715468,-1.7081
MZI,111,123,-0.752105,-1.7955
MZI,110,124,-0.807764,-1.9284
MZI,109,125,-0.877401,-2.0946
MZI,108,126,-1.031432,-2.4624
MZI,107,127,-1.286233,-3.0707
MZI,126,110,1.545659,3.6900
MZI,125,111,-2.510205,-5.9927
MZI,124,112,-1.278803,-3.0529
MZI,123,113,-0.345656,-0.8252
MZI,122,114,0.267331,0.6382
MZI,121,115,0.450181,1.0747
MZI,120,116,0.506452,1.2091
MZI,119,117,0.534437,1.2759
MZI,118,118,0.548080,1.3084
MZI,117,119,0.550732,1.3148
MZI,116,120,0.549216,1.3112
MZI,115,121,0.548135,1.3086
MZI,114,122,0.550082,1.3132
MZI,113,123,0.560125,1.3372
MZI,112,124,0.585249,1.3972
MZI,111,125,0.632663,1.5104
MZI,110,126,0.712382,1.7007
MZI,109,127,0.764095,1.8241
MZI,126,112,1.230100,2.9366
MZI,125,113,2.342201,5.5916
MZI,124,114,-2.888425,-6.8956
MZI,123,115,-3.138330,-7.4922
MZI,122,116,2.991253,7.1411
MZI,121,117,2.953648,7.0513
MZI,120,118,2.951129,7.0453
MZI,119,119,2.955651,7.0561
MZI,118,120,2.953876,7.0519
MZI,117,121,2.943042,7.0260
MZI,116,122,2.926357,6.9862
MZI,115,123,2.909652,6.9463
MZI,114,124,2.898926,6.9207
MZI,113,125,2.898226,6.9190
MZI,112,126,2.911392,6.9504
MZI,111,127,2.955496,7.0557
MZI,126,114,-0.611393,-1.4596
MZI,125,115,-2.056105,-4.9086
MZI,124,116,-2.431181,-5.8040
MZI,123,117,-2.488647,-5.9412
MZI,122,118,-2.487791,-5.9392
MZI,121,119,-2.473858,-5.9059
MZI,120,120,-2.463379,-5.8809
MZI,119,121,-2.462138,-5.8779
MZI,118,122,-2.468424,-5.8929
MZI,117,123,-2.481702,-5.9246
MZI,116,124,-2.503327,-5.9763
MZI,115,125,-2.533588,-6.0485
MZI,114,126,-2.571953,-6.1401
MZI,113,127,-2.617337,-6.2484
MZI,126,116,0.086681,0.2069
MZI,125,117,0.142945,0.3413
MZI,124,118,0.196228,0.4685
MZI,123,119,0.242279,0.5784
MZI,122,120,0.277653,0.6628
MZI,121,121,0.296630,0.7082
MZI,120,122,0.301189,0.7190
MZI,119,123,0.300323,0.7170
MZI,118,124,0.298711,0.7131
MZI,117,125,0.296466,0.7078
MZI,116,126,0.293801,0.7014
MZI,115,127,0.290906,0.6945
MZI,126,118,0.067504,0.1612
MZI,125,119,0.128795,0.3075
MZI,124,120,0.180940,0.4320
MZI,123,121,0.220827,0.5272
MZI,122,122,0.242217,0.5782
MZI,121,123,0.247717,0.5914
MZI,120,124,0.247776,0.5915
MZI,119,125,0.247879,0.5918
MZI,118,126,0.248007,0.5921
MZI,117,127,0.248139,0.5924
MZI,126,120,0.066540,0.1589
MZI,125,121,0.123937,0.2959
MZI,124,122,0.168484,0.4022
MZI,123,123,0.192745,0.4601
MZI,122,124,0.199103,0.4753
MZI,121,125,0.199102,0.4753
MZI,120,126,0.199100,0.4753
MZI,119,127,0.199099,0.4753
MZI,126,122,0.064146,0.1531
MZI,125,123,0.114901,0.2743
MZI,124,124,0.143145,0.3417
MZI,123,125,0.150789,0.3600
MZI,122,126,0.150789,0.3600
MZI,121,127,0.150789,0.3600
MZI,126,124,0.059275,0.1415
MZI,125,125,0.093387,0.2229
MZI,124,126,0.103099,0.2461
MZI,123,127,0.103099,0.2461
MZI,126,126,0.043636,0.1042
MZI,125,127,0.057278,0.1367
OUT,0,,-3.141593,-7.5000
OUT,1,,-1.497165,-3.5742
OUT,2,,1.718058,4.1016
OUT,3,,1.902131,4.5410
OUT,4,,-1.116744,-2.6660
OUT,5,,-0.828368,-1.9776
OUT,6,,2.485031,5.9326
OUT,7,,2.873622,6.8603
OUT,8,,-0.047077,-0.1124
OUT,9,,0.440683,1.0521
OUT,10,,-2.430959,-5.8035
OUT,11,,-1.845449,-4.4057
OUT,12,,1.616629,3.8594
OUT,13,,2.376184,5.6727
OUT,14,,-0.414312,-0.9891
OUT,15,,3.006035,7.1764
OUT,16,,0.316330,0.7552
OUT,17,,1.803437,4.3054
OUT,18,,-0.869371,-2.0755
OUT,19,,-0.440385,-1.0513
OUT,20,,-3.022746,-7.2163
OUT,21,,-0.819683,-1.9568
OUT,22,,2.927635,6.9892
OUT,23,,-1.244260,-2.9705
OUT,24,,2.515850,6.0061
OUT,25,,0.363156,0.8670
OUT,26,,-2.109886,-5.0370
OUT,27,,-0.096509,-0.2304
OUT,28,,-2.341098,-5.5890
OUT,29,,0.221246,0.5282
OUT,30,,-2.118283,-5.0570
OUT,31,,2.127260,5.0785
OUT,32,,-0.191896,-0.4581
OUT,33,,2.282176,5.4483
OUT,34,,0.016811,0.0401
OUT,35,,2.224571,5.3108
OUT,36,,-0.108722,-0.2596
OUT,37,,0.604744,1.4437
OUT,38,,-1.561100,-3.7269
OUT,39,,1.665092,3.9751
OUT,40,,-0.438596,-1.0471
OUT,41,,-2.857672,-6.8222
OUT,42,,1.373998,3.2802
OUT,43,,-1.575766,-3.7619
OUT,44,,2.653280,6.3342
OUT,45,,2.265537,5.4086
OUT,46,,0.335054,0.7999
OUT,47,,0.237339,0.5666
OUT,48,,-1.718976,-4.1038
OUT,49,,1.249535,2.9830
OUT,50,,-0.767528,-1.8323
OUT,51,,0.999377,2.3858
OUT,52,,-0.875022,-2.0890
OUT,53,,-0.386585,-0.9229
OUT,54,,-2.146909,-5.1254
OUT,55,,2.924315,6.9813
OUT,56,,1.173439,2.8014
OUT,57,,-1.550818,-3.7023
OUT,58,,3.056664,7.2972
OUT,59,,2.718142,6.4891
OUT,60,,1.099592,2.6251
OUT,61,,-2.236626,-5.3396
OUT,62,,2.534742,6.0513
OUT,63,,0.610226,1.4568
OUT,64,,-0.919935,-2.1962
OUT,65,,-2.717843,-6.4884
OUT,66,,2.085236,4.9781
OUT,67,,1.855617,4.4300
OUT,68,,0.407727,0.9734
OUT,69,,-2.827355,-6.7498
OUT,70,,2.053850,4.9032
OUT,71,,-0.445282,-1.0630
OUT,72,,-1.771476,-4.2291
OUT,73,,-2.597926,-6.2021
OUT,74,,2.395715,5.7193
OUT,75,,3.035864,7.2476
OUT,76,,1.821071,4.3475
OUT,77,,-0.032371,-0.0773
OUT,78,,-1.234621,-2.9474
OUT,79,,-2.689684,-6.4211
OUT,80,,2.419392,5.7759
OUT,81,,3.081012,7.3554
OUT,82,,1.952047,4.6602
OUT,83,,-2.215862,-5.2900
OUT,84,,3.097450,7.3946
OUT,85,,2.354564,5.6211
OUT,86,,1.314305,3.1377
OUT,87,,-0.354626,-0.8466
OUT,88,,-1.466200,-3.5003
OUT,89,,-2.063747,-4.9268
OUT,90,,-2.992586,-7.1443
OUT,91,,2.957363,7.0602
OUT,92,,2.088300,4.9854
OUT,93,,-1.163701,-2.7781
OUT,94,,-2.050917,-4.8962
OUT,95,,1.662001,3.9677
OUT,96,,1.085297,2.5910
OUT,97,,1.345593,3.2124
OUT,98,,0.700799,1.6730
OUT,99,,1.706548,4.0741
OUT,100,,1.063811,2.5397
OUT,101,,-3.129031,-7.4700
OUT,102,,2.508800,5.9893
OUT,103,,0.369951,0.8832
OUT,104,,-0.244128,-0.5828
OUT,105,,2.423017,5.7845
OUT,106,,1.942008,4.6362
OUT,107,,2.647556,6.3206
OUT,108,,1.904002,4.5455
OUT,109,,0.568774,1.3578
OUT,110,,0.161980,0.3867
OUT,111,,-3.128659,-7.4691
OUT,112,,2.878561,6.8721
OUT,113,,-1.069785,-2.5539
OUT,114,,-1.384533,-3.3053
OUT,115,,-1.966934,-4.6957
OUT,116,,-2.237023,-5.3405
OUT,117,,-2.730720,-6.5191
OUT,118,,-2.951614,-7.0465
OUT,119,,2.936124,7.0095
OUT,120,,2.764318,6.5993
OUT,121,,2.466267,5.8878
OUT,122,,2.343549,5.5948
OUT,123,,2.142275,5.1143
OUT,124,,2.068644,4.9385
OUT,125,,1.962279,4.6846
OUT,126,,1.937735,4.6260
OUT,127,,1.913191,4.5674
