type,rail_or_j,col,phi_rad,V
MZI,0,0,-0.024544,-0.0586
MZI,2,0,-0.049087,-0.1172
MZI,1,1,-0.085903,-0.2051
MZI,0,2,-0.104311,-0.2490
MZI,4,0,-0.073631,-0.1758
MZI,3,1,-0.134990,-0.3223
MZI,2,2,-0.134990,-0.3223
MZI,1,3,-0.147736,-0.3527
MZI,0,4,-0.174875,-0.4175
MZI,6,0,-0.098175,-0.2344
MZI,5,1,-0.184078,-0.4395
MZI,4,2,-0.184077,-0.4395
MZI,3,3,-0.184077,-0.4395
MZI,2,4,-0.193983,-0.4631
MZI,1,5,-0.216369,-0.5165
MZI,0,6,-0.247484,-0.5908
MZI,8,0,-0.122748,-0.2930
MZI,7,1,-0.233208,-0.5567
MZI,6,2,-0.233216,-0.5568
MZI,5,3,-0.233220,-0.5568
MZI,4,4,-0.233222,-0.5568
MZI,3,5,-0.241397,-0.5763
MZI,2,6,-0.260555,-0.6220
MZI,1,7,-0.287907,-0.6873
MZI,0,8,-0.320767,-0.7658
MZI,10,0,-0.096324,-0.2300
MZI,9,1,-0.205472,-0.4905
MZI,8,2,-0.187115,-0.4467
MZI,7,3,-0.174237,-0.4160
MZI,6,4,-0.166512,-0.3975
MZI,5,5,-0.163400,-0.3901
MZI,4,6,-0.168815,-0.4030
MZI,3,7,-0.180800,-0.4316
MZI,2,8,-0.192564,-0.4597
MZI,1,9,-0.189241,-0.4518
MZI,0,10,-0.061534,-0.1469
MZI,12,0,-0.184176,-0.4397
MZI,11,1,-0.334183,-0.7978
MZI,10,2,-0.386816,-0.9235
MZI,9,3,-0.416194,-0.9936
MZI,8,4,-0.436769,-1.0427
MZI,7,5,-0.449052,-1.0720
MZI,6,6,-0.453837,-1.0835
MZI,5,7,-0.461596,-1.1020
MZI,4,8,-0.481219,-1.1488
MZI,3,9,-0.515442,-1.2305
MZI,2,10,-0.570830,-1.3628
MZI,1,11,-0.692892,-1.6542
MZI,0,12,-1.028860,-2.4562
MZI,14,0,-0.121320,-0.2896
MZI,13,1,-0.245377,-0.5858
MZI,12,2,-0.153151,-0.3656
MZI,11,3,-0.063782,-0.1523
MZI,10,4,0.070129,0.1674
MZI,9,5,0.234612,0.5601
MZI,8,6,0.382713,0.9137
MZI,7,7,0.456383,1.0895
MZI,6,8,0.493633,1.1785
MZI,5,9,0.615772,1.4700
MZI,4,10,0.969975,2.3156
MZI,3,11,1.596154,3.8105
MZI,2,12,1.928132,4.6031
MZI,1,13,-1.707607,-4.0766
MZI,0,14,1.940876,4.6335
MZI,16,0,-0.594848,-1.4201
MZI,15,1,-0.742195,-1.7719
MZI,14,2,-0.771724,-1.8424
MZI,13,3,-0.795300,-1.8986
MZI,12,4,-0.881659,-2.1048
MZI,11,5,-1.028689,-2.4558
MZI,10,6,-1.222419,-2.9183
MZI,9,7,-1.397567,-3.3364
MZI,8,8,-1.483852,-3.5424
MZI,7,9,-1.534636,-3.6637
MZI,6,10,-1.693179,-4.0422
MZI,5,11,-2.124767,-5.0725
MZI,4,12,-2.930464,-6.9960
MZI,3,13,2.302295,5.4963
MZI,2,14,-0.680751,-1.6252
MZI,1,15,0.014359,0.0343
MZI,0,16,-2.601864,-6.2115
MZI,18,0,-0.084299,-0.2012
MZI,17,1,-0.111820,-0.2670
MZI,16,2,0.463668,1.1069
MZI,15,3,0.626793,1.4964
MZI,14,4,0.843087,2.0127
MZI,13,5,1.086053,2.5928
MZI,12,6,1.348916,3.2203
MZI,11,7,1.586215,3.7868
MZI,10,8,1.750563,4.1792
MZI,9,9,1.820691,4.3466
MZI,8,10,1.851389,4.4199
MZI,7,11,1.943712,4.6403
MZI,6,12,2.185265,5.2169
MZI,5,13,2.718580,6.4901
MZI,4,14,-2.486512,-5.9361
MZI,3,15,0.903980,2.1581
MZI,2,16,-0.659435,-1.5743
MZI,1,17,-1.600129,-3.8200
MZI,0,18,1.310791,3.1293
MZI,20,0,-0.209163,-0.4993
MZI,19,1,-0.349869,-0.8353
MZI,18,2,-0.352592,-0.8418
MZI,17,3,-0.414339,-0.9892
MZI,16,4,-0.491332,-1.1730
MZI,15,5,-0.613610,-1.4649
MZI,14,6,-0.783105,-1.8695
MZI,13,7,-0.948692,-2.2648
MZI,12,8,-1.073443,-2.5627
MZI,11,9,-1.143491,-2.7299
MZI,10,10,-1.168500,-2.7896
MZI,9,11,-1.179156,-2.8150
MZI,8,12,-1.205100,-2.8770
MZI,7,13,-1.246675,-2.9762
MZI,6,14,-1.263483,-3.0163
MZI,5,15,-1.262473,-3.0139
MZI,4,16,-1.383740,-3.3034
MZI,3,17,-2.128896,-5.0824
MZI,2,18,-1.958501,-4.6756
MZI,1,19,0.199460,0.4762
MZI,0,20,-2.651930,-6.3310
MZI,22,0,-0.297247,-0.7096
MZI,21,1,-0.576431,-1.3761
MZI,20,2,-0.618877,-1.4775
MZI,19,3,-0.752827,-1.7972
MZI,18,4,-0.981506,-2.3432
MZI,17,5,-1.273619,-3.0405
MZI,16,6,-1.954633,-4.6663
MZI,15,7,1.887323,4.5057
MZI,14,8,1.442055,3.4427
MZI,13,9,1.152733,2.7519
MZI,12,10,0.945051,2.2561
MZI,11,11,0.849272,2.0275
MZI,10,12,0.798878,1.9072
MZI,9,13,0.650050,1.5519
MZI,8,14,0.242905,0.5799
MZI,7,15,-1.623452,-3.8757
MZI,6,16,2.448418,5.8452
MZI,5,17,0.885681,2.1144
MZI,4,18,0.306882,0.7326
MZI,3,19,1.406928,3.3588
MZI,2,20,2.537283,6.0573
MZI,1,21,-0.676133,-1.6141
MZI,0,22,-2.364069,-5.6438
MZI,24,0,0.134143,0.3202
MZI,23,1,0.082504,0.1970
MZI,22,2,0.301252,0.7192
MZI,21,3,0.490503,1.1710
MZI,20,4,0.629713,1.5033
MZI,19,5,0.754073,1.8002
MZI,18,6,0.923247,2.2041
MZI,17,7,1.558414,3.7204
MZI,16,8,-1.217265,-2.9060
MZI,15,9,0.266581,0.6364
MZI,14,10,0.513177,1.2251
MZI,13,11,0.622519,1.4862
MZI,12,12,0.666319,1.5907
MZI,11,13,0.681788,1.6276
MZI,10,14,0.727000,1.7356
MZI,9,15,0.877292,2.0944
MZI,8,16,2.181423,5.2078
MZI,7,17,-2.593834,-6.1923
MZI,6,18,2.520402,6.0170
MZI,5,19,1.947820,4.6501
MZI,4,20,-0.465315,-1.1109
MZI,3,21,-2.969033,-7.0880
MZI,2,22,0.574385,1.3712
MZI,1,23,0.542570,1.2953
MZI,0,24,2.569922,6.1352
MZI,26,0,-0.290211,-0.6928
MZI,25,1,-0.463486,-1.1065
MZI,24,2,-0.899867,-2.1483
MZI,23,3,-1.200353,-2.8656
MZI,22,4,-1.499069,-3.5788
MZI,21,5,-1.832442,-4.3746
MZI,20,6,-2.127177,-5.0783
MZI,19,7,-2.270701,-5.4209
MZI,18,8,-2.326309,-5.5537
MZI,17,9,2.795489,6.6737
MZI,16,10,1.604216,3.8298
MZI,15,11,1.464770,3.4969
MZI,14,12,1.407329,3.3598
MZI,13,13,1.383182,3.3021
MZI,12,14,1.374694,3.2818
MZI,11,15,1.340477,3.2002
MZI,10,16,1.186770,2.8332
MZI,9,17,0.629148,1.5020
MZI,8,18,-0.142330,-0.3398
MZI,7,19,1.990902,4.7529
MZI,6,20,0.725629,1.7323
MZI,5,21,2.022752,4.8290
MZI,4,22,1.689791,4.0341
MZI,3,23,0.819830,1.9572
MZI,2,24,-2.150694,-5.1344
MZI,1,25,0.374577,0.8942
MZI,0,26,2.197000,5.2450
MZI,28,0,-0.461221,-1.1011
MZI,27,1,-0.866616,-2.0689
MZI,26,2,-0.939696,-2.2434
MZI,25,3,-1.206433,-2.8801
MZI,24,4,-1.379684,-3.2938
MZI,23,5,-1.550224,-3.7009
MZI,22,6,-1.846976,-4.4093
MZI,21,7,-2.379933,-5.6817
MZI,20,8,-3.033127,-7.2411
MZI,19,9,2.641920,6.3071
MZI,18,10,1.973257,4.7108
MZI,17,11,0.257136,0.6139
MZI,16,12,-0.712878,-1.7019
MZI,15,13,-0.990617,-2.3649
MZI,14,14,-1.086450,-2.5937
MZI,13,15,-1.141582,-2.7253
MZI,12,16,-1.283244,-3.0635
MZI,11,17,-1.549073,-3.6981
MZI,10,18,-2.083193,-4.9733
MZI,9,19,-2.648125,-6.3219
MZI,8,20,-0.635025,-1.5160
MZI,7,21,-0.599361,-1.4309
MZI,6,22,-2.535031,-6.0519
MZI,5,23,2.141335,5.1121
MZI,4,24,-1.691605,-4.0384
MZI,3,25,1.193797,2.8500
MZI,2,26,-0.126684,-0.3024
MZI,1,27,-1.039680,-2.4821
MZI,0,28,-1.007169,-2.4044
MZI,30,0,-0.406867,-0.9713
MZI,29,1,-0.831509,-1.9851
MZI,28,2,-0.765621,-1.8278
MZI,27,3,-0.730993,-1.7451
MZI,26,4,-0.775708,-1.8519
MZI,25,5,-0.744339,-1.7770
MZI,24,6,-0.647451,-1.5457
MZI,23,7,-0.389194,-0.9291
MZI,22,8,0.211478,0.5049
MZI,21,9,1.420865,3.3921
MZI,20,10,-2.280694,-5.4448
MZI,19,11,-1.734760,-4.1414
MZI,18,12,-0.214432,-0.5119
MZI,17,13,0.564964,1.3488
MZI,16,14,0.722006,1.7237
MZI,15,15,0.775827,1.8522
MZI,14,16,0.805945,1.9241
MZI,13,17,0.886467,2.1163
MZI,12,18,1.110225,2.6505
MZI,11,19,1.966206,4.6940
MZI,10,20,3.030979,7.2359
MZI,9,21,-2.331736,-5.5666
MZI,8,22,-2.543832,-6.0730
MZI,7,23,-0.238695,-0.5698
MZI,6,24,-2.919207,-6.9691
MZI,5,25,1.886199,4.5030
MZI,4,26,0.122640,0.2928
MZI,3,27,-3.046959,-7.2741
MZI,2,28,-0.538408,-1.2854
MZI,1,29,1.568106,3.7436
MZI,0,30,-0.777632,-1.8565
MZI,32,0,-0.257233,-0.6141
MZI,31,1,-0.558658,-1.3337
MZI,30,2,-0.458375,-1.0943
MZI,29,3,-0.305561,-0.7295
MZI,28,4,-0.136200,-0.3252
MZI,27,5,0.017247,0.0412
MZI,26,6,0.244796,0.5844
MZI,25,7,0.515157,1.2298
MZI,24,8,0.766492,1.8299
MZI,23,9,0.840791,2.0072
MZI,22,10,-0.916991,-2.1892
MZI,21,11,2.203719,5.2610
MZI,20,12,2.050009,4.8940
MZI,19,13,2.099251,5.0116
MZI,18,14,2.241228,5.3505
MZI,17,15,2.381348,5.6851
MZI,16,16,2.448334,5.8450
MZI,15,17,2.491087,5.9470
MZI,14,18,2.634257,6.2888
MZI,13,19,3.107546,7.4187
MZI,12,20,-1.711373,-4.0856
MZI,11,21,-0.892131,-2.1298
MZI,10,22,2.340195,5.5868
MZI,9,23,1.433220,3.4216
MZI,8,24,2.829172,6.7542
MZI,7,25,-1.489258,-3.5553
MZI,6,26,-1.720977,-4.1085
MZI,5,27,-3.133686,-7.4811
MZI,4,28,-1.363832,-3.2559
MZI,3,29,-1.951872,-4.6598
MZI,2,30,-1.292118,-3.0847
MZI,1,31,2.872287,6.8571
MZI,0,32,0.147879,0.3530
MZI,34,0,-0.428177,-1.0222
MZI,33,1,-0.800721,-1.9116
MZI,32,2,-0.939980,-2.2440
MZI,31,3,-1.051859,-2.5111
MZI,30,4,-1.161808,-2.7736
MZI,29,5,-1.320751,-3.1531
MZI,28,6,-1.556179,-3.7151
MZI,27,7,-1.831395,-4.3721
MZI,26,8,-2.220910,-5.3020
MZI,25,9,1.072855,2.5613
MZI,24,10,0.559324,1.3353
MZI,23,11,1.570676,3.7497
MZI,22,12,2.609673,6.2301
MZI,21,13,-0.947553,-2.2621
MZI,20,14,-0.785331,-1.8748
MZI,19,15,-0.839435,-2.0040
MZI,18,16,-0.929836,-2.2198
MZI,17,17,-0.988032,-2.3588
MZI,16,18,-1.018579,-2.4317
MZI,15,19,-1.099928,-2.6259
MZI,14,20,-0.778883,-1.8594
MZI,13,21,-0.027322,-0.0652
MZI,12,22,-0.831897,-1.9860
MZI,11,23,0.176670,0.4218
MZI,10,24,0.718506,1.7153
MZI,9,25,2.974665,7.1015
MZI,8,26,-1.531989,-3.6574
MZI,7,27,1.360221,3.2473
MZI,6,28,0.854021,2.0388
MZI,5,29,2.893738,6.9083
MZI,4,30,-2.404712,-5.7408
MZI,3,31,-0.602206,-1.4377
MZI,2,32,0.824147,1.9675
MZI,1,33,1.685124,4.0229
MZI,0,34,0.902149,2.1537
MZI,36,0,0.341776,0.8159
MZI,35,1,0.177244,0.4231
MZI,34,2,0.370636,0.8848
MZI,33,3,0.437375,1.0442
MZI,32,4,0.482814,1.1526
MZI,31,5,0.525508,1.2546
MZI,30,6,0.551817,1.3174
MZI,29,7,0.547256,1.3065
MZI,28,8,0.560356,1.3378
MZI,27,9,0.618359,1.4762
MZI,26,10,3.126312,7.4635
MZI,25,11,0.944172,2.2540
MZI,24,12,0.547644,1.3074
MZI,23,13,0.083569,0.1995
MZI,22,14,1.500909,3.5832
MZI,21,15,0.831163,1.9843
MZI,20,16,0.693749,1.6562
MZI,19,17,0.653742,1.5607
MZI,18,18,0.648813,1.5489
MZI,17,19,0.637245,1.5213
MZI,16,20,0.590630,1.4100
MZI,15,21,-0.123085,-0.2938
MZI,14,22,-1.933921,-4.6169
MZI,13,23,0.038117,0.0910
MZI,12,24,0.876402,2.0923
MZI,11,25,-0.463851,-1.1074
MZI,10,26,2.392466,5.7116
MZI,9,27,1.810826,4.3230
MZI,8,28,-0.291934,-0.6969
MZI,7,29,2.590797,6.1851
MZI,6,30,0.935446,2.2332
MZI,5,31,-2.156722,-5.1488
MZI,4,32,1.188655,2.8377
MZI,3,33,-0.879979,-2.1008
MZI,2,34,1.144433,2.7321
MZI,1,35,-0.966599,-2.3076
MZI,0,36,0.669822,1.5991
MZI,38,0,-0.588030,-1.4038
MZI,37,1,-0.984975,-2.3515
MZI,36,2,-1.876506,-4.4798
MZI,35,3,-2.236963,-5.3404
MZI,34,4,-2.527499,-6.0340
MZI,33,5,-2.741986,-6.5460
MZI,32,6,-2.885572,-6.8888
MZI,31,7,-2.931931,-6.9995
MZI,30,8,-2.637517,-6.2966
MZI,29,9,-1.702861,-4.0653
MZI,28,10,-1.319340,-3.1497
MZI,27,11,-1.203509,-2.8732
MZI,26,12,1.132855,2.7045
MZI,25,13,1.317129,3.1444
MZI,24,14,0.707760,1.6897
MZI,23,15,0.916585,2.1882
MZI,22,16,0.714381,1.7055
MZI,21,17,-0.474793,-1.1335
MZI,20,18,-0.924422,-2.2069
MZI,19,19,-1.013549,-2.4197
MZI,18,20,-1.066665,-2.5465
MZI,17,21,-1.190106,-2.8412
MZI,16,22,-1.368997,-3.2682
MZI,15,23,-1.821955,-4.3496
MZI,14,24,2.468846,5.8939
MZI,13,25,-1.912863,-4.5666
MZI,12,26,2.112944,5.0443
MZI,11,27,-3.063579,-7.3138
MZI,10,28,-1.075992,-2.5687
MZI,9,29,2.567103,6.1285
MZI,8,30,0.449277,1.0726
MZI,7,31,-1.642145,-3.9203
MZI,6,32,-2.034806,-4.8577
MZI,5,33,-0.458501,-1.0946
MZI,4,34,-2.841971,-6.7847
MZI,3,35,-0.189413,-0.4522
MZI,2,36,0.947851,2.2628
MZI,1,37,2.970875,7.0924
MZI,0,38,-2.098532,-5.0099
MZI,40,0,-0.627019,-1.4969
MZI,39,1,-1.238630,-2.9570
MZI,38,2,-1.190334,-2.8417
MZI,37,3,-1.404170,-3.3522
MZI,36,4,-1.471476,-3.5129
MZI,35,5,-1.629226,-3.8895
MZI,34,6,-1.895646,-4.5255
MZI,33,7,-2.291237,-5.4699
MZI,32,8,-2.766064,-6.6035
MZI,31,9,2.815310,6.7211
MZI,30,10,1.611474,3.8471
MZI,29,11,1.041500,2.4864
MZI,28,12,0.825442,1.9706
MZI,27,13,0.264390,0.6312
MZI,26,14,-1.410807,-3.3681
MZI,25,15,-1.023096,-2.4425
MZI,24,16,-1.928120,-4.6030
MZI,23,17,-1.421080,-3.3926
MZI,22,18,-0.182159,-0.4349
MZI,21,19,0.293606,0.7009
MZI,20,20,0.395372,0.9439
MZI,19,21,0.469236,1.1202
MZI,18,22,0.699145,1.6691
MZI,17,23,1.938049,4.6268
MZI,16,24,-2.971059,-7.0929
MZI,15,25,-2.891885,-6.9039
MZI,14,26,-0.348282,-0.8315
MZI,13,27,-0.697147,-1.6643
MZI,12,28,-2.849509,-6.8027
MZI,11,29,2.890168,6.8998
MZI,10,30,1.009074,2.4090
MZI,9,31,0.912962,2.1795
MZI,8,32,-1.074611,-2.5654
MZI,7,33,1.573557,3.7566
MZI,6,34,-2.092151,-4.9946
MZI,5,35,2.865454,6.8408
MZI,4,36,-1.955514,-4.6684
MZI,3,37,3.079241,7.3511
MZI,2,38,2.787667,6.6551
MZI,1,39,2.757027,6.5819
MZI,0,40,-1.791929,-4.2779
MZI,42,0,-0.527861,-1.2602
MZI,41,1,-1.079814,-2.5779
MZI,40,2,-0.991224,-2.3664
MZI,39,3,-0.870926,-2.0792
MZI,38,4,-0.822371,-1.9633
MZI,37,5,-0.637248,-1.5213
MZI,36,6,2.070927,4.9440
MZI,35,7,2.690050,6.4220
MZI,34,8,3.132550,7.4784
MZI,33,9,-2.708780,-6.4667
MZI,32,10,-2.366873,-5.6505
MZI,31,11,-2.113035,-5.0445
MZI,30,12,-2.254008,-5.3810
MZI,29,13,1.396396,3.3336
MZI,28,14,1.985867,4.7409
MZI,27,15,-2.669831,-6.3738
MZI,26,16,-2.749503,-6.5640
MZI,25,17,-0.848718,-2.0262
MZI,24,18,-1.370976,-3.2730
MZI,23,19,-1.608302,-3.8395
MZI,22,20,-1.683939,-4.0201
MZI,21,21,-1.698738,-4.0554
MZI,20,22,-1.720556,-4.1075
MZI,19,23,-1.829422,-4.3674
MZI,18,24,-2.892959,-6.9064
MZI,17,25,2.217548,5.2940
MZI,16,26,2.274163,5.4292
MZI,15,27,2.437246,5.8185
MZI,14,28,-3.137262,-7.4897
MZI,13,29,-1.848831,-4.4138
MZI,12,30,-0.735770,-1.7565
MZI,11,31,2.573265,6.1432
MZI,10,32,2.330985,5.5648
MZI,9,33,2.448991,5.8465
MZI,8,34,0.628417,1.5002
MZI,7,35,0.134611,0.3214
MZI,6,36,1.214309,2.8989
MZI,5,37,-1.835686,-4.3824
MZI,4,38,1.614809,3.8551
MZI,3,39,0.030410,0.0726
MZI,2,40,0.271647,0.6485
MZI,1,41,1.140367,2.7224
MZI,0,42,-2.434590,-5.8122
MZI,44,0,-0.374108,-0.8931
MZI,43,1,-0.793509,-1.8944
MZI,42,2,-0.687309,-1.6408
MZI,41,3,-0.531350,-1.2685
MZI,40,4,-0.335494,-0.8009
MZI,39,5,-0.232139,-0.5542
MZI,38,6,-0.266563,-0.6364
MZI,37,7,-3.060216,-7.3057
MZI,36,8,2.229472,5.3225
MZI,35,9,1.150493,2.7466
MZI,34,10,0.790314,1.8867
MZI,33,11,0.768142,1.8338
MZI,32,12,0.793018,1.8932
MZI,31,13,1.133953,2.7071
MZI,30,14,-2.365522,-5.6473
MZI,29,15,-2.464896,-5.8845
MZI,28,16,0.857080,2.0461
MZI,27,17,0.969391,2.3143
MZI,26,18,0.974028,2.3253
MZI,25,19,0.691014,1.6497
MZI,24,20,0.621094,1.4828
MZI,23,21,0.553306,1.3209
MZI,22,22,0.506315,1.2087
MZI,21,23,0.474510,1.1328
MZI,20,24,0.376311,0.8984
MZI,19,25,0.096464,0.2303
MZI,18,26,-0.815614,-1.9471
MZI,17,27,-2.467955,-5.8918
MZI,16,28,-1.178822,-2.8142
MZI,15,29,-2.096562,-5.0052
MZI,14,30,-0.548041,-1.3084
MZI,13,31,1.089588,2.6012
MZI,12,32,-2.793228,-6.6683
MZI,11,33,1.197446,2.8587
MZI,10,34,0.355178,0.8479
MZI,9,35,-1.672588,-3.9930
MZI,8,36,-0.894893,-2.1364
MZI,7,37,0.281854,0.6729
MZI,6,38,2.280246,5.4437
MZI,5,39,3.048401,7.2775
MZI,4,40,-0.267017,-0.6375
MZI,3,41,2.618516,6.2512
MZI,2,42,0.486438,1.1613
MZI,1,43,0.558878,1.3342
MZI,0,44,-0.757506,-1.8084
MZI,46,0,-0.536779,-1.2815
MZI,45,1,-1.003434,-2.3955
MZI,44,2,-1.119792,-2.6733
MZI,43,3,-1.208360,-2.8847
MZI,42,4,-1.306134,-3.1182
MZI,41,5,-1.436606,-3.4296
MZI,40,6,-1.640135,-3.9155
MZI,39,7,-1.773439,-4.2338
MZI,38,8,-1.758054,-4.1970
MZI,37,9,2.317966,5.5337
MZI,36,10,-3.073894,-7.3384
MZI,35,11,-2.811480,-6.7119
MZI,34,12,2.742442,6.5471
MZI,33,13,0.436514,1.0421
MZI,32,14,0.138523,0.3307
MZI,31,15,-0.162480,-0.3879
MZI,30,16,-0.562247,-1.3423
MZI,29,17,1.880115,4.4884
MZI,28,18,1.873115,4.4717
MZI,27,19,1.993006,4.7580
MZI,26,20,0.768613,1.8349
MZI,25,21,0.971158,2.3185
MZI,24,22,1.085205,2.5907
MZI,23,23,1.133333,2.7056
MZI,22,24,1.183872,2.8263
MZI,21,25,1.427013,3.4067
MZI,20,26,-2.744036,-6.5509
MZI,19,27,-1.397249,-3.3357
MZI,18,28,0.160762,0.3838
MZI,17,29,1.936966,4.6242
MZI,16,30,1.035633,2.4724
MZI,15,31,0.987624,2.3578
MZI,14,32,0.453720,1.0832
MZI,13,33,-2.534901,-6.0516
MZI,12,34,-1.674312,-3.9971
MZI,11,35,-0.896570,-2.1404
MZI,10,36,1.374173,3.2806
MZI,9,37,-0.424229,-1.0128
MZI,8,38,-1.702041,-4.0633
MZI,7,39,2.250957,5.3738
MZI,6,40,0.621285,1.4832
MZI,5,41,-1.862886,-4.4473
MZI,4,42,-1.816655,-4.3369
MZI,3,43,0.962299,2.2973
MZI,2,44,-0.247436,-0.5907
MZI,1,45,0.028315,0.0676
MZI,0,46,-0.855187,-2.0416
MZI,48,0,-0.658222,-1.5714
MZI,47,1,-1.275153,-3.0442
MZI,46,2,-1.306917,-3.1200
MZI,45,3,-1.428208,-3.4096
MZI,44,4,-1.546226,-3.6913
MZI,43,5,-1.660480,-3.9641
MZI,42,6,-1.768829,-4.2228
MZI,41,7,-1.891667,-4.5160
MZI,40,8,-1.995894,-4.7648
MZI,39,9,-2.309962,-5.5146
MZI,38,10,-1.266092,-3.0226
MZI,37,11,-1.529554,-3.6515
MZI,36,12,-1.452934,-3.4686
MZI,35,13,-0.546952,-1.3058
MZI,34,14,2.051323,4.8972
MZI,33,15,2.519480,6.0148
MZI,32,16,2.268668,5.4160
MZI,31,17,2.051702,4.8981
MZI,30,18,2.615955,6.2451
MZI,29,19,3.138803,7.4933
MZI,28,20,-2.162753,-5.1632
MZI,27,21,2.929212,6.9930
MZI,26,22,-3.058754,-7.3022
MZI,25,23,-2.946253,-7.0337
MZI,24,24,-2.903187,-6.9308
MZI,23,25,-2.912644,-6.9534
MZI,22,26,-3.037514,-7.2515
MZI,21,27,1.448030,3.4569
MZI,20,28,1.071517,2.5581
MZI,19,29,1.998423,4.7709
MZI,18,30,0.562048,1.3418
MZI,17,31,-1.044248,-2.4930
MZI,16,32,-1.895342,-4.5248
MZI,15,33,1.907500,4.5538
MZI,14,34,1.939947,4.6313
MZI,13,35,2.495154,5.9567
MZI,12,36,-1.489791,-3.5566
MZI,11,37,-1.056607,-2.5225
MZI,10,38,-2.581154,-6.1621
MZI,9,39,0.842288,2.0108
MZI,8,40,-0.297191,-0.7095
MZI,7,41,1.772767,4.2322
MZI,6,42,-1.894388,-4.5225
MZI,5,43,2.365930,5.6482
MZI,4,44,-2.874778,-6.8630
MZI,3,45,2.663994,6.3598
MZI,2,46,-0.898394,-2.1448
MZI,1,47,-3.008955,-7.1834
MZI,0,48,1.209878,2.8884
MZI,50,0,-0.694519,-1.6580
MZI,49,1,-1.377143,-3.2877
MZI,48,2,-1.379931,-3.2943
MZI,47,3,-1.393013,-3.3256
MZI,46,4,-1.470190,-3.5098
MZI,45,5,-1.542769,-3.6831
MZI,44,6,-1.601642,-3.8236
MZI,43,7,-1.648638,-3.9358
MZI,42,8,-1.718958,-4.1037
MZI,41,9,-1.858524,-4.4369
MZI,40,10,-1.964237,-4.6893
MZI,39,11,-0.624161,-1.4901
MZI,38,12,-0.474515,-1.1328
MZI,37,13,-1.846144,-4.4073
MZI,36,14,-2.804746,-6.6958
MZI,35,15,-3.089685,-7.3761
MZI,34,16,3.099747,7.4001
MZI,33,17,-2.653982,-6.3359
MZI,32,18,-2.446451,-5.8405
MZI,31,19,1.812653,4.3274
MZI,30,20,1.693503,4.0429
MZI,29,21,1.452672,3.4680
MZI,28,22,-1.624404,-3.8780
MZI,27,23,-2.110255,-5.0379
MZI,26,24,-2.624816,-6.2663
MZI,25,25,-2.891491,-6.9029
MZI,24,26,-2.981772,-7.1185
MZI,23,27,3.116223,7.4394
MZI,22,28,-1.080458,-2.5794
MZI,21,29,-1.312052,-3.1323
MZI,20,30,-2.666617,-6.3661
MZI,19,31,2.794656,6.6718
MZI,18,32,-1.177107,-2.8101
MZI,17,33,2.478337,5.9166
MZI,16,34,0.517746,1.2360
MZI,15,35,0.871527,2.0806
MZI,14,36,-0.862232,-2.0584
MZI,13,37,0.292325,0.6979
MZI,12,38,-2.777905,-6.6318
MZI,11,39,-0.490495,-1.1710
MZI,10,40,0.557583,1.3311
MZI,9,41,0.286450,0.6838
MZI,8,42,-0.680928,-1.6256
MZI,7,43,0.357431,0.8533
MZI,6,44,-1.413708,-3.3750
MZI,5,45,-0.245290,-0.5856
MZI,4,46,-3.064571,-7.3161
MZI,3,47,2.088982,4.9871
MZI,2,48,-0.577797,-1.3794
MZI,1,49,-0.915355,-2.1852
MZI,0,50,1.721066,4.1087
MZI,52,0,-0.685735,-1.6371
MZI,51,1,-1.375588,-3.2840
MZI,50,2,-1.367271,-3.2641
MZI,49,3,-1.363073,-3.2541
MZI,48,4,-1.371630,-3.2745
MZI,47,5,-1.441231,-3.4407
MZI,46,6,-1.542816,-3.6832
MZI,45,7,-1.705795,-4.0723
MZI,44,8,-1.988596,-4.7474
MZI,43,9,-2.390690,-5.7074
MZI,42,10,-2.740957,-6.5436
MZI,41,11,-2.910195,-6.9476
MZI,40,12,2.966706,7.0825
MZI,39,13,1.986439,4.7423
MZI,38,14,2.789148,6.6586
MZI,37,15,-2.971631,-7.0942
MZI,36,16,3.044175,7.2674
MZI,35,17,2.658041,6.3456
MZI,34,18,2.104500,5.0241
MZI,33,19,2.288009,5.4622
MZI,32,20,-1.720800,-4.1081
MZI,31,21,-1.365463,-3.2598
MZI,30,22,-0.905356,-2.1614
MZI,29,23,0.130283,0.3110
MZI,28,24,2.204329,5.2624
MZI,27,25,-3.007262,-7.1793
MZI,26,26,-2.561638,-6.1155
MZI,25,27,-2.388496,-5.7021
MZI,24,28,-2.002452,-4.7805
MZI,23,29,2.459392,5.8714
MZI,22,30,2.753811,6.5742
MZI,21,31,-3.119707,-7.4478
MZI,20,32,1.517133,3.6219
MZI,19,33,-1.360257,-3.2474
MZI,18,34,0.377782,0.9019
MZI,17,35,-0.429688,-1.0258
MZI,16,36,1.922471,4.5896
MZI,15,37,-0.206691,-0.4934
MZI,14,38,1.090719,2.6039
MZI,13,39,-1.666514,-3.9785
MZI,12,40,-2.005505,-4.7878
MZI,11,41,-0.534633,-1.2763
MZI,10,42,-0.605071,-1.4445
MZI,9,43,1.053309,2.5146
MZI,8,44,-1.976528,-4.7186
MZI,7,45,-0.417625,-0.9970
MZI,6,46,1.284872,3.0674
MZI,5,47,0.423020,1.0099
MZI,4,48,1.149619,2.7445
MZI,3,49,-1.444352,-3.4481
MZI,2,50,0.149321,0.3565
MZI,1,51,-2.592679,-6.1896
MZI,0,52,-3.106914,-7.4172
MZI,54,0,-0.692933,-1.6543
MZI,53,1,-1.383430,-3.3027
MZI,52,2,-1.390999,-3.3208
MZI,51,3,-1.393371,-3.3264
MZI,50,4,-1.395862,-3.3324
MZI,49,5,-1.401491,-3.3458
MZI,48,6,-1.438166,-3.4334
MZI,47,7,-1.478179,-3.5289
MZI,46,8,-1.541126,-3.6792
MZI,45,9,-1.731547,-4.1338
MZI,44,10,-2.095895,-5.0036
MZI,43,11,-2.248344,-5.3675
MZI,42,12,-2.120611,-5.0626
MZI,41,13,-1.742381,-4.1596
MZI,40,14,-2.828688,-6.7530
MZI,39,15,-2.814427,-6.7189
MZI,38,16,-3.064833,-7.3167
MZI,37,17,2.086063,4.9801
MZI,36,18,1.212610,2.8949
MZI,35,19,1.169639,2.7923
MZI,34,20,0.928669,2.2170
MZI,33,21,-0.210452,-0.5024
MZI,32,22,-2.562882,-6.1184
MZI,31,23,2.442861,5.8319
MZI,30,24,0.988274,2.3593
MZI,29,25,-1.106426,-2.6414
MZI,28,26,-1.926318,-4.5987
MZI,27,27,-2.206765,-5.2683
MZI,26,28,-2.337595,-5.5806
MZI,25,29,-2.668788,-6.3713
MZI,24,30,3.069110,7.3270
MZI,23,31,2.448590,5.8456
MZI,22,32,0.585144,1.3969
MZI,21,33,-0.563680,-1.3457
MZI,20,34,-0.278375,-0.6646
MZI,19,35,1.888040,4.5074
MZI,18,36,0.720395,1.7198
MZI,17,37,2.518449,6.0124
MZI,16,38,1.777847,4.2443
MZI,15,39,2.380395,5.6828
MZI,14,40,-1.441979,-3.4425
MZI,13,41,1.289320,3.0780
MZI,12,42,-0.469360,-1.1205
MZI,11,43,1.318613,3.1480
MZI,10,44,0.607293,1.4498
MZI,9,45,-1.143171,-2.7291
MZI,8,46,1.652363,3.9447
MZI,7,47,0.558316,1.3329
MZI,6,48,-0.385423,-0.9201
MZI,5,49,-0.704139,-1.6810
MZI,4,50,-0.753562,-1.7990
MZI,3,51,-2.294140,-5.4769
MZI,2,52,2.169115,5.1784
MZI,1,53,2.199478,5.2509
MZI,0,54,-1.150717,-2.7471
MZI,56,0,-0.703635,-1.6798
MZI,55,1,-1.403661,-3.3510
MZI,54,2,-1.409384,-3.3647
MZI,53,3,-1.420361,-3.3909
MZI,52,4,-1.429232,-3.4120
MZI,51,5,-1.438096,-3.4332
MZI,50,6,-1.445642,-3.4512
MZI,49,7,-1.465139,-3.4978
MZI,48,8,-1.450662,-3.4632
MZI,47,9,-1.328301,-3.1711
MZI,46,10,-0.911491,-2.1760
MZI,45,11,-0.101909,-0.2433
MZI,44,12,0.711331,1.6982
MZI,43,13,1.568142,3.7437
MZI,42,14,2.081456,4.9691
MZI,41,15,-2.203670,-5.2609
MZI,40,16,-2.200216,-5.2526
MZI,39,17,-2.221151,-5.3026
MZI,38,18,-1.304995,-3.1154
MZI,37,19,-0.163891,-0.3913
MZI,36,20,2.292451,5.4728
MZI,35,21,2.565650,6.1250
MZI,34,22,-3.075543,-7.3423
MZI,33,23,-1.616093,-3.8581
MZI,32,24,-1.594535,-3.8067
MZI,31,25,-1.589951,-3.7957
MZI,30,26,-1.440587,-3.4391
MZI,29,27,-1.269640,-3.0310
MZI,28,28,-1.178569,-2.8136
MZI,27,29,-1.134825,-2.7092
MZI,26,30,-1.022710,-2.4415
MZI,25,31,-0.808982,-1.9313
MZI,24,32,-0.484967,-1.1578
MZI,23,33,1.022983,2.4422
MZI,22,34,1.104747,2.6374
MZI,21,35,-1.649889,-3.9388
MZI,20,36,1.955490,4.6684
MZI,19,37,-1.521417,-3.6321
MZI,18,38,2.975135,7.1026
MZI,17,39,3.052263,7.2867
MZI,16,40,-2.423173,-5.7849
MZI,15,41,-2.248210,-5.3672
MZI,14,42,-2.582767,-6.1659
MZI,13,43,0.918167,2.1920
MZI,12,44,-1.241611,-2.9641
MZI,11,45,-2.964090,-7.0762
MZI,10,46,1.765759,4.2154
MZI,9,47,0.414992,0.9907
MZI,8,48,-2.286398,-5.4584
MZI,7,49,3.072285,7.3345
MZI,6,50,1.630900,3.8935
MZI,5,51,0.890430,2.1257
MZI,4,52,2.947210,7.0359
MZI,3,53,1.106700,2.6421
MZI,2,54,1.104349,2.6364
MZI,1,55,2.628892,6.2760
MZI,0,56,-0.042564,-0.1016
MZI,58,0,-0.685418,-1.6363
MZI,57,1,-1.373001,-3.2778
MZI,56,2,-1.350497,-3.2241
MZI,55,3,-1.321712,-3.1554
MZI,54,4,-1.279203,-3.0539
MZI,53,5,-1.203747,-2.8737
MZI,52,6,-1.068399,-2.5506
MZI,51,7,-0.818797,-1.9547
MZI,50,8,-0.392591,-0.9372
MZI,49,9,0.103866,0.2480
MZI,48,10,0.381690,0.9112
MZI,47,11,0.383135,0.9147
MZI,46,12,0.142169,0.3394
MZI,45,13,-0.335995,-0.8021
MZI,44,14,-2.451126,-5.8516
MZI,43,15,2.606783,6.2232
MZI,42,16,2.847019,6.7968
MZI,41,17,-3.136750,-7.4884
MZI,40,18,3.106206,7.4155
MZI,39,19,3.011082,7.1884
MZI,38,20,2.820285,6.7329
MZI,37,21,1.382027,3.2993
MZI,36,22,-3.057262,-7.2987
MZI,35,23,-1.989577,-4.7498
MZI,34,24,-0.871829,-2.0813
MZI,33,25,0.412492,0.9848
MZI,32,26,1.412544,3.3722
MZI,31,27,-2.947885,-7.0376
MZI,30,28,-1.338049,-3.1944
MZI,29,29,-1.229736,-2.9358
MZI,28,30,-1.217201,-2.9059
MZI,27,31,-1.191224,-2.8438
MZI,26,32,-1.123673,-2.6826
MZI,25,33,-0.970832,-2.3177
MZI,24,34,-0.601931,-1.4370
MZI,23,35,2.829996,6.7561
MZI,22,36,2.648943,6.3239
MZI,21,37,-1.868100,-4.4598
MZI,20,38,-0.065876,-0.1573
MZI,19,39,2.456998,5.8657
MZI,18,40,-2.423976,-5.7868
MZI,17,41,-0.402363,-0.9606
MZI,16,42,-0.967162,-2.3089
MZI,15,43,2.734280,6.5276
MZI,14,44,1.607540,3.8377
MZI,13,45,1.689655,4.0338
MZI,12,46,1.531052,3.6551
MZI,11,47,-1.935170,-4.6199
MZI,10,48,2.570563,6.1368
MZI,9,49,0.582450,1.3905
MZI,8,50,-1.180908,-2.8192
MZI,7,51,3.039746,7.2569
MZI,6,52,2.715310,6.4823
MZI,5,53,-2.863872,-6.8370
MZI,4,54,-3.113662,-7.4333
MZI,3,55,2.561115,6.1142
MZI,2,56,-0.415407,-0.9917
MZI,1,57,-0.164089,-0.3917
MZI,0,58,0.218623,0.5219
MZI,60,0,-0.769241,-1.8364
MZI,59,1,-1.497696,-3.5755
MZI,58,2,-1.534723,-3.6639
MZI,57,3,-1.563114,-3.7317
MZI,56,4,-1.591428,-3.7993
MZI,55,5,-1.623066,-3.8748
MZI,54,6,-1.659319,-3.9613
MZI,53,7,-1.711501,-4.0859
MZI,52,8,-1.803650,-4.3059
MZI,51,9,-1.947652,-4.6497
MZI,50,10,-1.960910,-4.6813
MZI,49,11,-1.807425,-4.3149
MZI,48,12,-1.715576,-4.0956
MZI,47,13,-1.713863,-4.0915
MZI,46,14,-1.823171,-4.3525
MZI,45,15,-0.848783,-2.0263
MZI,44,16,-0.524542,-1.2523
MZI,43,17,-2.592328,-6.1887
MZI,42,18,-2.782575,-6.6429
MZI,41,19,-2.535040,-6.0520
MZI,40,20,-2.285643,-5.4566
MZI,39,21,-2.254762,-5.3828
MZI,38,22,-1.103691,-2.6349
MZI,37,23,-1.754493,-4.1885
MZI,36,24,-2.346782,-5.6025
MZI,35,25,0.153053,0.3654
MZI,34,26,-0.323314,-0.7719
MZI,33,27,-0.740760,-1.7684
MZI,32,28,-2.312463,-5.5206
MZI,31,29,2.649611,6.3255
MZI,30,30,2.800654,6.6861
MZI,29,31,3.040646,7.2590
MZI,28,32,-2.440980,-5.8274
MZI,27,33,-1.811848,-4.3255
MZI,26,34,-1.633158,-3.8989
MZI,25,35,-1.480465,-3.5344
MZI,24,36,-2.690263,-6.4225
MZI,23,37,-0.357802,-0.8542
MZI,22,38,-2.640180,-6.3030
MZI,21,39,1.511304,3.6080
MZI,20,40,1.509224,3.6030
MZI,19,41,1.960909,4.6813
MZI,18,42,0.275611,0.6580
MZI,17,43,2.286949,5.4597
MZI,16,44,-3.012419,-7.1916
MZI,15,45,0.462079,1.1031
MZI,14,46,1.913465,4.5681
MZI,13,47,0.118431,0.2827
MZI,12,48,-2.493853,-5.9536
MZI,11,49,-2.164254,-5.1668
MZI,10,50,-2.445591,-5.8384
MZI,9,51,-1.262365,-3.0137
MZI,8,52,1.340283,3.1997
MZI,7,53,-1.882565,-4.4943
MZI,6,54,-2.652476,-6.3323
MZI,5,55,2.102915,5.0203
MZI,4,56,-1.130829,-2.6997
MZI,3,57,0.306890,0.7326
MZI,2,58,-2.117699,-5.0556
MZI,1,59,-2.098125,-5.0089
MZI,0,60,0.240556,0.5743
MZI,62,0,-0.692161,-1.6524
MZI,61,1,-1.416911,-3.3826
MZI,60,2,-1.353314,-3.2308
MZI,59,3,-1.326706,-3.1673
MZI,58,4,-1.300268,-3.1042
MZI,57,5,-1.272980,-3.0390
MZI,56,6,-1.243995,-2.9698
MZI,55,7,-1.213477,-2.8970
MZI,54,8,-1.199707,-2.8641
MZI,53,9,-1.258297,-3.0040
MZI,52,10,-1.530586,-3.6540
MZI,51,11,-2.118134,-5.0567
MZI,50,12,-2.801429,-6.6879
MZI,49,13,2.960758,7.0683
MZI,48,14,2.453927,5.8583
MZI,47,15,-0.431896,-1.0311
MZI,46,16,-1.219670,-2.9117
MZI,45,17,-0.481669,-1.1499
MZI,44,18,1.811881,4.3255
MZI,43,19,1.417746,3.3846
MZI,42,20,-0.083956,-0.2004
MZI,41,21,-0.092930,-0.2219
MZI,40,22,-0.030515,-0.0728
MZI,39,23,-1.450100,-3.4619
MZI,38,24,-1.840960,-4.3950
MZI,37,25,3.107686,7.4191
MZI,36,26,-0.155227,-0.3706
MZI,35,27,-0.158573,-0.3786
MZI,34,28,-0.062974,-0.1503
MZI,33,29,0.105118,0.2510
MZI,32,30,0.205625,0.4909
MZI,31,31,0.132476,0.3163
MZI,30,32,-0.019645,-0.0469
MZI,29,33,-0.573936,-1.3702
MZI,28,34,-0.813925,-1.9431
MZI,27,35,-0.704461,-1.6818
MZI,26,36,-0.820320,-1.9584
MZI,25,37,0.613300,1.4641
MZI,24,38,2.287348,5.4606
MZI,23,39,1.765899,4.2158
MZI,22,40,1.753475,4.1861
MZI,21,41,1.638253,3.9110
MZI,20,42,0.831987,1.9862
MZI,19,43,1.077428,2.5722
MZI,18,44,-0.714575,-1.7059
MZI,17,45,-0.418805,-0.9998
MZI,16,46,1.755777,4.1916
MZI,15,47,0.447065,1.0673
MZI,14,48,-2.710885,-6.4718
MZI,13,49,2.650997,6.3288
MZI,12,50,-0.488533,-1.1663
MZI,11,51,-2.341935,-5.5910
MZI,10,52,1.205661,2.8783
MZI,9,53,-2.455011,-5.8609
MZI,8,54,-2.076858,-4.9581
MZI,7,55,1.229770,2.9359
MZI,6,56,-1.527561,-3.6468
MZI,5,57,2.005890,4.7887
MZI,4,58,2.169576,5.1795
MZI,3,59,0.769270,1.8365
MZI,2,60,-0.452387,-1.0800
MZI,1,61,-2.263002,-5.4025
MZI,0,62,0.390535,0.9323
MZI,64,0,-0.783841,-1.8713
MZI,63,1,-1.531373,-3.6559
MZI,62,2,-1.602552,-3.8258
MZI,61,3,-1.626253,-3.8824
MZI,60,4,-1.667877,-3.9818
MZI,59,5,-1.711700,-4.0864
MZI,58,6,-1.759513,-4.2005
MZI,57,7,-1.813506,-4.3294
MZI,56,8,-1.874452,-4.4749
MZI,55,9,-1.944814,-4.6429
MZI,54,10,-2.017156,-4.8156
MZI,53,11,-2.078204,-4.9613
MZI,52,12,-2.088924,-4.9869
MZI,51,13,-2.019024,-4.8201
MZI,50,14,-1.829185,-4.3669
MZI,49,15,-1.306884,-3.1200
MZI,48,16,2.135188,5.0974
MZI,47,17,-0.172764,-0.4124
MZI,46,18,0.610415,1.4573
MZI,45,19,1.365911,3.2609
MZI,44,20,2.555610,6.1011
MZI,43,21,-1.739181,-4.1520
MZI,42,22,-0.651971,-1.5565
MZI,41,23,0.487883,1.1647
MZI,40,24,-2.245318,-5.3603
MZI,39,25,-2.755077,-6.5773
MZI,38,26,-1.319358,-3.1497
MZI,37,27,-0.294818,-0.7038
MZI,36,28,1.610855,3.8456
MZI,35,29,1.755291,4.1904
MZI,34,30,1.599620,3.8188
MZI,33,31,1.332254,3.1805
MZI,32,32,1.171494,2.7967
MZI,31,33,1.089533,2.6011
MZI,30,34,0.901339,2.1518
MZI,29,35,0.885021,2.1128
MZI,28,36,1.837642,4.3870
MZI,27,37,2.112556,5.0434
MZI,26,38,0.078880,0.1883
MZI,25,39,-2.810735,-6.7101
MZI,24,40,-0.368244,-0.8791
MZI,23,41,2.551589,6.0915
MZI,22,42,-0.562516,-1.3429
MZI,21,43,-1.237893,-2.9553
MZI,20,44,-1.824677,-4.3561
MZI,19,45,0.259189,0.6188
MZI,18,46,-2.899964,-6.9232
MZI,17,47,-2.337065,-5.5793
MZI,16,48,0.398513,0.9514
MZI,15,49,2.179200,5.2025
MZI,14,50,1.070462,2.5555
MZI,13,51,0.333305,0.7957
MZI,12,52,-0.305152,-0.7285
MZI,11,53,-0.480194,-1.1464
MZI,10,54,2.947809,7.0374
MZI,9,55,-0.105586,-0.2521
MZI,8,56,2.100522,5.0146
MZI,7,57,-1.728177,-4.1257
MZI,6,58,2.792328,6.6662
MZI,5,59,-2.151862,-5.1372
MZI,4,60,-2.733878,-6.5267
MZI,3,61,2.185414,5.2173
MZI,2,62,1.128068,2.6931
MZI,1,63,-1.807635,-4.3154
MZI,0,64,0.780106,1.8624
MZI,66,0,-0.699238,-1.6693
MZI,65,1,-1.408172,-3.3618
MZI,64,2,-1.299999,-3.1035
MZI,63,3,-1.210839,-2.8907
MZI,62,4,-1.065003,-2.5425
MZI,61,5,-0.892424,-2.1305
MZI,60,6,-0.680656,-1.6249
MZI,59,7,-0.448331,-1.0703
MZI,58,8,-0.229452,-0.5478
MZI,57,9,-0.064742,-0.1546
MZI,56,10,0.009726,0.0232
MZI,55,11,-0.010015,-0.0239
MZI,54,12,-0.112278,-0.2680
MZI,53,13,-0.245692,-0.5865
MZI,52,14,-0.405424,-0.9679
MZI,51,15,-0.673534,-1.6079
MZI,50,16,-1.117873,-2.6687
MZI,49,17,-1.877499,-4.4822
MZI,48,18,0.942289,2.2495
MZI,47,19,-1.272270,-3.0373
MZI,46,20,3.027184,7.2269
MZI,45,21,2.136643,5.1009
MZI,44,22,1.204344,2.8752
MZI,43,23,-1.867359,-4.4580
MZI,42,24,2.944062,7.0284
MZI,41,25,0.070529,0.1684
MZI,40,26,1.217330,2.9062
MZI,39,27,1.303370,3.1116
MZI,38,28,1.355905,3.2370
MZI,37,29,1.281653,3.0597
MZI,36,30,0.889893,2.1245
MZI,35,31,0.165408,0.3949
MZI,34,32,-0.416041,-0.9932
MZI,33,33,-0.609756,-1.4557
MZI,32,34,-0.727524,-1.7368
MZI,31,35,-1.049655,-2.5059
MZI,30,36,-1.809040,-4.3188
MZI,29,37,2.826487,6.7477
MZI,28,38,2.044845,4.8817
MZI,27,39,1.610047,3.8437
MZI,26,40,3.121086,7.4510
MZI,25,41,1.880012,4.4882
MZI,24,42,0.248690,0.5937
MZI,23,43,0.995443,2.3764
MZI,22,44,0.111324,0.2658
MZI,21,45,-1.455053,-3.4737
MZI,20,46,2.884406,6.8860
MZI,19,47,-2.902576,-6.9294
MZI,18,48,2.815942,6.7226
MZI,17,49,0.731418,1.7461
MZI,16,50,-2.323440,-5.5468
MZI,15,51,-0.719555,-1.7178
MZI,14,52,2.352962,5.6173
MZI,13,53,2.000396,4.7756
MZI,12,54,0.383826,0.9163
MZI,11,55,-2.628310,-6.2746
MZI,10,56,-1.389933,-3.3182
MZI,9,57,2.171059,5.1830
MZI,8,58,-1.070819,-2.5564
MZI,7,59,-1.545857,-3.6905
MZI,6,60,-2.299093,-5.4887
MZI,5,61,-2.780679,-6.6384
MZI,4,62,1.906465,4.5513
MZI,3,63,-0.897394,-2.1424
MZI,2,64,-0.516424,-1.2329
MZI,1,65,-2.837807,-6.7748
MZI,0,66,-2.255804,-5.3853
MZI,68,0,-0.814832,-1.9453
MZI,67,1,-1.582831,-3.7787
MZI,66,2,-1.652761,-3.9457
MZI,65,3,-1.699639,-4.0576
MZI,64,4,-1.784145,-4.2593
MZI,63,5,-1.872747,-4.4709
MZI,62,6,-1.969970,-4.7030
MZI,61,7,-1.972412,-4.7088
MZI,60,8,-1.505314,-3.5937
MZI,59,9,-0.923503,-2.2047
MZI,58,10,-0.936634,-2.2360
MZI,57,11,-1.122649,-2.6801
MZI,56,12,-1.313720,-3.1363
MZI,55,13,-1.466252,-3.5004
MZI,54,14,-1.557067,-3.7172
MZI,53,15,-1.603895,-3.8290
MZI,52,16,-1.588303,-3.7918
MZI,51,17,-1.424062,-3.3997
MZI,50,18,-1.136054,-2.7121
MZI,49,19,-0.507422,-1.2114
MZI,48,20,-1.879458,-4.4869
MZI,47,21,-0.833037,-1.9887
MZI,46,22,-0.393964,-0.9405
MZI,45,23,-2.349773,-5.6097
MZI,44,24,-0.427021,-1.0194
MZI,43,25,0.336524,0.8034
MZI,42,26,0.036562,0.0873
MZI,41,27,-0.637235,-1.5213
MZI,40,28,0.222393,0.5309
MZI,39,29,1.004383,2.3978
MZI,38,30,-0.112786,-0.2693
MZI,37,31,1.190627,2.8424
MZI,36,32,2.197095,5.2452
MZI,35,33,2.801622,6.6884
MZI,34,34,2.986697,7.1302
MZI,33,35,3.073167,7.3366
MZI,32,36,-3.009569,-7.1848
MZI,31,37,-2.734724,-6.5287
MZI,30,38,-2.453136,-5.8564
MZI,29,39,-2.029309,-4.8446
MZI,28,40,-1.275623,-3.0453
MZI,27,41,0.218161,0.5208
MZI,26,42,2.168471,5.1768
MZI,25,43,-2.451796,-5.8532
MZI,24,44,2.914349,6.9575
MZI,23,45,2.758061,6.5844
MZI,22,46,-0.485787,-1.1597
MZI,21,47,1.601152,3.8225
MZI,20,48,0.503546,1.2021
MZI,19,49,-2.129441,-5.0837
MZI,18,50,-2.317490,-5.5326
MZI,17,51,-2.102933,-5.0204
MZI,16,52,-3.040503,-7.2587
MZI,15,53,-1.603194,-3.8273
MZI,14,54,-0.448235,-1.0701
MZI,13,55,-1.086328,-2.5934
MZI,12,56,1.422392,3.3957
MZI,11,57,-2.914154,-6.9570
MZI,10,58,0.855759,2.0430
MZI,9,59,0.808623,1.9304
MZI,8,60,-0.573676,-1.3696
MZI,7,61,1.718078,4.1016
MZI,6,62,-0.858538,-2.0496
MZI,5,63,1.879243,4.4864
MZI,4,64,-1.947523,-4.6494
MZI,3,65,-2.336326,-5.5776
MZI,2,66,-2.784310,-6.6471
MZI,1,67,-1.002580,-2.3935
MZI,0,68,-0.029361,-0.0701
MZI,70,0,-0.873704,-2.0858
MZI,69,1,-1.721355,-4.1094
MZI,68,2,-1.719486,-4.1050
MZI,67,3,-1.763347,-4.2097
MZI,66,4,-1.796149,-4.2880
MZI,65,5,-1.840427,-4.3937
MZI,64,6,-1.852531,-4.4226
MZI,63,7,-1.785844,-4.2634
MZI,62,8,-1.389726,-3.3177
MZI,61,9,-1.272479,-3.0378
MZI,60,10,-1.935794,-4.6214
MZI,59,11,-2.260165,-5.3957
MZI,58,12,-2.479143,-5.9185
MZI,57,13,-2.634093,-6.2884
MZI,56,14,-2.704616,-6.4568
MZI,55,15,-2.726094,-6.5081
MZI,54,16,-2.744175,-6.5512
MZI,53,17,-2.718284,-6.4894
MZI,52,18,-2.648038,-6.3217
MZI,51,19,-2.566815,-6.1278
MZI,50,20,-1.912630,-4.5661
MZI,49,21,1.558392,3.7204
MZI,48,22,2.274941,5.4310
MZI,47,23,1.990081,4.7510
MZI,46,24,-2.735262,-6.5300
MZI,45,25,3.086418,7.3683
MZI,44,26,2.298136,5.4864
MZI,43,27,1.510234,3.6054
MZI,42,28,1.295001,3.0916
MZI,41,29,1.253045,2.9914
MZI,40,30,-0.676833,-1.6158
MZI,39,31,-2.283681,-5.4519
MZI,38,32,2.355119,5.6224
MZI,37,33,1.862041,4.4453
MZI,36,34,1.831263,4.3718
MZI,35,35,1.878490,4.4846
MZI,34,36,1.948014,4.6505
MZI,33,37,2.221617,5.3037
MZI,32,38,2.957664,7.0609
MZI,31,39,-2.739505,-6.5401
MZI,30,40,-2.666685,-6.3662
MZI,29,41,1.108764,2.6470
MZI,28,42,0.276229,0.6594
MZI,27,43,-1.533544,-3.6611
MZI,26,44,-2.571571,-6.1392
MZI,25,45,-0.061090,-0.1458
MZI,24,46,2.398027,5.7249
MZI,23,47,1.495445,3.5701
MZI,22,48,-1.110911,-2.6521
MZI,21,49,2.040323,4.8709
MZI,20,50,3.119502,7.4473
MZI,19,51,-0.386344,-0.9223
MZI,18,52,-0.083205,-0.1986
MZI,17,53,2.741835,6.5456
MZI,16,54,1.480366,3.5341
MZI,15,55,-1.582110,-3.7770
MZI,14,56,-1.053653,-2.5154
MZI,13,57,-2.230767,-5.3256
MZI,12,58,0.650358,1.5526
MZI,11,59,-1.889653,-4.5112
MZI,10,60,-2.928871,-6.9922
MZI,9,61,-0.618684,-1.4770
MZI,8,62,0.554238,1.3231
MZI,7,63,-0.170690,-0.4075
MZI,6,64,0.749399,1.7891
MZI,5,65,-2.209282,-5.2743
MZI,4,66,2.986360,7.1294
MZI,3,67,2.594185,6.1932
MZI,2,68,-1.993682,-4.7596
MZI,1,69,-2.636989,-6.2953
MZI,0,70,0.345676,0.8252
MZI,72,0,-0.837139,-1.9985
MZI,71,1,-1.687139,-4.0277
MZI,70,2,-1.649348,-3.9375
MZI,69,3,-1.614438,-3.8542
MZI,68,4,-1.611738,-3.8477
MZI,67,5,-1.601070,-3.8223
MZI,66,6,-1.594875,-3.8075
MZI,65,7,-1.564284,-3.7345
MZI,64,8,-1.487447,-3.5510
MZI,63,9,-1.386866,-3.3109
MZI,62,10,-1.631249,-3.8943
MZI,61,11,-1.739687,-4.1532
MZI,60,12,-1.631280,-3.8944
MZI,59,13,-1.151390,-2.7487
MZI,58,14,-0.626108,-1.4947
MZI,57,15,-0.317824,-0.7587
MZI,56,16,-0.124859,-0.2981
MZI,55,17,0.048519,0.1158
MZI,54,18,0.165108,0.3942
MZI,53,19,0.128440,0.3066
MZI,52,20,0.130855,0.3124
MZI,51,21,1.700018,4.0585
MZI,50,22,1.702934,4.0655
MZI,49,23,1.256714,3.0002
MZI,48,24,1.284488,3.0665
MZI,47,25,1.905480,4.5490
MZI,46,26,2.311906,5.5193
MZI,45,27,2.610126,6.2312
MZI,44,28,2.974177,7.1003
MZI,43,29,2.842656,6.7863
MZI,42,30,1.371299,3.2737
MZI,41,31,1.268283,3.0278
MZI,40,32,1.973679,4.7118
MZI,39,33,2.298947,5.4883
MZI,38,34,2.252278,5.3769
MZI,37,35,2.100178,5.0138
MZI,36,36,1.994881,4.7624
MZI,35,37,1.902419,4.5417
MZI,34,38,1.564607,3.7352
MZI,33,39,0.683228,1.6311
MZI,32,40,-0.194818,-0.4651
MZI,31,41,-1.222811,-2.9192
MZI,30,42,1.642747,3.9218
MZI,29,43,-1.963846,-4.6883
MZI,28,44,0.363919,0.8688
MZI,27,45,0.783728,1.8710
MZI,26,46,2.480677,5.9222
MZI,25,47,2.170684,5.1821
MZI,24,48,0.329142,0.7858
MZI,23,49,2.020909,4.8246
MZI,22,50,2.513632,6.0009
MZI,21,51,0.091937,0.2195
MZI,20,52,1.211546,2.8924
MZI,19,53,1.471996,3.5141
MZI,18,54,1.738899,4.1513
MZI,17,55,2.261462,5.3988
MZI,16,56,-0.406014,-0.9693
MZI,15,57,2.642744,6.3091
MZI,14,58,0.977501,2.3336
MZI,13,59,0.086266,0.2059
MZI,12,60,1.020974,2.4374
MZI,11,61,0.226548,0.5408
MZI,10,62,-0.160075,-0.3822
MZI,9,63,-1.215443,-2.9017
MZI,8,64,1.828273,4.3647
MZI,7,65,-2.095216,-5.0020
MZI,6,66,1.554320,3.7107
MZI,5,67,0.636193,1.5188
MZI,4,68,2.724547,6.5044
MZI,3,69,-2.333868,-5.5717
MZI,2,70,2.425725,5.7910
MZI,1,71,-0.805757,-1.9236
MZI,0,72,0.892724,2.1312
MZI,74,0,-0.819294,-1.9559
MZI,73,1,-1.646607,-3.9310
MZI,72,2,-1.645427,-3.9282
MZI,71,3,-1.621068,-3.8700
MZI,70,4,-1.592722,-3.8023
MZI,69,5,-1.584258,-3.7821
MZI,68,6,-1.569073,-3.7459
MZI,67,7,-1.553249,-3.7081
MZI,66,8,-1.495269,-3.5697
MZI,65,9,-1.210880,-2.8908
MZI,64,10,-0.946066,-2.2586
MZI,63,11,-1.473678,-3.5181
MZI,62,12,-2.041070,-4.8727
MZI,61,13,-2.640845,-6.3046
MZI,60,14,3.065339,7.3180
MZI,59,15,2.660262,6.3509
MZI,58,16,2.602923,6.2140
MZI,57,17,-2.609551,-6.2298
MZI,56,18,-1.479884,-3.5330
MZI,55,19,-1.398733,-3.3392
MZI,54,20,-1.387951,-3.3135
MZI,53,21,-1.727732,-4.1247
MZI,52,22,0.188017,0.4489
MZI,51,23,-0.375765,-0.8971
MZI,50,24,-0.225373,-0.5380
MZI,49,25,3.043550,7.2659
MZI,48,26,-2.745317,-6.5540
MZI,47,27,-2.322984,-5.5457
MZI,46,28,-1.714169,-4.0923
MZI,45,29,-0.079277,-0.1893
MZI,44,30,0.627434,1.4979
MZI,43,31,2.341063,5.5889
MZI,42,32,-2.677483,-6.3920
MZI,41,33,-2.033643,-4.8550
MZI,40,34,-1.013516,-2.4196
MZI,39,35,-0.015007,-0.0358
MZI,38,36,0.425993,1.0170
MZI,37,37,0.599602,1.4314
MZI,36,38,0.750139,1.7908
MZI,35,39,1.715737,4.0960
MZI,34,40,-3.037230,-7.2509
MZI,33,41,-2.509847,-5.9918
MZI,32,42,-1.616507,-3.8591
MZI,31,43,-1.836258,-4.3837
MZI,30,44,-0.538202,-1.2849
MZI,29,45,-1.352699,-3.2293
MZI,28,46,2.069761,4.9412
MZI,27,47,1.594511,3.8066
MZI,26,48,1.224731,2.9238
MZI,25,49,-1.559338,-3.7226
MZI,24,50,-1.717584,-4.1004
MZI,23,51,0.912103,2.1775
MZI,22,52,-1.009023,-2.4089
MZI,21,53,-0.365896,-0.8735
MZI,20,54,2.745212,6.5537
MZI,19,55,-0.499661,-1.1929
MZI,18,56,2.832863,6.7630
MZI,17,57,-2.494948,-5.9562
MZI,16,58,0.387029,0.9240
MZI,15,59,1.664713,3.9742
MZI,14,60,-2.434817,-5.8127
MZI,13,61,1.285360,3.0686
MZI,12,62,-2.470085,-5.8969
MZI,11,63,0.288739,0.6893
MZI,10,64,2.869069,6.8494
MZI,9,65,-1.703644,-4.0672
MZI,8,66,2.221345,5.3031
MZI,7,67,3.062709,7.3117
MZI,6,68,-0.673164,-1.6071
MZI,5,69,-0.633628,-1.5127
MZI,4,70,-1.999911,-4.7744
MZI,3,71,-2.251950,-5.3761
MZI,2,72,3.010616,7.1873
MZI,1,73,-1.231071,-2.9390
MZI,0,74,-1.677652,-4.0051
MZI,76,0,-0.970392,-2.3166
MZI,75,1,-1.885342,-4.5009
MZI,74,2,-1.973879,-4.7123
MZI,73,3,-2.059940,-4.9177
MZI,72,4,-2.133140,-5.0925
MZI,71,5,-2.208258,-5.2718
MZI,70,6,-2.307638,-5.5091
MZI,69,7,-2.413148,-5.7610
MZI,68,8,-2.529144,-6.0379
MZI,67,9,-2.641566,-6.3063
MZI,66,10,-2.864010,-6.8373
MZI,65,11,3.004701,7.1732
MZI,64,12,-3.090536,-7.3781
MZI,63,13,-2.039256,-4.8684
MZI,62,14,-1.596278,-3.8108
MZI,61,15,-1.667813,-3.9816
MZI,60,16,-1.912648,-4.5661
MZI,59,17,-2.324662,-5.5497
MZI,58,18,2.505887,5.9824
MZI,57,19,1.008784,2.4083
MZI,56,20,0.581342,1.3879
MZI,55,21,0.326047,0.7784
MZI,54,22,0.351308,0.8387
MZI,53,23,-3.060181,-7.3056
MZI,52,24,-1.541950,-3.6811
MZI,51,25,-2.052755,-4.9006
MZI,50,26,0.351445,0.8390
MZI,49,27,-0.521967,-1.2461
MZI,48,28,-1.277539,-3.0499
MZI,47,29,-2.382811,-5.6885
MZI,46,30,1.531575,3.6564
MZI,45,31,-0.055189,-0.1318
MZI,44,32,-2.376690,-5.6739
MZI,43,33,2.974713,7.1016
MZI,42,34,2.874195,6.8616
MZI,41,35,2.105880,5.0274
MZI,40,36,1.103659,2.6348
MZI,39,37,0.618258,1.4760
MZI,38,38,0.417869,0.9976
MZI,37,39,0.257602,0.6150
MZI,36,40,-0.721397,-1.7222
MZI,35,41,-2.251818,-5.3758
MZI,34,42,-2.900847,-6.9253
MZI,33,43,0.291852,0.6967
MZI,32,44,-1.628148,-3.8869
MZI,31,45,-0.295703,-0.7059
MZI,30,46,2.391423,5.7091
MZI,29,47,1.893625,4.5207
MZI,28,48,-2.377869,-5.6767
MZI,27,49,-1.137516,-2.7156
MZI,26,50,0.396249,0.9460
MZI,25,51,-2.667441,-6.3680
MZI,24,52,-2.881447,-6.8789
MZI,23,53,-1.569331,-3.7465
MZI,22,54,-2.292271,-5.4724
MZI,21,55,-2.043510,-4.8785
MZI,20,56,-1.962974,-4.6863
MZI,19,57,2.639309,6.3009
MZI,18,58,2.455340,5.8617
MZI,17,59,-2.813471,-6.7167
MZI,16,60,2.928512,6.9913
MZI,15,61,0.943812,2.2532
MZI,14,62,2.894441,6.9100
MZI,13,63,-0.981567,-2.3433
MZI,12,64,2.323863,5.5478
MZI,11,65,2.505798,5.9822
MZI,10,66,-2.870400,-6.8526
MZI,9,67,3.105485,7.4138
MZI,8,68,-0.232942,-0.5561
MZI,7,69,3.128058,7.4677
MZI,6,70,-0.917336,-2.1900
MZI,5,71,2.094056,4.9992
MZI,4,72,-2.119919,-5.0609
MZI,3,73,-0.432077,-1.0315
MZI,2,74,-0.110574,-0.2640
MZI,1,75,2.494871,5.9561
MZI,0,76,1.950569,4.6566
MZI,78,0,-1.119180,-2.6718
MZI,77,1,-2.233966,-5.3332
MZI,76,2,-2.395700,-5.7193
MZI,75,3,-2.647892,-6.3214
MZI,74,4,-2.934549,-7.0057
MZI,73,5,3.079379,7.3515
MZI,72,6,2.819911,6.7320
MZI,71,7,2.385708,5.6955
MZI,70,8,0.742017,1.7714
MZI,69,9,0.252231,0.6022
MZI,68,10,0.303154,0.7237
MZI,67,11,0.068827,0.1643
MZI,66,12,-0.789572,-1.8850
MZI,65,13,-1.991436,-4.7542
MZI,64,14,2.665904,6.3644
MZI,63,15,2.154304,5.1430
MZI,62,16,1.987689,4.7453
MZI,61,17,1.798282,4.2931
MZI,60,18,1.565079,3.7364
MZI,59,19,1.347943,3.2180
MZI,58,20,1.257557,3.0022
MZI,57,21,1.323118,3.1587
MZI,56,22,1.333688,3.1839
MZI,55,23,1.335186,3.1875
MZI,54,24,2.556583,6.1034
MZI,53,25,1.464789,3.4969
MZI,52,26,1.587030,3.7888
MZI,51,27,2.118154,5.0567
MZI,50,28,2.611767,6.2351
MZI,49,29,2.693785,6.4309
MZI,48,30,0.660633,1.5771
MZI,47,31,1.115268,2.6625
MZI,46,32,2.072682,4.9482
MZI,45,33,-1.332639,-3.1814
MZI,44,34,-1.152130,-2.7505
MZI,43,35,-2.352192,-5.6154
MZI,42,36,2.860860,6.8298
MZI,41,37,2.905285,6.9359
MZI,40,38,-3.128117,-7.4678
MZI,39,39,-2.976697,-7.1063
MZI,38,40,-2.890893,-6.9015
MZI,37,41,-2.660288,-6.3510
MZI,36,42,-2.239358,-5.3461
MZI,35,43,-1.586316,-3.7871
MZI,34,44,1.649078,3.9369
MZI,33,45,1.570085,3.7483
MZI,32,46,-1.247460,-2.9781
MZI,31,47,1.200058,2.8649
MZI,30,48,1.380139,3.2948
MZI,29,49,1.282641,3.0621
MZI,28,50,-0.924479,-2.2070
MZI,27,51,-0.471717,-1.1261
MZI,26,52,2.842055,6.7849
MZI,25,53,-3.005353,-7.1748
MZI,24,54,-2.879727,-6.8748
MZI,23,55,2.367515,5.6520
MZI,22,56,0.462579,1.1043
MZI,21,57,1.283337,3.0637
MZI,20,58,-0.341671,-0.8157
MZI,19,59,0.995175,2.3758
MZI,18,60,-2.848946,-6.8014
MZI,17,61,1.226322,2.9276
MZI,16,62,-3.013564,-7.1944
MZI,15,63,0.566003,1.3512
MZI,14,64,1.941727,4.6355
MZI,13,65,0.880271,2.1015
MZI,12,66,2.719958,6.4934
MZI,11,67,-1.852100,-4.4216
MZI,10,68,1.682816,4.0174
MZI,9,69,3.114547,7.4354
MZI,8,70,-2.566783,-6.1277
MZI,7,71,-0.997934,-2.3824
MZI,6,72,-1.891779,-4.5163
MZI,5,73,0.866611,2.0689
MZI,4,74,-0.066109,-0.1578
MZI,3,75,-0.715013,-1.7070
MZI,2,76,-1.219734,-2.9119
MZI,1,77,-1.135029,-2.7097
MZI,0,78,1.613785,3.8526
MZI,80,0,-1.140707,-2.7232
MZI,79,1,-2.261763,-5.3996
MZI,78,2,-2.324233,-5.5487
MZI,77,3,-2.564726,-6.1228
MZI,76,4,-2.847164,-6.7971
MZI,75,5,-2.907411,-6.9409
MZI,74,6,-2.859135,-6.8257
MZI,73,7,-3.124116,-7.4583
MZI,72,8,2.427113,5.7943
MZI,71,9,-2.484289,-5.9308
MZI,70,10,-1.724228,-4.1163
MZI,69,11,-0.599538,-1.4313
MZI,68,12,-0.059827,-0.1428
MZI,67,13,-0.070356,-0.1680
MZI,66,14,0.328835,0.7850
MZI,65,15,0.801711,1.9139
MZI,64,16,0.754601,1.8015
MZI,63,17,0.112522,0.2686
MZI,62,18,-0.413036,-0.9861
MZI,61,19,-0.310711,-0.7418
MZI,60,20,-0.033141,-0.0791
MZI,59,21,0.192962,0.4607
MZI,58,22,0.241092,0.5756
MZI,57,23,0.270578,0.6460
MZI,56,24,0.417669,0.9971
MZI,55,25,1.407767,3.3608
MZI,54,26,1.255946,2.9983
MZI,53,27,1.110721,2.6517
MZI,52,28,1.411826,3.3705
MZI,51,29,-2.461451,-5.8763
MZI,50,30,-1.943368,-4.6395
MZI,49,31,0.450261,1.0749
MZI,48,32,0.363936,0.8688
MZI,47,33,0.632657,1.5104
MZI,46,34,0.689038,1.6450
MZI,45,35,0.472458,1.1279
MZI,44,36,0.734571,1.7537
MZI,43,37,-0.130880,-0.3125
MZI,42,38,-0.521181,-1.2442
MZI,41,39,-0.792076,-1.8909
MZI,40,40,-0.934928,-2.2320
MZI,39,41,-0.987504,-2.3575
MZI,38,42,-1.037793,-2.4775
MZI,37,43,0.009674,0.0231
MZI,36,44,0.517876,1.2363
MZI,35,45,0.263367,0.6287
MZI,34,46,0.702323,1.6767
MZI,33,47,-2.794253,-6.6708
MZI,32,48,0.662541,1.5817
MZI,31,49,-2.260030,-5.3954
MZI,30,50,0.183864,0.4389
MZI,29,51,-0.022062,-0.0527
MZI,28,52,2.469358,5.8952
MZI,27,53,-2.029206,-4.8444
MZI,26,54,1.754467,4.1885
MZI,25,55,0.554092,1.3228
MZI,24,56,-1.523176,-3.6363
MZI,23,57,1.378547,3.2910
MZI,22,58,-2.763854,-6.5982
MZI,21,59,-1.545267,-3.6891
MZI,20,60,3.060645,7.3068
MZI,19,61,3.078944,7.3504
MZI,18,62,0.380869,0.9093
MZI,17,63,1.738932,4.1514
MZI,16,64,2.957545,7.0606
MZI,15,65,-0.558033,-1.3322
MZI,14,66,0.812188,1.9390
MZI,13,67,-1.446988,-3.4544
MZI,12,68,2.489866,5.9441
MZI,11,69,-1.598572,-3.8163
MZI,10,70,-2.510170,-5.9926
MZI,9,71,0.924524,2.2071
MZI,8,72,2.171459,5.1840
MZI,7,73,-1.049639,-2.5058
MZI,6,74,-1.542102,-3.6815
MZI,5,75,2.999073,7.1598
MZI,4,76,1.995699,4.7644
MZI,3,77,-1.068631,-2.5512
MZI,2,78,-1.078519,-2.5748
MZI,1,79,-0.220735,-0.5270
MZI,0,80,1.655539,3.9523
MZI,82,0,-1.014737,-2.4225
MZI,81,1,-2.085137,-4.9779
MZI,80,2,-2.031233,-4.8492
MZI,79,3,-2.194674,-5.2394
MZI,78,4,-2.476443,-5.9121
MZI,77,5,-2.059748,-4.9173
MZI,76,6,-1.538486,-3.6729
MZI,75,7,-1.314747,-3.1387
MZI,74,8,-1.551505,-3.7039
MZI,73,9,-0.857852,-2.0480
MZI,72,10,0.013149,0.0314
MZI,71,11,0.805194,1.9223
MZI,70,12,0.077757,0.1856
MZI,69,13,-0.573136,-1.3683
MZI,68,14,-0.668941,-1.5970
MZI,67,15,-0.550854,-1.3151
MZI,66,16,-0.265275,-0.6333
MZI,65,17,0.297065,0.7092
MZI,64,18,1.522453,3.6346
MZI,63,19,2.729720,6.5167
MZI,62,20,-2.973241,-7.0981
MZI,61,21,-2.628795,-6.2758
MZI,60,22,-2.364960,-5.6459
MZI,59,23,-2.125093,-5.0733
MZI,58,24,-2.066649,-4.9338
MZI,57,25,-2.063855,-4.9271
MZI,56,26,-2.671836,-6.3785
MZI,55,27,-2.443030,-5.8323
MZI,54,28,-1.851485,-4.4201
MZI,53,29,-1.694954,-4.0464
MZI,52,30,2.458986,5.8704
MZI,51,31,2.395765,5.7195
MZI,50,32,2.482939,5.9276
MZI,49,33,2.531296,6.0430
MZI,48,34,1.227727,2.9310
MZI,47,35,-2.971689,-7.0944
MZI,46,36,-2.958521,-7.0629
MZI,45,37,-2.547535,-6.0818
MZI,44,38,-1.306536,-3.1191
MZI,43,39,-1.904051,-4.5456
MZI,42,40,-1.698483,-4.0548
MZI,41,41,-1.515817,-3.6187
MZI,40,42,-1.457370,-3.4792
MZI,39,43,-1.442018,-3.4426
MZI,38,44,-2.656983,-6.3431
MZI,37,45,2.841205,6.7829
MZI,36,46,2.561517,6.1152
MZI,35,47,0.653796,1.5608
MZI,34,48,2.414416,5.7640
MZI,33,49,-0.047593,-0.1136
MZI,32,50,0.103698,0.2476
MZI,31,51,-1.894974,-4.5239
MZI,30,52,-0.411960,-0.9835
MZI,29,53,0.910882,2.1746
MZI,28,54,1.714178,4.0923
MZI,27,55,2.226840,5.3162
MZI,26,56,0.615992,1.4706
MZI,25,57,1.996577,4.7665
MZI,24,58,-1.916907,-4.5763
MZI,23,59,-2.189427,-5.2269
MZI,22,60,1.292734,3.0862
MZI,21,61,2.434466,5.8119
MZI,20,62,-1.347246,-3.2163
MZI,19,63,3.063038,7.3125
MZI,18,64,-0.501542,-1.1973
MZI,17,65,2.334568,5.5734
MZI,16,66,-0.939128,-2.2420
MZI,15,67,-3.136531,-7.4879
MZI,14,68,-0.508993,-1.2151
MZI,13,69,1.047584,2.5009
MZI,12,70,-0.268814,-0.6417
MZI,11,71,-0.964638,-2.3029
MZI,10,72,-1.738315,-4.1499
MZI,9,73,0.618396,1.4763
MZI,8,74,-2.018757,-4.8194
MZI,7,75,-0.168825,-0.4030
MZI,6,76,1.063483,2.5389
MZI,5,77,-0.857056,-2.0461
MZI,4,78,1.713922,4.0917
MZI,3,79,2.383852,5.6910
MZI,2,80,-2.726405,-6.5088
MZI,1,81,0.054704,0.1306
MZI,0,82,-1.189370,-2.8394
MZI,84,0,-0.957961,-2.2870
MZI,83,1,-1.941430,-4.6348
MZI,82,2,-1.952034,-4.6601
MZI,81,3,-1.947184,-4.6486
MZI,80,4,-2.268274,-5.4151
MZI,79,5,-1.969453,-4.7017
MZI,78,6,-1.317012,-3.1441
MZI,77,7,-1.203206,-2.8724
MZI,76,8,-1.459004,-3.4831
MZI,75,9,-1.654822,-3.9506
MZI,74,10,-1.177033,-2.8100
MZI,73,11,-0.833571,-1.9900
MZI,72,12,-1.229088,-2.9342
MZI,71,13,-1.370842,-3.2726
MZI,70,14,-1.372444,-3.2765
MZI,69,15,-1.274260,-3.0421
MZI,68,16,-1.089787,-2.6017
MZI,67,17,-0.923733,-2.2052
MZI,66,18,-0.941980,-2.2488
MZI,65,19,-1.184602,-2.8280
MZI,64,20,-1.510241,-3.6054
MZI,63,21,-1.802710,-4.3037
MZI,62,22,-2.058658,-4.9147
MZI,61,23,-2.316667,-5.5306
MZI,60,24,-2.578369,-6.1554
MZI,59,25,-2.763657,-6.5977
MZI,58,26,-2.988364,-7.1342
MZI,57,27,1.542978,3.6836
MZI,56,28,2.222600,5.3061
MZI,55,29,3.024581,7.2207
MZI,54,30,2.991387,7.1414
MZI,53,31,-2.810634,-6.7099
MZI,52,32,-1.747734,-4.1724
MZI,51,33,-1.459405,-3.4841
MZI,50,34,-1.629267,-3.8896
MZI,49,35,-1.112157,-2.6551
MZI,48,36,1.304274,3.1137
MZI,47,37,2.434413,5.8117
MZI,46,38,2.758893,6.5864
MZI,45,39,3.123578,7.4570
MZI,44,40,-2.258273,-5.3912
MZI,43,41,-2.399854,-5.7292
MZI,42,42,-2.555070,-6.0998
MZI,41,43,-2.594613,-6.1942
MZI,40,44,-2.548285,-6.0836
MZI,39,45,-1.523197,-3.6364
MZI,38,46,-0.914298,-2.1827
MZI,37,47,-0.837307,-1.9989
MZI,36,48,-0.094110,-0.2247
MZI,35,49,0.264045,0.6304
MZI,34,50,-0.135045,-0.3224
MZI,33,51,-1.361066,-3.2493
MZI,32,52,-1.268572,-3.0285
MZI,31,53,-1.493706,-3.5660
MZI,30,54,0.711339,1.6982
MZI,29,55,0.238050,0.5683
MZI,28,56,0.919470,2.1951
MZI,27,57,-0.156783,-0.3743
MZI,26,58,1.203701,2.8736
MZI,25,59,1.954089,4.6650
MZI,24,60,-0.057981,-0.1384
MZI,23,61,-2.173437,-5.1887
MZI,22,62,-1.252341,-2.9897
MZI,21,63,1.871464,4.4678
MZI,20,64,2.260722,5.3971
MZI,19,65,-2.354754,-5.6216
MZI,18,66,-3.096823,-7.3931
MZI,17,67,-1.804315,-4.3075
MZI,16,68,-1.120212,-2.6743
MZI,15,69,-1.513631,-3.6135
MZI,14,70,1.487579,3.5513
MZI,13,71,1.199890,2.8645
MZI,12,72,2.786156,6.6515
MZI,11,73,0.945851,2.2581
MZI,10,74,0.814949,1.9455
MZI,9,75,-2.620504,-6.2560
MZI,8,76,3.021347,7.2129
MZI,7,77,-0.445444,-1.0634
MZI,6,78,-2.539765,-6.0632
MZI,5,79,-1.358899,-3.2441
MZI,4,80,0.518634,1.2381
MZI,3,81,1.993994,4.7603
MZI,2,82,2.766413,6.6043
MZI,1,83,-1.547907,-3.6954
MZI,0,84,-0.448677,-1.0711
MZI,86,0,-0.926442,-2.2117
MZI,85,1,-1.865923,-4.4546
MZI,84,2,-1.867317,-4.4579
MZI,83,3,-1.875987,-4.4786
MZI,82,4,-1.905428,-4.5489
MZI,81,5,-2.204139,-5.2620
MZI,80,6,-1.573175,-3.7557
MZI,79,7,-1.326514,-3.1668
MZI,78,8,-1.521566,-3.6325
MZI,77,9,-1.842971,-4.3998
MZI,76,10,-1.692831,-4.0413
MZI,75,11,-1.222422,-2.9183
MZI,74,12,-1.221083,-2.9151
MZI,73,13,-1.411010,-3.3685
MZI,72,14,-1.495098,-3.5693
MZI,71,15,-1.604678,-3.8309
MZI,70,16,-1.728130,-4.1256
MZI,69,17,-1.886937,-4.5047
MZI,68,18,-2.076062,-4.9562
MZI,67,19,-2.191374,-5.2315
MZI,66,20,-2.188023,-5.2235
MZI,65,21,-2.093500,-4.9979
MZI,64,22,-1.910137,-4.5601
MZI,63,23,-1.638385,-3.9114
MZI,62,24,-1.319581,-3.1503
MZI,61,25,-0.938546,-2.2406
MZI,60,26,-0.345794,-0.8255
MZI,59,27,-1.505848,-3.5949
MZI,58,28,-2.433818,-5.8103
MZI,57,29,-2.972816,-7.0971
MZI,56,30,-2.407880,-5.7484
MZI,55,31,-2.593206,-6.1908
MZI,54,32,3.088567,7.3734
MZI,53,33,2.022273,4.8278
MZI,52,34,2.455229,5.8614
MZI,51,35,-1.957041,-4.6721
MZI,50,36,-1.425578,-3.4033
MZI,49,37,-1.432695,-3.4203
MZI,48,38,-2.524705,-6.0273
MZI,47,39,2.575768,6.1492
MZI,46,40,2.719012,6.4912
MZI,45,41,3.130045,7.4724
MZI,44,42,-2.897775,-6.9179
MZI,43,43,-2.799412,-6.6831
MZI,42,44,-2.784694,-6.6480
MZI,41,45,-2.833765,-6.7651
MZI,40,46,2.624433,6.2654
MZI,39,47,2.582980,6.1664
MZI,38,48,-3.022644,-7.2160
MZI,37,49,2.906887,6.9397
MZI,36,50,-2.960701,-7.0682
MZI,35,51,-2.421453,-5.7808
MZI,34,52,-1.684084,-4.0205
MZI,33,53,-2.038061,-4.8655
MZI,32,54,1.315701,3.1410
MZI,31,55,2.975696,7.1040
MZI,30,56,1.328048,3.1705
MZI,29,57,1.775125,4.2378
MZI,28,58,-0.343697,-0.8205
MZI,27,59,-1.586206,-3.7868
MZI,26,60,-0.156427,-0.3734
MZI,25,61,-0.268003,-0.6398
MZI,24,62,-1.106914,-2.6426
MZI,23,63,2.906717,6.9393
MZI,22,64,-1.174884,-2.8048
MZI,21,65,0.604225,1.4425
MZI,20,66,0.530692,1.2669
MZI,19,67,-2.641818,-6.3069
MZI,18,68,0.997296,2.3809
MZI,17,69,-0.582432,-1.3905
MZI,16,70,2.796516,6.6762
MZI,15,71,1.383318,3.3024
MZI,14,72,-2.698418,-6.4420
MZI,13,73,-0.983942,-2.3490
MZI,12,74,0.763304,1.8223
MZI,11,75,2.939150,7.0167
MZI,10,76,-1.692250,-4.0399
MZI,9,77,0.713507,1.7034
MZI,8,78,0.269015,0.6422
MZI,7,79,-1.854940,-4.4283
MZI,6,80,3.064611,7.3162
MZI,5,81,-2.104821,-5.0249
MZI,4,82,1.019474,2.4338
MZI,3,83,0.817926,1.9527
MZI,2,84,2.189439,5.2269
MZI,1,85,-1.296235,-3.0945
MZI,0,86,-1.904486,-4.5466
MZI,88,0,-1.083177,-2.5859
MZI,87,1,-2.099059,-5.0111
MZI,86,2,-2.182272,-5.2098
MZI,85,3,-2.263468,-5.4036
MZI,84,4,-2.349993,-5.6102
MZI,83,5,-2.463969,-5.8823
MZI,82,6,-2.695947,-6.4361
MZI,81,7,-2.191321,-5.2314
MZI,80,8,-2.384237,-5.6919
MZI,79,9,-2.582115,-6.1643
MZI,78,10,-2.958780,-7.0636
MZI,77,11,-2.767343,-6.6065
MZI,76,12,-2.527996,-6.0351
MZI,75,13,-2.832193,-6.7614
MZI,74,14,-3.021288,-7.2128
MZI,73,15,3.108156,7.4202
MZI,72,16,2.963991,7.0760
MZI,71,17,2.851939,6.8085
MZI,70,18,2.785765,6.6505
MZI,69,19,2.805188,6.6969
MZI,68,20,2.972493,7.0963
MZI,67,21,-3.075334,-7.3418
MZI,66,22,-2.954031,-7.0522
MZI,65,23,-3.014201,-7.1959
MZI,64,24,3.067702,7.3236
MZI,63,25,2.827183,6.7494
MZI,62,26,2.559728,6.1109
MZI,61,27,2.084485,4.9763
MZI,60,28,-2.758452,-6.5853
MZI,59,29,-0.168681,-0.4027
MZI,58,30,-0.588002,-1.4038
MZI,57,31,-2.901087,-6.9258
MZI,56,32,2.525342,6.0288
MZI,55,33,1.855650,4.4300
MZI,54,34,0.919388,2.1949
MZI,53,35,-0.740302,-1.7673
MZI,52,36,-3.101111,-7.4034
MZI,51,37,2.643283,6.3104
MZI,50,38,2.614103,6.2407
MZI,49,39,-1.973776,-4.7120
MZI,48,40,-0.945278,-2.2567
MZI,47,41,-1.237504,-2.9543
MZI,46,42,-1.492085,-3.5621
MZI,45,43,-1.515475,-3.6179
MZI,44,44,-1.511821,-3.6092
MZI,43,45,-1.527088,-3.6457
MZI,42,46,-1.613367,-3.8516
MZI,41,47,-1.920690,-4.5853
MZI,40,48,-2.583565,-6.1678
MZI,39,49,2.964052,7.0762
MZI,38,50,-1.389966,-3.3183
MZI,37,51,0.006055,0.0145
MZI,36,52,1.084092,2.5881
MZI,35,53,0.679055,1.6211
MZI,34,54,-1.809204,-4.3192
MZI,33,55,0.010359,0.0247
MZI,32,56,0.952064,2.2729
MZI,31,57,2.653697,6.3352
MZI,30,58,1.460882,3.4876
MZI,29,59,-0.848958,-2.0267
MZI,28,60,1.282368,3.0614
MZI,27,61,1.910022,4.5598
MZI,26,62,-2.064350,-4.9283
MZI,25,63,2.365361,5.6469
MZI,24,64,-1.938755,-4.6284
MZI,23,65,-0.688591,-1.6439
MZI,22,66,0.117779,0.2812
MZI,21,67,0.581385,1.3880
MZI,20,68,-0.756553,-1.8061
MZI,19,69,-2.667183,-6.3674
MZI,18,70,1.236090,2.9509
MZI,17,71,0.721062,1.7214
MZI,16,72,-0.474439,-1.1326
MZI,15,73,1.449291,3.4599
MZI,14,74,-1.580027,-3.7720
MZI,13,75,2.414680,5.7646
MZI,12,76,0.316770,0.7562
MZI,11,77,-0.054040,-0.1290
MZI,10,78,1.188164,2.8365
MZI,9,79,1.336586,3.1909
MZI,8,80,2.267342,5.4129
MZI,7,81,-2.963317,-7.0744
MZI,6,82,-1.937656,-4.6258
MZI,5,83,2.339571,5.5853
MZI,4,84,-0.113184,-0.2702
MZI,3,85,-0.423425,-1.0109
MZI,2,86,-2.919221,-6.9691
MZI,1,87,2.847381,6.7976
MZI,0,88,-1.829890,-4.3685
MZI,90,0,-1.111282,-2.6530
MZI,89,1,-2.210471,-5.2771
MZI,88,2,-2.181153,-5.2071
MZI,87,3,-2.212198,-5.2812
MZI,86,4,-2.258199,-5.3911
MZI,85,5,-2.313822,-5.5238
MZI,84,6,-2.407205,-5.7468
MZI,83,7,-2.503365,-5.9763
MZI,82,8,-2.133502,-5.0934
MZI,81,9,-2.335188,-5.5749
MZI,80,10,-2.452299,-5.8544
MZI,79,11,-2.777818,-6.6316
MZI,78,12,-2.497854,-5.9632
MZI,77,13,-2.375029,-5.6700
MZI,76,14,-2.580969,-6.1616
MZI,75,15,-2.690448,-6.4230
MZI,74,16,-2.792887,-6.6675
MZI,73,17,-2.897211,-6.9166
MZI,72,18,-2.984381,-7.1247
MZI,71,19,-3.089767,-7.3763
MZI,70,20,2.995112,7.1503
MZI,69,21,2.649646,6.3256
MZI,68,22,2.273564,5.4277
MZI,67,23,2.087506,4.9836
MZI,66,24,2.144337,5.1192
MZI,65,25,2.297928,5.4859
MZI,64,26,2.375783,5.6718
MZI,63,27,2.399070,5.7274
MZI,62,28,2.597294,6.2006
MZI,61,29,2.640761,6.3044
MZI,60,30,0.737913,1.7616
MZI,59,31,-3.086842,-7.3693
MZI,58,32,2.559904,6.1113
MZI,57,33,2.244938,5.3594
MZI,56,34,2.693349,6.4299
MZI,55,35,-2.736675,-6.5333
MZI,54,36,-1.528229,-3.6484
MZI,53,37,0.082373,0.1967
MZI,52,38,0.504456,1.2043
MZI,51,39,-0.676975,-1.6162
MZI,50,40,-3.010912,-7.1880
MZI,49,41,2.912932,6.9541
MZI,48,42,-2.929268,-6.9931
MZI,47,43,-1.811899,-4.3256
MZI,46,44,-1.470220,-3.5099
MZI,45,45,-1.465636,-3.4989
MZI,44,46,-1.487543,-3.5512
MZI,43,47,-1.540619,-3.6780
MZI,42,48,-1.603683,-3.8285
MZI,41,49,-1.640092,-3.9154
MZI,40,50,2.859367,6.8262
MZI,39,51,-0.545576,-1.3025
MZI,38,52,-2.750980,-6.5675
MZI,37,53,-0.014185,-0.0339
MZI,36,54,1.145374,2.7344
MZI,35,55,2.485425,5.9335
MZI,34,56,1.856519,4.4321
MZI,33,57,-2.168367,-5.1766
MZI,32,58,-1.271071,-3.0345
MZI,31,59,-0.502514,-1.1997
MZI,30,60,2.565752,6.1253
MZI,29,61,2.512721,5.9987
MZI,28,62,-1.584711,-3.7832
MZI,27,63,-2.690879,-6.4240
MZI,26,64,1.472890,3.5163
MZI,25,65,2.831455,6.7596
MZI,24,66,-0.255050,-0.6089
MZI,23,67,-1.034075,-2.4687
MZI,22,68,-0.313675,-0.7488
MZI,21,69,0.002082,0.0050
MZI,20,70,-1.590226,-3.7964
MZI,19,71,-1.816456,-4.3365
MZI,18,72,-2.632369,-6.2843
MZI,17,73,-1.538314,-3.6725
MZI,16,74,0.344646,0.8228
MZI,15,75,-2.604033,-6.2167
MZI,14,76,1.080523,2.5796
MZI,13,77,-2.476822,-5.9130
MZI,12,78,-1.513557,-3.6134
MZI,11,79,-1.832816,-4.3755
MZI,10,80,0.862582,2.0593
MZI,9,81,-0.216511,-0.5169
MZI,8,82,-0.933287,-2.2281
MZI,7,83,-2.629196,-6.2767
MZI,6,84,2.158138,5.1522
MZI,5,85,-0.698830,-1.6683
MZI,4,86,0.938119,2.2396
MZI,3,87,3.113380,7.4326
MZI,2,88,-0.926277,-2.2113
MZI,1,89,0.432759,1.0331
MZI,0,90,-0.871542,-2.0807
MZI,92,0,-1.174672,-2.8043
MZI,91,1,-2.321704,-5.5427
MZI,90,2,-2.343918,-5.5957
MZI,89,3,-2.344032,-5.5960
MZI,88,4,-2.383003,-5.6890
MZI,87,5,-2.436164,-5.8159
MZI,86,6,-2.497550,-5.9625
MZI,85,7,-2.598806,-6.2042
MZI,84,8,-2.647904,-6.3214
MZI,83,9,-2.431805,-5.8055
MZI,82,10,-2.597084,-6.2001
MZI,81,11,-2.691267,-6.4249
MZI,80,12,-2.999787,-7.1615
MZI,79,13,-2.703309,-6.4537
MZI,78,14,-2.681200,-6.4009
MZI,77,15,-2.824751,-6.7436
MZI,76,16,-2.894269,-6.9096
MZI,75,17,-2.961856,-7.0709
MZI,74,18,-3.021194,-7.2126
MZI,73,19,-3.043645,-7.2662
MZI,72,20,-3.052504,-7.2873
MZI,71,21,-3.069916,-7.3289
MZI,70,22,-3.103524,-7.4091
MZI,69,23,3.110741,7.4263
MZI,68,24,2.972692,7.0968
MZI,67,25,2.762841,6.5958
MZI,66,26,2.597684,6.2015
MZI,65,27,2.506856,5.9847
MZI,64,28,2.239628,5.3467
MZI,63,29,2.287682,5.4614
MZI,62,30,2.472392,5.9024
MZI,61,31,0.169866,0.4055
MZI,60,32,-2.809759,-6.7078
MZI,59,33,-1.411709,-3.3702
MZI,58,34,1.320861,3.1533
MZI,57,35,1.812987,4.3282
MZI,56,36,2.012305,4.8040
MZI,55,37,2.019956,4.8223
MZI,54,38,1.834295,4.3791
MZI,53,39,2.474711,5.9079
MZI,52,40,3.007426,7.1797
MZI,51,41,2.807797,6.7031
MZI,50,42,2.734124,6.5272
MZI,49,43,2.373782,5.6670
MZI,48,44,1.208262,2.8845
MZI,47,45,0.856912,2.0457
MZI,46,46,0.866743,2.0692
MZI,45,47,0.899216,2.1467
MZI,44,48,0.969672,2.3149
MZI,43,49,1.038442,2.4791
MZI,42,50,1.067096,2.5475
MZI,41,51,2.749478,6.5639
MZI,40,52,2.353030,5.6174
MZI,39,53,0.809824,1.9333
MZI,38,54,2.047601,4.8883
MZI,37,55,1.551013,3.7028
MZI,36,56,0.489128,1.1677
MZI,35,57,-1.579550,-3.7709
MZI,34,58,2.590739,6.1849
MZI,33,59,-0.183361,-0.4377
MZI,32,60,0.262641,0.6270
MZI,31,61,-0.840620,-2.0068
MZI,30,62,1.129376,2.6962
MZI,29,63,0.913263,2.1803
MZI,28,64,-2.063550,-4.9264
MZI,27,65,0.760996,1.8167
MZI,26,66,0.944920,2.2558
MZI,25,67,2.856029,6.8183
MZI,24,68,3.029600,7.2326
MZI,23,69,-1.796557,-4.2890
MZI,22,70,-1.361780,-3.2510
MZI,21,71,-1.333808,-3.1842
MZI,20,72,-1.428098,-3.4093
MZI,19,73,-3.051605,-7.2852
MZI,18,74,-1.592966,-3.8029
MZI,17,75,0.415749,0.9925
MZI,16,76,0.969078,2.3135
MZI,15,77,1.335713,3.1888
MZI,14,78,-1.613558,-3.8521
MZI,13,79,-2.815788,-6.7222
MZI,12,80,0.139522,0.3331
MZI,11,81,-0.989719,-2.3628
MZI,10,82,-2.313060,-5.5220
MZI,9,83,0.945397,2.2570
MZI,8,84,2.082955,4.9727
MZI,7,85,1.170816,2.7951
MZI,6,86,2.789352,6.6591
MZI,5,87,-1.364913,-3.2585
MZI,4,88,-2.263316,-5.4033
MZI,3,89,-1.736245,-4.1450
MZI,2,90,-2.954618,-7.0536
MZI,1,91,-3.139891,-7.4959
MZI,0,92,0.375867,0.8973
MZI,94,0,-1.182092,-2.8220
MZI,93,1,-2.360857,-5.6361
MZI,92,2,-2.345937,-5.6005
MZI,91,3,-2.347713,-5.6048
MZI,90,4,-2.336859,-5.5788
MZI,89,5,-2.354752,-5.6216
MZI,88,6,-2.385167,-5.6942
MZI,87,7,-2.422111,-5.7824
MZI,86,8,-2.506704,-5.9843
MZI,85,9,-2.496861,-5.9608
MZI,84,10,-2.346801,-5.6026
MZI,83,11,-2.448894,-5.8463
MZI,82,12,-2.511729,-5.9963
MZI,81,13,-2.740884,-6.5434
MZI,80,14,-2.438145,-5.8206
MZI,79,15,-2.458229,-5.8686
MZI,78,16,-2.550320,-6.0884
MZI,77,17,-2.600688,-6.2087
MZI,76,18,-2.663658,-6.3590
MZI,75,19,-2.726880,-6.5099
MZI,74,20,-2.768082,-6.6083
MZI,73,21,-2.799551,-6.6834
MZI,72,22,-2.818766,-6.7293
MZI,71,23,-2.814306,-6.7187
MZI,70,24,-2.789209,-6.6587
MZI,69,25,-2.714863,-6.4813
MZI,68,26,0.005101,0.0122
MZI,67,27,-0.020959,-0.0500
MZI,66,28,-0.167714,-0.4004
MZI,65,29,-0.144735,-0.3455
MZI,64,30,-0.242976,-0.5801
MZI,63,31,0.069665,0.1663
MZI,62,32,-2.699254,-6.4440
MZI,61,33,-0.225007,-0.5372
MZI,60,34,0.183737,0.4386
MZI,59,35,-1.512458,-3.6107
MZI,58,36,-2.277685,-5.4376
MZI,57,37,3.140187,7.4966
MZI,56,38,2.567008,6.1283
MZI,55,39,1.649742,3.9385
MZI,54,40,-1.129214,-2.6958
MZI,53,41,-0.243598,-0.5815
MZI,52,42,1.550453,3.7014
MZI,51,43,2.333608,5.5711
MZI,50,44,2.724188,6.5035
MZI,49,45,2.866362,6.8429
MZI,48,46,2.803809,6.6936
MZI,47,47,2.754792,6.5766
MZI,46,48,2.755703,6.5788
MZI,45,49,2.821691,6.7363
MZI,44,50,-3.100938,-7.4029
MZI,43,51,-1.961697,-4.6832
MZI,42,52,-0.484702,-1.1571
MZI,41,53,-0.748115,-1.7860
MZI,40,54,-0.705782,-1.6849
MZI,39,55,1.804113,4.3070
MZI,38,56,1.518039,3.6241
MZI,37,57,1.557535,3.7183
MZI,36,58,1.205632,2.8782
MZI,35,59,1.329639,3.1743
MZI,34,60,0.517213,1.2348
MZI,33,61,-0.704300,-1.6814
MZI,32,62,-0.007738,-0.0185
MZI,31,63,1.112132,2.6550
MZI,30,64,-1.979554,-4.7258
MZI,29,65,-2.531193,-6.0428
MZI,28,66,2.985413,7.1271
MZI,27,67,1.566115,3.7388
MZI,26,68,-2.925798,-6.9848
MZI,25,69,-2.619051,-6.2525
MZI,24,70,2.943484,7.0271
MZI,23,71,-1.026957,-2.4517
MZI,22,72,-0.266928,-0.6372
MZI,21,73,1.063837,2.5397
MZI,20,74,2.357511,5.6281
MZI,19,75,0.830383,1.9824
MZI,18,76,-1.147354,-2.7391
MZI,17,77,-2.792179,-6.6658
MZI,16,78,-0.958462,-2.2882
MZI,15,79,-1.192473,-2.8468
MZI,14,80,-0.677944,-1.6185
MZI,13,81,-2.197347,-5.2458
MZI,12,82,0.949071,2.2657
MZI,11,83,0.008324,0.0199
MZI,10,84,-2.087881,-4.9844
MZI,9,85,-1.643554,-3.9237
MZI,8,86,1.519200,3.6268
MZI,7,87,-2.517652,-6.0105
MZI,6,88,-2.085859,-4.9796
MZI,5,89,-1.299075,-3.1013
MZI,4,90,-2.222750,-5.3064
MZI,3,91,-2.090083,-4.9897
MZI,2,92,-1.872024,-4.4691
MZI,1,93,0.626306,1.4952
MZI,0,94,-0.316356,-0.7552
MZI,96,0,-1.220924,-2.9147
MZI,95,1,-2.422591,-5.7835
MZI,94,2,-2.435443,-5.8142
MZI,93,3,-2.435027,-5.8132
MZI,92,4,-2.443387,-5.8332
MZI,91,5,-2.440804,-5.8270
MZI,90,6,-2.459003,-5.8704
MZI,89,7,-2.487210,-5.9378
MZI,88,8,-2.520375,-6.0170
MZI,87,9,-2.610502,-6.2321
MZI,86,10,-2.571619,-6.1393
MZI,85,11,-2.473669,-5.9054
MZI,84,12,-2.545265,-6.0764
MZI,83,13,-2.598236,-6.2028
MZI,82,14,-2.777650,-6.6312
MZI,81,15,-2.479651,-5.9197
MZI,80,16,-2.550243,-6.0883
MZI,79,17,-2.616175,-6.2457
MZI,78,18,-2.651699,-6.3305
MZI,77,19,-2.695610,-6.4353
MZI,76,20,-2.732142,-6.5225
MZI,75,21,-2.747811,-6.5599
MZI,74,22,-2.765179,-6.6014
MZI,73,23,-2.791857,-6.6651
MZI,72,24,-2.819949,-6.7321
MZI,71,25,-2.842206,-6.7853
MZI,70,26,-2.896561,-6.9150
MZI,69,27,0.737140,1.7598
MZI,68,28,1.202712,2.8713
MZI,67,29,2.687588,6.4161
MZI,66,30,-2.382823,-5.6886
MZI,65,31,-1.049103,-2.5045
MZI,64,32,-1.523329,-3.6367
MZI,63,33,2.511925,5.9968
MZI,62,34,-0.058721,-0.1402
MZI,61,35,-1.931947,-4.6122
MZI,60,36,-3.112160,-7.4297
MZI,59,37,2.261374,5.3986
MZI,58,38,2.945681,7.0323
MZI,57,39,-2.825016,-6.7442
MZI,56,40,-2.106963,-5.0300
MZI,55,41,2.384800,5.6933
MZI,54,42,3.073161,7.3366
MZI,53,43,2.926207,6.9858
MZI,52,44,-3.092937,-7.3838
MZI,51,45,-2.922919,-6.9780
MZI,50,46,3.138058,7.4916
MZI,49,47,2.766137,6.6037
MZI,48,48,2.579157,6.1573
MZI,47,49,2.457769,5.8675
MZI,46,50,2.101748,5.0176
MZI,45,51,1.333254,3.1829
MZI,44,52,-0.101980,-0.2435
MZI,43,53,-1.623400,-3.8756
MZI,42,54,-2.438256,-5.8209
MZI,41,55,1.023455,2.4433
MZI,40,56,2.552720,6.0942
MZI,39,57,-0.122585,-0.2926
MZI,38,58,0.067991,0.1623
MZI,37,59,-2.140820,-5.1108
MZI,36,60,-1.466985,-3.5022
MZI,35,61,1.787479,4.2673
MZI,34,62,-0.774297,-1.8485
MZI,33,63,0.057356,0.1369
MZI,32,64,0.701123,1.6738
MZI,31,65,0.422593,1.0089
MZI,30,66,-0.754742,-1.8018
MZI,29,67,-2.862779,-6.8344
MZI,28,68,-0.805146,-1.9221
MZI,27,69,0.786707,1.8781
MZI,26,70,2.018746,4.8194
MZI,25,71,-0.330766,-0.7896
MZI,24,72,-0.867587,-2.0712
MZI,23,73,-0.834232,-1.9916
MZI,22,74,-0.162359,-0.3876
MZI,21,75,-2.949813,-7.0422
MZI,20,76,-0.588806,-1.4057
MZI,19,77,-1.877036,-4.4811
MZI,18,78,-1.728488,-4.1265
MZI,17,79,-0.455179,-1.0867
MZI,16,80,2.614905,6.2426
MZI,15,81,1.366750,3.2629
MZI,14,82,2.702758,6.4524
MZI,13,83,-0.713931,-1.7044
MZI,12,84,1.753222,4.1855
MZI,11,85,0.064813,0.1547
MZI,10,86,1.963078,4.6865
MZI,9,87,-0.487539,-1.1639
MZI,8,88,-1.593370,-3.8039
MZI,7,89,1.995172,4.7631
MZI,6,90,0.733465,1.7510
MZI,5,91,0.570492,1.3619
MZI,4,92,0.075563,0.1804
MZI,3,93,-2.486711,-5.9366
MZI,2,94,0.380818,0.9091
MZI,1,95,2.285810,5.4570
MZI,0,96,-1.467440,-3.5033
MZI,98,0,-1.258344,-3.0041
MZI,97,1,-2.503253,-5.9761
MZI,96,2,-2.511951,-5.9968
MZI,95,3,-2.534394,-6.0504
MZI,94,4,-2.551887,-6.0922
MZI,93,5,-2.579630,-6.1584
MZI,92,6,-2.603637,-6.2157
MZI,91,7,-2.648299,-6.3223
MZI,90,8,-2.705611,-6.4592
MZI,89,9,-2.770981,-6.6152
MZI,88,10,-2.885940,-6.8897
MZI,87,11,-2.891518,-6.9030
MZI,86,12,-2.892601,-6.9056
MZI,85,13,-2.992618,-7.1443
MZI,84,14,-3.051899,-7.2859
MZI,83,15,2.938825,7.0159
MZI,82,16,-3.112403,-7.4303
MZI,81,17,2.960100,7.0667
MZI,80,18,2.844123,6.7898
MZI,79,19,2.743313,6.5492
MZI,78,20,2.622602,6.2610
MZI,77,21,2.516166,6.0069
MZI,76,22,2.450876,5.8510
MZI,75,23,2.381302,5.6849
MZI,74,24,2.263318,5.4033
MZI,73,25,2.057440,4.9118
MZI,72,26,1.743551,4.1624
MZI,71,27,1.355998,3.2372
MZI,70,28,0.890342,2.1255
MZI,69,29,0.048507,0.1158
MZI,68,30,-1.644548,-3.9261
MZI,67,31,3.087511,7.3709
MZI,66,32,1.436168,3.4286
MZI,65,33,1.461396,3.4888
MZI,64,34,0.375685,0.8969
MZI,63,35,-0.038351,-0.0916
MZI,62,36,1.376541,3.2862
MZI,61,37,-2.584341,-6.1697
MZI,60,38,-0.517636,-1.2358
MZI,59,39,0.319154,0.7619
MZI,58,40,1.880371,4.4891
MZI,57,41,1.721479,4.1097
MZI,56,42,-0.879773,-2.1003
MZI,55,43,3.109893,7.4243
MZI,54,44,1.579485,3.7707
MZI,53,45,0.666672,1.5916
MZI,52,46,2.308300,5.5107
MZI,51,47,-3.133042,-7.4796
MZI,50,48,-2.828251,-6.7520
MZI,49,49,-2.688109,-6.4174
MZI,48,50,-2.619860,-6.2545
MZI,47,51,-2.433712,-5.8101
MZI,46,52,-2.141240,-5.1118
MZI,45,53,-2.000784,-4.7765
MZI,44,54,-2.804414,-6.6950
MZI,43,55,0.663555,1.5841
MZI,42,56,-2.808504,-6.7048
MZI,41,57,-1.148393,-2.7416
MZI,40,58,-1.866804,-4.4567
MZI,39,59,-1.042334,-2.4884
MZI,38,60,1.432669,3.4202
MZI,37,61,-1.989539,-4.7497
MZI,36,62,-1.768517,-4.2220
MZI,35,63,2.121417,5.0645
MZI,34,64,0.852267,2.0346
MZI,33,65,-2.420744,-5.7791
MZI,32,66,2.831107,6.7588
MZI,31,67,-1.425784,-3.4038
MZI,30,68,-0.430213,-1.0271
MZI,29,69,-2.445776,-5.8389
MZI,28,70,0.679170,1.6214
MZI,27,71,-2.989147,-7.1361
MZI,26,72,-0.124411,-0.2970
MZI,25,73,-1.997913,-4.7697
MZI,24,74,1.989029,4.7485
MZI,23,75,-1.405494,-3.3554
MZI,22,76,-0.633296,-1.5119
MZI,21,77,-2.380825,-5.6838
MZI,20,78,-1.723536,-4.1146
MZI,19,79,-0.793788,-1.8950
MZI,18,80,-2.696209,-6.4367
MZI,17,81,2.550772,6.0895
MZI,16,82,-1.315535,-3.1406
MZI,15,83,-2.000022,-4.7747
MZI,14,84,-1.032095,-2.4639
MZI,13,85,1.829714,4.3681
MZI,12,86,-2.069386,-4.9403
MZI,11,87,-2.264645,-5.4064
MZI,10,88,0.067249,0.1605
MZI,9,89,3.096701,7.3928
MZI,8,90,-2.162368,-5.1623
MZI,7,91,2.936385,7.0101
MZI,6,92,2.932970,7.0019
MZI,5,93,-0.229180,-0.5471
MZI,4,94,0.066131,0.1579
MZI,3,95,0.042787,0.1021
MZI,2,96,0.760993,1.8167
MZI,1,97,0.099746,0.2381
MZI,0,98,-0.176593,-0.4216
MZI,100,0,-1.249586,-2.9832
MZI,99,1,-2.503217,-5.9760
MZI,98,2,-2.490870,-5.9465
MZI,97,3,-2.479917,-5.9204
MZI,96,4,-2.479358,-5.9190
MZI,95,5,-2.474182,-5.9067
MZI,94,6,-2.474625,-5.9077
MZI,93,7,-2.468659,-5.8935
MZI,92,8,-2.474050,-5.9064
MZI,91,9,-2.484653,-5.9317
MZI,90,10,-2.496102,-5.9590
MZI,89,11,-2.575164,-6.1478
MZI,88,12,-2.487530,-5.9385
MZI,87,13,-2.415614,-5.7669
MZI,86,14,-2.427276,-5.7947
MZI,85,15,-2.433804,-5.8103
MZI,84,16,-2.511612,-5.9960
MZI,83,17,-2.238937,-5.3451
MZI,82,18,-2.296092,-5.4815
MZI,81,19,-2.301780,-5.4951
MZI,80,20,-2.300441,-5.4919
MZI,79,21,-2.311787,-5.5190
MZI,78,22,-2.321731,-5.5427
MZI,77,23,-2.326216,-5.5534
MZI,76,24,-2.334623,-5.5735
MZI,75,25,-2.345054,-5.5984
MZI,74,26,-2.368063,-5.6533
MZI,73,27,-2.458433,-5.8691
MZI,72,28,-2.641362,-6.3058
MZI,71,29,-2.771716,-6.6170
MZI,70,30,-2.755221,-6.5776
MZI,69,31,-2.592373,-6.1888
MZI,68,32,-2.494742,-5.9558
MZI,67,33,-2.952117,-7.0477
MZI,66,34,-2.992881,-7.1450
MZI,65,35,2.617339,6.2484
MZI,64,36,-3.046456,-7.2729
MZI,63,37,2.723376,6.5016
MZI,62,38,1.377759,3.2892
MZI,61,39,-0.438495,-1.0468
MZI,60,40,-2.061026,-4.9203
MZI,59,41,2.554491,6.0984
MZI,58,42,2.295731,5.4807
MZI,57,43,2.359366,5.6326
MZI,56,44,-2.833531,-6.7646
MZI,55,45,-2.590640,-6.1847
MZI,54,46,2.435312,5.8139
MZI,53,47,-0.359399,-0.8580
MZI,52,48,-1.604625,-3.8308
MZI,51,49,-1.971105,-4.7057
MZI,50,50,-2.129368,-5.0835
MZI,49,51,-2.195150,-5.2405
MZI,48,52,-2.380740,-5.6836
MZI,47,53,-2.954646,-7.0537
MZI,46,54,1.609103,3.8415
MZI,45,55,1.623552,3.8759
MZI,44,56,-0.612910,-1.4632
MZI,43,57,1.571072,3.7507
MZI,42,58,2.517717,6.0106
MZI,41,59,0.907607,2.1668
MZI,40,60,2.269988,5.4192
MZI,39,61,1.981722,4.7310
MZI,38,62,-1.660925,-3.9652
MZI,37,63,0.328958,0.7853
MZI,36,64,-2.505927,-5.9825
MZI,35,65,2.916649,6.9630
MZI,34,66,0.160267,0.3826
MZI,33,67,-1.419623,-3.3891
MZI,32,68,-0.013530,-0.0323
MZI,31,69,1.518845,3.6260
MZI,30,70,1.680845,4.0127
MZI,29,71,0.904038,2.1582
MZI,28,72,1.331199,3.1780
MZI,27,73,-0.807346,-1.9274
MZI,26,74,0.748370,1.7866
MZI,25,75,2.946418,7.0341
MZI,24,76,2.260235,5.3959
MZI,23,77,-1.879069,-4.4859
MZI,22,78,-0.376499,-0.8988
MZI,21,79,-2.199879,-5.2518
MZI,20,80,0.654909,1.5635
MZI,19,81,1.401274,3.3453
MZI,18,82,-0.156264,-0.3731
MZI,17,83,-2.862791,-6.8344
MZI,16,84,-2.036000,-4.8606
MZI,15,85,0.773180,1.8458
MZI,14,86,-2.510405,-5.9932
MZI,13,87,0.739795,1.7661
MZI,12,88,-1.603768,-3.8287
MZI,11,89,2.376925,5.6745
MZI,10,90,-3.120652,-7.4500
MZI,9,91,2.913501,6.9555
MZI,8,92,-1.865853,-4.4544
MZI,7,93,2.596558,6.1988
MZI,6,94,2.312054,5.5196
MZI,5,95,-1.049207,-2.5048
MZI,4,96,0.572975,1.3679
MZI,3,97,-0.898949,-2.1461
MZI,2,98,1.204360,2.8752
MZI,1,99,2.784732,6.6481
MZI,0,100,2.074506,4.9525
MZI,102,0,-1.270595,-3.0333
MZI,101,1,-2.531533,-6.0436
MZI,100,2,-2.542977,-6.0709
MZI,99,3,-2.544284,-6.0740
MZI,98,4,-2.542879,-6.0707
MZI,97,5,-2.548959,-6.0852
MZI,96,6,-2.551192,-6.0905
MZI,95,7,-2.558033,-6.1069
MZI,94,8,-2.560034,-6.1116
MZI,93,9,-2.571888,-6.1399
MZI,92,10,-2.589216,-6.1813
MZI,91,11,-2.608699,-6.2278
MZI,90,12,-2.706843,-6.4621
MZI,89,13,-2.616452,-6.2463
MZI,88,14,-2.586266,-6.1743
MZI,87,15,-2.610417,-6.2319
MZI,86,16,-2.618696,-6.2517
MZI,85,17,-2.732208,-6.5227
MZI,84,18,-2.490208,-5.9449
MZI,83,19,-2.603126,-6.2145
MZI,82,20,-2.625100,-6.2670
MZI,81,21,-2.639178,-6.3006
MZI,80,22,-2.657190,-6.3436
MZI,79,23,-2.669070,-6.3719
MZI,78,24,-2.688758,-6.4189
MZI,77,25,-2.739409,-6.5399
MZI,76,26,-2.826790,-6.7485
MZI,75,27,-2.925506,-6.9841
MZI,74,28,-2.965530,-7.0797
MZI,73,29,-3.022410,-7.2155
MZI,72,30,2.832333,6.7617
MZI,71,31,2.244453,5.3582
MZI,70,32,1.972016,4.7078
MZI,69,33,2.439350,5.8235
MZI,68,34,-2.737205,-6.5346
MZI,67,35,2.282561,5.4492
MZI,66,36,-0.331955,-0.7925
MZI,65,37,0.417087,0.9957
MZI,64,38,0.909497,2.1713
MZI,63,39,0.835901,1.9956
MZI,62,40,1.743838,4.1631
MZI,61,41,-1.330256,-3.1758
MZI,60,42,-1.412699,-3.3726
MZI,59,43,-1.670280,-3.9875
MZI,58,44,-1.178462,-2.8134
MZI,57,45,1.129274,2.6959
MZI,56,46,1.521240,3.6317
MZI,55,47,2.201068,5.2547
MZI,54,48,2.092713,4.9960
MZI,53,49,2.388928,5.7031
MZI,52,50,2.621984,6.2595
MZI,51,51,2.631489,6.2822
MZI,50,52,2.727237,6.5108
MZI,49,53,-0.362580,-0.8656
MZI,48,54,0.239901,0.5727
MZI,47,55,2.081143,4.9684
MZI,46,56,-3.141554,-7.4999
MZI,45,57,-0.103858,-0.2479
MZI,44,58,-3.065293,-7.3178
MZI,43,59,1.576711,3.7641
MZI,42,60,2.426720,5.7934
MZI,41,61,-2.154583,-5.1437
MZI,40,62,-1.205755,-2.8785
MZI,39,63,-0.967260,-2.3092
MZI,38,64,0.296615,0.7081
MZI,37,65,0.070959,0.1694
MZI,36,66,3.049936,7.2812
MZI,35,67,1.405205,3.3547
MZI,34,68,-1.517776,-3.6234
MZI,33,69,-0.201240,-0.4804
MZI,32,70,0.169183,0.4039
MZI,31,71,-1.270390,-3.0328
MZI,30,72,2.125362,5.0739
MZI,29,73,1.707928,4.0774
MZI,28,74,2.221290,5.3029
MZI,27,75,-1.842731,-4.3992
MZI,26,76,-2.967007,-7.0832
MZI,25,77,-2.362991,-5.6412
MZI,24,78,-2.288020,-5.4622
MZI,23,79,2.759755,6.5884
MZI,22,80,-1.209182,-2.8867
MZI,21,81,-1.016380,-2.4264
MZI,20,82,0.621579,1.4839
MZI,19,83,1.045287,2.4954
MZI,18,84,1.361565,3.2505
MZI,17,85,0.997301,2.3809
MZI,16,86,-2.438330,-5.8211
MZI,15,87,2.150106,5.1330
MZI,14,88,-1.680997,-4.0131
MZI,13,89,-1.903877,-4.5452
MZI,12,90,0.630571,1.5054
MZI,11,91,-2.985289,-7.1269
MZI,10,92,1.926073,4.5982
MZI,9,93,1.074693,2.5656
MZI,8,94,-3.136852,-7.4887
MZI,7,95,-1.605705,-3.8333
MZI,6,96,-1.887088,-4.5051
MZI,5,97,-2.691371,-6.4252
MZI,4,98,-2.525089,-6.0282
MZI,3,99,1.269821,3.0315
MZI,2,100,-2.997664,-7.1564
MZI,1,101,1.001429,2.3907
MZI,0,102,-2.204838,-5.2637
MZI,104,0,-1.412835,-3.3729
MZI,103,1,-2.759027,-6.5867
MZI,102,2,-2.812477,-6.7143
MZI,101,3,-2.866316,-6.8428
MZI,100,4,-2.911287,-6.9502
MZI,99,5,-2.950247,-7.0432
MZI,98,6,-2.993122,-7.1456
MZI,97,7,-3.031368,-7.2369
MZI,96,8,-3.072315,-7.3346
MZI,95,9,-3.108760,-7.4216
MZI,94,10,3.130335,7.4731
MZI,93,11,3.081995,7.3577
MZI,92,12,3.032337,7.2392
MZI,91,13,2.893926,6.9087
MZI,90,14,2.973409,7.0985
MZI,89,15,2.959842,7.0661
MZI,88,16,2.922951,6.9780
MZI,87,17,2.942075,7.0237
MZI,86,18,2.754823,6.5767
MZI,85,19,2.986666,7.1301
MZI,84,20,2.853264,6.8117
MZI,83,21,2.829284,6.7544
MZI,82,22,2.812221,6.7137
MZI,81,23,2.792520,6.6667
MZI,80,24,2.787177,6.6539
MZI,79,25,2.789891,6.6604
MZI,78,26,2.792144,6.6658
MZI,77,27,2.855384,6.8167
MZI,76,28,3.130493,7.4735
MZI,75,29,-2.430155,-5.8016
MZI,74,30,-0.843820,-2.0145
MZI,73,31,0.681702,1.6274
MZI,72,32,1.737765,4.1486
MZI,71,33,2.220948,5.3021
MZI,70,34,2.243704,5.3564
MZI,69,35,1.927675,4.6020
MZI,68,36,-2.868260,-6.8475
MZI,67,37,-3.090782,-7.3787
MZI,66,38,-2.549177,-6.0857
MZI,65,39,-0.963147,-2.2993
MZI,64,40,0.199097,0.4753
MZI,63,41,1.371613,3.2745
MZI,62,42,-0.331088,-0.7904
MZI,61,43,0.403764,0.9639
MZI,60,44,1.103419,2.6342
MZI,59,45,-2.281452,-5.4466
MZI,58,46,1.902069,4.5409
MZI,57,47,1.763483,4.2100
MZI,56,48,1.615243,3.8561
MZI,55,49,1.964378,4.6896
MZI,54,50,2.048515,4.8905
MZI,53,51,2.077979,4.9608
MZI,52,52,2.161270,5.1597
MZI,51,53,2.140369,5.1098
MZI,50,54,-0.676271,-1.6145
MZI,49,55,1.976000,4.7174
MZI,48,56,2.019273,4.8207
MZI,47,57,1.976998,4.7197
MZI,46,58,1.186849,2.8334
MZI,45,59,2.567574,6.1296
MZI,44,60,1.920288,4.5843
MZI,43,61,0.560207,1.3374
MZI,42,62,-2.221526,-5.3035
MZI,41,63,-0.716473,-1.7105
MZI,40,64,-0.397344,-0.9486
MZI,39,65,-0.056130,-0.1340
MZI,38,66,2.634770,6.2900
MZI,37,67,-1.510533,-3.6061
MZI,36,68,3.060772,7.3071
MZI,35,69,-1.128712,-2.6946
MZI,34,70,-1.763089,-4.2091
MZI,33,71,1.617573,3.8617
MZI,32,72,0.731696,1.7468
MZI,31,73,-1.266193,-3.0228
MZI,30,74,1.491807,3.5614
MZI,29,75,-0.787562,-1.8802
MZI,28,76,0.245928,0.5871
MZI,27,77,1.763405,4.2098
MZI,26,78,-2.732444,-6.5232
MZI,25,79,2.360118,5.6344
MZI,24,80,2.381261,5.6848
MZI,23,81,0.531639,1.2692
MZI,22,82,1.371789,3.2749
MZI,21,83,-2.626776,-6.2710
MZI,20,84,-2.292428,-5.4728
MZI,19,85,2.825369,6.7451
MZI,18,86,0.268194,0.6403
MZI,17,87,1.254328,2.9945
MZI,16,88,0.355913,0.8497
MZI,15,89,-1.147704,-2.7399
MZI,14,90,-2.057629,-4.9122
MZI,13,91,-0.234329,-0.5594
MZI,12,92,0.835214,1.9939
MZI,11,93,-1.661226,-3.9659
MZI,10,94,-1.391551,-3.3221
MZI,9,95,-1.046014,-2.4972
MZI,8,96,0.488479,1.1662
MZI,7,97,-0.091610,-0.2187
MZI,6,98,-0.047732,-0.1140
MZI,5,99,2.213819,5.2851
MZI,4,100,0.701560,1.6749
MZI,3,101,1.204779,2.8762
MZI,2,102,-1.686078,-4.0252
MZI,1,103,-1.188466,-2.8373
MZI,0,104,1.464782,3.4969
MZI,106,0,-1.330374,-3.1760
MZI,105,1,-2.699489,-6.4446
MZI,104,2,-2.616349,-6.2461
MZI,103,3,-2.583264,-6.1671
MZI,102,4,-2.564458,-6.1222
MZI,101,5,-2.547400,-6.0815
MZI,100,6,-2.528563,-6.0365
MZI,99,7,-2.516251,-6.0071
MZI,98,8,-2.502318,-5.9738
MZI,97,9,-2.492199,-5.9497
MZI,96,10,-2.479203,-5.9187
MZI,95,11,-2.472916,-5.9037
MZI,94,12,-2.470892,-5.8988
MZI,93,13,-2.470752,-5.8985
MZI,92,14,-2.591218,-6.1861
MZI,91,15,-2.436402,-5.8165
MZI,90,16,-2.407227,-5.7468
MZI,89,17,-2.408152,-5.7490
MZI,88,18,-2.344756,-5.5977
MZI,87,19,-2.489688,-5.9437
MZI,86,20,-2.291523,-5.4706
MZI,85,21,-2.397075,-5.7226
MZI,84,22,-2.426022,-5.7917
MZI,83,23,-2.464856,-5.8844
MZI,82,24,-2.520777,-6.0179
MZI,81,25,-2.574271,-6.1456
MZI,80,26,-2.617218,-6.2481
MZI,79,27,-2.667436,-6.3680
MZI,78,28,-2.767054,-6.6059
MZI,77,29,-3.012745,-7.1924
MZI,76,30,2.674705,6.3854
MZI,75,31,1.305110,3.1157
MZI,74,32,-0.118221,-0.2822
MZI,73,33,-1.447811,-3.4564
MZI,72,34,-1.946612,-4.6472
MZI,71,35,-2.504543,-5.9792
MZI,70,36,2.848837,6.8011
MZI,69,37,2.638449,6.2988
MZI,68,38,0.540752,1.2910
MZI,67,39,-2.307284,-5.5082
MZI,66,40,1.910184,4.5602
MZI,65,41,0.979148,2.3375
MZI,64,42,-1.369998,-3.2706
MZI,63,43,2.600233,6.2076
MZI,62,44,1.891120,4.5147
MZI,61,45,-2.086399,-4.9809
MZI,60,46,0.664358,1.5860
MZI,59,47,-1.827016,-4.3617
MZI,58,48,-2.088156,-4.9851
MZI,57,49,-1.536496,-3.6681
MZI,56,50,-1.521537,-3.6324
MZI,55,51,-2.240605,-5.3491
MZI,54,52,-2.851561,-6.8076
MZI,53,53,-3.046905,-7.2740
MZI,52,54,3.106099,7.4153
MZI,51,55,2.603694,6.2159
MZI,50,56,-0.639221,-1.5260
MZI,49,57,-1.532352,-3.6582
MZI,48,58,-2.247737,-5.3661
MZI,47,59,-1.585063,-3.7841
MZI,46,60,-3.110009,-7.4246
MZI,45,61,-2.022936,-4.8294
MZI,44,62,2.185590,5.2177
MZI,43,63,2.779444,6.6354
MZI,42,64,1.684651,4.0218
MZI,41,65,-0.799299,-1.9082
MZI,40,66,-2.451112,-5.8516
MZI,39,67,2.188684,5.2251
MZI,38,68,-0.795068,-1.8981
MZI,37,69,1.844800,4.4041
MZI,36,70,0.385416,0.9201
MZI,35,71,2.945969,7.0330
MZI,34,72,-1.742418,-4.1597
MZI,33,73,0.848153,2.0248
MZI,32,74,-0.916951,-2.1891
MZI,31,75,-2.491594,-5.9482
MZI,30,76,-0.882094,-2.1058
MZI,29,77,-0.905404,-2.1615
MZI,28,78,1.952466,4.6612
MZI,27,79,-0.060110,-0.1435
MZI,26,80,-2.291641,-5.4709
MZI,25,81,0.740108,1.7669
MZI,24,82,0.958838,2.2891
MZI,23,83,1.051941,2.5113
MZI,22,84,2.963319,7.0744
MZI,21,85,0.141857,0.3387
MZI,20,86,-0.674911,-1.6112
MZI,19,87,-0.992380,-2.3691
MZI,18,88,-0.453047,-1.0816
MZI,17,89,2.803832,6.6937
MZI,16,90,-0.441087,-1.0530
MZI,15,91,-0.360635,-0.8610
MZI,14,92,-3.125668,-7.4620
MZI,13,93,-3.114284,-7.4348
MZI,12,94,-0.029673,-0.0708
MZI,11,95,-1.336327,-3.1902
MZI,10,96,0.638881,1.5252
MZI,9,97,1.098727,2.6230
MZI,8,98,-0.445510,-1.0636
MZI,7,99,-1.177686,-2.8115
MZI,6,100,-0.136601,-0.3261
MZI,5,101,2.831901,6.7607
MZI,4,102,-1.002395,-2.3930
MZI,3,103,-1.416262,-3.3811
MZI,2,104,0.445352,1.0632
MZI,1,105,0.939058,2.2418
MZI,0,106,1.557322,3.7178
MZI,108,0,-1.427011,-3.4067
MZI,107,1,-2.803999,-6.6941
MZI,106,2,-2.866683,-6.8437
MZI,105,3,-2.853986,-6.8134
MZI,104,4,-2.863088,-6.8351
MZI,103,5,-2.878586,-6.8721
MZI,102,6,-2.893739,-6.9083
MZI,101,7,-2.905366,-6.9360
MZI,100,8,-2.921266,-6.9740
MZI,99,9,-2.934755,-7.0062
MZI,98,10,-2.950629,-7.0441
MZI,97,11,-2.963323,-7.0744
MZI,96,12,-2.980989,-7.1166
MZI,95,13,-3.001592,-7.1658
MZI,94,14,-3.023151,-7.2172
MZI,93,15,3.095379,7.3897
MZI,92,16,-3.021899,-7.2143
MZI,91,17,-3.029493,-7.2324
MZI,90,18,-3.041562,-7.2612
MZI,89,19,-2.873223,-6.8593
MZI,88,20,3.130695,7.4740
MZI,87,21,-2.975726,-7.1040
MZI,86,22,-3.063677,-7.3140
MZI,85,23,-3.067823,-7.3239
MZI,84,24,-3.059109,-7.3031
MZI,83,25,-3.032723,-7.2401
MZI,82,26,-2.969315,-7.0887
MZI,81,27,-2.884539,-6.8863
MZI,80,28,-2.826080,-6.7468
MZI,79,29,-2.855461,-6.8169
MZI,78,30,-2.840383,-6.7809
MZI,77,31,-2.509291,-5.9905
MZI,76,32,-1.830649,-4.3704
MZI,75,33,-0.646353,-1.5431
MZI,74,34,0.844319,2.0157
MZI,73,35,1.607148,3.8368
MZI,72,36,2.489863,5.9441
MZI,71,37,2.216749,5.2921
MZI,70,38,2.177679,5.1988
MZI,69,39,-0.828204,-1.9772
MZI,68,40,1.596966,3.8125
MZI,67,41,2.077957,4.9608
MZI,66,42,2.199825,5.2517
MZI,65,43,-2.664736,-6.3616
MZI,64,44,-0.627292,-1.4975
MZI,63,45,0.992368,2.3691
MZI,62,46,-1.295246,-3.0922
MZI,61,47,-0.231437,-0.5525
MZI,60,48,2.487338,5.9381
MZI,59,49,2.773778,6.6219
MZI,58,50,0.976823,2.3320
MZI,57,51,1.564774,3.7356
MZI,56,52,2.709074,6.4674
MZI,55,53,-2.103045,-5.0206
MZI,54,54,-1.100425,-2.6271
MZI,53,55,-0.705693,-1.6847
MZI,52,56,-0.075089,-0.1793
MZI,51,57,0.680410,1.6244
MZI,50,58,1.595522,3.8090
MZI,49,59,2.345201,5.5988
MZI,48,60,1.732090,4.1351
MZI,47,61,2.877661,6.8699
MZI,46,62,-2.615128,-6.2432
MZI,45,63,2.901736,6.9274
MZI,44,64,2.833482,6.7644
MZI,43,65,-1.730083,-4.1303
MZI,42,66,0.568702,1.3577
MZI,41,67,2.263007,5.4025
MZI,40,68,1.023829,2.4442
MZI,39,69,1.263813,3.0171
MZI,38,70,2.159747,5.1560
MZI,37,71,0.825782,1.9714
MZI,36,72,-2.966052,-7.0809
MZI,35,73,-2.662993,-6.3574
MZI,34,74,2.736988,6.5341
MZI,33,75,1.616766,3.8597
MZI,32,76,0.152312,0.3636
MZI,31,77,-0.885222,-2.1133
MZI,30,78,2.345799,5.6002
MZI,29,79,-0.264273,-0.6309
MZI,28,80,1.678696,4.0076
MZI,27,81,-2.921422,-6.9744
MZI,26,82,1.771844,4.2300
MZI,25,83,-2.546246,-6.0787
MZI,24,84,-1.410684,-3.3678
MZI,23,85,2.338951,5.5838
MZI,22,86,1.087196,2.5955
MZI,21,87,-1.973468,-4.7113
MZI,20,88,2.052496,4.9000
MZI,19,89,-1.201931,-2.8694
MZI,18,90,2.049700,4.8933
MZI,17,91,2.421310,5.7805
MZI,16,92,-0.911184,-2.1753
MZI,15,93,-0.006082,-0.0145
MZI,14,94,0.026627,0.0636
MZI,13,95,-1.216512,-2.9042
MZI,12,96,-0.916702,-2.1885
MZI,11,97,0.632409,1.5098
MZI,10,98,1.721221,4.1091
MZI,9,99,2.384372,5.6923
MZI,8,100,-1.819645,-4.3441
MZI,7,101,-0.148178,-0.3537
MZI,6,102,2.409088,5.7513
MZI,5,103,-3.074435,-7.3397
MZI,4,104,-1.207414,-2.8825
MZI,3,105,3.042579,7.2636
MZI,2,106,-0.088170,-0.2105
MZI,1,107,-2.490725,-5.9462
MZI,0,108,1.762954,4.2087
MZI,110,0,-1.380906,-3.2967
MZI,109,1,-2.782388,-6.6425
MZI,108,2,-2.725833,-6.5074
MZI,107,3,-2.732479,-6.5233
MZI,106,4,-2.693170,-6.4295
MZI,105,5,-2.675592,-6.3875
MZI,104,6,-2.666832,-6.3666
MZI,103,7,-2.661439,-6.3537
MZI,102,8,-2.655012,-6.3384
MZI,101,9,-2.654437,-6.3370
MZI,100,10,-2.653538,-6.3349
MZI,99,11,-2.656116,-6.3410
MZI,98,12,-2.657176,-6.3435
MZI,97,13,-2.663411,-6.3584
MZI,96,14,-2.673221,-6.3818
MZI,95,15,-2.684917,-6.4098
MZI,94,16,-2.866642,-6.8436
MZI,93,17,-2.664047,-6.3599
MZI,92,18,-2.673509,-6.3825
MZI,91,19,-2.678903,-6.3954
MZI,90,20,-2.300979,-5.4932
MZI,89,21,-2.775929,-6.6270
MZI,88,22,-2.627441,-6.2726
MZI,87,23,-2.700278,-6.4464
MZI,86,24,-2.711778,-6.4739
MZI,85,25,-2.721759,-6.4977
MZI,84,26,-2.726675,-6.5095
MZI,83,27,-2.712727,-6.4762
MZI,82,28,-2.689647,-6.4211
MZI,81,29,-2.705535,-6.4590
MZI,80,30,-2.929010,-6.9925
MZI,79,31,-3.004076,-7.1717
MZI,78,32,-2.662764,-6.3569
MZI,77,33,-2.372039,-5.6628
MZI,76,34,-2.413186,-5.7611
MZI,75,35,-2.600869,-6.2091
MZI,74,36,-2.803643,-6.6932
MZI,73,37,-2.927128,-6.9880
MZI,72,38,-1.424046,-3.3997
MZI,71,39,-2.178588,-5.2010
MZI,70,40,2.819099,6.7301
MZI,69,41,2.620984,6.2571
MZI,68,42,-2.151257,-5.1357
MZI,67,43,-2.753500,-6.5735
MZI,66,44,2.526942,6.0326
MZI,65,45,1.453277,3.4694
MZI,64,46,2.585380,6.1721
MZI,63,47,1.776027,4.2400
MZI,62,48,0.931296,2.2233
MZI,61,49,0.661545,1.5793
MZI,60,50,-2.528773,-6.0370
MZI,59,51,-0.391695,-0.9351
MZI,58,52,-0.775002,-1.8502
MZI,57,53,-1.564873,-3.7359
MZI,56,54,-2.596486,-6.1987
MZI,55,55,2.870819,6.8536
MZI,54,56,2.575633,6.1489
MZI,53,57,2.216270,5.2910
MZI,52,58,2.005102,4.7868
MZI,51,59,2.128599,5.0817
MZI,50,60,-2.276883,-5.4357
MZI,49,61,0.221179,0.5280
MZI,48,62,-2.608240,-6.2267
MZI,47,63,-0.228128,-0.5446
MZI,46,64,1.769506,4.2244
MZI,45,65,-1.159390,-2.7678
MZI,44,66,-0.403451,-0.9632
MZI,43,67,2.744729,6.5526
MZI,42,68,-1.557179,-3.7175
MZI,41,69,1.580539,3.7733
MZI,40,70,-0.385028,-0.9192
MZI,39,71,2.174899,5.1922
MZI,38,72,-0.343487,-0.8200
MZI,37,73,2.154509,5.1435
MZI,36,74,1.126432,2.6892
MZI,35,75,2.205887,5.2662
MZI,34,76,-1.224210,-2.9226
MZI,33,77,0.549653,1.3122
MZI,32,78,3.099304,7.3990
MZI,31,79,-0.016847,-0.0402
MZI,30,80,-1.366128,-3.2614
MZI,29,81,-0.658104,-1.5711
MZI,28,82,0.860867,2.0552
MZI,27,83,-0.859952,-2.0530
MZI,26,84,-2.821286,-6.7353
MZI,25,85,0.295499,0.7055
MZI,24,86,-1.785793,-4.2633
MZI,23,87,1.145030,2.7336
MZI,22,88,0.619919,1.4799
MZI,21,89,-0.907412,-2.1663
MZI,20,90,0.599423,1.4310
MZI,19,91,-1.198176,-2.8604
MZI,18,92,-2.186710,-5.2204
MZI,17,93,-1.332924,-3.1821
MZI,16,94,0.472260,1.1274
MZI,15,95,-0.742586,-1.7728
MZI,14,96,-1.434035,-3.4235
MZI,13,97,-2.813608,-6.7170
MZI,12,98,-2.900334,-6.9240
MZI,11,99,-1.961526,-4.6828
MZI,10,100,1.705139,4.0707
MZI,9,101,-1.923365,-4.5917
MZI,8,102,-1.341505,-3.2026
MZI,7,103,2.563408,6.1197
MZI,6,104,0.380853,0.9092
MZI,5,105,1.696349,4.0497
MZI,4,106,0.159967,0.3819
MZI,3,107,2.483264,5.9284
MZI,2,108,1.102868,2.6329
MZI,1,109,-2.956377,-7.0578
MZI,0,110,-2.935980,-7.0091
MZI,112,0,-1.466606,-3.5013
MZI,111,1,-2.896184,-6.9141
MZI,110,2,-2.950391,-7.0435
MZI,109,3,-2.956378,-7.0578
MZI,108,4,-3.001410,-7.1653
MZI,107,5,-3.007213,-7.1792
MZI,106,6,-3.029513,-7.2324
MZI,105,7,-3.057833,-7.3000
MZI,104,8,-3.088899,-7.3742
MZI,103,9,-3.118396,-7.4446
MZI,102,10,3.130865,7.4744
MZI,101,11,3.097533,7.3948
MZI,100,12,3.061481,7.3087
MZI,99,13,3.026412,7.2250
MZI,98,14,2.986873,7.1306
MZI,97,15,2.944476,7.0294
MZI,96,16,2.900817,6.9252
MZI,95,17,2.679822,6.3976
MZI,94,18,2.867187,6.8449
MZI,93,19,2.806359,6.6997
MZI,92,20,2.776337,6.6280
MZI,91,21,-2.954303,-7.0529
MZI,90,22,2.611821,6.2353
MZI,89,23,2.674715,6.3854
MZI,88,24,2.585286,6.1719
MZI,87,25,2.539189,6.0619
MZI,86,26,2.490855,5.9465
MZI,85,27,2.449536,5.8478
MZI,84,28,2.439967,5.8250
MZI,83,29,2.483474,5.9289
MZI,82,30,2.638066,6.2979
MZI,81,31,2.922593,6.9772
MZI,80,32,2.425863,5.7913
MZI,79,33,2.537457,6.0577
MZI,78,34,2.427566,5.7954
MZI,77,35,2.237692,5.3421
MZI,76,36,2.027928,4.8413
MZI,75,37,1.783734,4.2584
MZI,74,38,1.765021,4.2137
MZI,73,39,2.004237,4.7848
MZI,72,40,2.466575,5.8885
MZI,71,41,1.190192,2.8414
MZI,70,42,-0.760988,-1.8167
MZI,69,43,2.973356,7.0984
MZI,68,44,-2.855628,-6.8173
MZI,67,45,-1.548940,-3.6978
MZI,66,46,0.342592,0.8179
MZI,65,47,-2.482482,-5.9265
MZI,64,48,3.095378,7.3897
MZI,63,49,1.506370,3.5962
MZI,62,50,1.498417,3.5772
MZI,61,51,-0.960112,-2.2921
MZI,60,52,-0.029034,-0.0693
MZI,59,53,0.249716,0.5962
MZI,58,54,0.321357,0.7672
MZI,57,55,0.233535,0.5575
MZI,56,56,0.160239,0.3825
MZI,55,57,0.125414,0.2994
MZI,54,58,0.040869,0.0976
MZI,53,59,-0.088776,-0.2119
MZI,52,60,2.255826,5.3854
MZI,51,61,0.369741,0.8827
MZI,50,62,-0.796541,-1.9016
MZI,49,63,1.279674,3.0550
MZI,48,64,0.688042,1.6426
MZI,47,65,2.174022,5.1901
MZI,46,66,-2.168564,-5.1771
MZI,45,67,-2.303215,-5.4985
MZI,44,68,0.584620,1.3957
MZI,43,69,-2.841855,-6.7844
MZI,42,70,1.016353,2.4264
MZI,41,71,-0.003809,-0.0091
MZI,40,72,-1.939372,-4.6299
MZI,39,73,0.675930,1.6137
MZI,38,74,-2.217391,-5.2936
MZI,37,75,0.019926,0.0476
MZI,36,76,-0.926524,-2.2119
MZI,35,77,-1.004454,-2.3980
MZI,34,78,0.213503,0.5097
MZI,33,79,1.618615,3.8642
MZI,32,80,-2.862184,-6.8330
MZI,31,81,-1.219215,-2.9107
MZI,30,82,-0.247454,-0.5908
MZI,29,83,0.518933,1.2389
MZI,28,84,-2.768546,-6.6094
MZI,27,85,2.522070,6.0210
MZI,26,86,-1.311759,-3.1316
MZI,25,87,2.912431,6.9529
MZI,24,88,-1.798254,-4.2930
MZI,23,89,2.715263,6.4822
MZI,22,90,-2.697259,-6.4392
MZI,21,91,2.760156,6.5894
MZI,20,92,-0.921153,-2.1991
MZI,19,93,-0.933967,-2.2297
MZI,18,94,2.608531,6.2274
MZI,17,95,-1.455359,-3.4744
MZI,16,96,-1.760119,-4.2020
MZI,15,97,-0.166660,-0.3979
MZI,14,98,-0.063663,-0.1520
MZI,13,99,-1.026728,-2.4511
MZI,12,100,1.260341,3.0088
MZI,11,101,-2.513877,-6.0014
MZI,10,102,-0.025905,-0.0618
MZI,9,103,-2.979315,-7.1126
MZI,8,104,2.522152,6.0212
MZI,7,105,-2.592747,-6.1897
MZI,6,106,0.043041,0.1028
MZI,5,107,-1.833856,-4.3780
MZI,4,108,-1.690530,-4.0358
MZI,3,109,-1.850322,-4.4173
MZI,2,110,-0.380601,-0.9086
MZI,1,111,0.806718,1.9259
MZI,0,112,2.584432,6.1699
MZI,114,0,-1.431946,-3.4185
MZI,113,1,-2.881973,-6.8802
MZI,112,2,-2.842890,-6.7869
MZI,111,3,-2.845175,-6.7924
MZI,110,4,-2.818440,-6.7285
MZI,109,5,-2.825700,-6.7459
MZI,108,6,-2.801344,-6.6877
MZI,107,7,-2.790585,-6.6620
MZI,106,8,-2.784479,-6.6475
MZI,105,9,-2.780924,-6.6390
MZI,104,10,-2.775073,-6.6250
MZI,103,11,-2.772655,-6.6192
MZI,102,12,-2.769110,-6.6108
MZI,101,13,-2.767085,-6.6059
MZI,100,14,-2.762946,-6.5960
MZI,99,15,-2.761076,-6.5916
MZI,98,16,-2.760658,-6.5906
MZI,97,17,-2.760724,-6.5907
MZI,96,18,-2.967438,-7.0842
MZI,95,19,-2.711910,-6.4742
MZI,94,20,-2.716850,-6.4860
MZI,93,21,-2.704955,-6.4576
MZI,92,22,-2.253994,-5.3810
MZI,91,23,-2.782187,-6.6420
MZI,90,24,-2.632435,-6.2845
MZI,89,25,-2.664938,-6.3621
MZI,88,26,-2.652207,-6.3317
MZI,87,27,-2.635323,-6.2914
MZI,86,28,-2.613341,-6.2389
MZI,85,29,-2.572821,-6.1422
MZI,84,30,-2.517884,-6.0110
MZI,83,31,-2.463741,-5.8817
MZI,82,32,-2.323887,-5.5479
MZI,81,33,-2.101620,-5.0172
MZI,80,34,-3.048951,-7.2788
MZI,79,35,2.747006,6.5580
MZI,78,36,2.604920,6.2188
MZI,77,37,2.701820,6.4501
MZI,76,38,-2.486796,-5.9368
MZI,75,39,-1.607176,-3.8369
MZI,74,40,-1.721549,-4.1099
MZI,73,41,-1.939351,-4.6299
MZI,72,42,-2.366897,-5.6506
MZI,71,43,-2.810835,-6.7104
MZI,70,44,-3.109898,-7.4243
MZI,69,45,2.615130,6.2432
MZI,68,46,1.622653,3.8738
MZI,67,47,-0.111177,-0.2654
MZI,66,48,-0.224454,-0.5358
MZI,65,49,0.875933,2.0911
MZI,64,50,2.647589,6.3207
MZI,63,51,0.694504,1.6580
MZI,62,52,-0.247112,-0.5899
MZI,61,53,-1.373711,-3.2795
MZI,60,54,-1.599539,-3.8186
MZI,59,55,-1.549470,-3.6991
MZI,58,56,-1.529247,-3.6508
MZI,57,57,-1.530685,-3.6542
MZI,56,58,-1.545988,-3.6908
MZI,55,59,-1.623881,-3.8767
MZI,54,60,-1.916391,-4.5750
MZI,53,61,1.053427,2.5149
MZI,52,62,-0.485035,-1.1579
MZI,51,63,1.467004,3.5022
MZI,50,64,-2.803163,-6.6921
MZI,49,65,2.013318,4.8064
MZI,48,66,3.096905,7.3933
MZI,47,67,-0.732934,-1.7498
MZI,46,68,1.612342,3.8492
MZI,45,69,2.762385,6.5947
MZI,44,70,-1.687195,-4.0279
MZI,43,71,0.120747,0.2883
MZI,42,72,-1.617564,-3.8617
MZI,41,73,-2.487706,-5.9390
MZI,40,74,0.395452,0.9441
MZI,39,75,-0.660792,-1.5775
MZI,38,76,1.082607,2.5845
MZI,37,77,-2.799868,-6.6842
MZI,36,78,2.303929,5.5002
MZI,35,79,-2.887328,-6.8930
MZI,34,80,0.927593,2.2145
MZI,33,81,-0.184226,-0.4398
MZI,32,82,0.768375,1.8344
MZI,31,83,-0.886316,-2.1159
MZI,30,84,-1.225883,-2.9266
MZI,29,85,1.241937,2.9649
MZI,28,86,-2.608603,-6.2276
MZI,27,87,0.323627,0.7726
MZI,26,88,2.805734,6.6982
MZI,25,89,-2.782251,-6.6421
MZI,24,90,1.800969,4.2995
MZI,23,91,-2.448112,-5.8444
MZI,22,92,2.230057,5.3239
MZI,21,93,0.895445,2.1377
MZI,20,94,2.157548,5.1508
MZI,19,95,0.967896,2.3107
MZI,18,96,-2.785292,-6.6494
MZI,17,97,0.277970,0.6636
MZI,16,98,1.601995,3.8245
MZI,15,99,0.558179,1.3326
MZI,14,100,2.803617,6.6931
MZI,13,101,2.536379,6.0552
MZI,12,102,0.989703,2.3627
MZI,11,103,-0.760425,-1.8154
MZI,10,104,0.431525,1.0302
MZI,9,105,-0.366587,-0.8752
MZI,8,106,-2.744088,-6.5510
MZI,7,107,2.485414,5.9335
MZI,6,108,1.467711,3.5039
MZI,5,109,-2.529709,-6.0392
MZI,4,110,-2.895552,-6.9126
MZI,3,111,0.074621,0.1781
MZI,2,112,-2.712193,-6.4749
MZI,1,113,-1.400956,-3.3445
MZI,0,114,1.347063,3.2159
MZI,116,0,-1.195658,-2.8544
MZI,115,1,-2.517321,-6.0097
MZI,114,2,-2.456365,-5.8641
MZI,113,3,-2.374378,-5.6684
MZI,112,4,-2.327444,-5.5564
MZI,111,5,-2.261453,-5.3988
MZI,110,6,-2.229527,-5.3226
MZI,109,7,-2.172484,-5.1864
MZI,108,8,-2.129908,-5.0848
MZI,107,9,-2.094169,-4.9995
MZI,106,10,-2.063292,-4.9257
MZI,105,11,-2.032352,-4.8519
MZI,104,12,-2.006803,-4.7909
MZI,103,13,-1.982133,-4.7320
MZI,102,14,-1.960561,-4.6805
MZI,101,15,-1.938230,-4.6272
MZI,100,16,-1.919013,-4.5813
MZI,99,17,-1.902378,-4.5416
MZI,98,18,-1.887518,-4.5061
MZI,97,19,-2.094163,-4.9994
MZI,96,20,-1.804244,-4.3073
MZI,95,21,-1.803296,-4.3051
MZI,94,22,-1.779243,-4.2476
MZI,93,23,-1.487185,-3.5504
MZI,92,24,-1.848757,-4.4136
MZI,91,25,-1.678789,-4.0078
MZI,90,26,-1.696038,-4.0490
MZI,89,27,-1.667396,-3.9806
MZI,88,28,-1.622798,-3.8741
MZI,87,29,-1.554649,-3.7115
MZI,86,30,-1.449512,-3.4605
MZI,85,31,-1.315867,-3.1414
MZI,84,32,-1.174502,-2.8039
MZI,83,33,-0.978027,-2.3349
MZI,82,34,-0.479696,-1.1452
MZI,81,35,-0.651778,-1.5560
MZI,80,36,-1.240646,-2.9618
MZI,79,37,-1.641716,-3.9193
MZI,78,38,-2.044781,-4.8816
MZI,77,39,-3.083436,-7.3612
MZI,76,40,2.703629,6.4544
MZI,75,41,-2.517907,-6.0111
MZI,74,42,0.491920,1.1744
MZI,73,43,-3.058556,-7.3018
MZI,72,44,-0.133460,-0.3186
MZI,71,45,1.519981,3.6287
MZI,70,46,2.853205,6.8115
MZI,69,47,-2.220036,-5.2999
MZI,68,48,-1.370020,-3.2707
MZI,67,49,-0.980073,-2.3398
MZI,66,50,-1.087917,-2.5972
MZI,65,51,-2.362400,-5.6398
MZI,64,52,-2.337629,-5.5807
MZI,63,53,-2.189016,-5.2259
MZI,62,54,-2.567970,-6.1306
MZI,61,55,-2.446658,-5.8410
MZI,60,56,-1.842928,-4.3997
MZI,59,57,-0.499491,-1.1924
MZI,58,58,0.683476,1.6317
MZI,57,59,0.962152,2.2970
MZI,56,60,1.362590,3.2529
MZI,55,61,1.941468,4.6349
MZI,54,62,2.817478,6.7262
MZI,53,63,-1.856829,-4.4329
MZI,52,64,2.673029,6.3814
MZI,51,65,-0.670004,-1.5995
MZI,50,66,0.554406,1.3235
MZI,49,67,-1.606967,-3.8364
MZI,48,68,-0.544422,-1.2997
MZI,47,69,-1.967405,-4.6968
MZI,46,70,-0.278032,-0.6638
MZI,45,71,-2.103982,-5.0229
MZI,44,72,1.620476,3.8686
MZI,43,73,-1.186915,-2.8335
MZI,42,74,-2.192144,-5.2334
MZI,41,75,2.852694,6.8103
MZI,40,76,-2.521869,-6.0205
MZI,39,77,0.654784,1.5632
MZI,38,78,-2.718496,-6.4899
MZI,37,79,-2.448871,-5.8462
MZI,36,80,2.847488,6.7979
MZI,35,81,2.522732,6.0226
MZI,34,82,-1.626970,-3.8841
MZI,33,83,2.922673,6.9774
MZI,32,84,0.315657,0.7536
MZI,31,85,1.735671,4.1436
MZI,30,86,2.150057,5.1329
MZI,29,87,0.323324,0.7719
MZI,28,88,2.057262,4.9114
MZI,27,89,-3.106982,-7.4174
MZI,26,90,-0.779557,-1.8611
MZI,25,91,-0.089995,-0.2148
MZI,24,92,-3.067304,-7.3226
MZI,23,93,1.311404,3.1307
MZI,22,94,2.156613,5.1485
MZI,21,95,-0.155036,-0.3701
MZI,20,96,-2.678273,-6.3939
MZI,19,97,0.117776,0.2812
MZI,18,98,-3.060559,-7.3065
MZI,17,99,-1.103278,-2.6339
MZI,16,100,-2.587208,-6.1765
MZI,15,101,2.061812,4.9222
MZI,14,102,-2.853634,-6.8126
MZI,13,103,0.067531,0.1612
MZI,12,104,1.741815,4.1583
MZI,11,105,2.223964,5.3093
MZI,10,106,1.506716,3.5970
MZI,9,107,0.207919,0.4964
MZI,8,108,0.822863,1.9644
MZI,7,109,-0.686353,-1.6385
MZI,6,110,2.297853,5.4857
MZI,5,111,-2.183890,-5.2137
MZI,4,112,3.076684,7.3450
MZI,3,113,-0.945230,-2.2566
MZI,2,114,-0.933361,-2.2282
MZI,1,115,-1.372754,-3.2772
MZI,0,116,2.733671,6.5262
MZI,118,0,-1.515184,-3.6172
MZI,117,1,-2.900188,-6.9237
MZI,116,2,3.136711,7.4883
MZI,115,3,2.994201,7.1481
MZI,114,4,2.912188,6.9523
MZI,113,5,2.823269,6.7401
MZI,112,6,2.765430,6.6020
MZI,111,7,2.689306,6.4202
MZI,110,8,2.643233,6.3103
MZI,109,9,2.589583,6.1822
MZI,108,10,2.535566,6.0532
MZI,107,11,2.481476,5.9241
MZI,106,12,2.430935,5.8034
MZI,105,13,2.379027,5.6795
MZI,104,14,2.328856,5.5597
MZI,103,15,2.277900,5.4381
MZI,102,16,2.228334,5.3198
MZI,101,17,2.176765,5.1966
MZI,100,18,2.124486,5.0718
MZI,99,19,2.072564,4.9479
MZI,98,20,1.828036,4.3641
MZI,97,21,2.048429,4.8903
MZI,96,22,1.948151,4.6509
MZI,95,23,1.917259,4.5771
MZI,94,24,1.888455,4.5084
MZI,93,25,1.742485,4.1599
MZI,92,26,1.759093,4.1995
MZI,91,27,1.683965,4.0202
MZI,90,28,1.609021,3.8413
MZI,89,29,1.488452,3.5534
MZI,88,30,1.307503,3.1214
MZI,87,31,1.054799,2.5181
MZI,86,32,0.710473,1.6961
MZI,85,33,0.278946,0.6659
MZI,84,34,-0.144419,-0.3448
MZI,83,35,-0.297745,-0.7108
MZI,82,36,0.168996,0.4034
MZI,81,37,-2.075921,-4.9559
MZI,80,38,-2.022800,-4.8291
MZI,79,39,-1.863680,-4.4492
MZI,78,40,-2.080531,-4.9669
MZI,77,41,2.570401,6.1364
MZI,76,42,0.853149,2.0367
MZI,75,43,-1.428000,-3.4091
MZI,74,44,0.177250,0.4232
MZI,73,45,-1.459466,-3.4842
MZI,72,46,-3.058873,-7.3025
MZI,71,47,1.968778,4.7001
MZI,70,48,1.032387,2.4646
MZI,69,49,0.506388,1.2089
MZI,68,50,0.470576,1.1234
MZI,67,51,1.225832,2.9265
MZI,66,52,-1.876127,-4.4789
MZI,65,53,0.539391,1.2877
MZI,64,54,1.004066,2.3970
MZI,63,55,1.266909,3.0245
MZI,62,56,0.590536,1.4098
MZI,61,57,0.065371,0.1561
MZI,60,58,-1.007753,-2.4058
MZI,59,59,-2.045380,-4.8830
MZI,58,60,-2.222339,-5.3054
MZI,57,61,-2.267446,-5.4131
MZI,56,62,-1.717795,-4.1009
MZI,55,63,-0.955654,-2.2815
MZI,54,64,-0.954571,-2.2789
MZI,53,65,-2.983218,-7.1219
MZI,52,66,-1.173951,-2.8026
MZI,51,67,-2.458711,-5.8697
MZI,50,68,-1.591033,-3.7983
MZI,49,69,1.431085,3.4165
MZI,48,70,-1.745898,-4.1680
MZI,47,71,0.641734,1.5320
MZI,46,72,-2.005335,-4.7874
MZI,45,73,1.388516,3.3148
MZI,44,74,-0.301401,-0.7195
MZI,43,75,2.966505,7.0820
MZI,42,76,-2.529917,-6.0397
MZI,41,77,1.120627,2.6753
MZI,40,78,2.160929,5.1588
MZI,39,79,1.434061,3.4236
MZI,38,80,-2.999936,-7.1618
MZI,37,81,2.293703,5.4758
MZI,36,82,1.447765,3.4563
MZI,35,83,-2.120262,-5.0618
MZI,34,84,2.323702,5.5474
MZI,33,85,-1.359461,-3.2455
MZI,32,86,-3.125260,-7.4610
MZI,31,87,-0.340607,-0.8131
MZI,30,88,0.779841,1.8617
MZI,29,89,-1.527047,-3.6456
MZI,28,90,-2.067574,-4.9360
MZI,27,91,2.552221,6.0930
MZI,26,92,1.061178,2.5334
MZI,25,93,2.525039,6.0281
MZI,24,94,1.983640,4.7356
MZI,23,95,1.893598,4.5206
MZI,22,96,1.438671,3.4346
MZI,21,97,1.910890,4.5619
MZI,20,98,-1.324440,-3.1619
MZI,19,99,-2.191831,-5.2326
MZI,18,100,-2.102326,-5.0189
MZI,17,101,-2.860952,-6.8300
MZI,16,102,2.710920,6.4718
MZI,15,103,-1.130738,-2.6994
MZI,14,104,0.769228,1.8364
MZI,13,105,0.923045,2.2036
MZI,12,106,0.602110,1.4374
MZI,11,107,-2.054568,-4.9049
MZI,10,108,-0.137602,-0.3285
MZI,9,109,1.325809,3.1651
MZI,8,110,-0.275198,-0.6570
MZI,7,111,2.390902,5.7079
MZI,6,112,-0.195161,-0.4659
MZI,5,113,2.456865,5.8653
MZI,4,114,-1.507300,-3.5984
MZI,3,115,-0.774057,-1.8479
MZI,2,116,1.711860,4.0868
MZI,1,117,-1.050709,-2.5084
MZI,0,118,-1.834518,-4.3796
MZI,120,0,-1.522888,-3.6356
MZI,119,1,-3.041793,-7.2617
MZI,118,2,-2.960615,-7.0679
MZI,117,3,-3.047015,-7.2742
MZI,116,4,-3.088632,-7.3736
MZI,115,5,-3.094725,-7.3881
MZI,114,6,-3.112718,-7.4311
MZI,113,7,-3.108700,-7.4215
MZI,112,8,-3.124715,-7.4597
MZI,111,9,-3.118331,-7.4445
MZI,110,10,-3.120903,-7.4506
MZI,109,11,-3.125902,-7.4625
MZI,108,12,-3.133541,-7.4808
MZI,107,13,-3.139528,-7.4951
MZI,106,14,3.134780,7.4837
MZI,105,15,3.126038,7.4629
MZI,104,16,3.115702,7.4382
MZI,103,17,3.106088,7.4152
MZI,102,18,3.094812,7.3883
MZI,101,19,3.082489,7.3589
MZI,100,20,3.069672,7.3283
MZI,99,21,2.892625,6.9056
MZI,98,22,3.111034,7.4270
MZI,97,23,3.060551,7.3065
MZI,96,24,3.063018,7.3124
MZI,95,25,3.083957,7.3624
MZI,94,26,2.940199,7.0192
MZI,93,27,3.046414,7.2728
MZI,92,28,3.008848,7.1831
MZI,91,29,2.970671,7.0920
MZI,90,30,2.892054,6.9043
MZI,89,31,2.760964,6.5913
MZI,88,32,2.573798,6.1445
MZI,87,33,2.374527,5.6688
MZI,86,34,2.284046,5.4528
MZI,85,35,2.381463,5.6853
MZI,84,36,2.602016,6.2119
MZI,83,37,2.981429,7.1176
MZI,82,38,2.331422,5.5659
MZI,81,39,2.776816,6.6292
MZI,80,40,2.949501,7.0414
MZI,79,41,-3.088756,-7.3739
MZI,78,42,2.223077,5.3072
MZI,77,43,2.660465,6.3514
MZI,76,44,-3.138385,-7.4923
MZI,75,45,2.763913,6.5984
MZI,74,46,-2.762568,-6.5951
MZI,73,47,-2.187980,-5.2234
MZI,72,48,2.500394,5.9693
MZI,71,49,2.677173,6.3913
MZI,70,50,3.012816,7.1926
MZI,69,51,-2.867910,-6.8466
MZI,68,52,-2.328013,-5.5577
MZI,67,53,2.841878,6.7845
MZI,66,54,2.774180,6.6229
MZI,65,55,-1.768964,-4.2231
MZI,64,56,0.187674,0.4480
MZI,63,57,1.553314,3.7083
MZI,62,58,2.247170,5.3647
MZI,61,59,2.530477,6.0411
MZI,60,60,2.621649,6.2587
MZI,59,61,2.636555,6.2943
MZI,58,62,2.600655,6.2086
MZI,57,63,2.155670,5.1463
MZI,56,64,1.776160,4.2403
MZI,55,65,2.435887,5.8153
MZI,54,66,2.058372,4.9140
MZI,53,67,-0.386533,-0.9228
MZI,52,68,-0.127587,-0.3046
MZI,51,69,-2.674387,-6.3846
MZI,50,70,-2.620745,-6.2566
MZI,49,71,-1.943586,-4.6400
MZI,48,72,-0.847611,-2.0235
MZI,47,73,-1.704944,-4.0703
MZI,46,74,-1.446488,-3.4532
MZI,45,75,2.832371,6.7618
MZI,44,76,0.179294,0.4280
MZI,43,77,2.059610,4.9170
MZI,42,78,1.835686,4.3824
MZI,41,79,-2.786043,-6.6512
MZI,40,80,1.276662,3.0478
MZI,39,81,2.533837,6.0491
MZI,38,82,0.012442,0.0297
MZI,37,83,-0.383578,-0.9157
MZI,36,84,0.096472,0.2303
MZI,35,85,-0.522724,-1.2479
MZI,34,86,-0.584063,-1.3943
MZI,33,87,-0.875169,-2.0893
MZI,32,88,-2.398029,-5.7249
MZI,31,89,2.721007,6.4959
MZI,30,90,-0.013883,-0.0331
MZI,29,91,-1.073008,-2.5616
MZI,28,92,-0.650078,-1.5519
MZI,27,93,1.523334,3.6367
MZI,26,94,-2.952233,-7.0479
MZI,25,95,-2.702829,-6.4525
MZI,24,96,2.634187,6.2887
MZI,23,97,2.037151,4.8633
MZI,22,98,1.797094,4.2902
MZI,21,99,2.514838,6.0037
MZI,20,100,-2.461954,-5.8775
MZI,19,101,-2.121666,-5.0651
MZI,18,102,2.594401,6.1937
MZI,17,103,2.567141,6.1286
MZI,16,104,2.059074,4.9157
MZI,15,105,-1.974733,-4.7143
MZI,14,106,0.594869,1.4201
MZI,13,107,-1.678543,-4.0072
MZI,12,108,2.673191,6.3818
MZI,11,109,-0.717250,-1.7123
MZI,10,110,1.446815,3.4540
MZI,9,111,-2.153352,-5.1407
MZI,8,112,-3.111172,-7.4274
MZI,7,113,-2.571578,-6.1392
MZI,6,114,-1.986780,-4.7431
MZI,5,115,2.281886,5.4476
MZI,4,116,0.276384,0.6598
MZI,3,117,1.781840,4.2538
MZI,2,118,-2.485534,-5.9338
MZI,1,119,-1.125909,-2.6879
MZI,0,120,1.797052,4.2901
MZI,122,0,-1.529189,-3.6507
MZI,121,1,-3.055453,-7.2944
MZI,120,2,-3.055070,-7.2934
MZI,119,3,-2.996363,-7.1533
MZI,118,4,-3.049205,-7.2794
MZI,117,5,-3.071748,-7.3333
MZI,116,6,-3.069001,-7.3267
MZI,115,7,-3.078753,-7.3500
MZI,114,8,-3.070924,-7.3313
MZI,113,9,-3.081981,-7.3577
MZI,112,10,-3.074146,-7.3390
MZI,111,11,-3.074826,-7.3406
MZI,110,12,-3.077873,-7.3479
MZI,109,13,-3.083727,-7.3619
MZI,108,14,-3.088171,-7.3725
MZI,107,15,-3.095330,-7.3896
MZI,106,16,-3.102472,-7.4066
MZI,105,17,-3.111050,-7.4271
MZI,104,18,-3.118934,-7.4459
MZI,103,19,-3.128014,-7.4676
MZI,102,20,-3.137793,-7.4909
MZI,101,21,3.135260,7.4849
MZI,100,22,2.984488,7.1249
MZI,99,23,-3.095484,-7.3899
MZI,98,24,3.132450,7.4782
MZI,97,25,3.138247,7.4920
MZI,96,26,-3.135674,-7.4859
MZI,95,27,3.005291,7.1746
MZI,94,28,-3.138056,-7.4916
MZI,93,29,3.120896,7.4506
MZI,92,30,3.085790,7.3668
MZI,91,31,2.979015,7.1119
MZI,90,32,2.662962,6.3574
MZI,89,33,2.136280,5.1000
MZI,88,34,2.032074,4.8512
MZI,87,35,2.202870,5.2590
MZI,86,36,2.421043,5.7798
MZI,85,37,2.695154,6.4342
MZI,84,38,-2.269531,-5.4181
MZI,83,39,2.521540,6.0197
MZI,82,40,2.683039,6.4053
MZI,81,41,2.882908,6.8824
MZI,80,42,2.656833,6.3427
MZI,79,43,-2.887404,-6.8932
MZI,78,44,-2.633532,-6.2871
MZI,77,45,-2.498075,-5.9637
MZI,76,46,2.386945,5.6984
MZI,75,47,-1.984383,-4.7374
MZI,74,48,-1.520571,-3.6301
MZI,73,49,0.800732,1.9116
MZI,72,50,1.901743,4.5401
MZI,71,51,2.808335,6.7044
MZI,70,52,2.195646,5.2417
MZI,69,53,0.792835,1.8928
MZI,68,54,1.140185,2.7220
MZI,67,55,1.974997,4.7150
MZI,66,56,0.111202,0.2655
MZI,65,57,1.326758,3.1674
MZI,64,58,0.718205,1.7146
MZI,63,59,0.270881,0.6467
MZI,62,60,0.009448,0.0226
MZI,61,61,-0.093010,-0.2220
MZI,60,62,-0.121052,-0.2890
MZI,59,63,-0.143423,-0.3424
MZI,58,64,0.211096,0.5040
MZI,57,65,1.190419,2.8419
MZI,56,66,0.610950,1.4585
MZI,55,67,1.606106,3.8343
MZI,54,68,-0.646638,-1.5437
MZI,53,69,0.649497,1.5506
MZI,52,70,-2.600822,-6.2090
MZI,51,71,0.216396,0.5166
MZI,50,72,-2.351578,-5.6140
MZI,49,73,-2.345692,-5.5999
MZI,48,74,-0.373578,-0.8919
MZI,47,75,-0.564799,-1.3484
MZI,46,76,2.393985,5.7152
MZI,45,77,-0.027878,-0.0666
MZI,44,78,-0.885284,-2.1135
MZI,43,79,-1.745280,-4.1665
MZI,42,80,-1.933183,-4.6151
MZI,41,81,-1.675811,-4.0007
MZI,40,82,-1.378371,-3.2906
MZI,39,83,-0.733445,-1.7510
MZI,38,84,0.925713,2.2100
MZI,37,85,-0.272746,-0.6511
MZI,36,86,1.394864,3.3300
MZI,35,87,-2.804950,-6.6963
MZI,34,88,1.425205,3.4024
MZI,33,89,0.260218,0.6212
MZI,32,90,1.818561,4.3415
MZI,31,91,0.074655,0.1782
MZI,30,92,1.061949,2.5352
MZI,29,93,-2.492265,-5.9498
MZI,28,94,2.654309,6.3367
MZI,27,95,2.972030,7.0952
MZI,26,96,1.553604,3.7090
MZI,25,97,-0.144119,-0.3441
MZI,24,98,0.071865,0.1716
MZI,23,99,0.795504,1.8991
MZI,22,100,0.180813,0.4317
MZI,21,101,1.357732,3.2413
MZI,20,102,-2.108301,-5.0332
MZI,19,103,1.741448,4.1574
MZI,18,104,2.537586,6.0580
MZI,17,105,-2.740225,-6.5418
MZI,16,106,0.969123,2.3136
MZI,15,107,-2.575649,-6.1489
MZI,14,108,-0.204817,-0.4890
MZI,13,109,2.111484,5.0408
MZI,12,110,0.081247,0.1940
MZI,11,111,-0.479231,-1.1441
MZI,10,112,-0.800211,-1.9104
MZI,9,113,-1.345738,-3.2127
MZI,8,114,0.935976,2.2345
MZI,7,115,-2.464682,-5.8840
MZI,6,116,2.492984,5.9516
MZI,5,117,0.096138,0.2295
MZI,4,118,2.214191,5.2860
MZI,3,119,-0.364233,-0.8695
MZI,2,120,-1.735215,-4.1425
MZI,1,121,0.968757,2.3127
MZI,0,122,3.048739,7.2783
MZI,124,0,-1.599607,-3.8188
MZI,123,1,3.119129,7.4464
MZI,122,2,3.094536,7.3877
MZI,121,3,3.074784,7.3405
MZI,120,4,3.101751,7.4049
MZI,119,5,3.048481,7.2777
MZI,118,6,3.019371,7.2082
MZI,117,7,3.010765,7.1877
MZI,116,8,2.991084,7.1407
MZI,115,9,2.987248,7.1315
MZI,114,10,2.966858,7.0829
MZI,113,11,2.963715,7.0753
MZI,112,12,2.953241,7.0503
MZI,111,13,2.941314,7.0219
MZI,110,14,2.927113,6.9880
MZI,109,15,2.914663,6.9582
MZI,108,16,2.900097,6.9235
MZI,107,17,2.885767,6.8893
MZI,106,18,2.870302,6.8523
MZI,105,19,2.855538,6.8171
MZI,104,20,2.839964,6.7799
MZI,103,21,2.824129,6.7421
MZI,102,22,2.808271,6.7043
MZI,101,23,2.667642,6.3685
MZI,100,24,2.860470,6.8289
MZI,99,25,2.786373,6.6520
MZI,98,26,2.788866,6.6579
MZI,97,27,2.779401,6.6353
MZI,96,28,2.610882,6.2330
MZI,95,29,2.808005,6.7036
MZI,94,30,2.825417,6.7452
MZI,93,31,2.893174,6.9069
MZI,92,32,3.103905,7.4100
MZI,91,33,0.149060,0.3559
MZI,90,34,1.140342,2.7224
MZI,89,35,1.679473,4.0094
MZI,88,36,1.953292,4.6631
MZI,87,37,2.170569,5.1819
MZI,86,38,2.627426,6.2725
MZI,85,39,-2.968722,-7.0873
MZI,84,40,2.431056,5.8037
MZI,83,41,2.321615,5.5424
MZI,82,42,2.221508,5.3035
MZI,81,43,0.394783,0.9425
MZI,80,44,2.373526,5.6664
MZI,79,45,2.682065,6.4030
MZI,78,46,-2.679483,-6.3968
MZI,77,47,-2.443096,-5.8325
MZI,76,48,-2.034739,-4.8576
MZI,75,49,-1.455561,-3.4749
MZI,74,50,-1.625468,-3.8805
MZI,73,51,-2.868095,-6.8471
MZI,72,52,2.071512,4.9454
MZI,71,53,2.032819,4.8530
MZI,70,54,2.443495,5.8334
MZI,69,55,3.075458,7.3421
MZI,68,56,2.498929,5.9658
MZI,67,57,-2.155169,-5.1451
MZI,66,58,1.475391,3.5222
MZI,65,59,1.532817,3.6593
MZI,64,60,1.635168,3.9037
MZI,63,61,1.740320,4.1547
MZI,62,62,1.792813,4.2800
MZI,61,63,1.801633,4.3011
MZI,60,64,1.780847,4.2515
MZI,59,65,1.359369,3.2453
MZI,58,66,0.362572,0.8656
MZI,57,67,1.607940,3.8387
MZI,56,68,0.703858,1.6803
MZI,55,69,-0.228779,-0.5462
MZI,54,70,3.042384,7.2632
MZI,53,71,0.500812,1.1956
MZI,52,72,2.799689,6.6838
MZI,51,73,-2.022880,-4.8293
MZI,50,74,-2.230906,-5.3259
MZI,49,75,1.371439,3.2741
MZI,48,76,-1.384933,-3.3063
MZI,47,77,-1.829155,-4.3668
MZI,46,78,1.931437,4.6110
MZI,45,79,3.108988,7.4222
MZI,44,80,0.635420,1.5170
MZI,43,81,-1.610480,-3.8447
MZI,42,82,1.420397,3.3909
MZI,41,83,1.968923,4.7005
MZI,40,84,0.880447,2.1019
MZI,39,85,2.036077,4.8608
MZI,38,86,0.464679,1.1093
MZI,37,87,1.966715,4.6952
MZI,36,88,1.769445,4.2242
MZI,35,89,0.504555,1.2045
MZI,34,90,1.649923,3.9389
MZI,33,91,2.322206,5.5439
MZI,32,92,-0.501047,-1.1962
MZI,31,93,-2.316054,-5.5292
MZI,30,94,1.790826,4.2753
MZI,29,95,-2.605491,-6.2202
MZI,28,96,-0.830060,-1.9816
MZI,27,97,-1.819901,-4.3447
MZI,26,98,-0.337486,-0.8057
MZI,25,99,2.589363,6.1816
MZI,24,100,-1.102345,-2.6317
MZI,23,101,-1.260917,-3.0102
MZI,22,102,-1.586273,-3.7869
MZI,21,103,-1.564440,-3.7348
MZI,20,104,2.663699,6.3591
MZI,19,105,1.707180,4.0756
MZI,18,106,-1.834989,-4.3807
MZI,17,107,-2.076419,-4.9571
MZI,16,108,-1.266893,-3.0245
MZI,15,109,-1.229353,-2.9349
MZI,14,110,-2.526236,-6.0309
MZI,13,111,-1.302784,-3.1102
MZI,12,112,1.180997,2.8194
MZI,11,113,-1.408619,-3.3628
MZI,10,114,2.977375,7.1080
MZI,9,115,1.269961,3.0318
MZI,8,116,-3.113535,-7.4330
MZI,7,117,-1.577494,-3.7660
MZI,6,118,-0.766571,-1.8301
MZI,5,119,-0.629443,-1.5027
MZI,4,120,-2.673036,-6.3814
MZI,3,121,1.278648,3.0525
MZI,2,122,2.451135,5.8517
MZI,1,123,-0.306503,-0.7317
MZI,0,124,-1.188965,-2.8384
MZI,126,0,-1.561942,-3.7289
MZI,125,1,3.140888,7.4983
MZI,124,2,-3.101318,-7.4039
MZI,123,3,-3.087580,-7.3711
MZI,122,4,-3.077996,-7.3482
MZI,121,5,-3.035009,-7.2455
MZI,120,6,-3.056108,-7.2959
MZI,119,7,-3.060523,-7.3065
MZI,118,8,-3.049946,-7.2812
MZI,117,9,-3.050499,-7.2825
MZI,116,10,-3.037769,-7.2521
MZI,115,11,-3.040904,-7.2596
MZI,114,12,-3.029063,-7.2314
MZI,113,13,-3.024276,-7.2199
MZI,112,14,-3.021152,-7.2125
MZI,111,15,-3.020663,-7.2113
MZI,110,16,-3.018809,-7.2069
MZI,109,17,-3.019300,-7.2080
MZI,108,18,-3.019917,-7.2095
MZI,107,19,-3.021770,-7.2139
MZI,106,20,-3.022944,-7.2167
MZI,105,21,-3.024534,-7.2205
MZI,104,22,-3.026300,-7.2248
MZI,103,23,-3.028418,-7.2298
MZI,102,24,-3.127842,-7.4672
MZI,101,25,-2.948484,-7.0390
MZI,100,26,-3.015104,-7.1980
MZI,99,27,-3.003549,-7.1704
MZI,98,28,-2.998564,-7.1585
MZI,97,29,3.071612,7.3329
MZI,96,30,-2.923326,-6.9789
MZI,95,31,-2.853163,-6.8114
MZI,94,32,-2.593359,-6.1912
MZI,93,33,-1.412116,-3.3712
MZI,92,34,2.775744,6.6266
MZI,91,35,2.804077,6.6942
MZI,90,36,2.882745,6.8820
MZI,89,37,2.994309,7.1484
MZI,88,38,-3.065288,-7.3178
MZI,87,39,-1.679638,-4.0098
MZI,86,40,-2.445536,-5.8383
MZI,85,41,-2.568382,-6.1316
MZI,84,42,-2.520955,-6.0183
MZI,83,43,0.105582,0.2521
MZI,82,44,-2.509846,-5.9918
MZI,81,45,-2.395621,-5.7191
MZI,80,46,-2.460447,-5.8739
MZI,79,47,1.689388,4.0331
MZI,78,48,-0.906707,-2.1646
MZI,77,49,1.489432,3.5558
MZI,76,50,0.693899,1.6566
MZI,75,51,0.773700,1.8471
MZI,74,52,0.935801,2.2341
MZI,73,53,0.736341,1.7579
MZI,72,54,0.946234,2.2590
MZI,71,55,0.809044,1.9315
MZI,70,56,-1.096392,-2.6174
MZI,69,57,1.703223,4.0661
MZI,68,58,-0.234238,-0.5592
MZI,67,59,-0.552287,-1.3185
MZI,66,60,-0.575689,-1.3744
MZI,65,61,-0.676907,-1.6160
MZI,64,62,-0.835643,-1.9950
MZI,63,63,-0.928533,-2.2167
MZI,62,64,-0.983920,-2.3489
MZI,61,65,-1.184696,-2.8283
MZI,60,66,-1.701106,-4.0611
MZI,59,67,-2.465716,-5.8865
MZI,58,68,1.073068,2.5618
MZI,57,69,-0.085080,-0.2031
MZI,56,70,1.996282,4.7658
MZI,55,71,2.414331,5.7638
MZI,54,72,1.538785,3.6736
MZI,53,73,1.779904,4.2492
MZI,52,74,2.012304,4.8040
MZI,51,75,-0.704720,-1.6824
MZI,50,76,0.195291,0.4662
MZI,49,77,-2.693637,-6.4306
MZI,48,78,-2.994770,-7.1495
MZI,47,79,1.801618,4.3010
MZI,46,80,2.894607,6.9104
MZI,45,81,-0.676852,-1.6159
MZI,44,82,-0.903340,-2.1566
MZI,43,83,1.061336,2.5338
MZI,42,84,0.998576,2.3839
MZI,41,85,1.586739,3.7881
MZI,40,86,-2.457646,-5.8672
MZI,39,87,2.060205,4.9184
MZI,38,88,-3.093300,-7.3847
MZI,37,89,-0.089558,-0.2138
MZI,36,90,2.130215,5.0855
MZI,35,91,0.348334,0.8316
MZI,34,92,2.111487,5.0408
MZI,33,93,0.170792,0.4077
MZI,32,94,0.760625,1.8159
MZI,31,95,-2.919034,-6.9687
MZI,30,96,1.584356,3.7824
MZI,29,97,0.188149,0.4492
MZI,28,98,2.893910,6.9087
MZI,27,99,-3.043089,-7.2648
MZI,26,100,-2.386622,-5.6976
MZI,25,101,2.592313,6.1887
MZI,24,102,0.594469,1.4192
MZI,23,103,-0.041138,-0.0982
MZI,22,104,-1.005969,-2.4016
MZI,21,105,0.348492,0.8320
MZI,20,106,2.657410,6.3441
MZI,19,107,1.196146,2.8556
MZI,18,108,-0.456075,-1.0888
MZI,17,109,-1.357653,-3.2412
MZI,16,110,1.417824,3.3848
MZI,15,111,-0.245853,-0.5869
MZI,14,112,-2.937472,-7.0127
MZI,13,113,0.434724,1.0378
MZI,12,114,2.281625,5.4470
MZI,11,115,-2.940488,-7.0199
MZI,10,116,-0.669252,-1.5977
MZI,9,117,1.078193,2.5740
MZI,8,118,-2.713277,-6.4775
MZI,7,119,1.031930,2.4636
MZI,6,120,-1.407038,-3.3591
MZI,5,121,2.403023,5.7368
MZI,4,122,-1.187180,-2.8342
MZI,3,123,-2.526760,-6.0322
MZI,2,124,-1.985742,-4.7406
MZI,1,125,0.769729,1.8376
MZI,0,126,-1.438615,-3.4344
MZI,128,0,-1.570121,-3.7484
MZI,127,1,-3.135954,-7.4865
MZI,126,2,3.130731,7.4741
MZI,125,3,-3.132502,-7.4783
MZI,124,4,-3.127124,-7.4655
MZI,123,5,-3.123404,-7.4566
MZI,122,6,-3.091299,-7.3799
MZI,121,7,-3.110483,-7.4257
MZI,120,8,-3.116177,-7.4393
MZI,119,9,-3.109023,-7.4222
MZI,118,10,-3.111848,-7.4290
MZI,117,11,-3.102451,-7.4066
MZI,116,12,-3.107374,-7.4183
MZI,115,13,-3.098439,-7.3970
MZI,114,14,-3.095810,-7.3907
MZI,113,15,-3.094434,-7.3874
MZI,112,16,-3.095437,-7.3898
MZI,111,17,-3.095072,-7.3889
MZI,110,18,-3.096866,-7.3932
MZI,109,19,-3.098861,-7.3980
MZI,108,20,-3.102066,-7.4056
MZI,107,21,-3.104639,-7.4118
MZI,106,22,-3.107296,-7.4181
MZI,105,23,-3.109755,-7.4240
MZI,104,24,-3.112349,-7.4302
MZI,103,25,3.088900,7.3742
MZI,102,26,-3.027483,-7.2276
MZI,101,27,-3.105883,-7.4147
MZI,100,28,-3.096460,-7.3923
MZI,99,29,-3.101427,-7.4041
MZI,98,30,2.906480,6.9387
MZI,97,31,-2.994848,-7.1497
MZI,96,32,-2.857388,-6.8215
MZI,95,33,-2.494590,-5.9554
MZI,94,34,-2.980486,-7.1154
MZI,93,35,2.805459,6.6975
MZI,92,36,2.707879,6.4646
MZI,91,37,2.665507,6.3634
MZI,90,38,3.023864,7.2189
MZI,89,39,-0.982522,-2.3456
MZI,88,40,-2.383782,-5.6909
MZI,87,41,2.997042,7.1549
MZI,86,42,3.011955,7.1905
MZI,85,43,-1.394412,-3.3289
MZI,84,44,2.969838,7.0900
MZI,83,45,2.078893,4.9630
MZI,82,46,2.620467,6.2559
MZI,81,47,-3.028693,-7.2305
MZI,80,48,-1.172765,-2.7998
MZI,79,49,1.582350,3.7776
MZI,78,50,-2.041707,-4.8742
MZI,77,51,-2.040237,-4.8707
MZI,76,52,-2.440796,-5.8270
MZI,75,53,1.992775,4.7574
MZI,74,54,2.266659,5.4112
MZI,73,55,2.533948,6.0494
MZI,72,56,-2.829435,-6.7548
MZI,71,57,-1.522349,-3.6343
MZI,70,58,-3.112223,-7.4299
MZI,69,59,-2.729931,-6.5172
MZI,68,60,-2.731778,-6.5216
MZI,67,61,-2.762565,-6.5951
MZI,66,62,-2.663326,-6.3582
MZI,65,63,-2.084832,-4.9772
MZI,64,64,-1.063767,-2.5396
MZI,63,65,-0.707769,-1.6897
MZI,62,66,-0.339435,-0.8103
MZI,61,67,0.007976,0.0190
MZI,60,68,0.021777,0.0520
MZI,59,69,1.698133,4.0540
MZI,58,70,-2.478040,-5.9159
MZI,57,71,-2.661805,-6.3546
MZI,56,72,1.903712,4.5448
MZI,55,73,-3.108078,-7.4200
MZI,54,74,0.171527,0.4095
MZI,53,75,-2.917083,-6.9640
MZI,52,76,0.400748,0.9567
MZI,51,77,-0.771448,-1.8417
MZI,50,78,1.877143,4.4813
MZI,49,79,1.500036,3.5811
MZI,48,80,0.091204,0.2177
MZI,47,81,2.745421,6.5542
MZI,46,82,-2.198811,-5.2493
MZI,45,83,-0.890509,-2.1259
MZI,44,84,0.982230,2.3449
MZI,43,85,2.676908,6.3906
MZI,42,86,-1.059338,-2.5290
MZI,41,87,0.958970,2.2894
MZI,40,88,2.679330,6.3964
MZI,39,89,-0.262266,-0.6261
MZI,38,90,2.127784,5.0797
MZI,37,91,-3.041841,-7.2619
MZI,36,92,1.017844,2.4299
MZI,35,93,-2.967547,-7.0845
MZI,34,94,1.400646,3.3438
MZI,33,95,2.924647,6.9821
MZI,32,96,-3.001430,-7.1654
MZI,31,97,1.550400,3.7013
MZI,30,98,-1.861557,-4.4441
MZI,29,99,-0.089949,-0.2147
MZI,28,100,-0.631698,-1.5081
MZI,27,101,-0.476299,-1.1371
MZI,26,102,-3.032774,-7.2402
MZI,25,103,-0.356328,-0.8507
MZI,24,104,2.626773,6.2710
MZI,23,105,1.421885,3.3945
MZI,22,106,-0.009535,-0.0228
MZI,21,107,-1.475548,-3.5226
MZI,20,108,-2.995256,-7.1506
MZI,19,109,0.661512,1.5792
MZI,18,110,2.792639,6.6669
MZI,17,111,3.073771,7.3381
MZI,16,112,-1.676233,-4.0017
MZI,15,113,3.140542,7.4975
MZI,14,114,0.860074,2.0533
MZI,13,115,-0.048737,-0.1164
MZI,12,116,-1.533839,-3.6618
MZI,11,117,0.744780,1.7780
MZI,10,118,-2.319134,-5.5365
MZI,9,119,1.087396,2.5960
MZI,8,120,-3.136190,-7.4871
MZI,7,121,-2.999710,-7.1613
MZI,6,122,1.335456,3.1882
MZI,5,123,1.413021,3.3733
MZI,4,124,-0.639342,-1.5263
MZI,3,125,-0.197899,-0.4724
MZI,2,126,-0.298866,-0.7135
MZI,1,127,1.996105,4.7654
MZI,0,128,-3.119912,-7.4482
MZI,130,0,-1.635714,-3.9050
MZI,129,1,3.041912,7.2620
MZI,128,2,3.017855,7.2046
MZI,127,3,2.983605,7.1228
MZI,126,4,2.979961,7.1141
MZI,125,5,2.966468,7.0819
MZI,124,6,2.953164,7.0502
MZI,123,7,2.963804,7.0756
MZI,122,8,2.933084,7.0022
MZI,121,9,2.914362,6.9575
MZI,120,10,2.907148,6.9403
MZI,119,11,2.891164,6.9021
MZI,118,12,2.886741,6.8916
MZI,117,13,2.869706,6.8509
MZI,116,14,2.865730,6.8414
MZI,115,15,2.856238,6.8188
MZI,114,16,2.846222,6.7949
MZI,113,17,2.834370,6.7666
MZI,112,18,2.824199,6.7423
MZI,111,19,2.812388,6.7141
MZI,110,20,2.800586,6.6859
MZI,109,21,2.787812,6.6554
MZI,108,22,2.775818,6.6268
MZI,107,23,2.764518,6.5998
MZI,106,24,2.754757,6.5765
MZI,105,25,2.746470,6.5567
MZI,104,26,2.672639,6.3805
MZI,103,27,2.830688,6.7578
MZI,102,28,2.737203,6.5346
MZI,101,29,2.741522,6.5449
MZI,100,30,2.697010,6.4386
MZI,99,31,2.311550,5.5184
MZI,98,32,2.792309,6.6661
MZI,97,33,2.884901,6.8872
MZI,96,34,2.796288,6.6756
MZI,95,35,2.371193,5.6608
MZI,94,36,2.136514,5.1006
MZI,93,37,1.833598,4.3774
MZI,92,38,0.679979,1.6233
MZI,91,39,-0.856763,-2.0454
MZI,90,40,2.811468,6.7119
MZI,89,41,2.813768,6.7174
MZI,88,42,2.850106,6.8041
MZI,87,43,2.803527,6.6929
MZI,86,44,0.994688,2.3746
MZI,85,45,-2.945088,-7.0309
MZI,84,46,-2.818095,-6.7277
MZI,83,47,2.979596,7.1133
MZI,82,48,2.336429,5.5778
MZI,81,49,1.686435,4.0261
MZI,80,50,0.243552,0.5814
MZI,79,51,2.382629,5.6881
MZI,78,52,2.604823,6.2186
MZI,77,53,-2.895133,-6.9116
MZI,76,54,-0.211746,-0.5055
MZI,75,55,0.823984,1.9671
MZI,74,56,1.353550,3.2314
MZI,73,57,0.726034,1.7333
MZI,72,58,-0.524720,-1.2527
MZI,71,59,1.722110,4.1112
MZI,70,60,1.058251,2.5264
MZI,69,61,1.182102,2.8221
MZI,68,62,1.414579,3.3771
MZI,67,63,1.565099,3.7364
MZI,66,64,1.216485,2.9041
MZI,65,65,0.311787,0.7443
MZI,64,66,0.031950,0.0763
MZI,63,67,-0.075497,-0.1802
MZI,62,68,0.146606,0.3500
MZI,61,69,0.227640,0.5435
MZI,60,70,-0.285937,-0.6826
MZI,59,71,0.859513,2.0519
MZI,58,72,1.405931,3.3564
MZI,57,73,-3.099826,-7.4003
MZI,56,74,0.488069,1.1652
MZI,55,75,1.340056,3.1991
MZI,54,76,2.703447,6.4540
MZI,53,77,-2.981298,-7.1173
MZI,52,78,-0.677096,-1.6164
MZI,51,79,-2.692608,-6.4281
MZI,50,80,-1.347452,-3.2168
MZI,49,81,3.080393,7.3539
MZI,48,82,-1.975684,-4.7166
MZI,47,83,2.388532,5.7022
MZI,46,84,0.528906,1.2627
MZI,45,85,-0.865537,-2.0663
MZI,44,86,-0.528029,-1.2606
MZI,43,87,0.335820,0.8017
MZI,42,88,-2.106801,-5.0296
MZI,41,89,1.447288,3.4551
MZI,40,90,1.342030,3.2039
MZI,39,91,2.220276,5.3005
MZI,38,92,-2.449750,-5.8483
MZI,37,93,1.556840,3.7167
MZI,36,94,1.360525,3.2480
MZI,35,95,3.069897,7.3288
MZI,34,96,2.010939,4.8008
MZI,33,97,-2.178307,-5.2003
MZI,32,98,2.993996,7.1476
MZI,31,99,2.762239,6.5944
MZI,30,100,-1.426048,-3.4044
MZI,29,101,-2.136421,-5.1003
MZI,28,102,0.170220,0.4064
MZI,27,103,1.250081,2.9843
MZI,26,104,-2.822517,-6.7383
MZI,25,105,-1.765050,-4.2137
MZI,24,106,2.490932,5.9467
MZI,23,107,0.928372,2.2163
MZI,22,108,1.785401,4.2623
MZI,21,109,1.328718,3.1721
MZI,20,110,-0.396786,-0.9473
MZI,19,111,2.073174,4.9493
MZI,18,112,-2.177762,-5.1990
MZI,17,113,-0.145094,-0.3464
MZI,16,114,-2.487050,-5.9374
MZI,15,115,0.318545,0.7605
MZI,14,116,-1.712028,-4.0872
MZI,13,117,-1.205988,-2.8791
MZI,12,118,1.464348,3.4959
MZI,11,119,-2.220488,-5.3010
MZI,10,120,-3.097157,-7.3939
MZI,9,121,-1.280784,-3.0576
MZI,8,122,0.750826,1.7925
MZI,7,123,2.346783,5.6025
MZI,6,124,-0.486477,-1.1614
MZI,5,125,-2.102019,-5.0182
MZI,4,126,-3.015773,-7.1996
MZI,3,127,-1.402372,-3.3479
MZI,2,128,0.020881,0.0499
MZI,1,129,-1.285166,-3.0681
MZI,0,130,2.252621,5.3777
MZI,132,0,-1.530201,-3.6531
MZI,131,1,-3.111219,-7.4275
MZI,130,2,-3.048393,-7.2775
MZI,129,3,-3.012358,-7.1915
MZI,128,4,-2.996097,-7.1527
MZI,127,5,-2.960845,-7.0685
MZI,126,6,-2.938154,-7.0143
MZI,125,7,-2.918390,-6.9671
MZI,124,8,-2.880433,-6.8765
MZI,123,9,-2.878128,-6.8710
MZI,122,10,-2.868419,-6.8478
MZI,121,11,-2.850377,-6.8048
MZI,120,12,-2.841044,-6.7825
MZI,119,13,-2.821991,-6.7370
MZI,118,14,-2.815169,-6.7207
MZI,117,15,-2.796924,-6.6772
MZI,116,16,-2.783854,-6.6460
MZI,115,17,-2.771629,-6.6168
MZI,114,18,-2.761540,-6.5927
MZI,113,19,-2.750188,-6.5656
MZI,112,20,-2.740818,-6.5432
MZI,111,21,-2.731776,-6.5216
MZI,110,22,-2.723592,-6.5021
MZI,109,23,-2.714168,-6.4796
MZI,108,24,-2.703968,-6.4552
MZI,107,25,-2.694650,-6.4330
MZI,106,26,-2.689912,-6.4217
MZI,105,27,-2.753632,-6.5738
MZI,104,28,-2.624395,-6.2653
MZI,103,29,-2.747039,-6.5581
MZI,102,30,-2.753057,-6.5724
MZI,101,31,-2.653124,-6.3339
MZI,100,32,-2.860001,-6.8277
MZI,99,33,-2.276765,-5.4354
MZI,98,34,-1.946721,-4.6475
MZI,97,35,-1.729463,-4.1288
MZI,96,36,-1.811813,-4.3254
MZI,95,37,-1.958481,-4.6755
MZI,94,38,-2.233531,-5.3322
MZI,93,39,-1.762051,-4.2066
MZI,92,40,-0.492254,-1.1752
MZI,91,41,0.566513,1.3524
MZI,90,42,0.419894,1.0024
MZI,89,43,0.029340,0.0700
MZI,88,44,-0.468379,-1.1182
MZI,87,45,-2.145975,-5.1231
MZI,86,46,0.710890,1.6971
MZI,85,47,0.406873,0.9713
MZI,84,48,0.424981,1.0146
MZI,83,49,1.589155,3.7938
MZI,82,50,-0.703332,-1.6791
MZI,81,51,-0.897087,-2.1416
MZI,80,52,0.777436,1.8560
MZI,79,53,0.386174,0.9219
MZI,78,54,-0.400330,-0.9557
MZI,77,55,-1.218351,-2.9086
MZI,76,56,-1.868765,-4.4613
MZI,75,57,-2.103588,-5.0219
MZI,74,58,-1.672512,-3.9928
MZI,73,59,-0.743691,-1.7754
MZI,72,60,2.259447,5.3940
MZI,71,61,-2.922199,-6.9762
MZI,70,62,0.161290,0.3851
MZI,69,63,0.140354,0.3351
MZI,68,64,-0.492702,-1.1762
MZI,67,65,-1.003075,-2.3947
MZI,66,66,-1.195461,-2.8540
MZI,65,67,-1.332135,-3.1802
MZI,64,68,-1.693371,-4.0426
MZI,63,69,-2.254149,-5.3814
MZI,62,70,-2.416687,-5.7694
MZI,61,71,-2.597080,-6.2001
MZI,60,72,-1.203384,-2.8729
MZI,59,73,-2.797851,-6.6794
MZI,58,74,-2.303413,-5.4990
MZI,57,75,-2.491256,-5.9474
MZI,56,76,-3.036346,-7.2487
MZI,55,77,-0.763294,-1.8222
MZI,54,78,-2.528413,-6.0361
MZI,53,79,-1.886214,-4.5030
MZI,52,80,-0.574710,-1.3720
MZI,51,81,-0.499491,-1.1924
MZI,50,82,-2.937836,-7.0136
MZI,49,83,-2.885567,-6.8888
MZI,48,84,1.366510,3.2623
MZI,47,85,2.461096,5.8754
MZI,46,86,-3.082025,-7.3578
MZI,45,87,2.818360,6.7283
MZI,44,88,2.829316,6.7545
MZI,43,89,-1.069808,-2.5540
MZI,42,90,-0.023645,-0.0564
MZI,41,91,0.981862,2.3440
MZI,40,92,0.310851,0.7421
MZI,39,93,-0.996261,-2.3784
MZI,38,94,1.646141,3.9299
MZI,37,95,1.983258,4.7347
MZI,36,96,-1.648298,-3.9350
MZI,35,97,-1.319207,-3.1494
MZI,34,98,-1.467061,-3.5023
MZI,33,99,-1.985547,-4.7401
MZI,32,100,-0.262213,-0.6260
MZI,31,101,0.414195,0.9888
MZI,30,102,-2.336130,-5.5771
MZI,29,103,1.460416,3.4865
MZI,28,104,2.813468,6.7167
MZI,27,105,2.457085,5.8659
MZI,26,106,-0.479541,-1.1448
MZI,25,107,-2.370854,-5.6600
MZI,24,108,1.614617,3.8546
MZI,23,109,0.413514,0.9872
MZI,22,110,-0.178501,-0.4261
MZI,21,111,1.460480,3.4866
MZI,20,112,2.925237,6.9835
MZI,19,113,-2.035451,-4.8593
MZI,18,114,-0.992362,-2.3691
MZI,17,115,-0.818312,-1.9536
MZI,16,116,-0.154405,-0.3686
MZI,15,117,-0.061654,-0.1472
MZI,14,118,-0.126428,-0.3018
MZI,13,119,1.535550,3.6659
MZI,12,120,1.092404,2.6079
MZI,11,121,2.281215,5.4460
MZI,10,122,-2.310367,-5.5156
MZI,9,123,-1.731040,-4.1326
MZI,8,124,-1.236559,-2.9521
MZI,7,125,-0.625254,-1.4927
MZI,6,126,-2.770409,-6.6139
MZI,5,127,2.078157,4.9612
MZI,4,128,-1.884188,-4.4982
MZI,3,129,0.001577,0.0038
MZI,2,130,-1.401036,-3.3447
MZI,1,131,1.699297,4.0568
MZI,0,132,1.605584,3.8330
MZI,134,0,-1.682146,-4.0158
MZI,133,1,3.008295,7.1818
MZI,132,2,2.922026,6.9758
MZI,131,3,2.897653,6.9176
MZI,130,4,2.871430,6.8550
MZI,129,5,2.836377,6.7714
MZI,128,6,2.823661,6.7410
MZI,127,7,2.804169,6.6945
MZI,126,8,2.785689,6.6503
MZI,125,9,2.785165,6.6491
MZI,124,10,2.755917,6.5793
MZI,123,11,2.735268,6.5300
MZI,122,12,2.723860,6.5027
MZI,121,13,2.705405,6.4587
MZI,120,14,2.697495,6.4398
MZI,119,15,2.679434,6.3967
MZI,118,16,2.673516,6.3826
MZI,117,17,2.663757,6.3593
MZI,116,18,2.654699,6.3376
MZI,115,19,2.644815,6.3140
MZI,114,20,2.637266,6.2960
MZI,113,21,2.628901,6.2760
MZI,112,22,2.621249,6.2578
MZI,111,23,2.614373,6.2414
MZI,110,24,2.611915,6.2355
MZI,109,25,2.615750,6.2446
MZI,108,26,2.625649,6.2683
MZI,107,27,2.637500,6.2966
MZI,106,28,2.609662,6.2301
MZI,105,29,2.623444,6.2630
MZI,104,30,2.427785,5.7959
MZI,103,31,2.329849,5.5621
MZI,102,32,2.417029,5.7702
MZI,101,33,2.064557,4.9288
MZI,100,34,2.739644,6.5404
MZI,99,35,2.624257,6.2650
MZI,98,36,2.258688,5.3922
MZI,97,37,1.996594,4.7665
MZI,96,38,1.675789,4.0007
MZI,95,39,1.319820,3.1508
MZI,94,40,1.314458,3.1380
MZI,93,41,1.182971,2.8241
MZI,92,42,0.744061,1.7763
MZI,91,43,0.761388,1.8177
MZI,90,44,0.987912,2.3585
MZI,89,45,2.968614,7.0870
MZI,88,46,-1.372897,-3.2776
MZI,87,47,-1.653164,-3.9466
MZI,86,48,-1.937661,-4.6258
MZI,85,49,-2.264014,-5.4049
MZI,84,50,2.419376,5.7758
MZI,83,51,-2.551811,-6.0920
MZI,82,52,2.746337,6.5564
MZI,81,53,2.107899,5.0322
MZI,80,54,2.372363,5.6636
MZI,79,55,2.484921,5.9323
MZI,78,56,1.363333,3.2547
MZI,77,57,0.915445,2.1855
MZI,76,58,0.271975,0.6493
MZI,75,59,-0.770484,-1.8394
MZI,74,60,-3.084720,-7.3642
MZI,73,61,1.186981,2.8337
MZI,72,62,0.431164,1.0293
MZI,71,63,-2.201216,-5.2550
MZI,70,64,-1.857875,-4.4353
MZI,69,65,-1.050122,-2.5070
MZI,68,66,-0.398516,-0.9514
MZI,67,67,-0.129403,-0.3089
MZI,66,68,0.038466,0.0918
MZI,65,69,0.480961,1.1482
MZI,64,70,1.233435,2.9446
MZI,63,71,2.145905,5.1230
MZI,62,72,-2.903276,-6.9311
MZI,61,73,1.535875,3.6666
MZI,60,74,-0.551674,-1.3170
MZI,59,75,2.218969,5.2974
MZI,58,76,-1.198332,-2.8608
MZI,57,77,2.967696,7.0849
MZI,56,78,2.349844,5.6098
MZI,55,79,-0.061574,-0.1470
MZI,54,80,-1.021819,-2.4394
MZI,53,81,2.628278,6.2746
MZI,52,82,-2.899148,-6.9212
MZI,51,83,-1.881782,-4.4924
MZI,50,84,1.794398,4.2838
MZI,49,85,2.253169,5.3790
MZI,48,86,1.117150,2.6670
MZI,47,87,1.478614,3.5299
MZI,46,88,1.880881,4.4903
MZI,45,89,-2.851352,-6.8071
MZI,44,90,-1.703985,-4.0680
MZI,43,91,-2.028920,-4.8437
MZI,42,92,-2.718409,-6.4897
MZI,41,93,0.269357,0.6430
MZI,40,94,-1.668701,-3.9837
MZI,39,95,-0.499874,-1.1934
MZI,38,96,-0.849132,-2.0272
MZI,37,97,-1.551893,-3.7049
MZI,36,98,-1.345377,-3.2118
MZI,35,99,-1.240296,-2.9610
MZI,34,100,-0.981862,-2.3440
MZI,33,101,-0.849591,-2.0282
MZI,32,102,1.906486,4.5514
MZI,31,103,-1.587458,-3.7898
MZI,30,104,0.586482,1.4001
MZI,29,105,0.310374,0.7410
MZI,28,106,0.735546,1.7560
MZI,27,107,-1.925076,-4.5958
MZI,26,108,-2.520182,-6.0165
MZI,25,109,-1.574423,-3.7587
MZI,24,110,-2.082282,-4.9711
MZI,23,111,2.417525,5.7714
MZI,22,112,2.051099,4.8966
MZI,21,113,-0.306944,-0.7328
MZI,20,114,2.970332,7.0911
MZI,19,115,2.665985,6.3646
MZI,18,116,-1.910482,-4.5609
MZI,17,117,1.926298,4.5987
MZI,16,118,-1.023198,-2.4427
MZI,15,119,0.390358,0.9319
MZI,14,120,-1.225020,-2.9245
MZI,13,121,-1.297024,-3.0964
MZI,12,122,-1.890590,-4.5135
MZI,11,123,-1.785549,-4.2627
MZI,10,124,-1.993678,-4.7596
MZI,9,125,1.059634,2.5297
MZI,8,126,0.439878,1.0501
MZI,7,127,2.563259,6.1193
MZI,6,128,1.417878,3.3849
MZI,5,129,-0.218651,-0.5220
MZI,4,130,3.037798,7.2522
MZI,3,131,-2.171355,-5.1837
MZI,2,132,2.908115,6.9426
MZI,1,133,-2.431099,-5.8038
MZI,0,134,-1.591524,-3.7995
MZI,136,0,-1.730369,-4.1310
MZI,135,1,2.847208,6.7972
MZI,134,2,2.904549,6.9341
MZI,133,3,2.854469,6.8145
MZI,132,4,2.838483,6.7764
MZI,131,5,2.818816,6.7294
MZI,130,6,2.789443,6.6593
MZI,129,7,2.780220,6.6373
MZI,128,8,2.764530,6.5998
MZI,127,9,2.750127,6.5654
MZI,126,10,2.751434,6.5686
MZI,125,11,2.728050,6.5127
MZI,124,12,2.712379,6.4753
MZI,123,13,2.705155,6.4581
MZI,122,14,2.691404,6.4253
MZI,121,15,2.688208,6.4176
MZI,120,16,2.675545,6.3874
MZI,119,17,2.675157,6.3865
MZI,118,18,2.671633,6.3781
MZI,117,19,2.669462,6.3729
MZI,116,20,2.666941,6.3669
MZI,115,21,2.667267,6.3676
MZI,114,22,2.667096,6.3672
MZI,113,23,2.668026,6.3694
MZI,112,24,2.671275,6.3772
MZI,111,25,2.684102,6.4078
MZI,110,26,2.713935,6.4790
MZI,109,27,2.766946,6.6056
MZI,108,28,2.851418,6.8073
MZI,107,29,-3.133646,-7.4810
MZI,106,30,2.936481,7.0103
MZI,105,31,2.720685,6.4952
MZI,104,32,1.577395,3.7658
MZI,103,33,2.339104,5.5842
MZI,102,34,2.127271,5.0785
MZI,101,35,2.512032,5.9970
MZI,100,36,2.337813,5.5811
MZI,99,37,2.089681,4.9887
MZI,98,38,1.776248,4.2405
MZI,97,39,1.677214,4.0041
MZI,96,40,2.077205,4.9590
MZI,95,41,2.130079,5.0852
MZI,94,42,2.024693,4.8336
MZI,93,43,1.676802,4.0031
MZI,92,44,1.323963,3.1607
MZI,91,45,0.339081,0.8095
MZI,90,46,-2.745057,-6.5533
MZI,89,47,2.453890,5.8582
MZI,88,48,2.671154,6.3769
MZI,87,49,2.561238,6.1145
MZI,86,50,1.968415,4.6992
MZI,85,51,0.634108,1.5138
MZI,84,52,1.620519,3.8687
MZI,83,53,-2.767654,-6.6073
MZI,82,54,0.850346,2.0301
MZI,81,55,0.662470,1.5815
MZI,80,56,0.464037,1.1078
MZI,79,57,-0.534558,-1.2762
MZI,78,58,-0.085551,-0.2042
MZI,77,59,0.412652,0.9851
MZI,76,60,0.924396,2.2068
MZI,75,61,2.775799,6.6267
MZI,74,62,-0.819429,-1.9562
MZI,73,63,-0.536196,-1.2801
MZI,72,64,-1.921987,-4.5884
MZI,71,65,-2.713558,-6.4781
MZI,70,66,-2.858815,-6.8249
MZI,69,67,-2.914287,-6.9573
MZI,68,68,-2.953077,-7.0500
MZI,67,69,-2.995203,-7.1505
MZI,66,70,-3.141483,-7.4997
MZI,65,71,2.798785,6.6816
MZI,64,72,2.208509,5.2724
MZI,63,73,1.166462,2.7847
MZI,62,74,0.093886,0.2241
MZI,61,75,-0.060810,-0.1452
MZI,60,76,-1.669229,-3.9850
MZI,59,77,0.019480,0.0465
MZI,58,78,2.788862,6.6579
MZI,57,79,0.829289,1.9798
MZI,56,80,-2.315962,-5.5290
MZI,55,81,2.848295,6.7998
MZI,54,82,2.574294,6.1457
MZI,53,83,0.864356,2.0635
MZI,52,84,0.558273,1.3328
MZI,51,85,-0.093115,-0.2223
MZI,50,86,-0.631318,-1.5072
MZI,49,87,-0.784094,-1.8719
MZI,48,88,1.751289,4.1809
MZI,47,89,1.210538,2.8899
MZI,46,90,-0.959307,-2.2902
MZI,45,91,-1.425264,-3.4026
MZI,44,92,2.894780,6.9108
MZI,43,93,1.676807,4.0031
MZI,42,94,-1.184183,-2.8270
MZI,41,95,1.918025,4.5789
MZI,40,96,-1.725056,-4.1183
MZI,39,97,-0.933581,-2.2288
MZI,38,98,-1.327689,-3.1696
MZI,37,99,0.328907,0.7852
MZI,36,100,2.024708,4.8336
MZI,35,101,-1.465557,-3.4988
MZI,34,102,0.478556,1.1425
MZI,33,103,-0.634124,-1.5139
MZI,32,104,-1.208163,-2.8843
MZI,31,105,-1.755505,-4.1910
MZI,30,106,-0.699664,-1.6703
MZI,29,107,0.790758,1.8878
MZI,28,108,2.451349,5.8522
MZI,27,109,-0.793475,-1.8943
MZI,26,110,1.198874,2.8621
MZI,25,111,-2.916603,-6.9629
MZI,24,112,1.810686,4.3227
MZI,23,113,2.739600,6.5403
MZI,22,114,-2.164044,-5.1663
MZI,21,115,0.416648,0.9947
MZI,20,116,-1.187302,-2.8345
MZI,19,117,1.728137,4.1256
MZI,18,118,-0.253315,-0.6047
MZI,17,119,-0.237060,-0.5659
MZI,16,120,-0.520004,-1.2414
MZI,15,121,2.023213,4.8301
MZI,14,122,-1.403737,-3.3512
MZI,13,123,-2.393802,-5.7148
MZI,12,124,1.647724,3.9337
MZI,11,125,-2.375364,-5.6708
MZI,10,126,1.718847,4.1034
MZI,9,127,-0.597937,-1.4275
MZI,8,128,0.706835,1.6874
MZI,7,129,-0.073428,-0.1753
MZI,6,130,2.496892,5.9609
MZI,5,131,-0.325884,-0.7780
MZI,4,132,-1.325059,-3.1633
MZI,3,133,0.338576,0.8083
MZI,2,134,-2.771481,-6.6164
MZI,1,135,-2.656086,-6.3409
MZI,0,136,1.656414,3.9544
MZI,138,0,-1.607832,-3.8384
MZI,137,1,3.003116,7.1694
MZI,136,2,3.064432,7.3158
MZI,135,3,-3.117578,-7.4427
MZI,134,4,-3.120169,-7.4489
MZI,133,5,-3.099123,-7.3986
MZI,132,6,-3.083604,-7.3616
MZI,131,7,-3.079763,-7.3524
MZI,130,8,-3.059294,-7.3035
MZI,129,9,-3.046725,-7.2735
MZI,128,10,-3.034496,-7.2443
MZI,127,11,-3.009267,-7.1841
MZI,126,12,-3.006590,-7.1777
MZI,125,13,-2.999155,-7.1600
MZI,124,14,-2.985215,-7.1267
MZI,123,15,-2.977945,-7.1093
MZI,122,16,-2.961116,-7.0691
MZI,121,17,-2.953755,-7.0516
MZI,120,18,-2.934868,-7.0065
MZI,119,19,-2.918877,-6.9683
MZI,118,20,-2.901879,-6.9277
MZI,117,21,-2.885627,-6.8889
MZI,116,22,-2.867103,-6.8447
MZI,115,23,-2.849933,-6.8037
MZI,114,24,-2.832621,-6.7624
MZI,113,25,-2.812682,-6.7148
MZI,112,26,-2.778650,-6.6335
MZI,111,27,-2.718022,-6.4888
MZI,110,28,-2.620561,-6.2561
MZI,109,29,-2.470228,-5.8972
MZI,108,30,-2.115855,-5.0512
MZI,107,31,-0.854231,-2.0393
MZI,106,32,-0.130863,-0.3124
MZI,105,33,1.617993,3.8627
MZI,104,34,3.037388,7.2512
MZI,103,35,-3.114115,-7.4344
MZI,102,36,-2.820478,-6.7334
MZI,101,37,-2.955869,-7.0566
MZI,100,38,-3.114988,-7.4365
MZI,99,39,-3.109935,-7.4244
MZI,98,40,-2.747278,-6.5586
MZI,97,41,-2.256345,-5.3866
MZI,96,42,-2.081825,-4.9700
MZI,95,43,-2.789173,-6.6587
MZI,94,44,-3.083212,-7.3606
MZI,93,45,2.978609,7.1109
MZI,92,46,2.960568,7.0678
MZI,91,47,-2.601959,-6.2117
MZI,90,48,-2.837204,-6.7733
MZI,89,49,-2.772472,-6.6188
MZI,88,50,-2.342060,-5.5913
MZI,87,51,-1.189990,-2.8409
MZI,86,52,2.092862,4.9963
MZI,85,53,-2.969639,-7.0895
MZI,84,54,-3.129500,-7.4711
MZI,83,55,2.822228,6.7376
MZI,82,56,2.610687,6.2326
MZI,81,57,2.239944,5.3475
MZI,80,58,2.921982,6.9757
MZI,79,59,2.415981,5.7677
MZI,78,60,1.613874,3.8528
MZI,77,61,0.687132,1.6404
MZI,76,62,-0.845300,-2.0180
MZI,75,63,2.220959,5.3022
MZI,74,64,0.347777,0.8303
MZI,73,65,-0.927072,-2.2132
MZI,72,66,-1.172446,-2.7990
MZI,71,67,-1.415372,-3.3790
MZI,70,68,-1.617495,-3.8615
MZI,69,69,-1.709695,-4.0816
MZI,68,70,-1.746761,-4.1701
MZI,67,71,-1.821637,-4.3488
MZI,66,72,-1.924004,-4.5932
MZI,65,73,-2.929736,-6.9942
MZI,64,74,2.063586,4.9264
MZI,63,75,-2.870705,-6.8533
MZI,62,76,0.210216,0.5019
MZI,61,77,-0.726841,-1.7352
MZI,60,78,1.349960,3.2228
MZI,59,79,-1.519267,-3.6270
MZI,58,80,-1.204203,-2.8748
MZI,57,81,-2.959001,-7.0641
MZI,56,82,-1.305929,-3.1177
MZI,55,83,2.718508,6.4900
MZI,54,84,1.436302,3.4289
MZI,53,85,-1.050588,-2.5081
MZI,52,86,-2.624711,-6.2660
MZI,51,87,-1.494708,-3.5684
MZI,50,88,-2.340486,-5.5875
MZI,49,89,1.922498,4.5896
MZI,48,90,-2.858516,-6.8242
MZI,47,91,-1.083285,-2.5862
MZI,46,92,-0.708424,-1.6912
MZI,45,93,1.827942,4.3639
MZI,44,94,-2.307854,-5.5096
MZI,43,95,-1.331871,-3.1796
MZI,42,96,-0.214863,-0.5129
MZI,41,97,-0.260673,-0.6223
MZI,40,98,1.187188,2.8342
MZI,39,99,-0.590778,-1.4104
MZI,38,100,-3.120190,-7.4489
MZI,37,101,-0.792895,-1.8929
MZI,36,102,1.729927,4.1299
MZI,35,103,-1.614666,-3.8547
MZI,34,104,0.231268,0.5521
MZI,33,105,-2.392481,-5.7116
MZI,32,106,0.342933,0.8187
MZI,31,107,2.559517,6.1104
MZI,30,108,1.780155,4.2498
MZI,29,109,-1.796203,-4.2881
MZI,28,110,1.969407,4.7016
MZI,27,111,2.183669,5.2131
MZI,26,112,-0.670712,-1.6012
MZI,25,113,-1.565340,-3.7370
MZI,24,114,1.410649,3.3677
MZI,23,115,-2.374650,-5.6691
MZI,22,116,1.741751,4.1581
MZI,21,117,2.990112,7.1384
MZI,20,118,3.038269,7.2533
MZI,19,119,-0.645287,-1.5405
MZI,18,120,-2.459218,-5.8709
MZI,17,121,2.615383,6.2438
MZI,16,122,2.018711,4.8193
MZI,15,123,2.214675,5.2871
MZI,14,124,0.117795,0.2812
MZI,13,125,-1.939435,-4.6301
MZI,12,126,-2.756919,-6.5817
MZI,11,127,-2.112190,-5.0425
MZI,10,128,2.280480,5.4442
MZI,9,129,-2.272331,-5.4248
MZI,8,130,-0.502499,-1.1996
MZI,7,131,0.718230,1.7146
MZI,6,132,2.381806,5.6861
MZI,5,133,1.179023,2.8147
MZI,4,134,1.522788,3.6354
MZI,3,135,-0.137029,-0.3271
MZI,2,136,1.355840,3.2368
MZI,1,137,-1.360543,-3.2481
MZI,0,138,3.140872,7.4983
MZI,140,0,-1.705090,-4.0706
MZI,139,1,2.919704,6.9703
MZI,138,2,2.832875,6.7630
MZI,137,3,2.817238,6.7257
MZI,136,4,2.860679,6.8294
MZI,135,5,2.817267,6.7257
MZI,134,6,2.801836,6.6889
MZI,133,7,2.786898,6.6532
MZI,132,8,2.764730,6.6003
MZI,131,9,2.760602,6.5905
MZI,130,10,2.750936,6.5674
MZI,129,11,2.742648,6.5476
MZI,128,12,2.746246,6.5562
MZI,127,13,2.730822,6.5194
MZI,126,14,2.720677,6.4951
MZI,125,15,2.717067,6.4865
MZI,124,16,2.707611,6.4639
MZI,123,17,2.707682,6.4641
MZI,122,18,2.699606,6.4448
MZI,121,19,2.702937,6.4528
MZI,120,20,2.703877,6.4550
MZI,119,21,2.706261,6.4607
MZI,118,22,2.708114,6.4651
MZI,117,23,2.711846,6.4741
MZI,116,24,2.713230,6.4774
MZI,115,25,2.711880,6.4741
MZI,114,26,2.708311,6.4656
MZI,113,27,2.713016,6.4768
MZI,112,28,2.735284,6.5300
MZI,111,29,2.769903,6.6127
MZI,110,30,2.791178,6.6634
MZI,109,31,2.595268,6.1957
MZI,108,32,2.603809,6.2161
MZI,107,33,2.137900,5.1039
MZI,106,34,1.909790,4.5593
MZI,105,35,1.053396,2.5148
MZI,104,36,2.341062,5.5889
MZI,103,37,2.588992,6.1808
MZI,102,38,2.373850,5.6672
MZI,101,39,2.254923,5.3832
MZI,100,40,2.297419,5.4847
MZI,99,41,2.410516,5.7547
MZI,98,42,2.496270,5.9594
MZI,97,43,2.748416,6.5614
MZI,96,44,2.283548,5.4516
MZI,95,45,1.996603,4.7665
MZI,94,46,1.809442,4.3197
MZI,93,47,1.845893,4.4067
MZI,92,48,2.101842,5.0178
MZI,91,49,2.341453,5.5898
MZI,90,50,2.040097,4.8704
MZI,89,51,1.494217,3.5672
MZI,88,52,0.206093,0.4920
MZI,87,53,-2.534957,-6.0518
MZI,86,54,2.011258,4.8015
MZI,85,55,-1.130000,-2.6977
MZI,84,56,2.837317,6.7736
MZI,83,57,2.860260,6.8284
MZI,82,58,3.023380,7.2178
MZI,81,59,-2.492767,-5.9510
MZI,80,60,2.711157,6.4724
MZI,79,61,1.960509,4.6804
MZI,78,62,2.032132,4.8514
MZI,77,63,3.038578,7.2541
MZI,76,64,0.358779,0.8565
MZI,75,65,2.061230,4.9208
MZI,74,66,-2.488900,-5.9418
MZI,73,67,-1.996479,-4.7662
MZI,72,68,-1.718246,-4.1020
MZI,71,69,-1.371432,-3.2741
MZI,70,70,-1.156036,-2.7598
MZI,69,71,-1.037171,-2.4761
MZI,68,72,-0.757706,-1.8089
MZI,67,73,-0.359253,-0.8577
MZI,66,74,0.972188,2.3209
MZI,65,75,2.949128,7.0405
MZI,64,76,2.005417,4.7876
MZI,63,77,2.828469,6.7525
MZI,62,78,-1.519836,-3.6283
MZI,61,79,-3.030658,-7.2352
MZI,60,80,0.354865,0.8472
MZI,59,81,0.275778,0.6584
MZI,58,82,-0.882421,-2.1066
MZI,57,83,-1.860089,-4.4406
MZI,56,84,0.516201,1.2323
MZI,55,85,-0.672825,-1.6063
MZI,54,86,0.567339,1.3544
MZI,53,87,2.537891,6.0588
MZI,52,88,1.902286,4.5414
MZI,51,89,-0.250941,-0.5991
MZI,50,90,-0.157300,-0.3755
MZI,49,91,-1.339381,-3.1975
MZI,48,92,0.557748,1.3315
MZI,47,93,-1.080491,-2.5795
MZI,46,94,-2.248419,-5.3677
MZI,45,95,-0.208669,-0.4982
MZI,44,96,1.741247,4.1569
MZI,43,97,-1.695352,-4.0474
MZI,42,98,-0.714714,-1.7063
MZI,41,99,-1.965735,-4.6928
MZI,40,100,1.755934,4.1920
MZI,39,101,1.288292,3.0756
MZI,38,102,0.834270,1.9917
MZI,37,103,-2.639091,-6.3004
MZI,36,104,-2.031387,-4.8496
MZI,35,105,1.561435,3.7277
MZI,34,106,2.409386,5.7520
MZI,33,107,-2.949350,-7.0411
MZI,32,108,1.627583,3.8856
MZI,31,109,2.713019,6.4769
MZI,30,110,-0.803924,-1.9192
MZI,29,111,0.830953,1.9838
MZI,28,112,-0.849268,-2.0275
MZI,27,113,-2.837277,-6.7735
MZI,26,114,0.822463,1.9635
MZI,25,115,-0.607596,-1.4505
MZI,24,116,0.593063,1.4158
MZI,23,117,0.372034,0.8882
MZI,22,118,1.189287,2.8392
MZI,21,119,-0.178017,-0.4250
MZI,20,120,-0.239300,-0.5713
MZI,19,121,1.064030,2.5402
MZI,18,122,3.091684,7.3809
MZI,17,123,0.957179,2.2851
MZI,16,124,1.525774,3.6425
MZI,15,125,-0.999659,-2.3865
MZI,14,126,2.692015,6.4267
MZI,13,127,2.651926,6.3310
MZI,12,128,-2.572980,-6.1425
MZI,11,129,2.772784,6.6195
MZI,10,130,0.859379,2.0516
MZI,9,131,0.525755,1.2551
MZI,8,132,2.751142,6.5679
MZI,7,133,-1.702109,-4.0635
MZI,6,134,-0.177536,-0.4238
MZI,5,135,0.498141,1.1892
MZI,4,136,1.995448,4.7638
MZI,3,137,-2.566791,-6.1278
MZI,2,138,-0.754599,-1.8015
MZI,1,139,2.083520,4.9740
MZI,0,140,3.060998,7.3076
MZI,142,0,-1.754417,-4.1884
MZI,141,1,2.799662,6.6837
MZI,140,2,2.816057,6.7228
MZI,139,3,2.760294,6.5897
MZI,138,4,2.749796,6.5647
MZI,137,5,2.793108,6.6681
MZI,136,6,2.752171,6.5703
MZI,135,7,2.738528,6.5378
MZI,134,8,2.726965,6.5101
MZI,133,9,2.708715,6.4666
MZI,132,10,2.707196,6.4630
MZI,131,11,2.700243,6.4464
MZI,130,12,2.694514,6.4327
MZI,129,13,2.698863,6.4431
MZI,128,14,2.686471,6.4135
MZI,127,15,2.678303,6.3940
MZI,126,16,2.675795,6.3880
MZI,125,17,2.667704,6.3687
MZI,124,18,2.668830,6.3714
MZI,123,19,2.662334,6.3559
MZI,122,20,2.666966,6.3669
MZI,121,21,2.669392,6.3727
MZI,120,22,2.673077,6.3815
MZI,119,23,2.675641,6.3876
MZI,118,24,2.678986,6.3956
MZI,117,25,2.677773,6.3927
MZI,116,26,2.668989,6.3717
MZI,115,27,2.649936,6.3263
MZI,114,28,2.630034,6.2787
MZI,113,29,2.616696,6.2469
MZI,112,30,2.595776,6.1970
MZI,111,31,2.539717,6.0631
MZI,110,32,2.321036,5.5411
MZI,109,33,2.311147,5.5175
MZI,108,34,2.038744,4.8671
MZI,107,35,1.936185,4.6223
MZI,106,36,0.824309,1.9679
MZI,105,37,2.612509,6.2369
MZI,104,38,2.646418,6.3179
MZI,103,39,2.423465,5.7856
MZI,102,40,2.335506,5.5756
MZI,101,41,2.313915,5.5241
MZI,100,42,2.281144,5.4458
MZI,99,43,2.215694,5.2896
MZI,98,44,2.288764,5.4640
MZI,97,45,2.331625,5.5663
MZI,96,46,1.802820,4.3039
MZI,95,47,1.659637,3.9621
MZI,94,48,1.912131,4.5649
MZI,93,49,2.138445,5.1052
MZI,92,50,2.006490,4.7901
MZI,91,51,1.726497,4.1217
MZI,90,52,2.176395,5.1958
MZI,89,53,3.050283,7.2820
MZI,88,54,-1.408735,-3.3631
MZI,87,55,1.314925,3.1392
MZI,86,56,-2.601309,-6.2102
MZI,85,57,1.463551,3.4940
MZI,84,58,1.154615,2.7564
MZI,83,59,2.703678,6.4546
MZI,82,60,-1.229158,-2.9344
MZI,81,61,0.524844,1.2530
MZI,80,62,2.172382,5.1862
MZI,79,63,-2.024394,-4.8329
MZI,78,64,-2.128814,-5.0822
MZI,77,65,1.171875,2.7976
MZI,76,66,-1.521442,-3.6322
MZI,75,67,-1.656797,-3.9553
MZI,74,68,-1.754115,-4.1876
MZI,73,69,-2.071303,-4.9449
MZI,72,70,-2.539786,-6.0633
MZI,71,71,-2.837816,-6.7748
MZI,70,72,-3.009640,-7.1850
MZI,69,73,2.812841,6.7152
MZI,68,74,1.781728,4.2536
MZI,67,75,0.349291,0.8339
MZI,66,76,-0.692126,-1.6523
MZI,65,77,1.760956,4.2040
MZI,64,78,0.372113,0.8884
MZI,63,79,-2.123945,-5.0705
MZI,62,80,0.122748,0.2930
MZI,61,81,3.046043,7.2719
MZI,60,82,2.096789,5.0057
MZI,59,83,-2.865533,-6.8410
MZI,58,84,2.432026,5.8060
MZI,57,85,1.157829,2.7641
MZI,56,86,3.063039,7.3125
MZI,55,87,0.956631,2.2838
MZI,54,88,-0.088902,-0.2122
MZI,53,89,-0.933419,-2.2284
MZI,52,90,2.523412,6.0242
MZI,51,91,-0.304919,-0.7279
MZI,50,92,0.820885,1.9597
MZI,49,93,-2.324694,-5.5498
MZI,48,94,0.298743,0.7132
MZI,47,95,1.030266,2.4596
MZI,46,96,0.867437,2.0709
MZI,45,97,1.792338,4.2789
MZI,44,98,-0.505021,-1.2056
MZI,43,99,-2.738515,-6.5377
MZI,42,100,-3.065246,-7.3177
MZI,41,101,2.282106,5.4481
MZI,40,102,-0.584178,-1.3946
MZI,39,103,-1.956191,-4.6701
MZI,38,104,-1.951871,-4.6597
MZI,37,105,0.795944,1.9002
MZI,36,106,-0.143654,-0.3429
MZI,35,107,2.259951,5.3952
MZI,34,108,0.603306,1.4403
MZI,33,109,1.540848,3.6785
MZI,32,110,-1.032206,-2.4642
MZI,31,111,-1.486057,-3.5477
MZI,30,112,-1.888754,-4.5091
MZI,29,113,2.619140,6.2527
MZI,28,114,-0.045960,-0.1097
MZI,27,115,-2.353672,-5.6190
MZI,26,116,-2.237241,-5.3410
MZI,25,117,-2.213223,-5.2837
MZI,24,118,-2.305256,-5.5034
MZI,23,119,-0.926451,-2.2117
MZI,22,120,1.931241,4.6105
MZI,21,121,-1.469707,-3.5087
MZI,20,122,0.841929,2.0100
MZI,19,123,-0.135441,-0.3233
MZI,18,124,-0.080000,-0.1910
MZI,17,125,1.048565,2.5033
MZI,16,126,-1.196110,-2.8555
MZI,15,127,-1.235038,-2.9484
MZI,14,128,-1.763687,-4.2105
MZI,13,129,-3.107206,-7.4179
MZI,12,130,0.759354,1.8128
MZI,11,131,1.551255,3.7033
MZI,10,132,-1.099877,-2.6258
MZI,9,133,2.808966,6.7059
MZI,8,134,-0.450423,-1.0753
MZI,7,135,0.467606,1.1163
MZI,6,136,0.182277,0.4352
MZI,5,137,3.110944,7.4268
MZI,4,138,-0.429459,-1.0253
MZI,3,139,2.802352,6.6901
MZI,2,140,0.671682,1.6035
MZI,1,141,1.240824,2.9622
MZI,0,142,2.960385,7.0674
MZI,144,0,-1.809692,-4.3203
MZI,143,1,2.693842,6.4311
MZI,142,2,2.696025,6.4363
MZI,141,3,2.711057,6.4722
MZI,140,4,2.666917,6.3668
MZI,139,5,2.659349,6.3487
MZI,138,6,2.702594,6.4520
MZI,137,7,2.663276,6.3581
MZI,136,8,2.651720,6.3305
MZI,135,9,2.643485,6.3109
MZI,134,10,2.628775,6.2757
MZI,133,11,2.629745,6.2781
MZI,132,12,2.625266,6.2674
MZI,131,13,2.621858,6.2592
MZI,130,14,2.627058,6.2716
MZI,129,15,2.617092,6.2478
MZI,128,16,2.610412,6.2319
MZI,127,17,2.608610,6.2276
MZI,126,18,2.601256,6.2100
MZI,125,19,2.602888,6.2139
MZI,124,20,2.597073,6.2001
MZI,123,21,2.602077,6.2120
MZI,122,22,2.604536,6.2179
MZI,121,23,2.607537,6.2250
MZI,120,24,2.608205,6.2266
MZI,119,25,2.608073,6.2263
MZI,118,26,2.600977,6.2094
MZI,117,27,2.581492,6.1629
MZI,116,28,2.543983,6.0733
MZI,115,29,2.500275,5.9690
MZI,114,30,2.464048,5.8825
MZI,113,31,2.423432,5.7855
MZI,112,32,2.360200,5.6346
MZI,111,33,2.196376,5.2435
MZI,110,34,2.266809,5.4116
MZI,109,35,2.071469,4.9453
MZI,108,36,2.115891,5.0513
MZI,107,37,2.112114,5.0423
MZI,106,38,2.753068,6.5725
MZI,105,39,2.481110,5.9232
MZI,104,40,2.353606,5.6188
MZI,103,41,2.282112,5.4481
MZI,102,42,2.223501,5.3082
MZI,101,43,2.157810,5.1514
MZI,100,44,2.093882,4.9988
MZI,99,45,2.157177,5.1499
MZI,98,46,2.967480,7.0843
MZI,97,47,1.478573,3.5298
MZI,96,48,1.818956,4.3424
MZI,95,49,2.283960,5.4526
MZI,94,50,2.789711,6.6599
MZI,93,51,-1.745780,-4.1677
MZI,92,52,1.796989,4.2900
MZI,91,53,2.495596,5.9578
MZI,90,54,2.584265,6.1695
MZI,89,55,1.758355,4.1978
MZI,88,56,0.110086,0.2628
MZI,87,57,2.202665,5.2585
MZI,86,58,-1.374081,-3.2804
MZI,85,59,-1.124509,-2.6846
MZI,84,60,-3.065611,-7.3186
MZI,83,61,1.281016,3.0582
MZI,82,62,0.334351,0.7982
MZI,81,63,-2.426779,-5.7935
MZI,80,64,1.877323,4.4818
MZI,79,65,1.235977,2.9507
MZI,78,66,-0.317006,-0.7568
MZI,77,67,1.763992,4.2112
MZI,76,68,1.600576,3.8211
MZI,75,69,1.200808,2.8667
MZI,74,70,0.940824,2.2461
MZI,73,71,0.886136,2.1155
MZI,72,72,0.905181,2.1610
MZI,71,73,0.943717,2.2530
MZI,70,74,1.140485,2.7227
MZI,69,75,2.458580,5.8694
MZI,68,76,-1.251822,-2.9885
MZI,67,77,-0.154828,-0.3696
MZI,66,78,-2.721183,-6.4963
MZI,65,79,-2.452150,-5.8541
MZI,64,80,0.868150,2.0726
MZI,63,81,-2.530511,-6.0412
MZI,62,82,1.038068,2.4782
MZI,61,83,1.182190,2.8223
MZI,60,84,1.075522,2.5676
MZI,59,85,0.662973,1.5827
MZI,58,86,3.008500,7.1823
MZI,57,87,2.423457,5.7856
MZI,56,88,2.140019,5.1089
MZI,55,89,-2.811029,-6.7108
MZI,54,90,0.634643,1.5151
MZI,53,91,-0.933451,-2.2284
MZI,52,92,0.448413,1.0705
MZI,51,93,2.322312,5.5441
MZI,50,94,-0.291166,-0.6951
MZI,49,95,1.282630,3.0621
MZI,48,96,0.991448,2.3669
MZI,47,97,-0.479304,-1.1443
MZI,46,98,0.079137,0.1889
MZI,45,99,-3.121933,-7.4531
MZI,44,100,-2.838995,-6.7776
MZI,43,101,0.724110,1.7287
MZI,42,102,1.966146,4.6938
MZI,41,103,1.379745,3.2939
MZI,40,104,1.542482,3.6824
MZI,39,105,-2.590776,-6.1850
MZI,38,106,2.622547,6.2609
MZI,37,107,2.736796,6.5336
MZI,36,108,1.994303,4.7610
MZI,35,109,-0.876701,-2.0930
MZI,34,110,-1.908729,-4.5568
MZI,33,111,-0.723251,-1.7266
MZI,32,112,-2.163175,-5.1642
MZI,31,113,2.985891,7.1283
MZI,30,114,-1.216326,-2.9038
MZI,29,115,1.569022,3.7458
MZI,28,116,-0.976861,-2.3321
MZI,27,117,-1.203380,-2.8729
MZI,26,118,-1.217536,-2.9067
MZI,25,119,1.855411,4.4295
MZI,24,120,-2.729336,-6.5158
MZI,23,121,-2.329565,-5.5614
MZI,22,122,-2.888651,-6.8961
MZI,21,123,1.117160,2.6670
MZI,20,124,2.476780,5.9129
MZI,19,125,-2.404392,-5.7401
MZI,18,126,1.046618,2.4986
MZI,17,127,1.539045,3.6742
MZI,16,128,-1.710340,-4.0831
MZI,15,129,1.292273,3.0851
MZI,14,130,2.195226,5.2407
MZI,13,131,0.858427,2.0493
MZI,12,132,-3.054315,-7.2916
MZI,11,133,2.107280,5.0308
MZI,10,134,-0.877138,-2.0940
MZI,9,135,1.264477,3.0187
MZI,8,136,-2.943004,-7.0259
MZI,7,137,-1.744244,-4.1641
MZI,6,138,2.077958,4.9608
MZI,5,139,2.681374,6.4013
MZI,4,140,1.246394,2.9755
MZI,3,141,2.625522,6.2680
MZI,2,142,2.413532,5.7619
MZI,1,143,2.847394,6.7977
MZI,0,144,-1.064737,-2.5419
MZI,146,0,-1.853573,-4.4251
MZI,145,1,2.597549,6.2012
MZI,144,2,2.604635,6.2181
MZI,143,3,2.609384,6.2294
MZI,142,4,2.622589,6.2610
MZI,141,5,2.583742,6.1682
MZI,140,6,2.576333,6.1505
MZI,139,7,2.616225,6.2458
MZI,138,8,2.575271,6.1480
MZI,137,9,2.562656,6.1179
MZI,136,10,2.554071,6.0974
MZI,135,11,2.539019,6.0615
MZI,134,12,2.538626,6.0605
MZI,133,13,2.532779,6.0466
MZI,132,14,2.527929,6.0350
MZI,131,15,2.530209,6.0404
MZI,130,16,2.518641,6.0128
MZI,129,17,2.509668,5.9914
MZI,128,18,2.504814,5.9798
MZI,127,19,2.494376,5.9549
MZI,126,20,2.492684,5.9508
MZI,125,21,2.483792,5.9296
MZI,124,22,2.485345,5.9333
MZI,123,23,2.483912,5.9299
MZI,122,24,2.482366,5.9262
MZI,121,25,2.477588,5.9148
MZI,120,26,2.471169,5.8995
MZI,119,27,2.457074,5.8658
MZI,118,28,2.428425,5.7974
MZI,117,29,2.377219,5.6752
MZI,116,30,2.320893,5.5407
MZI,115,31,2.282847,5.4499
MZI,114,32,2.250588,5.3729
MZI,113,33,2.207364,5.2697
MZI,112,34,2.104391,5.0239
MZI,111,35,2.211679,5.2800
MZI,110,36,2.093722,4.9984
MZI,109,37,2.182198,5.2096
MZI,108,38,2.072088,4.9467
MZI,107,39,2.404974,5.7415
MZI,106,40,2.221316,5.3030
MZI,105,41,2.175970,5.1947
MZI,104,42,2.121695,5.0652
MZI,103,43,2.043067,4.8775
MZI,102,44,1.945006,4.6434
MZI,101,45,1.865243,4.4529
MZI,100,46,1.948052,4.6506
MZI,99,47,2.633383,6.2867
MZI,98,48,-0.120403,-0.2874
MZI,97,49,1.777080,4.2425
MZI,96,50,2.169147,5.1785
MZI,95,51,2.314836,5.5263
MZI,94,52,1.909512,4.5586
MZI,93,53,1.352808,3.2296
MZI,92,54,1.843838,4.4018
MZI,91,55,1.568329,3.7441
MZI,90,56,1.288063,3.0750
MZI,89,57,0.738644,1.7634
MZI,88,58,-1.586643,-3.7878
MZI,87,59,2.492648,5.9508
MZI,86,60,3.123015,7.4556
MZI,85,61,-2.015515,-4.8117
MZI,84,62,-1.617777,-3.8622
MZI,83,63,-2.898161,-6.9189
MZI,82,64,-1.269986,-3.0319
MZI,81,65,-1.184295,-2.8273
MZI,80,66,-1.608602,-3.8403
MZI,79,67,-0.535020,-1.2773
MZI,78,68,-0.682824,-1.6301
MZI,77,69,-1.155935,-2.7596
MZI,76,70,-1.299517,-3.1024
MZI,75,71,-1.000412,-2.3883
MZI,74,72,-0.763328,-1.8223
MZI,73,73,-0.665583,-1.5890
MZI,72,74,-0.644313,-1.5382
MZI,71,75,-0.651039,-1.5542
MZI,70,76,-1.335906,-3.1892
MZI,69,77,2.537263,6.0573
MZI,68,78,1.368515,3.2671
MZI,67,79,1.172271,2.7986
MZI,66,80,0.375557,0.8966
MZI,65,81,-0.530120,-1.2656
MZI,64,82,-0.393286,-0.9389
MZI,63,83,-3.062329,-7.3108
MZI,62,84,2.470782,5.8986
MZI,61,85,-1.646510,-3.9308
MZI,60,86,-0.811670,-1.9377
MZI,59,87,0.876790,2.0932
MZI,58,88,-2.226513,-5.3154
MZI,57,89,0.525519,1.2546
MZI,56,90,-0.649983,-1.5517
MZI,55,91,-2.151781,-5.1370
MZI,54,92,-0.747168,-1.7837
MZI,53,93,-1.803760,-4.3062
MZI,52,94,1.679548,4.0096
MZI,51,95,2.192384,5.2339
MZI,50,96,-0.758538,-1.8109
MZI,49,97,1.024696,2.4463
MZI,48,98,0.367655,0.8777
MZI,47,99,-2.763265,-6.5968
MZI,46,100,-2.808639,-6.7051
MZI,45,101,-2.861215,-6.8306
MZI,44,102,-0.182212,-0.4350
MZI,43,103,-1.290820,-3.0816
MZI,42,104,-1.056916,-2.5232
MZI,41,105,0.784736,1.8734
MZI,40,106,-1.978308,-4.7229
MZI,39,107,1.444604,3.4487
MZI,38,108,1.591671,3.7998
MZI,37,109,-0.498107,-1.1891
MZI,36,110,-2.501273,-5.9713
MZI,35,111,-2.118296,-5.0571
MZI,34,112,1.220995,2.9149
MZI,33,113,-1.145570,-2.7348
MZI,32,114,1.342926,3.2060
MZI,31,115,-0.698008,-1.6664
MZI,30,116,2.631265,6.2817
MZI,29,117,-0.020629,-0.0492
MZI,28,118,1.936156,4.6222
MZI,27,119,0.877507,2.0949
MZI,26,120,0.396387,0.9463
MZI,25,121,0.176881,0.4223
MZI,24,122,-1.415594,-3.3795
MZI,23,123,-2.279778,-5.4426
MZI,22,124,1.552666,3.7067
MZI,21,125,-0.358961,-0.8570
MZI,20,126,-0.858218,-2.0488
MZI,19,127,0.092379,0.2205
MZI,18,128,1.615250,3.8561
MZI,17,129,1.081563,2.5820
MZI,16,130,-1.066560,-2.5462
MZI,15,131,-2.283581,-5.4516
MZI,14,132,1.824828,4.3565
MZI,13,133,1.815911,4.3352
MZI,12,134,-0.183262,-0.4375
MZI,11,135,-1.207579,-2.8829
MZI,10,136,-0.077128,-0.1841
MZI,9,137,-1.923586,-4.5922
MZI,8,138,-2.658376,-6.3464
MZI,7,139,1.704349,4.0688
MZI,6,140,1.104176,2.6360
MZI,5,141,2.332949,5.5695
MZI,4,142,2.724529,6.5043
MZI,3,143,-2.632743,-6.2852
MZI,2,144,-1.328998,-3.1727
MZI,1,145,-2.585933,-6.1735
MZI,0,146,2.879524,6.8744
MZI,148,0,-1.866057,-4.4549
MZI,147,1,2.558418,6.1078
MZI,146,2,2.571503,6.1390
MZI,145,3,2.590897,6.1853
MZI,144,4,2.607655,6.2253
MZI,143,5,2.630234,6.2792
MZI,142,6,2.605811,6.2209
MZI,141,7,2.608625,6.2276
MZI,140,8,2.654994,6.3383
MZI,139,9,2.622405,6.2605
MZI,138,10,2.617871,6.2497
MZI,137,11,2.617163,6.2480
MZI,136,12,2.609313,6.2293
MZI,135,13,2.614708,6.2422
MZI,134,14,2.614318,6.2412
MZI,133,15,2.614483,6.2416
MZI,132,16,2.620333,6.2556
MZI,131,17,2.613223,6.2386
MZI,130,18,2.607575,6.2251
MZI,129,19,2.605149,6.2193
MZI,128,20,2.597214,6.2004
MZI,127,21,2.598010,6.2023
MZI,126,22,2.592119,6.1882
MZI,125,23,2.596604,6.1989
MZI,124,24,2.598083,6.2025
MZI,123,25,2.599132,6.2050
MZI,122,26,2.596630,6.1990
MZI,121,27,2.592484,6.1891
MZI,120,28,2.581148,6.1620
MZI,119,29,2.554777,6.0991
MZI,118,30,2.503446,5.9765
MZI,117,31,2.453335,5.8569
MZI,116,32,2.434940,5.8130
MZI,115,33,2.427471,5.7952
MZI,114,34,2.411793,5.7577
MZI,113,35,2.356445,5.6256
MZI,112,36,2.455901,5.8630
MZI,111,37,2.379967,5.6818
MZI,110,38,2.452488,5.8549
MZI,109,39,2.288535,5.4635
MZI,108,40,2.414050,5.7631
MZI,107,41,2.338493,5.5827
MZI,106,42,2.313219,5.5224
MZI,105,43,2.243771,5.3566
MZI,104,44,2.090641,4.9910
MZI,103,45,1.893225,4.5197
MZI,102,46,1.875592,4.4776
MZI,101,47,2.079653,4.9648
MZI,100,48,2.183762,5.2133
MZI,99,49,1.474467,3.5200
MZI,98,50,2.071433,4.9452
MZI,97,51,2.385407,5.6947
MZI,96,52,2.326359,5.5538
MZI,95,53,2.105944,5.0276
MZI,94,54,0.982098,2.3446
MZI,93,55,2.353005,5.6174
MZI,92,56,2.226040,5.3143
MZI,91,57,2.371942,5.6626
MZI,90,58,2.193997,5.2378
MZI,89,59,1.545341,3.6892
MZI,88,60,2.938198,7.0144
MZI,87,61,2.244943,5.3594
MZI,86,62,1.660231,3.9635
MZI,85,63,1.253601,2.9928
MZI,84,64,1.270713,3.0336
MZI,83,65,1.344201,3.2090
MZI,82,66,1.123259,2.6816
MZI,81,67,1.604567,3.8306
MZI,80,68,2.861337,6.8309
MZI,79,69,-2.675454,-6.3872
MZI,78,70,-0.775091,-1.8504
MZI,77,71,0.533884,1.2746
MZI,76,72,1.445662,3.4513
MZI,75,73,1.979760,4.7263
MZI,74,74,2.123133,5.0686
MZI,73,75,2.152421,5.1385
MZI,72,76,2.193308,5.2361
MZI,71,77,2.264802,5.4068
MZI,70,78,-2.980062,-7.1144
MZI,69,79,-2.041958,-4.8748
MZI,68,80,0.294580,0.7033
MZI,67,81,0.822078,1.9626
MZI,66,82,0.985735,2.3533
MZI,65,83,0.639142,1.5258
MZI,64,84,-1.826134,-4.3596
MZI,63,85,1.306181,3.1183
MZI,62,86,0.788137,1.8815
MZI,61,87,-0.394264,-0.9412
MZI,60,88,0.814427,1.9443
MZI,59,89,-0.371368,-0.8866
MZI,58,90,1.341683,3.2030
MZI,57,91,-1.889329,-4.5104
MZI,56,92,0.340398,0.8126
MZI,55,93,0.255206,0.6093
MZI,54,94,-1.015544,-2.4244
MZI,53,95,-2.234287,-5.3340
MZI,52,96,-3.024738,-7.2210
MZI,51,97,-2.194081,-5.2380
MZI,50,98,2.716586,6.4854
MZI,49,99,2.418379,5.7735
MZI,48,100,-0.365199,-0.8718
MZI,47,101,1.808919,4.3185
MZI,46,102,2.183515,5.2128
MZI,45,103,2.147125,5.1259
MZI,44,104,1.079159,2.5763
MZI,43,105,-0.308329,-0.7361
MZI,42,106,1.833578,4.3773
MZI,41,107,-2.609796,-6.2304
MZI,40,108,-0.965141,-2.3041
MZI,39,109,-0.443413,-1.0586
MZI,38,110,2.355391,5.6231
MZI,37,111,-0.735233,-1.7552
MZI,36,112,-2.463949,-5.8822
MZI,35,113,-1.254242,-2.9943
MZI,34,114,-2.637156,-6.2957
MZI,33,115,1.203069,2.8721
MZI,32,116,-1.864576,-4.4513
MZI,31,117,-0.358668,-0.8563
MZI,30,118,2.009029,4.7962
MZI,29,119,-0.859223,-2.0512
MZI,28,120,-2.173976,-5.1900
MZI,27,121,0.518721,1.2384
MZI,26,122,3.085335,7.3657
MZI,25,123,-1.413422,-3.3743
MZI,24,124,-1.423238,-3.3977
MZI,23,125,-3.021453,-7.2132
MZI,22,126,-1.685763,-4.0245
MZI,21,127,2.255445,5.3845
MZI,20,128,-0.755637,-1.8040
MZI,19,129,-1.932306,-4.6130
MZI,18,130,1.828481,4.3652
MZI,17,131,-1.868873,-4.4616
MZI,16,132,-0.684249,-1.6335
MZI,15,133,2.625861,6.2688
MZI,14,134,-0.956565,-2.2836
MZI,13,135,-2.462777,-5.8794
MZI,12,136,-1.673275,-3.9946
MZI,11,137,-1.753590,-4.1864
MZI,10,138,2.903897,6.9325
MZI,9,139,-0.909139,-2.1704
MZI,8,140,2.651981,6.3311
MZI,7,141,2.079099,4.9635
MZI,6,142,2.125876,5.0752
MZI,5,143,-0.191706,-0.4577
MZI,4,144,0.500493,1.1948
MZI,3,145,0.536501,1.2808
MZI,2,146,2.564585,6.1225
MZI,1,147,1.752839,4.1846
MZI,0,148,-3.127401,-7.4661
MZI,150,0,-1.867497,-4.4583
MZI,149,1,2.548997,6.0853
MZI,148,2,2.554968,6.0995
MZI,147,3,2.569577,6.1344
MZI,146,4,2.592156,6.1883
MZI,145,5,2.612523,6.2369
MZI,144,6,2.637273,6.2960
MZI,143,7,2.619133,6.2527
MZI,142,8,2.625714,6.2684
MZI,141,9,2.672789,6.3808
MZI,140,10,2.643377,6.3106
MZI,139,11,2.641912,6.3071
MZI,138,12,2.644089,6.3123
MZI,137,13,2.638675,6.2994
MZI,136,14,2.645545,6.3158
MZI,135,15,2.646555,6.3182
MZI,134,16,2.647949,6.3215
MZI,133,17,2.653823,6.3355
MZI,132,18,2.647438,6.3203
MZI,131,19,2.641755,6.3067
MZI,130,20,2.638733,6.2995
MZI,129,21,2.630637,6.2802
MZI,128,22,2.631954,6.2833
MZI,127,23,2.627714,6.2732
MZI,126,24,2.634414,6.2892
MZI,125,25,2.638524,6.2990
MZI,124,26,2.642297,6.3080
MZI,123,27,2.642660,6.3089
MZI,122,28,2.641746,6.3067
MZI,121,29,2.634401,6.2892
MZI,120,30,2.611713,6.2350
MZI,119,31,2.562087,6.1165
MZI,118,32,2.523011,6.0232
MZI,117,33,2.525366,6.0289
MZI,116,34,2.535756,6.0537
MZI,115,35,2.534091,6.0497
MZI,114,36,2.497748,5.9629
MZI,113,37,2.562865,6.1184
MZI,112,38,2.500565,5.9697
MZI,111,39,2.516270,6.0072
MZI,110,40,2.358731,5.6311
MZI,109,41,2.357111,5.6272
MZI,108,42,2.307570,5.5089
MZI,107,43,2.218520,5.2963
MZI,106,44,1.930237,4.6081
MZI,105,45,1.413448,3.3744
MZI,104,46,1.530328,3.6534
MZI,103,47,1.961625,4.6830
MZI,102,48,2.309715,5.5140
MZI,101,49,2.362618,5.6403
MZI,100,50,2.030326,4.8470
MZI,99,51,-1.054073,-2.5164
MZI,98,52,-3.033786,-7.2426
MZI,97,53,2.800650,6.6861
MZI,96,54,2.445151,5.8374
MZI,95,55,1.602027,3.8246
MZI,94,56,3.133288,7.4802
MZI,93,57,2.479813,5.9201
MZI,92,58,2.270183,5.4197
MZI,91,59,1.884717,4.4994
MZI,90,60,1.481971,3.5379
MZI,89,61,1.556480,3.7158
MZI,88,62,1.605866,3.8337
MZI,87,63,1.729730,4.1294
MZI,86,64,-0.393965,-0.9405
MZI,85,65,1.281888,3.0603
MZI,84,66,1.648517,3.9355
MZI,83,67,-0.649321,-1.5501
MZI,82,68,0.601744,1.4366
MZI,81,69,1.543524,3.6849
MZI,80,70,2.861721,6.8319
MZI,79,71,-2.086297,-4.9807
MZI,78,72,-1.544361,-3.6869
MZI,77,73,-2.047369,-4.8877
MZI,76,74,-2.543719,-6.0727
MZI,75,75,-2.720347,-6.4944
MZI,74,76,-2.771510,-6.6165
MZI,73,77,-2.862948,-6.8348
MZI,72,78,2.956987,7.0593
MZI,71,79,0.194218,0.4637
MZI,70,80,0.264298,0.6310
MZI,69,81,-1.105225,-2.6385
MZI,68,82,0.413566,0.9873
MZI,67,83,0.824638,1.9687
MZI,66,84,0.134644,0.3214
MZI,65,85,-0.977323,-2.3332
MZI,64,86,2.235467,5.3368
MZI,63,87,1.848414,4.4128
MZI,62,88,1.160251,2.7699
MZI,61,89,0.652779,1.5584
MZI,60,90,-2.592005,-6.1880
MZI,59,91,1.694255,4.0447
MZI,58,92,2.040246,4.8707
MZI,57,93,-3.103757,-7.4097
MZI,56,94,-2.312069,-5.5197
MZI,55,95,-1.628761,-3.8884
MZI,54,96,-1.164792,-2.7807
MZI,53,97,-0.755666,-1.8040
MZI,52,98,0.634666,1.5152
MZI,51,99,0.579240,1.3828
MZI,50,100,-3.025985,-7.2240
MZI,49,101,2.735459,6.5304
MZI,48,102,-1.877895,-4.4831
MZI,47,103,-1.517897,-3.6237
MZI,46,104,2.268002,5.4145
MZI,45,105,2.688994,6.4195
MZI,44,106,-0.955792,-2.2818
MZI,43,107,-2.330111,-5.5627
MZI,42,108,-3.091271,-7.3799
MZI,41,109,2.970991,7.0927
MZI,40,110,0.631471,1.5075
MZI,39,111,0.901978,2.1533
MZI,38,112,0.142545,0.3403
MZI,37,113,-0.953281,-2.2758
MZI,36,114,-1.506542,-3.5966
MZI,35,115,0.185766,0.4435
MZI,34,116,0.349432,0.8342
MZI,33,117,0.850287,2.0299
MZI,32,118,0.262080,0.6257
MZI,31,119,-0.299020,-0.7139
MZI,30,120,0.370024,0.8834
MZI,29,121,-0.162356,-0.3876
MZI,28,122,-3.052555,-7.2874
MZI,27,123,-1.604006,-3.8293
MZI,26,124,-1.410097,-3.3664
MZI,25,125,-1.717034,-4.0991
MZI,24,126,2.401614,5.7334
MZI,23,127,0.274932,0.6564
MZI,22,128,1.229779,2.9359
MZI,21,129,0.734242,1.7529
MZI,20,130,-1.988285,-4.7467
MZI,19,131,2.615613,6.2443
MZI,18,132,-1.672559,-3.9929
MZI,17,133,2.422344,5.7829
MZI,16,134,0.263178,0.6283
MZI,15,135,2.135992,5.0993
MZI,14,136,1.514813,3.6163
MZI,13,137,-2.534075,-6.0497
MZI,12,138,1.639088,3.9130
MZI,11,139,0.090126,0.2152
MZI,10,140,1.332080,3.1801
MZI,9,141,-0.007989,-0.0191
MZI,8,142,2.146383,5.1241
MZI,7,143,0.298974,0.7137
MZI,6,144,2.058605,4.9146
MZI,5,145,-1.310173,-3.1278
MZI,4,146,0.113831,0.2718
MZI,3,147,-1.779360,-4.2479
MZI,2,148,1.817226,4.3383
MZI,1,149,-0.835943,-1.9957
MZI,0,150,1.127511,2.6917
MZI,152,0,-1.858811,-4.4376
MZI,151,1,2.560450,6.1126
MZI,150,2,2.563522,6.1200
MZI,149,3,2.571763,6.1396
MZI,148,4,2.587915,6.1782
MZI,147,5,2.613274,6.2387
MZI,146,6,2.637151,6.2957
MZI,145,7,2.664882,6.3619
MZI,144,8,2.652900,6.3333
MZI,143,9,2.663997,6.3598
MZI,142,10,2.713380,6.4777
MZI,141,11,2.688441,6.4182
MZI,140,12,2.691226,6.4248
MZI,139,13,2.697352,6.4395
MZI,138,14,2.695289,6.4345
MZI,137,15,2.704781,6.4572
MZI,136,16,2.708312,6.4656
MZI,135,17,2.712056,6.4746
MZI,134,18,2.719235,6.4917
MZI,133,19,2.714485,6.4804
MZI,132,20,2.709683,6.4689
MZI,131,21,2.707351,6.4633
MZI,130,22,2.701023,6.4482
MZI,129,23,2.706033,6.4602
MZI,128,24,2.707321,6.4633
MZI,127,25,2.720884,6.4956
MZI,126,26,2.732512,6.5234
MZI,125,27,2.743878,6.5505
MZI,124,28,2.751882,6.5696
MZI,123,29,2.758642,6.5858
MZI,122,30,2.758790,6.5861
MZI,121,31,2.741909,6.5458
MZI,120,32,2.698382,6.4419
MZI,119,33,2.683320,6.4060
MZI,118,34,2.713940,6.4791
MZI,117,35,2.743766,6.5503
MZI,116,36,2.755928,6.5793
MZI,115,37,2.740597,6.5427
MZI,114,38,2.753690,6.5740
MZI,113,39,2.683037,6.4053
MZI,112,40,2.499249,5.9665
MZI,111,41,2.495136,5.9567
MZI,110,42,1.340099,3.1992
MZI,109,43,0.655313,1.5644
MZI,108,44,0.355659,0.8491
MZI,107,45,0.627288,1.4975
MZI,106,46,1.416514,3.3817
MZI,105,47,1.991640,4.7547
MZI,104,48,2.484688,5.9318
MZI,103,49,2.905146,6.9355
MZI,102,50,2.787055,6.6536
MZI,101,51,2.429973,5.8011
MZI,100,52,2.635194,6.2911
MZI,99,53,-2.951064,-7.0451
MZI,98,54,3.109137,7.4225
MZI,97,55,2.837713,6.7745
MZI,96,56,2.406407,5.7449
MZI,95,57,2.890984,6.9017
MZI,94,58,2.732906,6.5243
MZI,93,59,2.483590,5.9291
MZI,92,60,1.830518,4.3700
MZI,91,61,1.962240,4.6845
MZI,90,62,2.243329,5.3556
MZI,89,63,2.089531,4.9884
MZI,88,64,1.559713,3.7235
MZI,87,65,-3.004596,-7.1729
MZI,86,66,2.777942,6.6318
MZI,85,67,1.302738,3.1101
MZI,84,68,1.832541,4.3749
MZI,83,69,0.591586,1.4123
MZI,82,70,-0.421765,-1.0069
MZI,81,71,-2.942225,-7.0240
MZI,80,72,-0.183231,-0.4374
MZI,79,73,-2.594007,-6.1927
MZI,78,74,2.735469,6.5305
MZI,77,75,2.493641,5.9531
MZI,76,76,2.444820,5.8366
MZI,75,77,2.409882,5.7532
MZI,74,78,2.325433,5.5516
MZI,73,79,2.532033,6.0448
MZI,72,80,-1.524617,-3.6398
MZI,71,81,2.562670,6.1179
MZI,70,82,1.259677,3.0073
MZI,69,83,-2.288939,-5.4644
MZI,68,84,0.147560,0.3523
MZI,67,85,2.490959,5.9467
MZI,66,86,-1.172012,-2.7980
MZI,65,87,2.392210,5.7110
MZI,64,88,-3.075668,-7.3426
MZI,63,89,-1.318093,-3.1467
MZI,62,90,2.738439,6.5375
MZI,61,91,-3.014523,-7.1966
MZI,60,92,2.405588,5.7429
MZI,59,93,3.100571,7.4021
MZI,58,94,2.493782,5.9535
MZI,57,95,2.472219,5.9020
MZI,56,96,-0.320120,-0.7642
MZI,55,97,-0.826925,-1.9741
MZI,54,98,-3.080923,-7.3552
MZI,53,99,-1.149017,-2.7431
MZI,52,100,-0.282661,-0.6748
MZI,51,101,-1.551600,-3.7042
MZI,50,102,0.537670,1.2836
MZI,49,103,-1.360804,-3.2487
MZI,48,104,-2.340922,-5.5885
MZI,47,105,-0.241713,-0.5770
MZI,46,106,0.152894,0.3650
MZI,45,107,0.609212,1.4544
MZI,44,108,-2.299391,-5.4894
MZI,43,109,-1.157920,-2.7643
MZI,42,110,0.401529,0.9586
MZI,41,111,2.336143,5.5771
MZI,40,112,2.499255,5.9665
MZI,39,113,-2.438749,-5.8221
MZI,38,114,2.569402,6.1340
MZI,37,115,-1.258591,-3.0047
MZI,36,116,-2.502864,-5.9751
MZI,35,117,2.790524,6.6619
MZI,34,118,1.177096,2.8101
MZI,33,119,0.733275,1.7506
MZI,32,120,-1.478178,-3.5289
MZI,31,121,-0.730284,-1.7434
MZI,30,122,1.845132,4.4049
MZI,29,123,-0.843960,-2.0148
MZI,28,124,0.233466,0.5574
MZI,27,125,1.232759,2.9430
MZI,26,126,-1.118367,-2.6699
MZI,25,127,-2.101753,-5.0176
MZI,24,128,-2.604092,-6.2168
MZI,23,129,1.927255,4.6010
MZI,22,130,1.249514,2.9830
MZI,21,131,0.738315,1.7626
MZI,20,132,2.382564,5.6880
MZI,19,133,-2.869092,-6.8495
MZI,18,134,0.002511,0.0060
MZI,17,135,-2.275210,-5.4317
MZI,16,136,2.314902,5.5264
MZI,15,137,3.026830,7.2260
MZI,14,138,-2.619516,-6.2536
MZI,13,139,0.993218,2.3711
MZI,12,140,-1.199699,-2.8641
MZI,11,141,3.081865,7.3574
MZI,10,142,1.555974,3.7146
MZI,9,143,2.236186,5.3385
MZI,8,144,2.565355,6.1243
MZI,7,145,1.305932,3.1177
MZI,6,146,0.338453,0.8080
MZI,5,147,-0.073016,-0.1743
MZI,4,148,1.490179,3.5575
MZI,3,149,2.762016,6.5938
MZI,2,150,1.169228,2.7913
MZI,1,151,-2.190427,-5.2293
MZI,0,152,2.649944,6.3263
MZI,154,0,-1.891174,-4.5148
MZI,153,1,2.516172,6.0069
MZI,152,2,2.500405,5.9693
MZI,151,3,2.491861,5.9489
MZI,150,4,2.491368,5.9477
MZI,149,5,2.499082,5.9661
MZI,148,6,2.516957,6.0088
MZI,147,7,2.533864,6.0492
MZI,146,8,2.553890,6.0970
MZI,145,9,2.537670,6.0582
MZI,144,10,2.543662,6.0725
MZI,143,11,2.585112,6.1715
MZI,142,12,2.556136,6.1023
MZI,141,13,2.554583,6.0986
MZI,140,14,2.556206,6.1025
MZI,139,15,2.549453,6.0864
MZI,138,16,2.553672,6.0964
MZI,137,17,2.552112,6.0927
MZI,136,18,2.550869,6.0898
MZI,135,19,2.551803,6.0920
MZI,134,20,2.541210,6.0667
MZI,133,21,2.530374,6.0408
MZI,132,22,2.522202,6.0213
MZI,131,23,2.511868,5.9966
MZI,130,24,2.515492,6.0053
MZI,129,25,2.517639,6.0104
MZI,128,26,2.533023,6.0471
MZI,127,27,2.546749,6.0799
MZI,126,28,2.560236,6.1121
MZI,125,29,2.570754,6.1372
MZI,124,30,2.580417,6.1603
MZI,123,31,2.583219,6.1670
MZI,122,32,2.565272,6.1241
MZI,121,33,2.523480,6.0244
MZI,120,34,2.542603,6.0700
MZI,119,35,2.614066,6.2406
MZI,118,36,2.688265,6.4178
MZI,117,37,2.764398,6.5995
MZI,116,38,2.933599,7.0035
MZI,115,39,-3.122313,-7.4540
MZI,114,40,-2.693788,-6.4309
MZI,113,41,-0.176506,-0.4214
MZI,112,42,-1.124001,-2.6834
MZI,111,43,0.569575,1.3598
MZI,110,44,1.219552,2.9115
MZI,109,45,1.708068,4.0777
MZI,108,46,1.899501,4.5347
MZI,107,47,2.041977,4.8749
MZI,106,48,2.529467,6.0387
MZI,105,49,-2.587177,-6.1764
MZI,104,50,2.984871,7.1259
MZI,103,51,2.321903,5.5431
MZI,102,52,1.929169,4.6056
MZI,101,53,1.948382,4.6514
MZI,100,54,2.082442,4.9715
MZI,99,55,2.056849,4.9104
MZI,98,56,1.907089,4.5528
MZI,97,57,1.777763,4.2441
MZI,96,58,1.730239,4.1306
MZI,95,59,1.638794,3.9123
MZI,94,60,1.720933,4.1084
MZI,93,61,1.072255,2.5598
MZI,92,62,0.840289,2.0060
MZI,91,63,1.150947,2.7477
MZI,90,64,0.918682,2.1932
MZI,89,65,0.160227,0.3825
MZI,88,66,1.064869,2.5422
MZI,87,67,2.488261,5.9403
MZI,86,68,0.018179,0.0434
MZI,85,69,2.529611,6.0390
MZI,84,70,-2.803553,-6.6930
MZI,83,71,-2.360853,-5.6361
MZI,82,72,-2.752643,-6.5714
MZI,81,73,-0.637616,-1.5222
MZI,80,74,1.134913,2.7094
MZI,79,75,2.112983,5.0444
MZI,78,76,2.472559,5.9028
MZI,77,77,2.602630,6.2133
MZI,76,78,2.696020,6.4363
MZI,75,79,3.014727,7.1971
MZI,74,80,-1.768789,-4.2227
MZI,73,81,-0.302084,-0.7212
MZI,72,82,2.101271,5.0164
MZI,71,83,3.086467,7.3684
MZI,70,84,-1.720904,-4.1084
MZI,69,85,-1.897036,-4.5288
MZI,68,86,2.420637,5.7788
MZI,67,87,-1.065857,-2.5445
MZI,66,88,0.733346,1.7507
MZI,65,89,-0.916858,-2.1888
MZI,64,90,-0.806816,-1.9261
MZI,63,91,0.117277,0.2800
MZI,62,92,-1.034900,-2.4706
MZI,61,93,-0.168238,-0.4016
MZI,60,94,-2.452869,-5.8558
MZI,59,95,-0.825067,-1.9697
MZI,58,96,2.572490,6.1414
MZI,57,97,1.084690,2.5895
MZI,56,98,0.315335,0.7528
MZI,55,99,0.942595,2.2503
MZI,54,100,2.733091,6.5248
MZI,53,101,1.771610,4.2294
MZI,52,102,0.683309,1.6313
MZI,51,103,-1.840853,-4.3947
MZI,50,104,-0.571341,-1.3640
MZI,49,105,-0.443577,-1.0590
MZI,48,106,-0.979336,-2.3380
MZI,47,107,0.762068,1.8193
MZI,46,108,-3.038936,-7.2549
MZI,45,109,2.086548,4.9813
MZI,44,110,2.638532,6.2990
MZI,43,111,3.136053,7.4868
MZI,42,112,2.450251,5.8495
MZI,41,113,-1.463541,-3.4939
MZI,40,114,2.932787,7.0015
MZI,39,115,2.020966,4.8247
MZI,38,116,1.254856,2.9957
MZI,37,117,1.107167,2.6432
MZI,36,118,1.420087,3.3902
MZI,35,119,1.245599,2.9736
MZI,34,120,1.692972,4.0417
MZI,33,121,0.045603,0.1089
MZI,32,122,-1.692549,-4.0407
MZI,31,123,-3.004792,-7.1734
MZI,30,124,-0.678662,-1.6202
MZI,29,125,0.652556,1.5579
MZI,28,126,-1.829681,-4.3680
MZI,27,127,-0.581415,-1.3880
MZI,26,128,0.663270,1.5834
MZI,25,129,-1.791313,-4.2764
MZI,24,130,1.487035,3.5500
MZI,23,131,-0.038406,-0.0917
MZI,22,132,-1.959099,-4.6770
MZI,21,133,-2.510262,-5.9928
MZI,20,134,-1.283293,-3.0636
MZI,19,135,1.638676,3.9121
MZI,18,136,0.184799,0.4412
MZI,17,137,3.081640,7.3569
MZI,16,138,0.198662,0.4743
MZI,15,139,2.245814,5.3615
MZI,14,140,-1.367125,-3.2638
MZI,13,141,0.000101,0.0002
MZI,12,142,2.325543,5.5518
MZI,11,143,-0.690079,-1.6474
MZI,10,144,-1.575234,-3.7606
MZI,9,145,0.548304,1.3090
MZI,8,146,1.822552,4.3510
MZI,7,147,-1.968137,-4.6986
MZI,6,148,1.088506,2.5986
MZI,5,149,-2.159356,-5.1551
MZI,4,150,-2.982136,-7.1193
MZI,3,151,1.167820,2.7880
MZI,2,152,2.003756,4.7836
MZI,1,153,0.184622,0.4408
MZI,0,154,3.083577,7.3615
MZI,156,0,-1.943054,-4.6387
MZI,155,1,2.425267,5.7899
MZI,154,2,2.419424,5.7759
MZI,153,3,2.404594,5.7405
MZI,152,4,2.393638,5.7144
MZI,151,5,2.390447,5.7068
MZI,150,6,2.394276,5.7159
MZI,149,7,2.408781,5.7505
MZI,148,8,2.422987,5.7845
MZI,147,9,2.439957,5.8250
MZI,146,10,2.424140,5.7872
MZI,145,11,2.429322,5.7996
MZI,144,12,2.467232,5.8901
MZI,143,13,2.439541,5.8240
MZI,142,14,2.437997,5.8203
MZI,141,15,2.439292,5.8234
MZI,140,16,2.431840,5.8056
MZI,139,17,2.434587,5.8121
MZI,138,18,2.431683,5.8052
MZI,137,19,2.429073,5.7990
MZI,136,20,2.427331,5.7948
MZI,135,21,2.414193,5.7635
MZI,134,22,2.400338,5.7304
MZI,133,23,2.389842,5.7053
MZI,132,24,2.380344,5.6827
MZI,131,25,2.388861,5.7030
MZI,130,26,2.398281,5.7255
MZI,129,27,2.421736,5.7815
MZI,128,28,2.443598,5.8337
MZI,127,29,2.465272,5.8854
MZI,126,30,2.484864,5.9322
MZI,125,31,2.504856,5.9799
MZI,124,32,2.517346,6.0097
MZI,123,33,2.496489,5.9599
MZI,122,34,2.446228,5.8399
MZI,121,35,2.517515,6.0101
MZI,120,36,2.663075,6.3576
MZI,119,37,2.832695,6.7626
MZI,118,38,3.027027,7.2265
MZI,117,39,-3.015562,-7.1991
MZI,116,40,-2.641928,-6.3071
MZI,115,41,-2.851638,-6.8078
MZI,114,42,1.640118,3.9155
MZI,113,43,1.988504,4.7472
MZI,112,44,1.723762,4.1152
MZI,111,45,1.726967,4.1228
MZI,110,46,1.655521,3.9523
MZI,109,47,1.082976,2.5854
MZI,108,48,-1.287975,-3.0748
MZI,107,49,-1.904625,-4.5470
MZI,106,50,2.599952,6.2069
MZI,105,51,2.152776,5.1394
MZI,104,52,1.783047,4.2567
MZI,103,53,1.654587,3.9500
MZI,102,54,1.716439,4.0977
MZI,101,55,1.775309,4.2382
MZI,100,56,1.724784,4.1176
MZI,99,57,1.541236,3.6794
MZI,98,58,1.480700,3.5349
MZI,97,59,1.444007,3.4473
MZI,96,60,1.467491,3.5034
MZI,95,61,1.706365,4.0736
MZI,94,62,0.114489,0.2733
MZI,93,63,1.476611,3.5252
MZI,92,64,1.827319,4.3624
MZI,91,65,-1.153329,-2.7534
MZI,90,66,1.264113,3.0178
MZI,89,67,1.719078,4.1040
MZI,88,68,1.659769,3.9624
MZI,87,69,0.987978,2.3586
MZI,86,70,2.988525,7.1346
MZI,85,71,-2.335943,-5.5767
MZI,84,72,-1.886071,-4.5027
MZI,83,73,0.215304,0.5140
MZI,82,74,0.007039,0.0168
MZI,81,75,0.360418,0.8604
MZI,80,76,1.017176,2.4283
MZI,79,77,0.659749,1.5750
MZI,78,78,0.431385,1.0299
MZI,77,79,0.250125,0.5971
MZI,76,80,-0.292789,-0.6990
MZI,75,81,-2.041403,-4.8735
MZI,74,82,2.914312,6.9574
MZI,73,83,2.096312,5.0046
MZI,72,84,-1.066316,-2.5456
MZI,71,85,2.861763,6.8320
MZI,70,86,0.872485,2.0829
MZI,69,87,1.596452,3.8112
MZI,68,88,-2.675072,-6.3863
MZI,67,89,2.240412,5.3486
MZI,66,90,1.424675,3.4012
MZI,65,91,2.523440,6.0243
MZI,64,92,0.303199,0.7238
MZI,63,93,-2.942292,-7.0242
MZI,62,94,1.658032,3.9583
MZI,61,95,-1.677595,-4.0050
MZI,60,96,-0.829061,-1.9792
MZI,59,97,2.925868,6.9850
MZI,58,98,-0.835441,-1.9945
MZI,57,99,0.671819,1.6039
MZI,56,100,2.112302,5.0427
MZI,55,101,1.735168,4.1424
MZI,54,102,2.132131,5.0901
MZI,53,103,2.100377,5.0143
MZI,52,104,1.541383,3.6798
MZI,51,105,-0.385365,-0.9200
MZI,50,106,-0.105429,-0.2517
MZI,49,107,0.123678,0.2953
MZI,48,108,1.758047,4.1970
MZI,47,109,1.592989,3.8030
MZI,46,110,-0.026429,-0.0631
MZI,45,111,-1.135903,-2.7118
MZI,44,112,-1.896824,-4.5283
MZI,43,113,-2.782825,-6.6435
MZI,42,114,1.536553,3.6682
MZI,41,115,-1.798684,-4.2940
MZI,40,116,-2.761637,-6.5929
MZI,39,117,-2.558296,-6.1075
MZI,38,118,-2.362931,-5.6411
MZI,37,119,-1.380392,-3.2954
MZI,36,120,-1.402535,-3.3483
MZI,35,121,0.534604,1.2763
MZI,34,122,-1.895013,-4.5240
MZI,33,123,-1.711341,-4.0855
MZI,32,124,-1.260351,-3.0089
MZI,31,125,-0.478371,-1.1420
MZI,30,126,-0.399649,-0.9541
MZI,29,127,2.144897,5.1206
MZI,28,128,-2.493388,-5.9525
MZI,27,129,-2.884569,-6.8864
MZI,26,130,-1.398615,-3.3389
MZI,25,131,-1.607252,-3.8370
MZI,24,132,1.209038,2.8864
MZI,23,133,1.019447,2.4337
MZI,22,134,0.644884,1.5395
MZI,21,135,1.432109,3.4189
MZI,20,136,-1.814725,-4.3323
MZI,19,137,-2.081679,-4.9696
MZI,18,138,0.790670,1.8876
MZI,17,139,-2.427209,-5.7945
MZI,16,140,-1.227810,-2.9312
MZI,15,141,-3.140762,-7.4980
MZI,14,142,2.958664,7.0633
MZI,13,143,-1.181807,-2.8214
MZI,12,144,-3.069607,-7.3281
MZI,11,145,-1.664636,-3.9740
MZI,10,146,-1.367119,-3.2638
MZI,9,147,-2.164293,-5.1669
MZI,8,148,2.365346,5.6468
MZI,7,149,1.923084,4.5910
MZI,6,150,0.654368,1.5622
MZI,5,151,0.664949,1.5874
MZI,4,152,1.236182,2.9512
MZI,3,153,-0.611926,-1.4609
MZI,2,154,0.595788,1.4223
MZI,1,155,-2.550247,-6.0883
MZI,0,156,2.455446,5.8619
MZI,158,0,-2.077787,-4.9604
MZI,157,1,2.202645,5.2584
MZI,156,2,2.186289,5.2194
MZI,155,3,2.166908,5.1731
MZI,154,4,2.144229,5.1190
MZI,153,5,2.125839,5.0751
MZI,152,6,2.116707,5.0533
MZI,151,7,2.114184,5.0472
MZI,150,8,2.123540,5.0696
MZI,149,9,2.133716,5.0939
MZI,148,10,2.146707,5.1249
MZI,147,11,2.129823,5.0846
MZI,146,12,2.133535,5.0934
MZI,145,13,2.168049,5.1758
MZI,144,14,2.140917,5.1111
MZI,143,15,2.139015,5.1065
MZI,142,16,2.139723,5.1082
MZI,141,17,2.131050,5.0875
MZI,140,18,2.131946,5.0896
MZI,139,19,2.127076,5.0780
MZI,138,20,2.122412,5.0669
MZI,137,21,2.117032,5.0540
MZI,136,22,2.099511,5.0122
MZI,135,23,2.080677,4.9673
MZI,134,24,2.067065,4.9348
MZI,133,25,2.059712,4.9172
MZI,132,26,2.076327,4.9569
MZI,131,27,2.095285,5.0021
MZI,130,28,2.128173,5.0806
MZI,129,29,2.158164,5.1522
MZI,128,30,2.187300,5.2218
MZI,127,31,2.215079,5.2881
MZI,126,32,2.245662,5.3611
MZI,125,33,2.270489,5.4204
MZI,124,34,2.237322,5.3412
MZI,123,35,2.123831,5.0703
MZI,122,36,2.201360,5.2554
MZI,121,37,2.330416,5.5635
MZI,120,38,2.390276,5.7064
MZI,119,39,2.334745,5.5738
MZI,118,40,2.076157,4.9565
MZI,117,41,1.846789,4.4089
MZI,116,42,1.662605,3.9692
MZI,115,43,1.341470,3.2025
MZI,114,44,1.308683,3.1243
MZI,113,45,0.189518,0.4524
MZI,112,46,-0.224903,-0.5369
MZI,111,47,-0.539584,-1.2882
MZI,110,48,-0.220046,-0.5253
MZI,109,49,1.865386,4.4533
MZI,108,50,1.672290,3.9923
MZI,107,51,1.293553,3.0881
MZI,106,52,0.726111,1.7335
MZI,105,53,0.562070,1.3418
MZI,104,54,0.770200,1.8387
MZI,103,55,0.993355,2.3715
MZI,102,56,1.196392,2.8562
MZI,101,57,0.912894,2.1794
MZI,100,58,0.577221,1.3780
MZI,99,59,1.407847,3.3610
MZI,98,60,-0.253616,-0.6055
MZI,97,61,0.733364,1.7508
MZI,96,62,1.911576,4.5636
MZI,95,63,0.283598,0.6770
MZI,94,64,0.889692,2.1240
MZI,93,65,1.645756,3.9290
MZI,92,66,1.495921,3.5712
MZI,91,67,1.424949,3.4018
MZI,90,68,1.770277,4.2262
MZI,89,69,-2.414231,-5.7636
MZI,88,70,3.079426,7.3516
MZI,87,71,1.059747,2.5300
MZI,86,72,0.052737,0.1259
MZI,85,73,-0.880277,-2.1015
MZI,84,74,-2.155797,-5.1466
MZI,83,75,-1.608617,-3.8403
MZI,82,76,-0.409626,-0.9779
MZI,81,77,-1.252912,-2.9911
MZI,80,78,-0.986263,-2.3545
MZI,79,79,-0.754368,-1.8009
MZI,78,80,-0.492509,-1.1758
MZI,77,81,0.666723,1.5917
MZI,76,82,2.049188,4.8921
MZI,75,83,2.453984,5.8585
MZI,74,84,2.522032,6.0209
MZI,73,85,2.791690,6.6647
MZI,72,86,0.893969,2.1342
MZI,71,87,-0.449031,-1.0720
MZI,70,88,2.451485,5.8525
MZI,69,89,2.372159,5.6631
MZI,68,90,-1.819002,-4.3425
MZI,67,91,0.129629,0.3095
MZI,66,92,3.060962,7.3075
MZI,65,93,2.540768,6.0656
MZI,64,94,3.092828,7.3836
MZI,63,95,-0.854474,-2.0399
MZI,62,96,-1.461389,-3.4888
MZI,61,97,-0.722500,-1.7248
MZI,60,98,2.267648,5.4136
MZI,59,99,0.543267,1.2970
MZI,58,100,-2.221819,-5.3042
MZI,57,101,-1.688240,-4.0304
MZI,56,102,-0.448968,-1.0718
MZI,55,103,-0.726915,-1.7354
MZI,54,104,-2.310891,-5.5168
MZI,53,105,1.963262,4.6869
MZI,52,106,-0.827930,-1.9765
MZI,51,107,-2.796645,-6.6765
MZI,50,108,-2.069858,-4.9414
MZI,49,109,0.209046,0.4991
MZI,48,110,-0.375594,-0.8967
MZI,47,111,-0.864242,-2.0632
MZI,46,112,0.380373,0.9081
MZI,45,113,-1.529474,-3.6514
MZI,44,114,-1.482015,-3.5380
MZI,43,115,0.397881,0.9499
MZI,42,116,-1.963716,-4.6880
MZI,41,117,-2.581228,-6.1622
MZI,40,118,-2.201845,-5.2565
MZI,39,119,1.457515,3.4796
MZI,38,120,-2.176301,-5.1955
MZI,37,121,-2.973533,-7.0988
MZI,36,122,-2.885357,-6.8883
MZI,35,123,0.001543,0.0037
MZI,34,124,-2.770990,-6.6153
MZI,33,125,-1.974687,-4.7142
MZI,32,126,-0.731128,-1.7454
MZI,31,127,-1.514218,-3.6149
MZI,30,128,2.749956,6.5650
MZI,29,129,-0.343104,-0.8191
MZI,28,130,0.474136,1.1319
MZI,27,131,-1.724331,-4.1165
MZI,26,132,0.930040,2.2203
MZI,25,133,0.843317,2.0133
MZI,24,134,-0.179726,-0.4291
MZI,23,135,1.992948,4.7578
MZI,22,136,-0.407657,-0.9732
MZI,21,137,-0.462477,-1.1041
MZI,20,138,0.629164,1.5020
MZI,19,139,2.417265,5.7708
MZI,18,140,2.188142,5.2238
MZI,17,141,2.978782,7.1113
MZI,16,142,-0.009629,-0.0230
MZI,15,143,-1.739288,-4.1522
MZI,14,144,-2.405209,-5.7420
MZI,13,145,-2.880214,-6.8760
MZI,12,146,-1.767206,-4.2189
MZI,11,147,-2.968495,-7.0868
MZI,10,148,0.974881,2.3274
MZI,9,149,2.167270,5.1740
MZI,8,150,-2.411299,-5.7566
MZI,7,151,-0.935425,-2.2332
MZI,6,152,1.135046,2.7097
MZI,5,153,0.549940,1.3129
MZI,4,154,-1.650287,-3.9398
MZI,3,155,1.954174,4.6652
MZI,2,156,1.295891,3.0937
MZI,1,157,-2.858991,-6.8253
MZI,0,158,0.235893,0.5632
MZI,160,0,-1.960204,-4.6796
MZI,159,1,2.298472,5.4872
MZI,158,2,2.397418,5.7234
MZI,157,3,2.455406,5.8618
MZI,156,4,2.491099,5.9471
MZI,155,5,2.514041,6.0018
MZI,154,6,2.531533,6.0436
MZI,153,7,2.551970,6.0924
MZI,152,8,2.573204,6.1431
MZI,151,9,2.603237,6.2148
MZI,150,10,2.631352,6.2819
MZI,149,11,2.659653,6.3495
MZI,148,12,2.658287,6.3462
MZI,147,13,2.674862,6.3858
MZI,146,14,2.718369,6.4896
MZI,145,15,2.702645,6.4521
MZI,144,16,2.709866,6.4693
MZI,143,17,2.718507,6.4900
MZI,142,18,2.716237,6.4845
MZI,141,19,2.721948,6.4982
MZI,140,20,2.721114,6.4962
MZI,139,21,2.719824,6.4931
MZI,138,22,2.715884,6.4837
MZI,137,23,2.698447,6.4421
MZI,136,24,2.679312,6.3964
MZI,135,25,2.670156,6.3745
MZI,134,26,2.675478,6.3872
MZI,133,27,2.709558,6.4686
MZI,132,28,2.743432,6.5495
MZI,131,29,2.787095,6.6537
MZI,130,30,2.823269,6.7401
MZI,129,31,2.855076,6.8160
MZI,128,32,2.883480,6.8838
MZI,127,33,2.915182,6.9595
MZI,126,34,2.947543,7.0367
MZI,125,35,2.911245,6.9501
MZI,124,36,2.685525,6.4112
MZI,123,37,2.732057,6.5223
MZI,122,38,2.779178,6.6348
MZI,121,39,2.718512,6.4900
MZI,120,40,2.588590,6.1798
MZI,119,41,2.381490,5.6854
MZI,118,42,2.253879,5.3807
MZI,117,43,2.129241,5.0832
MZI,116,44,1.826075,4.3594
MZI,115,45,1.207212,2.8820
MZI,114,46,1.365155,3.2591
MZI,113,47,1.779167,4.2474
MZI,112,48,2.257084,5.3884
MZI,111,49,2.594065,6.1929
MZI,110,50,2.779193,6.6348
MZI,109,51,0.385154,0.9195
MZI,108,52,0.580770,1.3865
MZI,107,53,1.231510,2.9400
MZI,106,54,1.791869,4.2778
MZI,105,55,2.079716,4.9650
MZI,104,56,2.325810,5.5525
MZI,103,57,2.572593,6.1416
MZI,102,58,1.076766,2.5706
MZI,101,59,2.345835,5.6003
MZI,100,60,-2.204803,-5.2636
MZI,99,61,2.233543,5.3322
MZI,98,62,2.556564,6.1033
MZI,97,63,-2.322899,-5.5455
MZI,96,64,2.905581,6.9366
MZI,95,65,0.826031,1.9720
MZI,94,66,-0.186773,-0.4459
MZI,93,67,-1.068820,-2.5516
MZI,92,68,-1.160600,-2.7707
MZI,91,69,-0.395625,-0.9445
MZI,90,70,-2.726863,-6.5099
MZI,89,71,2.652955,6.3335
MZI,88,72,2.090995,4.9919
MZI,87,73,2.248226,5.3672
MZI,86,74,2.786466,6.6522
MZI,85,75,-2.913775,-6.9561
MZI,84,76,2.222733,5.3064
MZI,83,77,0.269297,0.6429
MZI,82,78,0.425013,1.0146
MZI,81,79,0.951529,2.2716
MZI,80,80,1.184541,2.8279
MZI,79,81,1.138703,2.7185
MZI,78,82,0.415018,0.9908
MZI,77,83,-0.507742,-1.2121
MZI,76,84,-0.709719,-1.6943
MZI,75,85,-1.192514,-2.8469
MZI,74,86,-0.794722,-1.8973
MZI,73,87,0.250477,0.5980
MZI,72,88,1.356789,3.2391
MZI,71,89,-0.300964,-0.7185
MZI,70,90,1.110047,2.6500
MZI,69,91,-1.862469,-4.4463
MZI,68,92,1.003846,2.3965
MZI,67,93,-0.173514,-0.4142
MZI,66,94,-2.377440,-5.6757
MZI,65,95,-1.398276,-3.3381
MZI,64,96,-2.141136,-5.1116
MZI,63,97,0.792387,1.8917
MZI,62,98,0.381427,0.9106
MZI,61,99,2.152138,5.1379
MZI,60,100,1.897156,4.5291
MZI,59,101,-1.643051,-3.9225
MZI,58,102,-2.150569,-5.1341
MZI,57,103,2.565707,6.1252
MZI,56,104,0.866184,2.0679
MZI,55,105,1.593900,3.8052
MZI,54,106,2.013619,4.8072
MZI,53,107,0.602094,1.4374
MZI,52,108,-2.712201,-6.4749
MZI,51,109,-1.020667,-2.4367
MZI,50,110,-0.620724,-1.4819
MZI,49,111,-2.779772,-6.6362
MZI,48,112,0.107632,0.2570
MZI,47,113,-1.567700,-3.7426
MZI,46,114,1.181088,2.8196
MZI,45,115,-2.115088,-5.0494
MZI,44,116,2.696980,6.4386
MZI,43,117,1.741873,4.1584
MZI,42,118,0.479807,1.1455
MZI,41,119,0.880198,2.1013
MZI,40,120,2.867658,6.8460
MZI,39,121,2.288656,5.4638
MZI,38,122,-2.509658,-5.9914
MZI,37,123,1.319333,3.1497
MZI,36,124,-2.833959,-6.7656
MZI,35,125,1.401529,3.3459
MZI,34,126,-2.662817,-6.3570
MZI,33,127,-2.180486,-5.2055
MZI,32,128,2.986619,7.1300
MZI,31,129,-1.403398,-3.3504
MZI,30,130,2.647965,6.3216
MZI,29,131,1.892012,4.5168
MZI,28,132,-2.420243,-5.7779
MZI,27,133,1.901665,4.5399
MZI,26,134,-3.024184,-7.2197
MZI,25,135,-2.697384,-6.4395
MZI,24,136,-2.284181,-5.4531
MZI,23,137,0.098389,0.2349
MZI,22,138,0.545332,1.3019
MZI,21,139,-0.113841,-0.2718
MZI,20,140,0.194385,0.4641
MZI,19,141,1.003818,2.3964
MZI,18,142,-2.535718,-6.0536
MZI,17,143,2.999370,7.1605
MZI,16,144,2.551601,6.0915
MZI,15,145,-0.014230,-0.0340
MZI,14,146,-1.939023,-4.6291
MZI,13,147,2.388301,5.7016
MZI,12,148,0.044400,0.1060
MZI,11,149,-2.165357,-5.1694
MZI,10,150,-0.012711,-0.0303
MZI,9,151,-2.045881,-4.8842
MZI,8,152,1.153135,2.7529
MZI,7,153,1.743929,4.1633
MZI,6,154,-0.184313,-0.4400
MZI,5,155,2.186238,5.2193
MZI,4,156,-2.668356,-6.3702
MZI,3,157,2.269782,5.4187
MZI,2,158,-0.007704,-0.0184
MZI,1,159,1.172756,2.7997
MZI,0,160,-3.115321,-7.4373
MZI,162,0,-1.953683,-4.6641
MZI,161,1,2.372035,5.6628
MZI,160,2,2.319905,5.5384
MZI,159,3,2.372144,5.6631
MZI,158,4,2.410468,5.7546
MZI,157,5,2.434306,5.8115
MZI,156,6,2.449349,5.8474
MZI,155,7,2.460624,5.8743
MZI,154,8,2.476355,5.9119
MZI,153,9,2.492727,5.9509
MZI,152,10,2.518787,6.0132
MZI,151,11,2.543668,6.0726
MZI,150,12,2.568794,6.1325
MZI,149,13,2.566503,6.1271
MZI,148,14,2.581502,6.1629
MZI,147,15,2.621016,6.2572
MZI,146,16,2.605937,6.2212
MZI,145,17,2.612265,6.2363
MZI,144,18,2.619681,6.2540
MZI,143,19,2.615335,6.2437
MZI,142,20,2.617617,6.2491
MZI,141,21,2.613042,6.2382
MZI,140,22,2.608044,6.2262
MZI,139,23,2.598513,6.2035
MZI,138,24,2.573907,6.1448
MZI,137,25,2.548932,6.0851
MZI,136,26,2.542581,6.0700
MZI,135,27,2.559443,6.1102
MZI,134,28,2.604856,6.2186
MZI,133,29,2.642522,6.3086
MZI,132,30,2.682351,6.4036
MZI,131,31,2.707709,6.4642
MZI,130,32,2.723942,6.5029
MZI,129,33,2.733534,6.5258
MZI,128,34,2.745996,6.5556
MZI,127,35,2.770791,6.6148
MZI,126,36,2.773316,6.6208
MZI,125,37,2.403955,5.7390
MZI,124,38,2.445791,5.8389
MZI,123,39,2.462248,5.8782
MZI,122,40,2.382289,5.6873
MZI,121,41,2.267929,5.4143
MZI,120,42,2.142031,5.1137
MZI,119,43,2.182864,5.2112
MZI,118,44,2.162548,5.1627
MZI,117,45,0.768122,1.8338
MZI,116,46,-0.730039,-1.7428
MZI,115,47,1.585711,3.7856
MZI,114,48,1.904299,4.5462
MZI,113,49,2.210252,5.2766
MZI,112,50,2.666594,6.3660
MZI,111,51,-1.822446,-4.3508
MZI,110,52,1.623328,3.8754
MZI,109,53,2.005381,4.7875
MZI,108,54,2.300272,5.4915
MZI,107,55,3.123858,7.4577
MZI,106,56,-2.071955,-4.9464
MZI,105,57,-1.753821,-4.1869
MZI,104,58,-1.401355,-3.3455
MZI,103,59,1.764980,4.2136
MZI,102,60,-2.895922,-6.9135
MZI,101,61,2.911063,6.9497
MZI,100,62,1.984833,4.7384
MZI,99,63,-0.922688,-2.2028
MZI,98,64,3.123354,7.4565
MZI,97,65,2.455505,5.8621
MZI,96,66,1.953143,4.6628
MZI,95,67,2.655723,6.3401
MZI,94,68,2.093996,4.9990
MZI,93,69,2.167465,5.1744
MZI,92,70,2.134173,5.0950
MZI,91,71,1.597323,3.8133
MZI,90,72,0.958756,2.2889
MZI,89,73,0.355759,0.8493
MZI,88,74,0.161487,0.3855
MZI,87,75,1.750790,4.1797
MZI,86,76,1.931905,4.6121
MZI,85,77,1.576047,3.7625
MZI,84,78,0.953332,2.2759
MZI,83,79,0.449499,1.0731
MZI,82,80,-0.206543,-0.4931
MZI,81,81,-0.515132,-1.2298
MZI,80,82,-0.607034,-1.4492
MZI,79,83,-0.716423,-1.7103
MZI,78,84,-0.684651,-1.6345
MZI,77,85,0.027005,0.0645
MZI,76,86,-1.542883,-3.6834
MZI,75,87,0.172803,0.4125
MZI,74,88,-0.641973,-1.5326
MZI,73,89,2.123516,5.0695
MZI,72,90,-0.670190,-1.6000
MZI,71,91,-1.570232,-3.7487
MZI,70,92,-0.634627,-1.5151
MZI,69,93,2.186302,5.2194
MZI,68,94,-1.672769,-3.9934
MZI,67,95,2.316478,5.5302
MZI,66,96,-1.029643,-2.4581
MZI,65,97,-0.911746,-2.1766
MZI,64,98,2.258605,5.3920
MZI,63,99,2.085031,4.9776
MZI,62,100,3.093049,7.3841
MZI,61,101,2.644493,6.3133
MZI,60,102,2.912743,6.9537
MZI,59,103,1.087853,2.5971
MZI,58,104,2.341719,5.5904
MZI,57,105,-1.599238,-3.8179
MZI,56,106,-1.435596,-3.4272
MZI,55,107,0.443169,1.0580
MZI,54,108,3.140671,7.4978
MZI,53,109,0.448540,1.0708
MZI,52,110,-1.592494,-3.8018
MZI,51,111,2.912585,6.9533
MZI,50,112,-2.502293,-5.9738
MZI,49,113,2.599259,6.2053
MZI,48,114,2.762902,6.5959
MZI,47,115,-1.631331,-3.8945
MZI,46,116,2.509675,5.9914
MZI,45,117,0.025898,0.0618
MZI,44,118,1.057867,2.5255
MZI,43,119,1.790796,4.2752
MZI,42,120,-1.207601,-2.8829
MZI,41,121,2.286131,5.4577
MZI,40,122,2.925060,6.9831
MZI,39,123,-0.944966,-2.2559
MZI,38,124,-1.500963,-3.5833
MZI,37,125,-2.796574,-6.6763
MZI,36,126,0.827802,1.9762
MZI,35,127,2.027778,4.8410
MZI,34,128,-0.229892,-0.5488
MZI,33,129,-1.068044,-2.5498
MZI,32,130,0.769893,1.8380
MZI,31,131,2.183755,5.2133
MZI,30,132,2.659451,6.3490
MZI,29,133,1.789600,4.2724
MZI,28,134,2.030655,4.8478
MZI,27,135,-2.999809,-7.1615
MZI,26,136,-2.602504,-6.2130
MZI,25,137,3.081896,7.3575
MZI,24,138,1.309435,3.1260
MZI,23,139,-2.742766,-6.5479
MZI,22,140,-1.899880,-4.5356
MZI,21,141,1.921365,4.5869
MZI,20,142,1.052247,2.5121
MZI,19,143,-2.356769,-5.6264
MZI,18,144,0.893935,2.1341
MZI,17,145,1.932179,4.6127
MZI,16,146,-1.781023,-4.2519
MZI,15,147,1.279173,3.0538
MZI,14,148,-1.537091,-3.6695
MZI,13,149,0.170689,0.4075
MZI,12,150,-1.297523,-3.0976
MZI,11,151,-0.213323,-0.5093
MZI,10,152,2.294338,5.4773
MZI,9,153,1.525510,3.6419
MZI,8,154,2.222622,5.3061
MZI,7,155,0.554271,1.3232
MZI,6,156,2.531881,6.0444
MZI,5,157,-2.556700,-6.1037
MZI,4,158,-0.380542,-0.9085
MZI,3,159,0.003338,0.0080
MZI,2,160,0.434739,1.0379
MZI,1,161,0.743738,1.7755
MZI,0,162,1.370370,3.2715
MZI,164,0,-1.957140,-4.6723
MZI,163,1,2.370187,5.6584
MZI,162,2,2.365438,5.6471
MZI,161,3,2.315982,5.5290
MZI,160,4,2.358897,5.6315
MZI,159,5,2.392100,5.7107
MZI,158,6,2.412038,5.7583
MZI,157,7,2.424413,5.7879
MZI,156,8,2.433176,5.8088
MZI,155,9,2.446836,5.8414
MZI,154,10,2.460104,5.8731
MZI,153,11,2.483203,5.9282
MZI,152,12,2.505272,5.9809
MZI,151,13,2.527158,6.0331
MZI,150,14,2.523741,6.0250
MZI,149,15,2.536640,6.0558
MZI,148,16,2.571048,6.1379
MZI,147,17,2.556007,6.1020
MZI,146,18,2.560521,6.1128
MZI,145,19,2.565706,6.1252
MZI,144,20,2.558110,6.1070
MZI,143,21,2.555311,6.1004
MZI,142,22,2.545437,6.0768
MZI,141,23,2.535919,6.0541
MZI,140,24,2.520851,6.0181
MZI,139,25,2.489961,5.9443
MZI,138,26,2.462851,5.8796
MZI,137,27,2.464988,5.8847
MZI,136,28,2.492964,5.9515
MZI,135,29,2.540269,6.0644
MZI,134,30,2.567995,6.1306
MZI,133,31,2.588189,6.1788
MZI,132,32,2.587300,6.1767
MZI,131,33,2.574883,6.1471
MZI,130,34,2.555685,6.1012
MZI,129,35,2.541523,6.0674
MZI,128,36,2.550600,6.0891
MZI,127,37,2.638176,6.2982
MZI,126,38,2.121600,5.0649
MZI,125,39,2.206057,5.2666
MZI,124,40,2.227980,5.3189
MZI,123,41,2.157358,5.1503
MZI,122,42,2.070755,4.9436
MZI,121,43,2.077814,4.9604
MZI,120,44,2.324404,5.5491
MZI,119,45,2.794643,6.6717
MZI,118,46,0.899340,2.1470
MZI,117,47,2.055903,4.9081
MZI,116,48,1.950551,4.6566
MZI,115,49,2.138287,5.1048
MZI,114,50,2.728783,6.5145
MZI,113,51,-2.810446,-6.7094
MZI,112,52,2.536327,6.0550
MZI,111,53,2.060177,4.9183
MZI,110,54,2.079118,4.9635
MZI,109,55,-1.656514,-3.9546
MZI,108,56,-2.331512,-5.5661
MZI,107,57,2.856499,6.8194
MZI,106,58,2.527973,6.0351
MZI,105,59,2.357798,5.6288
MZI,104,60,2.166922,5.1731
MZI,103,61,2.348388,5.6064
MZI,102,62,1.828059,4.3642
MZI,101,63,0.978737,2.3366
MZI,100,64,2.330742,5.5642
MZI,99,65,2.317813,5.5334
MZI,98,66,1.506823,3.5973
MZI,97,67,2.045053,4.8822
MZI,96,68,1.954113,4.6651
MZI,95,69,1.602178,3.8249
MZI,94,70,1.492922,3.5641
MZI,93,71,2.297641,5.4852
MZI,92,72,0.833777,1.9905
MZI,91,73,0.460004,1.0982
MZI,90,74,1.152537,2.7515
MZI,89,75,0.972105,2.3207
MZI,88,76,2.312161,5.5199
MZI,87,77,1.696845,4.0509
MZI,86,78,0.417441,0.9966
MZI,85,79,1.107638,2.6443
MZI,84,80,1.437926,3.4328
MZI,83,81,1.500379,3.5819
MZI,82,82,1.488297,3.5530
MZI,81,83,1.497569,3.5752
MZI,80,84,1.603457,3.8280
MZI,79,85,-2.758413,-6.5852
MZI,78,86,-2.897127,-6.9164
MZI,77,87,-0.523942,-1.2508
MZI,76,88,1.485265,3.5458
MZI,75,89,1.815304,4.3337
MZI,74,90,-3.079838,-7.3526
MZI,73,91,2.585833,6.1732
MZI,72,92,-2.279981,-5.4431
MZI,71,93,-1.702984,-4.0656
MZI,70,94,-1.293273,-3.0875
MZI,69,95,-2.068004,-4.9370
MZI,68,96,0.981391,2.3429
MZI,67,97,2.426248,5.7922
MZI,66,98,-2.360792,-5.6360
MZI,65,99,2.921909,6.9755
MZI,64,100,-0.025275,-0.0603
MZI,63,101,-1.518095,-3.6242
MZI,62,102,-2.458474,-5.8692
MZI,61,103,-2.665927,-6.3644
MZI,60,104,-1.831080,-4.3714
MZI,59,105,2.722229,6.4988
MZI,58,106,1.232530,2.9424
MZI,57,107,2.613920,6.2403
MZI,56,108,-2.082675,-4.9720
MZI,55,109,-0.557712,-1.3314
MZI,54,110,-0.754239,-1.8006
MZI,53,111,-0.814160,-1.9437
MZI,52,112,0.163178,0.3896
MZI,51,113,0.081653,0.1949
MZI,50,114,-0.174356,-0.4162
MZI,49,115,-1.303628,-3.1122
MZI,48,116,-0.998818,-2.3845
MZI,47,117,0.487712,1.1643
MZI,46,118,3.069371,7.3276
MZI,45,119,1.611944,3.8482
MZI,44,120,2.441386,5.8284
MZI,43,121,-0.466073,-1.1127
MZI,42,122,2.916554,6.9628
MZI,41,123,-1.717662,-4.1006
MZI,40,124,-1.098116,-2.6216
MZI,39,125,1.724783,4.1176
MZI,38,126,-0.487409,-1.1636
MZI,37,127,0.961268,2.2949
MZI,36,128,-0.487487,-1.1638
MZI,35,129,2.650723,6.3281
MZI,34,130,0.320725,0.7657
MZI,33,131,1.135284,2.7103
MZI,32,132,-1.580309,-3.7727
MZI,31,133,-2.222356,-5.3055
MZI,30,134,3.108978,7.4221
MZI,29,135,0.671839,1.6039
MZI,28,136,2.588229,6.1789
MZI,27,137,2.027703,4.8408
MZI,26,138,-1.117728,-2.6684
MZI,25,139,-1.951135,-4.6580
MZI,24,140,-3.049729,-7.2807
MZI,23,141,-0.693617,-1.6559
MZI,22,142,1.536355,3.6678
MZI,21,143,1.771519,4.2292
MZI,20,144,-2.876216,-6.8665
MZI,19,145,0.859961,2.0530
MZI,18,146,-1.127728,-2.6923
MZI,17,147,-0.542044,-1.2940
MZI,16,148,-1.670844,-3.9888
MZI,15,149,2.625753,6.2685
MZI,14,150,-2.609665,-6.2301
MZI,13,151,2.364057,5.6438
MZI,12,152,-0.516376,-1.2328
MZI,11,153,0.947770,2.2626
MZI,10,154,-1.676379,-4.0021
MZI,9,155,1.948843,4.6525
MZI,8,156,-0.337628,-0.8060
MZI,7,157,-2.661294,-6.3534
MZI,6,158,-2.358489,-5.6305
MZI,5,159,0.870177,2.0774
MZI,4,160,2.543330,6.0718
MZI,3,161,2.870234,6.8522
MZI,2,162,2.269414,5.4178
MZI,1,163,-2.568097,-6.1309
MZI,0,164,1.711495,4.0859
MZI,166,0,-2.077046,-4.9586
MZI,165,1,2.200523,5.2534
MZI,164,2,2.168453,5.1768
MZI,163,3,2.141850,5.1133
MZI,162,4,2.076352,4.9569
MZI,161,5,2.100688,5.0150
MZI,160,6,2.120374,5.0620
MZI,159,7,2.129385,5.0835
MZI,158,8,2.133811,5.0941
MZI,157,9,2.136135,5.0996
MZI,156,10,2.145023,5.1209
MZI,155,11,2.153260,5.1405
MZI,154,12,2.172435,5.1863
MZI,153,13,2.191620,5.2321
MZI,152,14,2.210936,5.2782
MZI,151,15,2.207150,5.2692
MZI,150,16,2.218999,5.2975
MZI,149,17,2.249798,5.3710
MZI,148,18,2.235933,5.3379
MZI,147,19,2.239615,5.3467
MZI,146,20,2.243229,5.3553
MZI,145,21,2.231822,5.3281
MZI,144,22,2.222228,5.3052
MZI,143,23,2.205503,5.2653
MZI,142,24,2.192316,5.2338
MZI,141,25,2.176346,5.1956
MZI,140,26,2.148661,5.1296
MZI,139,27,2.134406,5.0955
MZI,138,28,2.156029,5.1471
MZI,137,29,2.193192,5.2359
MZI,136,30,2.231548,5.3274
MZI,135,31,2.236449,5.3391
MZI,134,32,2.224153,5.3098
MZI,133,33,2.187106,5.2213
MZI,132,34,2.140572,5.1102
MZI,131,35,2.092654,4.9958
MZI,130,36,2.057664,4.9123
MZI,129,37,2.055731,4.9077
MZI,128,38,2.231234,5.3267
MZI,127,39,1.521864,3.6332
MZI,126,40,1.706271,4.0734
MZI,125,41,1.738782,4.1510
MZI,124,42,1.668927,3.9843
MZI,123,43,1.604089,3.8295
MZI,122,44,1.827391,4.3626
MZI,121,45,2.469593,5.8957
MZI,120,46,-2.722555,-6.4996
MZI,119,47,1.688981,4.0321
MZI,118,48,1.944994,4.6433
MZI,117,49,0.242101,0.5780
MZI,116,50,-1.663029,-3.9702
MZI,115,51,-2.734578,-6.5283
MZI,114,52,2.503013,5.9755
MZI,113,53,1.992346,4.7564
MZI,112,54,1.762095,4.2067
MZI,111,55,0.118913,0.2839
MZI,110,56,2.112523,5.0433
MZI,109,57,1.911510,4.5634
MZI,108,58,1.828115,4.3643
MZI,107,59,1.802115,4.3022
MZI,106,60,1.801695,4.3012
MZI,105,61,1.784402,4.2599
MZI,104,62,1.258973,3.0056
MZI,103,63,1.073966,2.5639
MZI,102,64,0.970101,2.3159
MZI,101,65,1.838036,4.3880
MZI,100,66,2.157662,5.1510
MZI,99,67,1.814870,4.3327
MZI,98,68,1.787220,4.2667
MZI,97,69,1.584305,3.7823
MZI,96,70,1.195429,2.8539
MZI,95,71,-0.052477,-0.1253
MZI,94,72,2.302759,5.4974
MZI,93,73,0.962049,2.2967
MZI,92,74,1.940405,4.6324
MZI,91,75,1.769567,4.2245
MZI,90,76,1.837350,4.3863
MZI,89,77,-1.306014,-3.1179
MZI,88,78,-2.862551,-6.8338
MZI,87,79,-0.933845,-2.2294
MZI,86,80,-0.560240,-1.3375
MZI,85,81,-0.378151,-0.9028
MZI,84,82,-0.380447,-0.9083
MZI,83,83,-0.408523,-0.9753
MZI,82,84,-0.473947,-1.1315
MZI,81,85,-0.779715,-1.8614
MZI,80,86,3.008134,7.1814
MZI,79,87,1.702718,4.0649
MZI,78,88,1.767598,4.2198
MZI,77,89,0.683479,1.6317
MZI,76,90,0.685258,1.6359
MZI,75,91,0.126419,0.3018
MZI,74,92,-1.629678,-3.8906
MZI,73,93,-2.792417,-6.6664
MZI,72,94,2.433952,5.8106
MZI,71,95,-1.176646,-2.8090
MZI,70,96,-1.297121,-3.0966
MZI,69,97,-2.595593,-6.1965
MZI,68,98,0.808445,1.9300
MZI,67,99,-0.739740,-1.7660
MZI,66,100,0.822556,1.9637
MZI,65,101,2.541918,6.0684
MZI,64,102,1.111978,2.6547
MZI,63,103,1.742793,4.1606
MZI,62,104,0.893637,2.1334
MZI,61,105,1.752750,4.1844
MZI,60,106,2.930593,6.9963
MZI,59,107,0.926319,2.2114
MZI,58,108,1.088858,2.5995
MZI,57,109,2.006468,4.7901
MZI,56,110,1.227178,2.9297
MZI,55,111,-0.111174,-0.2654
MZI,54,112,0.513779,1.2266
MZI,53,113,0.163968,0.3914
MZI,52,114,0.941988,2.2488
MZI,51,115,-2.062662,-4.9242
MZI,50,116,-0.487878,-1.1647
MZI,49,117,1.864903,4.4521
MZI,48,118,1.905698,4.5495
MZI,47,119,-2.259135,-5.3933
MZI,46,120,-0.635216,-1.5165
MZI,45,121,-0.674773,-1.6109
MZI,44,122,-0.057566,-0.1374
MZI,43,123,0.525107,1.2536
MZI,42,124,2.030131,4.8466
MZI,41,125,-2.998507,-7.1584
MZI,40,126,0.843443,2.0136
MZI,39,127,0.522274,1.2468
MZI,38,128,-1.658768,-3.9600
MZI,37,129,1.087978,2.5974
MZI,36,130,1.823519,4.3533
MZI,35,131,2.550532,6.0889
MZI,34,132,-2.145290,-5.1215
MZI,33,133,-1.283104,-3.0632
MZI,32,134,-0.460147,-1.0985
MZI,31,135,-2.339192,-5.5844
MZI,30,136,-1.825969,-4.3592
MZI,29,137,1.023609,2.4437
MZI,28,138,1.054247,2.5168
MZI,27,139,1.686150,4.0254
MZI,26,140,-3.121829,-7.4528
MZI,25,141,-2.680642,-6.3996
MZI,24,142,1.868004,4.4595
MZI,23,143,-1.658658,-3.9598
MZI,22,144,0.077860,0.1859
MZI,21,145,-2.922808,-6.9777
MZI,20,146,-2.717925,-6.4886
MZI,19,147,-2.748347,-6.5612
MZI,18,148,-1.550608,-3.7018
MZI,17,149,1.266957,3.0246
MZI,16,150,-1.888394,-4.5082
MZI,15,151,-0.446457,-1.0658
MZI,14,152,0.867648,2.0714
MZI,13,153,-0.898385,-2.1447
MZI,12,154,-2.258718,-5.3923
MZI,11,155,-0.520994,-1.2438
MZI,10,156,0.389769,0.9305
MZI,9,157,1.738879,4.1513
MZI,8,158,-1.847676,-4.4110
MZI,7,159,-0.660679,-1.5773
MZI,6,160,-0.487347,-1.1635
MZI,5,161,1.174686,2.8044
MZI,4,162,2.338179,5.5820
MZI,3,163,2.458156,5.8684
MZI,2,164,-3.052815,-7.2881
MZI,1,165,2.554073,6.0974
MZI,0,166,0.563774,1.3459
MZI,168,0,-2.235180,-5.3361
MZI,167,1,1.909409,4.5584
MZI,166,2,1.936654,4.6234
MZI,165,3,1.919275,4.5819
MZI,164,4,1.900566,4.5373
MZI,163,5,1.838323,4.3887
MZI,162,6,1.864776,4.4518
MZI,161,7,1.886544,4.5038
MZI,160,8,1.896585,4.5278
MZI,159,9,1.902899,4.5428
MZI,158,10,1.906640,4.5518
MZI,157,11,1.917504,4.5777
MZI,156,12,1.926340,4.5988
MZI,155,13,1.946884,4.6478
MZI,154,14,1.967778,4.6977
MZI,153,15,1.988624,4.7475
MZI,152,16,1.987347,4.7444
MZI,151,17,2.000930,4.7769
MZI,150,18,2.030386,4.8472
MZI,149,19,2.018254,4.8182
MZI,148,20,2.021186,4.8252
MZI,147,21,2.021499,4.8260
MZI,146,22,2.000106,4.7749
MZI,145,23,1.973101,4.7104
MZI,144,24,1.939914,4.6312
MZI,143,25,1.921887,4.5882
MZI,142,26,1.915443,4.5728
MZI,141,27,1.917242,4.5771
MZI,140,28,1.950772,4.6571
MZI,139,29,2.011847,4.8029
MZI,138,30,2.060457,4.9190
MZI,137,31,2.078832,4.9628
MZI,136,32,2.042072,4.8751
MZI,135,33,1.963566,4.6877
MZI,134,34,1.844333,4.4030
MZI,133,35,1.719231,4.1044
MZI,132,36,1.619678,3.8667
MZI,131,37,1.569546,3.7470
MZI,130,38,1.576974,3.7647
MZI,129,39,1.799335,4.2956
MZI,128,40,0.331989,0.7926
MZI,127,41,1.152314,2.7509
MZI,126,42,1.283755,3.0647
MZI,125,43,1.255956,2.9984
MZI,124,44,1.294722,3.0909
MZI,123,45,1.824615,4.3559
MZI,122,46,2.445816,5.8390
MZI,121,47,1.869910,4.4641
MZI,120,48,1.533167,3.6602
MZI,119,49,-2.616970,-6.2476
MZI,118,50,0.479790,1.1454
MZI,117,51,1.961886,4.6837
MZI,116,52,2.032316,4.8518
MZI,115,53,1.860774,4.4423
MZI,114,54,1.689822,4.0342
MZI,113,55,1.494280,3.5673
MZI,112,56,1.740888,4.1561
MZI,111,57,2.036147,4.8609
MZI,110,58,1.816742,4.3372
MZI,109,59,1.623679,3.8762
MZI,108,60,1.530223,3.6531
MZI,107,61,1.504740,3.5923
MZI,106,62,1.400551,3.3436
MZI,105,63,0.767608,1.8325
MZI,104,64,0.518045,1.2367
MZI,103,65,1.064222,2.5406
MZI,102,66,1.614438,3.8542
MZI,101,67,1.387860,3.3133
MZI,100,68,2.252182,5.3767
MZI,99,69,2.582259,6.1647
MZI,98,70,2.867246,6.8450
MZI,97,71,-2.678215,-6.3938
MZI,96,72,0.064662,0.1544
MZI,95,73,-2.721791,-6.4978
MZI,94,74,0.792458,1.8919
MZI,93,75,1.401497,3.3458
MZI,92,76,1.890892,4.5142
MZI,91,77,0.520506,1.2426
MZI,90,78,0.306841,0.7325
MZI,89,79,-1.116740,-2.6660
MZI,88,80,-0.326338,-0.7791
MZI,87,81,-0.292176,-0.6975
MZI,86,82,0.122747,0.2930
MZI,85,83,0.736970,1.7594
MZI,84,84,0.980649,2.3411
MZI,83,85,1.064804,2.5420
MZI,82,86,1.256004,2.9985
MZI,81,87,1.704514,4.0692
MZI,80,88,2.496493,5.9599
MZI,79,89,2.695892,6.4360
MZI,78,90,3.139698,7.4955
MZI,77,91,2.112535,5.0433
MZI,76,92,-0.367648,-0.8777
MZI,75,93,0.730637,1.7443
MZI,74,94,0.352310,0.8411
MZI,73,95,1.687346,4.0282
MZI,72,96,-2.416431,-5.7688
MZI,71,97,-1.108002,-2.6452
MZI,70,98,0.909059,2.1702
MZI,69,99,1.706702,4.0744
MZI,68,100,0.302546,0.7223
MZI,67,101,-1.974810,-4.7145
MZI,66,102,-0.194182,-0.4636
MZI,65,103,2.680537,6.3993
MZI,64,104,-0.496077,-1.1843
MZI,63,105,1.795511,4.2865
MZI,62,106,3.086289,7.3680
MZI,61,107,-2.045928,-4.8843
MZI,60,108,-2.661777,-6.3545
MZI,59,109,-3.080839,-7.3550
MZI,58,110,1.816081,4.3356
MZI,57,111,0.141981,0.3390
MZI,56,112,-3.126652,-7.4643
MZI,55,113,0.394318,0.9414
MZI,54,114,-0.300560,-0.7175
MZI,53,115,-0.126936,-0.3030
MZI,52,116,0.324249,0.7741
MZI,51,117,-0.143899,-0.3435
MZI,50,118,0.433119,1.0340
MZI,49,119,-0.231127,-0.5518
MZI,48,120,-0.181649,-0.4337
MZI,47,121,-1.399095,-3.3401
MZI,46,122,2.777040,6.6297
MZI,45,123,-0.927493,-2.2142
MZI,44,124,-0.586249,-1.3996
MZI,43,125,0.978913,2.3370
MZI,42,126,-0.695748,-1.6610
MZI,41,127,-0.285890,-0.6825
MZI,40,128,-1.940904,-4.6336
MZI,39,129,0.927919,2.2152
MZI,38,130,-2.758152,-6.5846
MZI,37,131,2.682191,6.4033
MZI,36,132,2.870693,6.8533
MZI,35,133,-0.489912,-1.1696
MZI,34,134,-0.350633,-0.8371
MZI,33,135,-2.428813,-5.7984
MZI,32,136,-0.874927,-2.0887
MZI,31,137,-0.352077,-0.8405
MZI,30,138,-2.471231,-5.8996
MZI,29,139,2.013066,4.8058
MZI,28,140,2.933579,7.0034
MZI,27,141,1.161218,2.7722
MZI,26,142,-0.037817,-0.0903
MZI,25,143,-2.471096,-5.8993
MZI,24,144,1.162527,2.7753
MZI,23,145,-2.264177,-5.4053
MZI,22,146,1.812862,4.3279
MZI,21,147,-1.907387,-4.5536
MZI,20,148,0.222524,0.5312
MZI,19,149,-0.422241,-1.0080
MZI,18,150,-0.608180,-1.4519
MZI,17,151,-0.542929,-1.2961
MZI,16,152,-0.347087,-0.8286
MZI,15,153,1.069391,2.5530
MZI,14,154,-0.218719,-0.5222
MZI,13,155,-0.853095,-2.0366
MZI,12,156,0.149533,0.3570
MZI,11,157,-1.575498,-3.7612
MZI,10,158,-1.297586,-3.0978
MZI,9,159,3.122186,7.4537
MZI,8,160,-0.454136,-1.0842
MZI,7,161,2.925837,6.9849
MZI,6,162,2.393431,5.7139
MZI,5,163,1.480242,3.5338
MZI,4,164,-1.589975,-3.7958
MZI,3,165,-2.941485,-7.0223
MZI,2,166,-0.319296,-0.7623
MZI,1,167,-2.341228,-5.5893
MZI,0,168,2.197672,5.2466
MZI,170,0,-2.187593,-5.2225
MZI,169,1,1.882679,4.4946
MZI,168,2,1.981436,4.7303
MZI,167,3,2.067322,4.9354
MZI,166,4,2.089034,4.9872
MZI,165,5,2.098967,5.0109
MZI,164,6,2.056539,4.9096
MZI,163,7,2.100407,5.0144
MZI,162,8,2.135492,5.0981
MZI,161,9,2.155416,5.1457
MZI,160,10,2.170493,5.1817
MZI,159,11,2.180949,5.2066
MZI,158,12,2.198103,5.2476
MZI,157,13,2.211096,5.2786
MZI,156,14,2.236132,5.3384
MZI,155,15,2.261238,5.3983
MZI,154,16,2.285809,5.4570
MZI,153,17,2.289019,5.4646
MZI,152,18,2.305964,5.5051
MZI,151,19,2.334116,5.5723
MZI,150,20,2.324095,5.5484
MZI,149,21,2.325277,5.5512
MZI,148,22,2.317287,5.5321
MZI,147,23,2.269466,5.4179
MZI,146,24,2.194665,5.2394
MZI,145,25,2.127810,5.0798
MZI,144,26,2.117000,5.0540
MZI,143,27,2.149959,5.1326
MZI,142,28,2.222371,5.3055
MZI,141,29,2.342092,5.5913
MZI,140,30,2.484107,5.9304
MZI,139,31,2.610043,6.2310
MZI,138,32,2.697091,6.4388
MZI,137,33,2.714660,6.4808
MZI,136,34,2.431728,5.8053
MZI,135,35,1.458161,3.4811
MZI,134,36,1.186429,2.8324
MZI,133,37,1.274448,3.0425
MZI,132,38,1.428497,3.4103
MZI,131,39,1.598872,3.8170
MZI,130,40,1.926630,4.5995
MZI,129,41,0.926958,2.2129
MZI,128,42,1.298698,3.1004
MZI,127,43,1.725629,4.1196
MZI,126,44,1.822456,4.3508
MZI,125,45,1.984606,4.7379
MZI,124,46,2.671861,6.3786
MZI,123,47,2.539274,6.0621
MZI,122,48,2.172703,5.1869
MZI,121,49,1.479082,3.5310
MZI,120,50,2.752715,6.5716
MZI,119,51,2.123379,5.0692
MZI,118,52,2.162848,5.1634
MZI,117,53,2.070509,4.9430
MZI,116,54,1.990566,4.7521
MZI,115,55,1.954777,4.6667
MZI,114,56,1.895647,4.5255
MZI,113,57,1.833022,4.3760
MZI,112,58,2.075062,4.9538
MZI,111,59,2.187547,5.2224
MZI,110,60,2.083590,4.9742
MZI,109,61,1.815525,4.3342
MZI,108,62,1.668967,3.9844
MZI,107,63,1.408862,3.3634
MZI,106,64,0.855412,2.0421
MZI,105,65,0.587763,1.4032
MZI,104,66,1.742839,4.1607
MZI,103,67,1.533668,3.6614
MZI,102,68,1.273605,3.0405
MZI,101,69,1.447364,3.4553
MZI,100,70,2.345147,5.5986
MZI,99,71,2.207337,5.2696
MZI,98,72,1.487708,3.5516
MZI,97,73,-0.997504,-2.3814
MZI,96,74,1.719210,4.1043
MZI,95,75,0.557354,1.3306
MZI,94,76,-1.506090,-3.5955
MZI,93,77,-2.612759,-6.2375
MZI,92,78,-0.861331,-2.0563
MZI,91,79,-0.225802,-0.5391
MZI,90,80,0.833581,1.9900
MZI,89,81,0.436129,1.0412
MZI,88,82,2.617907,6.2498
MZI,87,83,2.925914,6.9851
MZI,86,84,2.481588,5.9244
MZI,85,85,2.336419,5.5778
MZI,84,86,2.279398,5.4417
MZI,83,87,2.180088,5.2046
MZI,82,88,2.082681,4.9720
MZI,81,89,2.001218,4.7776
MZI,80,90,-0.289429,-0.6910
MZI,79,91,2.651597,6.3302
MZI,78,92,2.785986,6.6511
MZI,77,93,1.170882,2.7953
MZI,76,94,1.506856,3.5974
MZI,75,95,2.114640,5.0483
MZI,74,96,0.936252,2.2351
MZI,73,97,1.376688,3.2866
MZI,72,98,0.285882,0.6825
MZI,71,99,-0.280448,-0.6695
MZI,70,100,0.632367,1.5097
MZI,69,101,1.740153,4.1543
MZI,68,102,2.640829,6.3045
MZI,67,103,0.227865,0.5440
MZI,66,104,1.449164,3.4596
MZI,65,105,0.129051,0.3081
MZI,64,106,0.710030,1.6951
MZI,63,107,-0.093659,-0.2236
MZI,62,108,-1.180910,-2.8192
MZI,61,109,-2.125954,-5.0753
MZI,60,110,2.868532,6.8481
MZI,59,111,0.802141,1.9150
MZI,58,112,1.310459,3.1285
MZI,57,113,2.708906,6.4670
MZI,56,114,-0.754340,-1.8009
MZI,55,115,1.068785,2.5515
MZI,54,116,0.766497,1.8299
MZI,53,117,-2.138724,-5.1058
MZI,52,118,-0.173784,-0.4149
MZI,51,119,2.059654,4.9171
MZI,50,120,0.878604,2.0975
MZI,49,121,2.502751,5.9749
MZI,48,122,1.872468,4.4702
MZI,47,123,-2.430295,-5.8019
MZI,46,124,2.458656,5.8696
MZI,45,125,1.560769,3.7261
MZI,44,126,2.680956,6.4003
MZI,43,127,-1.201020,-2.8672
MZI,42,128,-0.327847,-0.7827
MZI,41,129,-1.549761,-3.6998
MZI,40,130,-3.098173,-7.3963
MZI,39,131,2.038317,4.8661
MZI,38,132,2.136475,5.1005
MZI,37,133,2.063048,4.9252
MZI,36,134,-1.264146,-3.0179
MZI,35,135,3.079108,7.3508
MZI,34,136,-2.435697,-5.8148
MZI,33,137,2.704064,6.4555
MZI,32,138,-2.292721,-5.4735
MZI,31,139,2.890469,6.9005
MZI,30,140,2.757145,6.5822
MZI,29,141,2.692585,6.4281
MZI,28,142,1.478133,3.5288
MZI,27,143,-0.154205,-0.3681
MZI,26,144,-2.250292,-5.3722
MZI,25,145,2.680872,6.4001
MZI,24,146,-0.705186,-1.6835
MZI,23,147,-0.667222,-1.5929
MZI,22,148,-1.122690,-2.6802
MZI,21,149,-1.311444,-3.1308
MZI,20,150,-2.327874,-5.5574
MZI,19,151,-0.888319,-2.1207
MZI,18,152,-1.366275,-3.2617
MZI,17,153,1.285401,3.0687
MZI,16,154,-0.906019,-2.1630
MZI,15,155,1.160638,2.7708
MZI,14,156,1.547109,3.6935
MZI,13,157,-2.402942,-5.7366
MZI,12,158,1.815976,4.3353
MZI,11,159,1.210961,2.8910
MZI,10,160,2.824390,6.7427
MZI,9,161,0.997950,2.3824
MZI,8,162,-0.020498,-0.0489
MZI,7,163,1.749437,4.1765
MZI,6,164,1.605611,3.8331
MZI,5,165,2.136044,5.0994
MZI,4,166,-1.470735,-3.5111
MZI,3,167,2.880672,6.8771
MZI,2,168,-1.558986,-3.7218
MZI,1,169,2.195644,5.2417
MZI,0,170,1.006089,2.4019
MZI,172,0,-2.213355,-5.2840
MZI,171,1,1.871601,4.4681
MZI,170,2,1.844492,4.4034
MZI,169,3,1.917008,4.5765
MZI,168,4,1.996198,4.7656
MZI,167,5,2.014434,4.8091
MZI,166,6,2.023524,4.8308
MZI,165,7,1.979727,4.7262
MZI,164,8,2.025319,4.8351
MZI,163,9,2.061713,4.9220
MZI,162,10,2.081911,4.9702
MZI,161,11,2.097789,5.0081
MZI,160,12,2.108480,5.0336
MZI,159,13,2.126790,5.0773
MZI,158,14,2.139499,5.1077
MZI,157,15,2.165369,5.1694
MZI,156,16,2.191696,5.2323
MZI,155,17,2.217876,5.2948
MZI,154,18,2.224596,5.3108
MZI,153,19,2.244945,5.3594
MZI,152,20,2.271084,5.4218
MZI,151,21,2.264176,5.4053
MZI,150,22,2.264785,5.4068
MZI,149,23,2.242064,5.3525
MZI,148,24,2.119838,5.0607
MZI,147,25,1.907433,4.5537
MZI,146,26,1.832918,4.3758
MZI,145,27,1.903978,4.5454
MZI,144,28,2.021535,4.8261
MZI,143,29,2.170982,5.1828
MZI,142,30,2.358620,5.6308
MZI,141,31,2.592285,6.1886
MZI,140,32,2.866846,6.8441
MZI,139,33,-3.054427,-7.2919
MZI,138,34,-2.576325,-6.1505
MZI,137,35,-1.708220,-4.0781
MZI,136,36,-0.150650,-0.3597
MZI,135,37,0.650395,1.5527
MZI,134,38,1.035361,2.4717
MZI,133,39,1.320639,3.1528
MZI,132,40,1.621413,3.8708
MZI,131,41,2.085263,4.9782
MZI,130,42,1.787324,4.2669
MZI,129,43,1.331901,3.1797
MZI,128,44,2.400179,5.7300
MZI,127,45,2.424675,5.7885
MZI,126,46,2.568960,6.1329
MZI,125,47,2.926378,6.9862
MZI,124,48,2.402209,5.7349
MZI,123,49,2.086589,4.9814
MZI,122,50,1.123613,2.6824
MZI,121,51,2.416758,5.7696
MZI,120,52,2.543791,6.0729
MZI,119,53,2.886880,6.8919
MZI,118,54,0.764289,1.8246
MZI,117,55,1.392884,3.3253
MZI,116,56,1.841431,4.3961
MZI,115,57,2.574357,6.1458
MZI,114,58,-1.255717,-2.9978
MZI,113,59,0.562671,1.3433
MZI,112,60,1.155207,2.7579
MZI,111,61,1.498977,3.5785
MZI,110,62,1.496413,3.5724
MZI,109,63,1.333789,3.1842
MZI,108,64,0.783159,1.8697
MZI,107,65,-0.188995,-0.4512
MZI,106,66,-1.855162,-4.4289
MZI,105,67,1.777663,4.2439
MZI,104,68,1.348851,3.2201
MZI,103,69,1.390876,3.3205
MZI,102,70,1.810245,4.3216
MZI,101,71,2.091917,4.9941
MZI,100,72,1.812124,4.3261
MZI,99,73,1.360183,3.2472
MZI,98,74,1.116328,2.6650
MZI,97,75,2.523226,6.0238
MZI,96,76,2.978764,7.1113
MZI,95,77,1.380209,3.2950
MZI,94,78,1.530234,3.6532
MZI,93,79,1.024424,2.4456
MZI,92,80,-0.309722,-0.7394
MZI,91,81,1.444287,3.4480
MZI,90,82,0.880381,2.1018
MZI,89,83,2.206432,5.2675
MZI,88,84,1.363306,3.2547
MZI,87,85,1.271846,3.0363
MZI,86,86,1.251219,2.9871
MZI,85,87,1.257837,3.0029
MZI,84,88,1.286480,3.0712
MZI,83,89,1.360160,3.2471
MZI,82,90,1.626494,3.8830
MZI,81,91,1.313434,3.1356
MZI,80,92,2.447967,5.8441
MZI,79,93,0.958347,2.2879
MZI,78,94,2.804192,6.6945
MZI,77,95,-2.070643,-4.9433
MZI,76,96,-0.881573,-2.1046
MZI,75,97,-1.696322,-4.0497
MZI,74,98,0.247259,0.5903
MZI,73,99,1.079768,2.5778
MZI,72,100,-2.322716,-5.5451
MZI,71,101,1.058102,2.5260
MZI,70,102,1.605303,3.8324
MZI,69,103,2.630898,6.2808
MZI,68,104,-2.081644,-4.9696
MZI,67,105,-0.876042,-2.0914
MZI,66,106,-1.493071,-3.5644
MZI,65,107,2.212388,5.2817
MZI,64,108,0.816665,1.9496
MZI,63,109,1.216087,2.9032
MZI,62,110,2.711838,6.4740
MZI,61,111,-1.324672,-3.1624
MZI,60,112,0.441166,1.0532
MZI,59,113,-1.990061,-4.7509
MZI,58,114,-1.306239,-3.1184
MZI,57,115,-0.637988,-1.5231
MZI,56,116,-0.294259,-0.7025
MZI,55,117,2.509984,5.9921
MZI,54,118,-0.833953,-1.9909
MZI,53,119,2.278347,5.4392
MZI,52,120,1.895454,4.5251
MZI,51,121,-1.911934,-4.5644
MZI,50,122,1.375592,3.2840
MZI,49,123,2.065557,4.9312
MZI,48,124,-0.315026,-0.7521
MZI,47,125,1.183381,2.8251
MZI,46,126,2.963159,7.0740
MZI,45,127,-2.724884,-6.5052
MZI,44,128,2.250621,5.3730
MZI,43,129,0.569863,1.3604
MZI,42,130,-0.325588,-0.7773
MZI,41,131,-1.934271,-4.6177
MZI,40,132,1.514018,3.6145
MZI,39,133,-1.892255,-4.5174
MZI,38,134,0.939753,2.2435
MZI,37,135,2.161694,5.1607
MZI,36,136,0.340918,0.8139
MZI,35,137,1.488105,3.5526
MZI,34,138,-2.498022,-5.9636
MZI,33,139,-2.078545,-4.9622
MZI,32,140,-1.505988,-3.5953
MZI,31,141,0.758851,1.8116
MZI,30,142,1.620079,3.8677
MZI,29,143,1.148957,2.7429
MZI,28,144,1.560589,3.7256
MZI,27,145,-1.695512,-4.0477
MZI,26,146,0.621842,1.4845
MZI,25,147,0.974260,2.3259
MZI,24,148,-0.769638,-1.8374
MZI,23,149,-0.669163,-1.5975
MZI,22,150,1.471427,3.5128
MZI,21,151,1.247554,2.9783
MZI,20,152,-0.829560,-1.9804
MZI,19,153,0.581907,1.3892
MZI,18,154,1.141715,2.7256
MZI,17,155,2.212233,5.2813
MZI,16,156,-1.949944,-4.6551
MZI,15,157,1.215185,2.9010
MZI,14,158,2.468808,5.8938
MZI,13,159,-1.309268,-3.1256
MZI,12,160,-1.561074,-3.7268
MZI,11,161,-2.751382,-6.5684
MZI,10,162,-2.445617,-5.8385
MZI,9,163,-2.347238,-5.6036
MZI,8,164,-0.938429,-2.2403
MZI,7,165,-2.886724,-6.8915
MZI,6,166,1.704437,4.0690
MZI,5,167,-0.047479,-0.1133
MZI,4,168,-2.400852,-5.7316
MZI,3,169,-1.226412,-2.9278
MZI,2,170,2.923615,6.9796
MZI,1,171,-1.392108,-3.3234
MZI,0,172,-0.028034,-0.0669
MZI,174,0,-2.290506,-5.4682
MZI,173,1,1.749550,4.1767
MZI,172,2,1.745097,4.1661
MZI,171,3,1.716688,4.0983
MZI,170,4,1.783599,4.2580
MZI,169,5,1.861730,4.4446
MZI,168,6,1.877748,4.4828
MZI,167,7,1.887274,4.5055
MZI,166,8,1.842764,4.3993
MZI,165,9,1.891882,4.5165
MZI,164,10,1.931194,4.6104
MZI,163,11,1.952825,4.6620
MZI,162,12,1.970375,4.7039
MZI,161,13,1.981908,4.7315
MZI,160,14,2.002232,4.7800
MZI,159,15,2.015184,4.8109
MZI,158,16,2.042848,4.8769
MZI,157,17,2.071504,4.9454
MZI,156,18,2.101310,5.0165
MZI,155,19,2.114705,5.0485
MZI,154,20,2.144355,5.1193
MZI,153,21,2.177432,5.1982
MZI,152,22,2.184510,5.2151
MZI,151,23,2.207804,5.2707
MZI,150,24,2.191465,5.2317
MZI,149,25,1.704723,4.0697
MZI,148,26,1.264609,3.0190
MZI,147,27,1.517062,3.6217
MZI,146,28,1.749160,4.1758
MZI,145,29,1.945593,4.6448
MZI,144,30,2.128958,5.0825
MZI,143,31,2.294501,5.4777
MZI,142,32,2.427389,5.7950
MZI,141,33,2.437000,5.8179
MZI,140,34,2.321341,5.5418
MZI,139,35,2.057470,4.9118
MZI,138,36,1.726518,4.1218
MZI,137,37,1.387177,3.3116
MZI,136,38,1.071960,2.5591
MZI,135,39,0.716725,1.7111
MZI,134,40,0.179774,0.4292
MZI,133,41,-0.922377,-2.2020
MZI,132,42,-2.912718,-6.9536
MZI,131,43,2.180365,5.2052
MZI,130,44,0.635613,1.5174
MZI,129,45,-2.682028,-6.4029
MZI,128,46,2.821109,6.7349
MZI,127,47,2.638997,6.3001
MZI,126,48,2.420213,5.7778
MZI,125,49,2.057168,4.9111
MZI,124,50,1.719132,4.1041
MZI,123,51,1.877058,4.4811
MZI,122,52,2.294989,5.4789
MZI,121,53,2.526290,6.0311
MZI,120,54,2.925737,6.9847
MZI,119,55,-0.139525,-0.3331
MZI,118,56,0.550628,1.3145
MZI,117,57,1.846160,4.4074
MZI,116,58,2.117526,5.0552
MZI,115,59,1.201768,2.8690
MZI,114,60,0.648842,1.5490
MZI,113,61,0.608940,1.4537
MZI,112,62,0.882689,2.1073
MZI,111,63,1.601837,3.8241
MZI,110,64,-2.679115,-6.3959
MZI,109,65,-0.381813,-0.9115
MZI,108,66,0.479978,1.1459
MZI,107,67,1.290823,3.0816
MZI,106,68,2.200755,5.2539
MZI,105,69,1.970830,4.7050
MZI,104,70,2.001311,4.7778
MZI,103,71,2.044422,4.8807
MZI,102,72,1.977958,4.7220
MZI,101,73,1.888031,4.5073
MZI,100,74,1.463231,3.4932
MZI,99,75,1.334904,3.1868
MZI,98,76,1.630145,3.8917
MZI,97,77,1.661317,3.9661
MZI,96,78,3.078230,7.3487
MZI,95,79,0.736788,1.7590
MZI,94,80,1.303150,3.1110
MZI,93,81,1.951342,4.6585
MZI,92,82,2.595003,6.1951
MZI,91,83,-2.614195,-6.2409
MZI,90,84,1.569263,3.7463
MZI,89,85,1.456664,3.4775
MZI,88,86,1.297262,3.0970
MZI,87,87,1.210169,2.8891
MZI,86,88,1.161254,2.7723
MZI,85,89,1.028236,2.4547
MZI,84,90,0.557298,1.3305
MZI,83,91,-1.988449,-4.7471
MZI,82,92,0.470765,1.1239
MZI,81,93,0.541984,1.2939
MZI,80,94,0.186829,0.4460
MZI,79,95,1.791382,4.2766
MZI,78,96,2.056159,4.9087
MZI,77,97,1.260391,3.0090
MZI,76,98,-0.430264,-1.0272
MZI,75,99,-3.055466,-7.2944
MZI,74,100,2.142126,5.1139
MZI,73,101,0.696310,1.6623
MZI,72,102,-1.059729,-2.5299
MZI,71,103,-1.198947,-2.8623
MZI,70,104,0.445188,1.0628
MZI,69,105,-0.006432,-0.0154
MZI,68,106,-1.169004,-2.7908
MZI,67,107,-0.968071,-2.3111
MZI,66,108,-1.152238,-2.7508
MZI,65,109,-1.319506,-3.1501
MZI,64,110,-1.699978,-4.0584
MZI,63,111,-0.983166,-2.3471
MZI,62,112,0.202326,0.4830
MZI,61,113,-0.329665,-0.7870
MZI,60,114,-1.287781,-3.0744
MZI,59,115,1.034616,2.4700
MZI,58,116,-0.153222,-0.3658
MZI,57,117,0.647946,1.5469
MZI,56,118,-1.306464,-3.1190
MZI,55,119,-0.459686,-1.0974
MZI,54,120,-0.969061,-2.3135
MZI,53,121,-0.810090,-1.9339
MZI,52,122,1.991014,4.7532
MZI,51,123,-2.310503,-5.5159
MZI,50,124,-1.443453,-3.4460
MZI,49,125,-2.683301,-6.4059
MZI,48,126,-2.896419,-6.9147
MZI,47,127,-2.261150,-5.3981
MZI,46,128,-1.716814,-4.0986
MZI,45,129,-0.433231,-1.0343
MZI,44,130,0.444634,1.0615
MZI,43,131,2.603334,6.2150
MZI,42,132,1.341883,3.2035
MZI,41,133,-2.392254,-5.7111
MZI,40,134,-0.682252,-1.6288
MZI,39,135,1.392229,3.3237
MZI,38,136,0.268507,0.6410
MZI,37,137,2.345819,5.6002
MZI,36,138,1.959452,4.6778
MZI,35,139,-1.500665,-3.5826
MZI,34,140,-0.134263,-0.3205
MZI,33,141,0.354247,0.8457
MZI,32,142,-1.873961,-4.4738
MZI,31,143,1.053346,2.5147
MZI,30,144,-0.578327,-1.3807
MZI,29,145,0.793386,1.8941
MZI,28,146,-2.272815,-5.4259
MZI,27,147,-1.282922,-3.0628
MZI,26,148,2.916929,6.9637
MZI,25,149,-2.509829,-5.9918
MZI,24,150,2.526413,6.0314
MZI,23,151,1.768811,4.2227
MZI,22,152,-0.153262,-0.3659
MZI,21,153,0.615001,1.4682
MZI,20,154,-2.506340,-5.9834
MZI,19,155,-2.035236,-4.8588
MZI,18,156,0.222447,0.5311
MZI,17,157,-1.950133,-4.6556
MZI,16,158,2.257293,5.3889
MZI,15,159,-2.436398,-5.8165
MZI,14,160,-1.210827,-2.8906
MZI,13,161,-0.995321,-2.3762
MZI,12,162,0.771266,1.8413
MZI,11,163,2.913971,6.9566
MZI,10,164,1.117303,2.6674
MZI,9,165,2.525433,6.0290
MZI,8,166,0.385051,0.9192
MZI,7,167,-2.634615,-6.2897
MZI,6,168,-0.145311,-0.3469
MZI,5,169,-3.050992,-7.2837
MZI,4,170,-2.802927,-6.6915
MZI,3,171,1.813505,4.3294
MZI,2,172,1.231221,2.9393
MZI,1,173,-2.202128,-5.2572
MZI,0,174,1.010683,2.4128
MZI,176,0,-2.186025,-5.2187
MZI,175,1,1.876224,4.4792
MZI,174,2,1.964855,4.6907
MZI,173,3,2.019505,4.8212
MZI,172,4,2.037144,4.8633
MZI,171,5,2.131818,5.0893
MZI,170,6,2.224105,5.3097
MZI,169,7,2.247318,5.3651
MZI,168,8,2.263347,5.4033
MZI,167,9,2.225431,5.3128
MZI,166,10,2.279101,5.4410
MZI,165,11,2.319957,5.5385
MZI,164,12,2.340330,5.5871
MZI,163,13,2.355772,5.6240
MZI,162,14,2.364173,5.6440
MZI,161,15,2.381756,5.6860
MZI,160,16,2.389705,5.7050
MZI,159,17,2.412589,5.7596
MZI,158,18,2.436708,5.8172
MZI,157,19,2.463406,5.8809
MZI,156,20,2.478539,5.9171
MZI,155,21,2.515600,6.0056
MZI,154,22,2.568808,6.1326
MZI,153,23,2.607190,6.2242
MZI,152,24,2.734498,6.5281
MZI,151,25,3.136336,7.4875
MZI,150,26,0.057695,0.1377
MZI,149,27,1.534644,3.6637
MZI,148,28,1.958856,4.6764
MZI,147,29,2.228157,5.3193
MZI,146,30,2.450940,5.8512
MZI,145,31,2.559002,6.1092
MZI,144,32,2.560219,6.1121
MZI,143,33,2.493657,5.9532
MZI,142,34,2.354076,5.6199
MZI,141,35,2.202605,5.2583
MZI,140,36,2.036308,4.8613
MZI,139,37,1.868555,4.4608
MZI,138,38,1.678700,4.0076
MZI,137,39,1.486156,3.5479
MZI,136,40,1.345823,3.2129
MZI,135,41,1.408143,3.3617
MZI,134,42,1.962092,4.6842
MZI,133,43,2.752128,6.5702
MZI,132,44,2.446112,5.8397
MZI,131,45,2.021280,4.8255
MZI,130,46,2.704186,6.4558
MZI,129,47,2.879149,6.8735
MZI,128,48,2.712238,6.4750
MZI,127,49,2.260474,5.3965
MZI,126,50,1.858489,4.4368
MZI,125,51,1.589015,3.7935
MZI,124,52,1.840632,4.3942
MZI,123,53,1.855424,4.4295
MZI,122,54,1.769731,4.2249
MZI,121,55,1.571431,3.7515
MZI,120,56,1.181784,2.8213
MZI,119,57,0.185830,0.4436
MZI,118,58,-3.051267,-7.2844
MZI,117,59,1.820225,4.3455
MZI,116,60,1.259790,3.0075
MZI,115,61,0.766428,1.8297
MZI,114,62,0.176303,0.4209
MZI,113,63,-0.221331,-0.5284
MZI,112,64,-1.329964,-3.1751
MZI,111,65,1.941802,4.6357
MZI,110,66,0.610617,1.4577
MZI,109,67,0.892476,2.1306
MZI,108,68,1.350506,3.2241
MZI,107,69,2.312087,5.5197
MZI,106,70,-2.729193,-6.5155
MZI,105,71,2.855777,6.8177
MZI,104,72,1.426084,3.4045
MZI,103,73,1.257512,3.0021
MZI,102,74,1.302688,3.1099
MZI,101,75,1.851993,4.4213
MZI,100,76,2.086122,4.9802
MZI,99,77,0.117229,0.2799
MZI,98,78,-1.004762,-2.3987
MZI,97,79,-0.208324,-0.4973
MZI,96,80,-2.478033,-5.9159
MZI,95,81,-0.733061,-1.7501
MZI,94,82,-0.192523,-0.4596
MZI,93,83,-0.301979,-0.7209
MZI,92,84,-1.856276,-4.4315
MZI,91,85,2.313738,5.5236
MZI,90,86,2.949689,7.0419
MZI,89,87,-2.661588,-6.3541
MZI,88,88,-2.414471,-5.7641
MZI,87,89,-2.345071,-5.5984
MZI,86,90,-2.199418,-5.2507
MZI,85,91,-1.765102,-4.2139
MZI,84,92,-0.006453,-0.0154
MZI,83,93,-1.928058,-4.6029
MZI,82,94,-3.043195,-7.2651
MZI,81,95,-0.431012,-1.0290
MZI,80,96,1.926679,4.5996
MZI,79,97,-1.225242,-2.9251
MZI,78,98,-1.184937,-2.8288
MZI,77,99,-2.283347,-5.4511
MZI,76,100,-0.664938,-1.5874
MZI,75,101,0.180318,0.4305
MZI,74,102,-0.852540,-2.0353
MZI,73,103,-0.405138,-0.9672
MZI,72,104,0.685962,1.6376
MZI,71,105,3.055567,7.2946
MZI,70,106,-0.043235,-0.1032
MZI,69,107,2.737433,6.5351
MZI,68,108,1.133780,2.7067
MZI,67,109,0.897209,2.1419
MZI,66,110,2.606852,6.2234
MZI,65,111,2.715707,6.4833
MZI,64,112,-2.861654,-6.8317
MZI,63,113,-0.437498,-1.0444
MZI,62,114,0.265813,0.6346
MZI,61,115,-0.760513,-1.8156
MZI,60,116,-1.693727,-4.0435
MZI,59,117,-0.025882,-0.0618
MZI,58,118,0.018989,0.0453
MZI,57,119,2.019815,4.8220
MZI,56,120,-2.363728,-5.6430
MZI,55,121,2.853749,6.8128
MZI,54,122,0.953809,2.2771
MZI,53,123,-2.835588,-6.7695
MZI,52,124,2.803191,6.6921
MZI,51,125,2.434795,5.8126
MZI,50,126,0.871375,2.0803
MZI,49,127,-2.735641,-6.5309
MZI,48,128,1.348741,3.2199
MZI,47,129,-0.151994,-0.3629
MZI,46,130,1.229288,2.9347
MZI,45,131,2.255263,5.3840
MZI,44,132,1.383248,3.3023
MZI,43,133,1.867709,4.4588
MZI,42,134,-1.321573,-3.1550
MZI,41,135,-2.694502,-6.4326
MZI,40,136,2.929306,6.9932
MZI,39,137,2.019830,4.8220
MZI,38,138,-1.735534,-4.1433
MZI,37,139,-1.804886,-4.3088
MZI,36,140,-2.770193,-6.6133
MZI,35,141,0.383247,0.9149
MZI,34,142,-1.756713,-4.1938
MZI,33,143,1.584878,3.7836
MZI,32,144,-0.620626,-1.4816
MZI,31,145,2.757172,6.5823
MZI,30,146,-1.914050,-4.5695
MZI,29,147,-2.911862,-6.9516
MZI,28,148,-1.705830,-4.0724
MZI,27,149,2.913161,6.9547
MZI,26,150,-1.005735,-2.4010
MZI,25,151,-1.224910,-2.9243
MZI,24,152,2.829446,6.7548
MZI,23,153,1.950839,4.6573
MZI,22,154,-1.374615,-3.2817
MZI,21,155,-0.234674,-0.5602
MZI,20,156,-1.996071,-4.7653
MZI,19,157,3.096907,7.3933
MZI,18,158,2.707321,6.4633
MZI,17,159,-1.439422,-3.4364
MZI,16,160,1.611970,3.8483
MZI,15,161,0.299478,0.7150
MZI,14,162,-0.748027,-1.7858
MZI,13,163,-2.556019,-6.1020
MZI,12,164,2.497670,5.9627
MZI,11,165,1.341402,3.2024
MZI,10,166,-0.253392,-0.6049
MZI,9,167,-2.235391,-5.3366
MZI,8,168,-0.261226,-0.6236
MZI,7,169,2.468042,5.8920
MZI,6,170,-2.896003,-6.9137
MZI,5,171,-0.533054,-1.2726
MZI,4,172,0.495032,1.1818
MZI,3,173,1.858176,4.4361
MZI,2,174,-0.610688,-1.4579
MZI,1,175,0.471604,1.1259
MZI,0,176,1.262501,3.0140
MZI,178,0,-2.294960,-5.4788
MZI,177,1,1.772519,4.2316
MZI,176,2,1.752514,4.1838
MZI,175,3,1.797839,4.2920
MZI,174,4,1.844406,4.4032
MZI,173,5,1.871353,4.4675
MZI,172,6,1.978541,4.7234
MZI,171,7,2.091571,4.9933
MZI,170,8,2.143284,5.1167
MZI,169,9,2.191759,5.2324
MZI,168,10,2.186610,5.2201
MZI,167,11,2.272164,5.4244
MZI,166,12,2.344835,5.5979
MZI,165,13,2.398966,5.7271
MZI,164,14,2.446981,5.8417
MZI,163,15,2.485643,5.9340
MZI,162,16,2.533198,6.0476
MZI,161,17,2.570834,6.1374
MZI,160,18,2.626212,6.2696
MZI,159,19,2.682705,6.4045
MZI,158,20,2.746259,6.5562
MZI,157,21,2.803535,6.6929
MZI,156,22,2.891195,6.9022
MZI,155,23,3.028565,7.2302
MZI,154,24,-3.114128,-7.4344
MZI,153,25,-2.701463,-6.4493
MZI,152,26,-1.996778,-4.7670
MZI,151,27,2.534701,6.0512
MZI,150,28,2.430169,5.8016
MZI,149,29,2.607583,6.2251
MZI,148,30,-3.140296,-7.4969
MZI,147,31,-2.826762,-6.7484
MZI,146,32,-2.893164,-6.9069
MZI,145,33,-2.967033,-7.0833
MZI,144,34,-3.014202,-7.1959
MZI,143,35,-3.072812,-7.3358
MZI,142,36,-3.119807,-7.4480
MZI,141,37,3.110146,7.4249
MZI,140,38,3.082836,7.3597
MZI,139,39,3.086795,7.3692
MZI,138,40,-3.125252,-7.4610
MZI,137,41,-2.985346,-7.1270
MZI,136,42,-2.822093,-6.7373
MZI,135,43,-2.778922,-6.6342
MZI,134,44,-2.971208,-7.0932
MZI,133,45,-2.715616,-6.4831
MZI,132,46,-2.178785,-5.2015
MZI,131,47,-2.309107,-5.5126
MZI,130,48,-1.884831,-4.4997
MZI,129,49,-1.643222,-3.9229
MZI,128,50,-2.575268,-6.1480
MZI,127,51,2.848846,6.8011
MZI,126,52,-3.102765,-7.4073
MZI,125,53,-2.825034,-6.7443
MZI,124,54,-2.773044,-6.6202
MZI,123,55,-2.710131,-6.4700
MZI,122,56,-2.713382,-6.4777
MZI,121,57,-2.809512,-6.7072
MZI,120,58,-2.929444,-6.9935
MZI,119,59,-1.941738,-4.6356
MZI,118,60,-2.061972,-4.9226
MZI,117,61,-2.262539,-5.4014
MZI,116,62,-2.228492,-5.3201
MZI,115,63,-1.737209,-4.1473
MZI,114,64,-0.517857,-1.2363
MZI,113,65,1.889443,4.5107
MZI,112,66,-2.134519,-5.0958
MZI,111,67,-1.411240,-3.3691
MZI,110,68,-0.777512,-1.8562
MZI,109,69,-0.718291,-1.7148
MZI,108,70,-0.960639,-2.2934
MZI,107,71,-0.851472,-2.0327
MZI,106,72,-0.799752,-1.9093
MZI,105,73,-0.147751,-0.3527
MZI,104,74,0.221176,0.5280
MZI,103,75,0.485859,1.1599
MZI,102,76,0.881026,2.1033
MZI,101,77,2.121282,5.0642
MZI,100,78,-1.428741,-3.4109
MZI,99,79,-0.157096,-0.3750
MZI,98,80,0.979303,2.3379
MZI,97,81,1.385355,3.3073
MZI,96,82,-1.136297,-2.7127
MZI,95,83,-3.013958,-7.1953
MZI,94,84,-2.340248,-5.5869
MZI,93,85,1.371586,3.2744
MZI,92,86,2.384316,5.6921
MZI,91,87,2.125760,5.0749
MZI,90,88,1.922516,4.5897
MZI,89,89,2.040477,4.8713
MZI,88,90,2.217250,5.2933
MZI,87,91,2.671046,6.3767
MZI,86,92,-3.138780,-7.4933
MZI,85,93,-2.326122,-5.5532
MZI,84,94,1.934443,4.6181
MZI,83,95,3.025076,7.2218
MZI,82,96,-1.939417,-4.6300
MZI,81,97,-2.456326,-5.8640
MZI,80,98,0.574597,1.3717
MZI,79,99,0.669734,1.5989
MZI,78,100,2.461181,5.8756
MZI,77,101,2.631910,6.2832
MZI,76,102,1.799770,4.2966
MZI,75,103,2.282222,5.4484
MZI,74,104,-1.773422,-4.2337
MZI,73,105,-2.844046,-6.7897
MZI,72,106,-1.042923,-2.4898
MZI,71,107,1.041223,2.4857
MZI,70,108,1.540725,3.6782
MZI,69,109,-3.083655,-7.3617
MZI,68,110,-0.593621,-1.4172
MZI,67,111,0.157461,0.3759
MZI,66,112,-0.022677,-0.0541
MZI,65,113,0.353153,0.8431
MZI,64,114,0.676280,1.6145
MZI,63,115,-2.313564,-5.5232
MZI,62,116,3.111259,7.4276
MZI,61,117,-1.469672,-3.5086
MZI,60,118,-1.958346,-4.6752
MZI,59,119,-1.584784,-3.7834
MZI,58,120,2.704872,6.4574
MZI,57,121,2.103821,5.0225
MZI,56,122,-2.029628,-4.8454
MZI,55,123,1.353920,3.2322
MZI,54,124,-2.842288,-6.7855
MZI,53,125,0.464639,1.1092
MZI,52,126,-0.131586,-0.3141
MZI,51,127,-0.943134,-2.2516
MZI,50,128,-1.001542,-2.3910
MZI,49,129,-2.289081,-5.4648
MZI,48,130,-0.958379,-2.2880
MZI,47,131,2.545784,6.0776
MZI,46,132,0.789190,1.8841
MZI,45,133,0.144526,0.3450
MZI,44,134,0.687448,1.6412
MZI,43,135,-2.529832,-6.0395
MZI,42,136,2.841588,6.7838
MZI,41,137,2.851481,6.8074
MZI,40,138,-2.002011,-4.7795
MZI,39,139,1.466466,3.5009
MZI,38,140,-2.224795,-5.3113
MZI,37,141,0.953513,2.2763
MZI,36,142,1.430813,3.4158
MZI,35,143,-0.351548,-0.8393
MZI,34,144,-0.781891,-1.8666
MZI,33,145,2.143233,5.1166
MZI,32,146,-2.935816,-7.0087
MZI,31,147,-3.035797,-7.2474
MZI,30,148,-2.306687,-5.5068
MZI,29,149,-2.141130,-5.1116
MZI,28,150,2.763199,6.5967
MZI,27,151,2.945543,7.0320
MZI,26,152,-2.145130,-5.1211
MZI,25,153,0.394672,0.9422
MZI,24,154,-1.040306,-2.4835
MZI,23,155,-2.855421,-6.8168
MZI,22,156,1.725503,4.1193
MZI,21,157,-2.808158,-6.7040
MZI,20,158,0.944107,2.2539
MZI,19,159,-0.874707,-2.0882
MZI,18,160,0.984043,2.3492
MZI,17,161,0.127222,0.3037
MZI,16,162,-2.606333,-6.2222
MZI,15,163,-2.934226,-7.0049
MZI,14,164,0.557917,1.3319
MZI,13,165,-0.988133,-2.3590
MZI,12,166,-1.925788,-4.5975
MZI,11,167,0.240437,0.5740
MZI,10,168,-1.954017,-4.6649
MZI,9,169,3.069341,7.3275
MZI,8,170,2.859271,6.8260
MZI,7,171,-1.063376,-2.5386
MZI,6,172,1.712885,4.0892
MZI,5,173,2.688872,6.4192
MZI,4,174,2.518313,6.0120
MZI,3,175,-2.719177,-6.4916
MZI,2,176,2.181955,5.2090
MZI,1,177,-2.949905,-7.0424
MZI,0,178,0.593739,1.4174
MZI,180,0,-2.303502,-5.4992
MZI,179,1,1.681178,4.0135
MZI,178,2,1.789345,4.2717
MZI,177,3,1.871401,4.4676
MZI,176,4,1.963645,4.6879
MZI,175,5,2.016348,4.8137
MZI,174,6,2.007508,4.7926
MZI,173,7,2.074513,4.9525
MZI,172,8,2.147561,5.1269
MZI,171,9,2.144322,5.1192
MZI,170,10,2.138206,5.1046
MZI,169,11,2.065427,4.9308
MZI,168,12,2.103765,5.0224
MZI,167,13,2.132386,5.0907
MZI,166,14,2.133975,5.0945
MZI,165,15,2.128876,5.0823
MZI,164,16,2.117048,5.0541
MZI,163,17,2.119190,5.0592
MZI,162,18,2.105062,5.0255
MZI,161,19,2.111095,5.0399
MZI,160,20,2.124133,5.0710
MZI,159,21,2.149033,5.1304
MZI,158,22,2.169022,5.1782
MZI,157,23,2.227435,5.3176
MZI,156,24,2.402839,5.7364
MZI,155,25,2.433563,5.8097
MZI,154,26,2.303998,5.5004
MZI,153,27,1.721622,4.1101
MZI,152,28,1.317543,3.1454
MZI,151,29,1.055362,2.5195
MZI,150,30,-2.077266,-4.9591
MZI,149,31,3.035680,7.2472
MZI,148,32,2.123668,5.0699
MZI,147,33,1.684682,4.0219
MZI,146,34,1.494362,3.5675
MZI,145,35,1.379675,3.2937
MZI,144,36,1.270530,3.0332
MZI,143,37,1.179805,2.8166
MZI,142,38,1.089901,2.6019
MZI,141,39,1.022280,2.4405
MZI,140,40,0.973770,2.3247
MZI,139,41,0.965506,2.3050
MZI,138,42,0.991150,2.3662
MZI,137,43,1.037419,2.4767
MZI,136,44,0.962994,2.2990
MZI,135,45,0.167130,0.3990
MZI,134,46,0.327569,0.7820
MZI,133,47,0.836598,1.9972
MZI,132,48,0.761432,1.8178
MZI,131,49,0.435254,1.0391
MZI,130,50,0.631549,1.5077
MZI,129,51,1.968951,4.7005
MZI,128,52,-1.033857,-2.4682
MZI,127,53,-0.390302,-0.9318
MZI,126,54,-0.316945,-0.7567
MZI,125,55,-0.325457,-0.7770
MZI,124,56,-0.263161,-0.6283
MZI,123,57,-0.256470,-0.6123
MZI,122,58,-0.326519,-0.7795
MZI,121,59,-0.675014,-1.6115
MZI,120,60,-0.866739,-2.0692
MZI,119,61,-0.550927,-1.3152
MZI,118,62,-0.365021,-0.8714
MZI,117,63,-0.325087,-0.7761
MZI,116,64,-0.257114,-0.6138
MZI,115,65,-0.520092,-1.2416
MZI,114,66,-1.356339,-3.2380
MZI,113,67,-1.614114,-3.8534
MZI,112,68,0.493231,1.1775
MZI,111,69,-0.455137,-1.0866
MZI,110,70,-0.181802,-0.4340
MZI,109,71,1.296314,3.0947
MZI,108,72,1.379782,3.2940
MZI,107,73,2.319493,5.5374
MZI,106,74,-2.360627,-5.6356
MZI,105,75,-2.186252,-5.2193
MZI,104,76,-2.485783,-5.9344
MZI,103,77,-2.863421,-6.8359
MZI,102,78,2.830854,6.7582
MZI,101,79,1.944140,4.6413
MZI,100,80,0.989074,2.3612
MZI,99,81,-2.063743,-4.9268
MZI,98,82,3.126054,7.4629
MZI,97,83,2.157090,5.1497
MZI,96,84,2.634000,6.2882
MZI,95,85,2.666875,6.3667
MZI,94,86,0.865960,2.0673
MZI,93,87,2.617481,6.2488
MZI,92,88,-3.073891,-7.3384
MZI,91,89,-2.763812,-6.5981
MZI,90,90,-2.802194,-6.6897
MZI,89,91,-2.944455,-7.0294
MZI,88,92,2.935034,7.0069
MZI,87,93,2.494246,5.9546
MZI,86,94,2.095094,5.0017
MZI,85,95,-2.310998,-5.5171
MZI,84,96,2.275890,5.4333
MZI,83,97,2.702925,6.4528
MZI,82,98,2.507522,5.9863
MZI,81,99,1.158620,2.7660
MZI,80,100,1.924607,4.5947
MZI,79,101,-0.660808,-1.5776
MZI,78,102,-0.217104,-0.5183
MZI,77,103,1.454564,3.4725
MZI,76,104,-2.708831,-6.4669
MZI,75,105,0.656833,1.5681
MZI,74,106,-2.895599,-6.9127
MZI,73,107,1.403686,3.3511
MZI,72,108,-0.200178,-0.4779
MZI,71,109,-2.581643,-6.1632
MZI,70,110,0.567997,1.3560
MZI,69,111,-1.552825,-3.7071
MZI,68,112,1.510600,3.6063
MZI,67,113,1.087076,2.5952
MZI,66,114,1.248942,2.9816
MZI,65,115,-2.935046,-7.0069
MZI,64,116,-2.855975,-6.8181
MZI,63,117,2.411903,5.7580
MZI,62,118,0.434899,1.0382
MZI,61,119,-2.019556,-4.8213
MZI,60,120,1.286038,3.0702
MZI,59,121,-1.716410,-4.0976
MZI,58,122,2.491220,5.9473
MZI,57,123,-3.122785,-7.4551
MZI,56,124,0.400292,0.9556
MZI,55,125,-1.228299,-2.9323
MZI,54,126,-0.122430,-0.2923
MZI,53,127,0.055091,0.1315
MZI,52,128,0.564368,1.3473
MZI,51,129,0.109759,0.2620
MZI,50,130,-0.791099,-1.8886
MZI,49,131,-1.651552,-3.9428
MZI,48,132,-0.033218,-0.0793
MZI,47,133,0.956135,2.2826
MZI,46,134,-1.901517,-4.5395
MZI,45,135,-2.096156,-5.0042
MZI,44,136,-1.935678,-4.6211
MZI,43,137,0.998426,2.3836
MZI,42,138,-1.151593,-2.7492
MZI,41,139,-0.645614,-1.5413
MZI,40,140,-1.257656,-3.0024
MZI,39,141,3.009301,7.1842
MZI,38,142,-0.067138,-0.1603
MZI,37,143,0.840935,2.0076
MZI,36,144,-1.495330,-3.5698
MZI,35,145,-1.899216,-4.5340
MZI,34,146,-1.158278,-2.7652
MZI,33,147,0.581489,1.3882
MZI,32,148,2.449733,5.8483
MZI,31,149,-2.371756,-5.6622
MZI,30,150,2.027553,4.8404
MZI,29,151,1.999359,4.7731
MZI,28,152,0.435798,1.0404
MZI,27,153,-2.927628,-6.9892
MZI,26,154,-0.630665,-1.5056
MZI,25,155,0.967289,2.3092
MZI,24,156,-0.121249,-0.2895
MZI,23,157,1.413877,3.3754
MZI,22,158,1.212590,2.8948
MZI,21,159,2.188956,5.2257
MZI,20,160,2.298884,5.4882
MZI,19,161,0.315862,0.7541
MZI,18,162,2.051908,4.8986
MZI,17,163,1.883625,4.4968
MZI,16,164,2.296082,5.4815
MZI,15,165,0.225798,0.5391
MZI,14,166,0.070958,0.1694
MZI,13,167,1.869068,4.4621
MZI,12,168,1.090660,2.6038
MZI,11,169,1.590649,3.7974
MZI,10,170,2.710816,6.4716
MZI,9,171,-2.338339,-5.5824
MZI,8,172,0.688369,1.6434
MZI,7,173,1.045767,2.4966
MZI,6,174,1.785667,4.2630
MZI,5,175,2.154818,5.1442
MZI,4,176,-0.649085,-1.5496
MZI,3,177,1.059799,2.5301
MZI,2,178,0.868001,2.0722
MZI,1,179,0.930249,2.2208
MZI,0,180,1.252930,2.9912
MZI,182,0,-2.243518,-5.3560
MZI,181,1,1.759131,4.1996
MZI,180,2,1.766935,4.2182
MZI,179,3,1.963394,4.6873
MZI,178,4,2.083753,4.9746
MZI,177,5,2.038063,4.8655
MZI,176,6,1.927769,4.6022
MZI,175,7,1.792740,4.2799
MZI,174,8,1.802450,4.3030
MZI,173,9,1.837659,4.3871
MZI,172,10,1.800787,4.2991
MZI,171,11,1.781363,4.2527
MZI,170,12,1.702381,4.0641
MZI,169,13,1.752796,4.1845
MZI,168,14,1.790593,4.2747
MZI,167,15,1.794142,4.2832
MZI,166,16,1.791649,4.2772
MZI,165,17,1.785619,4.2629
MZI,164,18,1.793806,4.2824
MZI,163,19,1.784565,4.2603
MZI,162,20,1.796839,4.2896
MZI,161,21,1.819042,4.3426
MZI,160,22,1.850948,4.4188
MZI,159,23,1.865866,4.4544
MZI,158,24,1.893762,4.5210
MZI,157,25,1.962245,4.6845
MZI,156,26,1.863595,4.4490
MZI,155,27,1.657038,3.9559
MZI,154,28,1.383372,3.3026
MZI,153,29,0.964099,2.3016
MZI,152,30,0.280269,0.6691
MZI,151,31,2.300105,5.4911
MZI,150,32,2.273074,5.4266
MZI,149,33,2.017349,4.8161
MZI,148,34,1.781537,4.2531
MZI,147,35,1.724954,4.1180
MZI,146,36,1.724274,4.1164
MZI,145,37,1.719877,4.1059
MZI,144,38,1.729055,4.1278
MZI,143,39,1.728245,4.1259
MZI,142,40,1.736206,4.1449
MZI,141,41,1.750397,4.1788
MZI,140,42,1.789359,4.2718
MZI,139,43,1.847888,4.4115
MZI,138,44,1.925953,4.5979
MZI,137,45,1.843391,4.4008
MZI,136,46,1.272411,3.0377
MZI,135,47,1.668093,3.9823
MZI,134,48,2.391658,5.7097
MZI,133,49,-2.817798,-6.7270
MZI,132,50,1.723440,4.1144
MZI,131,51,2.154739,5.1441
MZI,130,52,2.516499,6.0077
MZI,129,53,0.993875,2.3727
MZI,128,54,1.206588,2.8805
MZI,127,55,1.355639,3.2363
MZI,126,56,1.682962,4.0178
MZI,125,57,1.972260,4.7084
MZI,124,58,2.194168,5.2382
MZI,123,59,2.398698,5.7265
MZI,122,60,1.266054,3.0225
MZI,121,61,1.447785,3.4563
MZI,120,62,1.976203,4.7178
MZI,119,63,2.321358,5.5418
MZI,118,64,2.427467,5.7951
MZI,117,65,2.353750,5.6192
MZI,116,66,2.147048,5.1257
MZI,115,67,1.710247,4.0829
MZI,114,68,0.648024,1.5470
MZI,113,69,3.030926,7.2358
MZI,112,70,2.123860,5.0703
MZI,111,71,1.898455,4.5322
MZI,110,72,2.071538,4.9454
MZI,109,73,2.183144,5.2119
MZI,108,74,1.766114,4.2163
MZI,107,75,0.177362,0.4234
MZI,106,76,-0.709765,-1.6944
MZI,105,77,2.190555,5.2296
MZI,104,78,2.146498,5.1244
MZI,103,79,1.912285,4.5652
MZI,102,80,1.050618,2.5082
MZI,101,81,0.651923,1.5564
MZI,100,82,2.291552,5.4707
MZI,99,83,1.798558,4.2937
MZI,98,84,2.321789,5.5429
MZI,97,85,2.134929,5.0968
MZI,96,86,1.991369,4.7540
MZI,95,87,1.177924,2.8121
MZI,94,88,-1.418570,-3.3866
MZI,93,89,-2.796476,-6.6761
MZI,92,90,2.641681,6.3065
MZI,91,91,2.337842,5.5812
MZI,90,92,2.229038,5.3214
MZI,89,93,2.033402,4.8544
MZI,88,94,1.800609,4.2986
MZI,87,95,1.315734,3.1411
MZI,86,96,1.532788,3.6593
MZI,85,97,1.561491,3.7278
MZI,84,98,2.163575,5.1652
MZI,83,99,1.332497,3.1811
MZI,82,100,0.592023,1.4134
MZI,81,101,-2.388144,-5.7013
MZI,80,102,1.088725,2.5991
MZI,79,103,0.987340,2.3571
MZI,78,104,0.223112,0.5326
MZI,77,105,0.389724,0.9304
MZI,76,106,-2.697483,-6.4398
MZI,75,107,-0.454465,-1.0850
MZI,74,108,2.913108,6.9545
MZI,73,109,-1.153292,-2.7533
MZI,72,110,1.487873,3.5520
MZI,71,111,0.401899,0.9595
MZI,70,112,-0.307382,-0.7338
MZI,69,113,1.409342,3.3646
MZI,68,114,-2.906199,-6.9380
MZI,67,115,-3.049743,-7.2807
MZI,66,116,0.910603,2.1739
MZI,65,117,-1.859692,-4.4397
MZI,64,118,0.440193,1.0509
MZI,63,119,0.067755,0.1618
MZI,62,120,1.613545,3.8521
MZI,61,121,-0.941865,-2.2485
MZI,60,122,2.064244,4.9280
MZI,59,123,3.016527,7.2014
MZI,58,124,1.585857,3.7860
MZI,57,125,0.125791,0.3003
MZI,56,126,-0.719350,-1.7173
MZI,55,127,1.329712,3.1745
MZI,54,128,1.513248,3.6126
MZI,53,129,0.655263,1.5643
MZI,52,130,1.213841,2.8978
MZI,51,131,-2.290081,-5.4672
MZI,50,132,-0.825760,-1.9714
MZI,49,133,-0.684126,-1.6332
MZI,48,134,0.653010,1.5589
MZI,47,135,-1.170964,-2.7955
MZI,46,136,-2.594077,-6.1929
MZI,45,137,2.746526,6.5568
MZI,44,138,-0.119358,-0.2849
MZI,43,139,2.829449,6.7548
MZI,42,140,-1.750950,-4.1801
MZI,41,141,-2.302943,-5.4979
MZI,40,142,-1.363263,-3.2546
MZI,39,143,2.119518,5.0600
MZI,38,144,-0.150690,-0.3597
MZI,37,145,-2.434329,-5.8115
MZI,36,146,3.064514,7.3160
MZI,35,147,0.508793,1.2147
MZI,34,148,-0.055338,-0.1321
MZI,33,149,1.425924,3.4041
MZI,32,150,3.065170,7.3176
MZI,31,151,2.370162,5.6583
MZI,30,152,2.621265,6.2578
MZI,29,153,2.162806,5.1633
MZI,28,154,-1.555734,-3.7140
MZI,27,155,3.111345,7.4278
MZI,26,156,0.347058,0.8285
MZI,25,157,-3.123905,-7.4578
MZI,24,158,2.534940,6.0517
MZI,23,159,-1.045152,-2.4951
MZI,22,160,2.046514,4.8857
MZI,21,161,1.120985,2.6762
MZI,20,162,-1.290836,-3.0816
MZI,19,163,0.734584,1.7537
MZI,18,164,1.663160,3.9705
MZI,17,165,-0.914069,-2.1822
MZI,16,166,2.241104,5.3502
MZI,15,167,-0.701305,-1.6742
MZI,14,168,-1.773223,-4.2333
MZI,13,169,-0.584736,-1.3960
MZI,12,170,2.199066,5.2499
MZI,11,171,0.321023,0.7664
MZI,10,172,-2.916447,-6.9625
MZI,9,173,-1.925966,-4.5979
MZI,8,174,-0.934258,-2.2304
MZI,7,175,-1.216663,-2.9046
MZI,6,176,-1.748548,-4.1744
MZI,5,177,-3.049347,-7.2798
MZI,4,178,-0.623856,-1.4893
MZI,3,179,-0.402908,-0.9619
MZI,2,180,1.625075,3.8796
MZI,1,181,-2.061449,-4.9213
MZI,0,182,2.498348,5.9644
MZI,184,0,-2.340472,-5.5875
MZI,183,1,1.664666,3.9741
MZI,182,2,1.610090,3.8438
MZI,181,3,1.566542,3.7398
MZI,180,4,1.924789,4.5951
MZI,179,5,1.791800,4.2776
MZI,178,6,1.536629,3.6684
MZI,177,7,1.434272,3.4241
MZI,176,8,1.396015,3.3327
MZI,175,9,1.513068,3.6122
MZI,174,10,1.620840,3.8695
MZI,173,11,1.640836,3.9172
MZI,172,12,1.671710,3.9909
MZI,171,13,1.633931,3.9007
MZI,170,14,1.714517,4.0931
MZI,169,15,1.775022,4.2376
MZI,168,16,1.794553,4.2842
MZI,167,17,1.805047,4.3092
MZI,166,18,1.812921,4.3280
MZI,165,19,1.829715,4.3681
MZI,164,20,1.830075,4.3690
MZI,163,21,1.848765,4.4136
MZI,162,22,1.879348,4.4866
MZI,161,23,1.914030,4.5694
MZI,160,24,1.919210,4.5818
MZI,159,25,1.918462,4.5800
MZI,158,26,1.916242,4.5747
MZI,157,27,1.826150,4.3596
MZI,156,28,1.678432,4.0070
MZI,155,29,1.505066,3.5931
MZI,154,30,1.282478,3.0617
MZI,153,31,1.475968,3.5236
MZI,152,32,1.844300,4.4029
MZI,151,33,1.992634,4.7571
MZI,150,34,1.933442,4.6158
MZI,149,35,1.793842,4.2825
MZI,148,36,1.805741,4.3109
MZI,147,37,1.843559,4.4012
MZI,146,38,1.863393,4.4485
MZI,145,39,1.882935,4.4952
MZI,144,40,1.879885,4.4879
MZI,143,41,1.860978,4.4428
MZI,142,42,1.837113,4.3858
MZI,141,43,1.844847,4.4042
MZI,140,44,1.880736,4.4899
MZI,139,45,1.964730,4.6904
MZI,138,46,-2.904095,-6.9330
MZI,137,47,1.475776,3.5232
MZI,136,48,1.841076,4.3952
MZI,135,49,2.310988,5.5171
MZI,134,50,2.492147,5.9496
MZI,133,51,-2.047807,-4.8888
MZI,132,52,2.538534,6.0603
MZI,131,53,1.472523,3.5154
MZI,130,54,0.420284,1.0034
MZI,129,55,0.382184,0.9124
MZI,128,56,1.176890,2.8096
MZI,127,57,1.628837,3.8886
MZI,126,58,1.896846,4.5284
MZI,125,59,2.119351,5.0596
MZI,124,60,2.572242,6.1408
MZI,123,61,0.083329,0.1989
MZI,122,62,1.364408,3.2573
MZI,121,63,2.020076,4.8226
MZI,120,64,2.371596,5.6618
MZI,119,65,2.321573,5.5423
MZI,118,66,2.066267,4.9328
MZI,117,67,1.786685,4.2654
MZI,116,68,1.355498,3.2360
MZI,115,69,1.443789,3.4468
MZI,114,70,1.846142,4.4073
MZI,113,71,1.501336,3.5842
MZI,112,72,0.890514,2.1259
MZI,111,73,-1.062703,-2.5370
MZI,110,74,1.812488,4.3270
MZI,109,75,1.814829,4.3326
MZI,108,76,0.574715,1.3720
MZI,107,77,0.860058,2.0532
MZI,106,78,-2.079689,-4.9649
MZI,105,79,1.662305,3.9685
MZI,104,80,0.052939,0.1264
MZI,103,81,0.174999,0.4178
MZI,102,82,1.266260,3.0230
MZI,101,83,2.274874,5.4309
MZI,100,84,1.123281,2.6816
MZI,99,85,2.004321,4.7850
MZI,98,86,2.814394,6.7189
MZI,97,87,1.052901,2.5136
MZI,96,88,1.046715,2.4988
MZI,95,89,1.350468,3.2240
MZI,94,90,1.704266,4.0686
MZI,93,91,1.750966,4.1801
MZI,92,92,1.730316,4.1308
MZI,91,93,1.732451,4.1359
MZI,90,94,1.746334,4.1691
MZI,89,95,1.846033,4.4071
MZI,88,96,3.080660,7.3545
MZI,87,97,-1.262682,-3.0144
MZI,86,98,-2.262178,-5.4006
MZI,85,99,1.141034,2.7240
MZI,84,100,0.214496,0.5121
MZI,83,101,-1.183488,-2.8254
MZI,82,102,0.385713,0.9208
MZI,81,103,1.638704,3.9121
MZI,80,104,0.605274,1.4450
MZI,79,105,0.846442,2.0207
MZI,78,106,0.379085,0.9050
MZI,77,107,1.885876,4.5022
MZI,76,108,2.309988,5.5147
MZI,75,109,1.974708,4.7143
MZI,74,110,0.851171,2.0320
MZI,73,111,0.016564,0.0395
MZI,72,112,1.607457,3.8375
MZI,71,113,1.416505,3.3817
MZI,70,114,-0.363256,-0.8672
MZI,69,115,-1.215618,-2.9021
MZI,68,116,2.919653,6.9702
MZI,67,117,-1.308708,-3.1243
MZI,66,118,-2.894456,-6.9100
MZI,65,119,-1.262026,-3.0129
MZI,64,120,1.747933,4.1729
MZI,63,121,2.297051,5.4838
MZI,62,122,-2.746435,-6.5566
MZI,61,123,-1.855955,-4.4308
MZI,60,124,-0.723034,-1.7261
MZI,59,125,1.388929,3.3158
MZI,58,126,1.075558,2.5677
MZI,57,127,1.101938,2.6307
MZI,56,128,-2.859890,-6.8275
MZI,55,129,3.000662,7.1636
MZI,54,130,2.513909,6.0015
MZI,53,131,1.592968,3.8029
MZI,52,132,0.480520,1.1472
MZI,51,133,2.147450,5.1267
MZI,50,134,-3.113788,-7.4336
MZI,49,135,-2.583499,-6.1676
MZI,48,136,0.029690,0.0709
MZI,47,137,1.804303,4.3075
MZI,46,138,-2.886615,-6.8913
MZI,45,139,-1.055486,-2.5198
MZI,44,140,-2.104632,-5.0244
MZI,43,141,0.995937,2.3776
MZI,42,142,1.250703,2.9858
MZI,41,143,1.759943,4.2016
MZI,40,144,0.730182,1.7432
MZI,39,145,1.378531,3.2910
MZI,38,146,2.648419,6.3226
MZI,37,147,-0.159526,-0.3808
MZI,36,148,-1.423775,-3.3990
MZI,35,149,1.139533,2.7204
MZI,34,150,0.351128,0.8383
MZI,33,151,1.018760,2.4321
MZI,32,152,-0.444712,-1.0617
MZI,31,153,1.797341,4.2908
MZI,30,154,1.261563,3.0118
MZI,29,155,3.086253,7.3679
MZI,28,156,1.668987,3.9844
MZI,27,157,1.256473,2.9996
MZI,26,158,-3.002641,-7.1683
MZI,25,159,2.218585,5.2965
MZI,24,160,-0.263088,-0.6281
MZI,23,161,2.482601,5.9268
MZI,22,162,-1.835255,-4.3813
MZI,21,163,2.054718,4.9053
MZI,20,164,1.136550,2.7133
MZI,19,165,1.134170,2.7076
MZI,18,166,1.810230,4.3216
MZI,17,167,2.290864,5.4690
MZI,16,168,-2.712611,-6.4759
MZI,15,169,0.902471,2.1545
MZI,14,170,3.046486,7.2729
MZI,13,171,1.327762,3.1698
MZI,12,172,0.079117,0.1889
MZI,11,173,-0.206599,-0.4932
MZI,10,174,-2.312155,-5.5199
MZI,9,175,-2.626167,-6.2695
MZI,8,176,-0.099814,-0.2383
MZI,7,177,0.515793,1.2314
MZI,6,178,-1.057674,-2.5250
MZI,5,179,-1.270336,-3.0327
MZI,4,180,-2.122240,-5.0665
MZI,3,181,2.783485,6.6451
MZI,2,182,0.744189,1.7766
MZI,1,183,-0.501504,-1.1973
MZI,0,184,-2.442201,-5.8303
MZI,186,0,-2.327057,-5.5554
MZI,185,1,1.623155,3.8750
MZI,184,2,1.679998,4.0107
MZI,183,3,1.655343,3.9518
MZI,182,4,1.556859,3.7167
MZI,181,5,2.101355,5.0166
MZI,180,6,1.589597,3.7949
MZI,179,7,1.462115,3.4905
MZI,178,8,1.549981,3.7003
MZI,177,9,1.604333,3.8301
MZI,176,10,1.747310,4.1714
MZI,175,11,1.853667,4.4253
MZI,174,12,1.870076,4.4645
MZI,173,13,1.895791,4.5259
MZI,172,14,1.853025,4.4238
MZI,171,15,1.924920,4.5954
MZI,170,16,1.975632,4.7165
MZI,169,17,1.981596,4.7307
MZI,168,18,1.980105,4.7272
MZI,167,19,1.981951,4.7316
MZI,166,20,1.988761,4.7478
MZI,165,21,1.982487,4.7328
MZI,164,22,1.991010,4.7532
MZI,163,23,2.015176,4.8109
MZI,162,24,2.035508,4.8594
MZI,161,25,2.017388,4.8162
MZI,160,26,1.989893,4.7505
MZI,159,27,1.954375,4.6657
MZI,158,28,1.883713,4.4970
MZI,157,29,1.769417,4.2242
MZI,156,30,1.666776,3.9791
MZI,155,31,1.610617,3.8451
MZI,154,32,1.787282,4.2668
MZI,153,33,1.932674,4.6139
MZI,152,34,2.022647,4.8287
MZI,151,35,1.948400,4.6515
MZI,150,36,1.816895,4.3375
MZI,149,37,1.869667,4.4635
MZI,148,38,1.926487,4.5991
MZI,147,39,1.954319,4.6656
MZI,146,40,1.975204,4.7155
MZI,145,41,1.966324,4.6943
MZI,144,42,1.914125,4.5696
MZI,143,43,1.850995,4.4189
MZI,142,44,1.846239,4.4076
MZI,141,45,1.880708,4.4899
MZI,140,46,1.966696,4.6951
MZI,139,47,2.387806,5.7005
MZI,138,48,1.562664,3.7306
MZI,137,49,1.995465,4.7638
MZI,136,50,1.589573,3.7948
MZI,135,51,1.233134,2.9439
MZI,134,52,1.730482,4.1312
MZI,133,53,2.945891,7.0328
MZI,132,54,0.598013,1.4276
MZI,131,55,0.840751,2.0071
MZI,130,56,1.475108,3.5216
MZI,129,57,1.699121,4.0564
MZI,128,58,1.861859,4.4449
MZI,127,59,2.173381,5.1886
MZI,126,60,2.381277,5.6849
MZI,125,61,2.454255,5.8591
MZI,124,62,1.160032,2.7694
MZI,123,63,1.252582,2.9903
MZI,122,64,2.822956,6.7393
MZI,121,65,2.562310,6.1171
MZI,120,66,2.317555,5.5328
MZI,119,67,1.957918,4.6742
MZI,118,68,1.757431,4.1956
MZI,117,69,1.166736,2.7854
MZI,116,70,1.132359,2.7033
MZI,115,71,1.186167,2.8318
MZI,114,72,1.677513,4.0048
MZI,113,73,0.332507,0.7938
MZI,112,74,0.303350,0.7242
MZI,111,75,2.029107,4.8441
MZI,110,76,1.945310,4.6441
MZI,109,77,0.279493,0.6672
MZI,108,78,1.132707,2.7041
MZI,107,79,1.454050,3.4713
MZI,106,80,-2.018097,-4.8179
MZI,105,81,-0.315321,-0.7528
MZI,104,82,0.656650,1.5676
MZI,103,83,1.372489,3.2766
MZI,102,84,2.560339,6.1124
MZI,101,85,0.291553,0.6960
MZI,100,86,1.430248,3.4145
MZI,99,87,2.383602,5.6904
MZI,98,88,-0.833869,-1.9907
MZI,97,89,0.680018,1.6234
MZI,96,90,1.138229,2.7173
MZI,95,91,1.298083,3.0989
MZI,94,92,1.353232,3.2306
MZI,93,93,1.364953,3.2586
MZI,92,94,1.342548,3.2051
MZI,91,95,1.254495,2.9949
MZI,90,96,0.969180,2.3137
MZI,89,97,-0.066514,-0.1588
MZI,88,98,-0.553716,-1.3219
MZI,87,99,-0.295237,-0.7048
MZI,86,100,-0.189211,-0.4517
MZI,85,101,-0.345238,-0.8242
MZI,84,102,0.212790,0.5080
MZI,83,103,2.018409,4.8186
MZI,82,104,1.838645,4.3894
MZI,81,105,0.391610,0.9349
MZI,80,106,-0.877481,-2.0948
MZI,79,107,2.373970,5.6674
MZI,78,108,-0.088919,-0.2123
MZI,77,109,0.941081,2.2467
MZI,76,110,0.277123,0.6616
MZI,75,111,1.503627,3.5896
MZI,74,112,2.893149,6.9069
MZI,73,113,-0.056325,-0.1345
MZI,72,114,1.597276,3.8132
MZI,71,115,-1.604177,-3.8297
MZI,70,116,-2.520384,-6.0170
MZI,69,117,-0.323498,-0.7723
MZI,68,118,1.894177,4.5220
MZI,67,119,1.566363,3.7394
MZI,66,120,2.297038,5.4838
MZI,65,121,-1.258500,-3.0044
MZI,64,122,-1.683039,-4.0180
MZI,63,123,1.311832,3.1318
MZI,62,124,0.678182,1.6190
MZI,61,125,1.200522,2.8660
MZI,60,126,2.898665,6.9201
MZI,59,127,-1.355494,-3.2360
MZI,58,128,1.288115,3.0751
MZI,57,129,2.271443,5.4227
MZI,56,130,2.960198,7.0670
MZI,55,131,-1.120607,-2.6753
MZI,54,132,-1.458983,-3.4831
MZI,53,133,-0.063237,-0.1510
MZI,52,134,2.189605,5.2273
MZI,51,135,1.082727,2.5848
MZI,50,136,-0.807922,-1.9288
MZI,49,137,-1.090109,-2.6024
MZI,48,138,-0.413291,-0.9867
MZI,47,139,-0.682622,-1.6296
MZI,46,140,-2.314924,-5.5265
MZI,45,141,0.937072,2.2371
MZI,44,142,-1.427466,-3.4078
MZI,43,143,1.820465,4.3460
MZI,42,144,-0.267291,-0.6381
MZI,41,145,1.705498,4.0716
MZI,40,146,2.645796,6.3164
MZI,39,147,2.653531,6.3348
MZI,38,148,0.525706,1.2550
MZI,37,149,-0.941788,-2.2484
MZI,36,150,2.161560,5.1603
MZI,35,151,1.151795,2.7497
MZI,34,152,1.747961,4.1729
MZI,33,153,-0.106517,-0.2543
MZI,32,154,2.990728,7.1398
MZI,31,155,0.435891,1.0406
MZI,30,156,-1.743664,-4.1627
MZI,29,157,2.615227,6.2434
MZI,28,158,-2.918153,-6.9666
MZI,27,159,-0.157246,-0.3754
MZI,26,160,2.046678,4.8861
MZI,25,161,-0.049567,-0.1183
MZI,24,162,2.826810,6.7485
MZI,23,163,1.540815,3.6784
MZI,22,164,0.317596,0.7582
MZI,21,165,1.934308,4.6178
MZI,20,166,-0.358112,-0.8549
MZI,19,167,1.219736,2.9119
MZI,18,168,1.094975,2.6141
MZI,17,169,-0.166564,-0.3976
MZI,16,170,1.995854,4.7648
MZI,15,171,1.232617,2.9427
MZI,14,172,-0.320979,-0.7663
MZI,13,173,-2.897664,-6.9177
MZI,12,174,2.902806,6.9299
MZI,11,175,-0.626869,-1.4965
MZI,10,176,-1.830339,-4.3696
MZI,9,177,1.257842,3.0029
MZI,8,178,-2.670981,-6.3765
MZI,7,179,-1.686177,-4.0255
MZI,6,180,-0.166700,-0.3980
MZI,5,181,-1.909133,-4.5577
MZI,4,182,1.934147,4.6174
MZI,3,183,-1.726438,-4.1216
MZI,2,184,-1.334881,-3.1868
MZI,1,185,-2.590665,-6.1848
MZI,0,186,2.386098,5.6964
MZI,188,0,-2.737008,-6.5341
MZI,187,1,1.059559,2.5295
MZI,186,2,0.954301,2.2782
MZI,185,3,0.940148,2.2444
MZI,184,4,0.876641,2.0928
MZI,183,5,0.024799,0.0592
MZI,182,6,1.175384,2.8060
MZI,181,7,0.521363,1.2447
MZI,180,8,0.682304,1.6289
MZI,179,9,0.801024,1.9123
MZI,178,10,0.831533,1.9851
MZI,177,11,0.949372,2.2665
MZI,176,12,1.036876,2.4754
MZI,175,13,1.042112,2.4879
MZI,174,14,1.059868,2.5302
MZI,173,15,1.011907,2.4157
MZI,172,16,1.079532,2.5772
MZI,171,17,1.123569,2.6823
MZI,170,18,1.120348,2.6746
MZI,169,19,1.112178,2.6551
MZI,168,20,1.112695,2.6564
MZI,167,21,1.113400,2.6580
MZI,166,22,1.104544,2.6369
MZI,165,23,1.106496,2.6416
MZI,164,24,1.127346,2.6913
MZI,163,25,1.135852,2.7116
MZI,162,26,1.102140,2.6312
MZI,161,27,1.063815,2.5397
MZI,160,28,1.021137,2.4378
MZI,159,29,0.976008,2.3300
MZI,158,30,0.894551,2.1356
MZI,157,31,0.848138,2.0248
MZI,156,32,0.830638,1.9830
MZI,155,33,0.948202,2.2637
MZI,154,34,1.038087,2.4782
MZI,153,35,1.111106,2.6526
MZI,152,36,0.995866,2.3775
MZI,151,37,0.885257,2.1134
MZI,150,38,0.982705,2.3460
MZI,149,39,1.057711,2.5251
MZI,148,40,1.093175,2.6098
MZI,147,41,1.117667,2.6682
MZI,146,42,1.107980,2.6451
MZI,145,43,0.996121,2.3781
MZI,144,44,0.873599,2.0856
MZI,143,45,0.883614,2.1095
MZI,142,46,0.934681,2.2314
MZI,141,47,0.957227,2.2852
MZI,140,48,0.014083,0.0336
MZI,139,49,0.509559,1.2165
MZI,138,50,0.733645,1.7514
MZI,137,51,0.234519,0.5599
MZI,136,52,0.466957,1.1148
MZI,135,53,0.787511,1.8800
MZI,134,54,1.521032,3.6312
MZI,133,55,-0.357567,-0.8536
MZI,132,56,0.871340,2.0802
MZI,131,57,1.840878,4.3948
MZI,130,58,1.425001,3.4019
MZI,129,59,1.592520,3.8019
MZI,128,60,2.247810,5.3663
MZI,127,61,1.846300,4.4077
MZI,126,62,1.271687,3.0359
MZI,125,63,0.289873,0.6920
MZI,124,64,-2.037981,-4.8653
MZI,123,65,1.314387,3.1379
MZI,122,66,1.156676,2.7614
MZI,121,67,1.218071,2.9079
MZI,120,68,0.687425,1.6411
MZI,119,69,0.875938,2.0911
MZI,118,70,-0.266473,-0.6362
MZI,117,71,-0.004832,-0.0115
MZI,116,72,0.173742,0.4148
MZI,115,73,1.040506,2.4840
MZI,114,74,-1.692274,-4.0400
MZI,113,75,-0.096436,-0.2302
MZI,112,76,0.962031,2.2967
MZI,111,77,0.856846,2.0456
MZI,110,78,-2.359940,-5.6339
MZI,109,79,0.808270,1.9296
MZI,108,80,0.467496,1.1161
MZI,107,81,0.412382,0.9845
MZI,106,82,0.404339,0.9653
MZI,105,83,-0.045325,-0.1082
MZI,104,84,2.021677,4.8264
MZI,103,85,0.447703,1.0688
MZI,102,86,-0.349604,-0.8346
MZI,101,87,0.450959,1.0766
MZI,100,88,0.481184,1.1487
MZI,99,89,-0.196150,-0.4683
MZI,98,90,0.150140,0.3584
MZI,97,91,0.650854,1.5538
MZI,96,92,0.428163,1.0222
MZI,95,93,0.353173,0.8431
MZI,94,94,0.343046,0.8190
MZI,93,95,0.322175,0.7691
MZI,92,96,0.297000,0.7090
MZI,91,97,0.400888,0.9571
MZI,90,98,0.803227,1.9176
MZI,89,99,2.364434,5.6447
MZI,88,100,-0.842764,-2.0120
MZI,87,101,-1.297998,-3.0987
MZI,86,102,-1.015478,-2.4243
MZI,85,103,-0.349721,-0.8349
MZI,84,104,0.565999,1.3512
MZI,83,105,-0.165254,-0.3945
MZI,82,106,-0.678793,-1.6205
MZI,81,107,-0.781777,-1.8664
MZI,80,108,0.358090,0.8549
MZI,79,109,-2.300827,-5.4928
MZI,78,110,0.352301,0.8411
MZI,77,111,0.923424,2.2045
MZI,76,112,1.863775,4.4494
MZI,75,113,-0.665392,-1.5885
MZI,74,114,-0.822078,-1.9626
MZI,73,115,0.344983,0.8236
MZI,72,116,-0.116322,-0.2777
MZI,71,117,-0.685063,-1.6355
MZI,70,118,-1.409332,-3.3645
MZI,69,119,1.163976,2.7788
MZI,68,120,3.129765,7.4718
MZI,67,121,1.027985,2.4541
MZI,66,122,-1.029603,-2.4580
MZI,65,123,0.577802,1.3794
MZI,64,124,0.353512,0.8439
MZI,63,125,-2.339206,-5.5844
MZI,62,126,-1.460960,-3.4878
MZI,61,127,2.873705,6.8605
MZI,60,128,-0.663822,-1.5848
MZI,59,129,-2.351844,-5.6146
MZI,58,130,-1.569720,-3.7474
MZI,57,131,-1.906432,-4.5513
MZI,56,132,-0.244759,-0.5843
MZI,55,133,-1.698571,-4.0550
MZI,54,134,-2.488009,-5.9397
MZI,53,135,-0.622736,-1.4867
MZI,52,136,0.512895,1.2244
MZI,51,137,0.154647,0.3692
MZI,50,138,2.237976,5.3428
MZI,49,139,-1.948088,-4.6507
MZI,48,140,-2.177291,-5.1979
MZI,47,141,-1.230879,-2.9385
MZI,46,142,0.997103,2.3804
MZI,45,143,-2.434356,-5.8116
MZI,44,144,0.197222,0.4708
MZI,43,145,2.693494,6.4302
MZI,42,146,-0.487910,-1.1648
MZI,41,147,-1.568684,-3.7450
MZI,40,148,2.698183,6.4414
MZI,39,149,2.008351,4.7946
MZI,38,150,2.794175,6.6706
MZI,37,151,-1.499783,-3.5805
MZI,36,152,0.911148,2.1752
MZI,35,153,-2.525122,-6.0283
MZI,34,154,-1.239709,-2.9596
MZI,33,155,-2.552657,-6.0940
MZI,32,156,-2.606301,-6.2221
MZI,31,157,-2.535950,-6.0541
MZI,30,158,1.737439,4.1478
MZI,29,159,-0.665697,-1.5892
MZI,28,160,2.428161,5.7968
MZI,27,161,2.242835,5.3544
MZI,26,162,-1.094832,-2.6137
MZI,25,163,1.907302,4.5533
MZI,24,164,2.262401,5.4011
MZI,23,165,-1.127105,-2.6908
MZI,22,166,1.846277,4.4077
MZI,21,167,-2.979472,-7.1130
MZI,20,168,-2.975150,-7.1026
MZI,19,169,-0.793632,-1.8947
MZI,18,170,-2.250935,-5.3737
MZI,17,171,2.150297,5.1335
MZI,16,172,0.673188,1.6071
MZI,15,173,-2.443582,-5.8336
MZI,14,174,3.120807,7.4504
MZI,13,175,-1.521191,-3.6316
MZI,12,176,1.333437,3.1833
MZI,11,177,-0.170144,-0.4062
MZI,10,178,0.369499,0.8821
MZI,9,179,0.781571,1.8659
MZI,8,180,-0.282964,-0.6755
MZI,7,181,-0.961782,-2.2961
MZI,6,182,-0.785181,-1.8745
MZI,5,183,2.995819,7.1520
MZI,4,184,1.642214,3.9205
MZI,3,185,1.536056,3.6671
MZI,2,186,-1.840216,-4.3932
MZI,1,187,-1.877094,-4.4812
MZI,0,188,2.067449,4.9357
MZI,190,0,-2.418344,-5.7734
MZI,189,1,1.229883,2.9361
MZI,188,2,1.551110,3.7030
MZI,187,3,1.662665,3.9693
MZI,186,4,1.790693,4.2750
MZI,185,5,1.817857,4.3398
MZI,184,6,0.131130,0.3130
MZI,183,7,2.200991,5.2545
MZI,182,8,1.622750,3.8740
MZI,181,9,1.954157,4.6652
MZI,180,10,2.066913,4.9344
MZI,179,11,2.096241,5.0044
MZI,178,12,2.217456,5.2938
MZI,177,13,2.308201,5.5104
MZI,176,14,2.318406,5.5348
MZI,175,15,2.339949,5.5862
MZI,174,16,2.298813,5.4880
MZI,173,17,2.370774,5.6598
MZI,172,18,2.413830,5.7626
MZI,171,19,2.409320,5.7518
MZI,170,20,2.401749,5.7338
MZI,169,21,2.404744,5.7409
MZI,168,22,2.403430,5.7378
MZI,167,23,2.394078,5.7154
MZI,166,24,2.391728,5.7098
MZI,165,25,2.409793,5.7530
MZI,164,26,2.408575,5.7500
MZI,163,27,2.366552,5.6497
MZI,162,28,2.326765,5.5547
MZI,161,29,2.286143,5.4578
MZI,160,30,2.271540,5.4229
MZI,159,31,2.217423,5.2937
MZI,158,32,2.194162,5.2382
MZI,157,33,2.160342,5.1574
MZI,156,34,2.262541,5.4014
MZI,155,35,2.344452,5.5970
MZI,154,36,2.418468,5.7737
MZI,153,37,2.208815,5.2732
MZI,152,38,2.224551,5.3107
MZI,151,39,2.363788,5.6431
MZI,150,40,2.457109,5.8659
MZI,149,41,2.501826,5.9727
MZI,148,42,2.535979,6.0542
MZI,147,43,2.547772,6.0824
MZI,146,44,2.261346,5.3986
MZI,145,45,2.041091,4.8727
MZI,144,46,2.142292,5.1143
MZI,143,47,2.227164,5.3170
MZI,142,48,2.129231,5.0832
MZI,141,49,1.503639,3.5897
MZI,140,50,-0.641442,-1.5313
MZI,139,51,2.147494,5.1268
MZI,138,52,2.132450,5.0909
MZI,137,53,2.414161,5.7634
MZI,136,54,2.895033,6.9114
MZI,135,55,-2.860522,-6.8290
MZI,134,56,1.866837,4.4567
MZI,133,57,-1.546724,-3.6925
MZI,132,58,-2.977627,-7.1086
MZI,131,59,2.956110,7.0572
MZI,130,60,-2.366938,-5.6506
MZI,129,61,-3.137564,-7.4904
MZI,128,62,2.849071,6.8017
MZI,127,63,2.632023,6.2835
MZI,126,64,0.517397,1.2352
MZI,125,65,1.433512,3.4223
MZI,124,66,1.991044,4.7533
MZI,123,67,2.119355,5.0596
MZI,122,68,2.592695,6.1896
MZI,121,69,1.546247,3.6914
MZI,120,70,2.210939,5.2782
MZI,119,71,0.641454,1.5314
MZI,118,72,1.483578,3.5418
MZI,117,73,1.849252,4.4148
MZI,116,74,2.005511,4.7878
MZI,115,75,1.196603,2.8567
MZI,114,76,1.241422,2.9637
MZI,113,77,2.867989,6.8468
MZI,112,78,-2.451060,-5.8515
MZI,111,79,1.183230,2.8248
MZI,110,80,-2.419263,-5.7756
MZI,109,81,2.548006,6.0829
MZI,108,82,2.404726,5.7409
MZI,107,83,2.856135,6.8185
MZI,106,84,-1.805091,-4.3093
MZI,105,85,-2.593034,-6.1904
MZI,104,86,-0.644153,-1.5378
MZI,103,87,-1.418040,-3.3853
MZI,102,88,2.002863,4.7815
MZI,101,89,2.019350,4.8208
MZI,100,90,2.438352,5.8211
MZI,99,91,1.418507,3.3864
MZI,98,92,0.773204,1.8459
MZI,97,93,1.036850,2.4753
MZI,96,94,1.281447,3.0592
MZI,95,95,1.399364,3.3407
MZI,94,96,1.447156,3.4548
MZI,93,97,1.574606,3.7591
MZI,92,98,1.850670,4.4181
MZI,91,99,2.132139,5.0901
MZI,90,100,1.390984,3.3207
MZI,89,101,0.327553,0.7820
MZI,88,102,0.218371,0.5213
MZI,87,103,-2.996487,-7.1536
MZI,86,104,0.748239,1.7863
MZI,85,105,-1.144160,-2.7315
MZI,84,106,-2.206086,-5.2666
MZI,83,107,2.469385,5.8952
MZI,82,108,1.727135,4.1232
MZI,81,109,1.463978,3.4950
MZI,80,110,0.978594,2.3362
MZI,79,111,2.936772,7.0110
MZI,78,112,-0.487969,-1.1649
MZI,77,113,-2.902830,-6.9300
MZI,76,114,-1.054084,-2.5164
MZI,75,115,-3.015656,-7.1993
MZI,74,116,1.574409,3.7586
MZI,73,117,1.467074,3.5024
MZI,72,118,-0.691170,-1.6500
MZI,71,119,1.284031,3.0654
MZI,70,120,2.943515,7.0271
MZI,69,121,0.599933,1.4322
MZI,68,122,-3.075759,-7.3428
MZI,67,123,1.699568,4.0574
MZI,66,124,-0.070921,-0.1693
MZI,65,125,-0.457426,-1.0920
MZI,64,126,2.990128,7.1384
MZI,63,127,2.794107,6.6704
MZI,62,128,2.241353,5.3508
MZI,61,129,1.764200,4.2117
MZI,60,130,2.242366,5.3533
MZI,59,131,-0.011659,-0.0278
MZI,58,132,-1.431484,-3.4174
MZI,57,133,0.995657,2.3770
MZI,56,134,0.587181,1.4018
MZI,55,135,-1.307026,-3.1203
MZI,54,136,-1.202816,-2.8715
MZI,53,137,-0.798646,-1.9066
MZI,52,138,0.526558,1.2571
MZI,51,139,2.195010,5.2402
MZI,50,140,-1.699495,-4.0572
MZI,49,141,-0.294422,-0.7029
MZI,48,142,0.345447,0.8247
MZI,47,143,-2.035174,-4.8586
MZI,46,144,0.351635,0.8395
MZI,45,145,0.296352,0.7075
MZI,44,146,-0.763124,-1.8218
MZI,43,147,0.476773,1.1382
MZI,42,148,-0.827568,-1.9757
MZI,41,149,1.782781,4.2561
MZI,40,150,2.079396,4.9642
MZI,39,151,2.500215,5.9688
MZI,38,152,-0.376210,-0.8981
MZI,37,153,-0.640473,-1.5290
MZI,36,154,0.986170,2.3543
MZI,35,155,-2.134112,-5.0948
MZI,34,156,-1.758144,-4.1973
MZI,33,157,0.838356,2.0014
MZI,32,158,-1.685859,-4.0247
MZI,31,159,1.025941,2.4493
MZI,30,160,0.134863,0.3220
MZI,29,161,-2.537599,-6.0581
MZI,28,162,-1.899563,-4.5349
MZI,27,163,2.814269,6.7186
MZI,26,164,-2.166879,-5.1730
MZI,25,165,-0.681387,-1.6267
MZI,24,166,1.130443,2.6987
MZI,23,167,1.096755,2.6183
MZI,22,168,2.507583,5.9864
MZI,21,169,1.964441,4.6898
MZI,20,170,1.202055,2.8697
MZI,19,171,2.634471,6.2893
MZI,18,172,1.357241,3.2402
MZI,17,173,-1.040309,-2.4836
MZI,16,174,-2.439546,-5.8240
MZI,15,175,-0.484795,-1.1574
MZI,14,176,-0.128820,-0.3075
MZI,13,177,-1.291167,-3.0824
MZI,12,178,-1.509623,-3.6040
MZI,11,179,0.777235,1.8555
MZI,10,180,0.641356,1.5311
MZI,9,181,0.225141,0.5375
MZI,8,182,2.504411,5.9788
MZI,7,183,0.019225,0.0459
MZI,6,184,-0.113757,-0.2716
MZI,5,185,-0.829098,-1.9793
MZI,4,186,2.911764,6.9513
MZI,3,187,-2.199121,-5.2500
MZI,2,188,1.602142,3.8248
MZI,1,189,2.897865,6.9181
MZI,0,190,1.013817,2.4203
MZI,192,0,-2.513090,-5.9996
MZI,191,1,1.301831,3.1079
MZI,190,2,1.091802,2.6065
MZI,189,3,1.320826,3.1532
MZI,188,4,1.361808,3.2511
MZI,187,5,1.427699,3.4084
MZI,186,6,1.403134,3.3497
MZI,185,7,1.288904,3.0770
MZI,184,8,3.004606,7.1730
MZI,183,9,1.259216,3.0062
MZI,182,10,1.462512,3.4915
MZI,181,11,1.532632,3.6589
MZI,180,12,1.535195,3.6650
MZI,179,13,1.637351,3.9089
MZI,178,14,1.714868,4.0939
MZI,177,15,1.714170,4.0923
MZI,176,16,1.725075,4.1183
MZI,175,17,1.682163,4.0159
MZI,174,18,1.747653,4.1722
MZI,173,19,1.778278,4.2453
MZI,172,20,1.766517,4.2172
MZI,171,21,1.754784,4.1892
MZI,170,22,1.750345,4.1786
MZI,169,23,1.742679,4.1603
MZI,168,24,1.720347,4.1070
MZI,167,25,1.702647,4.0648
MZI,166,26,1.703020,4.0657
MZI,165,27,1.681107,4.0133
MZI,164,28,1.625772,3.8812
MZI,163,29,1.577536,3.7661
MZI,162,30,1.523313,3.6366
MZI,161,31,1.539227,3.6746
MZI,160,32,1.492199,3.5624
MZI,159,33,1.445018,3.4497
MZI,158,34,1.373413,3.2788
MZI,157,35,1.494990,3.5690
MZI,156,36,1.590393,3.7968
MZI,155,37,1.675271,3.9994
MZI,154,38,1.237559,2.9545
MZI,153,39,1.553415,3.7085
MZI,152,40,1.727915,4.1251
MZI,151,41,1.854579,4.4275
MZI,150,42,1.927969,4.6027
MZI,149,43,2.018869,4.8197
MZI,148,44,2.280906,5.4453
MZI,147,45,0.221317,0.5284
MZI,146,46,0.907677,2.1669
MZI,145,47,1.249243,2.9823
MZI,144,48,1.368912,3.2680
MZI,143,49,1.205137,2.8771
MZI,142,50,1.223373,2.9206
MZI,141,51,1.536789,3.6688
MZI,140,52,-2.297736,-5.4854
MZI,139,53,-2.932021,-6.9997
MZI,138,54,3.091778,7.3811
MZI,137,55,2.678509,6.3945
MZI,136,56,1.936676,4.6235
MZI,135,57,1.384410,3.3050
MZI,134,58,1.655438,3.9521
MZI,133,59,1.405730,3.3559
MZI,132,60,1.066306,2.5456
MZI,131,61,-2.127375,-5.0787
MZI,130,62,2.088781,4.9866
MZI,129,63,1.293371,3.0877
MZI,128,64,2.219269,5.2981
MZI,127,65,-0.568866,-1.3581
MZI,126,66,0.222903,0.5321
MZI,125,67,0.773494,1.8466
MZI,124,68,1.165299,2.7819
MZI,123,69,1.881219,4.4911
MZI,122,70,0.068231,0.1629
MZI,121,71,1.188873,2.8382
MZI,120,72,0.210711,0.5030
MZI,119,73,0.761898,1.8189
MZI,118,74,0.881725,2.1050
MZI,117,75,0.871554,2.0807
MZI,116,76,0.646019,1.5423
MZI,115,77,-1.316858,-3.1438
MZI,114,78,1.774971,4.2374
MZI,113,79,1.852698,4.4230
MZI,112,80,0.408370,0.9749
MZI,111,81,1.342995,3.2062
MZI,110,82,2.865742,6.8415
MZI,109,83,1.702023,4.0633
MZI,108,84,1.065497,2.5437
MZI,107,85,0.009298,0.0222
MZI,106,86,0.062625,0.1495
MZI,105,87,-0.077580,-0.1852
MZI,104,88,0.057204,0.1366
MZI,103,89,1.486637,3.5491
MZI,102,90,2.481672,5.9246
MZI,101,91,1.157943,2.7644
MZI,100,92,-0.062048,-0.1481
MZI,99,93,-0.855468,-2.0423
MZI,98,94,-1.217688,-2.9070
MZI,97,95,-1.227235,-2.9298
MZI,96,96,-0.908474,-2.1688
MZI,95,97,-0.380760,-0.9090
MZI,94,98,0.360158,0.8598
MZI,93,99,0.496365,1.1850
MZI,92,100,0.220259,0.5258
MZI,91,101,-0.284942,-0.6802
MZI,90,102,2.837934,6.7751
MZI,89,103,-0.483278,-1.1537
MZI,88,104,-0.516347,-1.2327
MZI,87,105,-1.146603,-2.7373
MZI,86,106,-0.005068,-0.0121
MZI,85,107,-0.341366,-0.8150
MZI,84,108,0.847695,2.0237
MZI,83,109,-2.151473,-5.1363
MZI,82,110,-1.397940,-3.3373
MZI,81,111,2.122349,5.0667
MZI,80,112,3.104037,7.4103
MZI,79,113,0.024733,0.0590
MZI,78,114,3.103690,7.4095
MZI,77,115,-1.397537,-3.3364
MZI,76,116,0.684583,1.6343
MZI,75,117,1.821841,4.3493
MZI,74,118,1.730483,4.1312
MZI,73,119,-0.858226,-2.0489
MZI,72,120,-1.070634,-2.5560
MZI,71,121,-2.727646,-6.5118
MZI,70,122,-0.207884,-0.4963
MZI,69,123,-3.045246,-7.2700
MZI,68,124,1.460765,3.4873
MZI,67,125,1.390907,3.3205
MZI,66,126,0.373176,0.8909
MZI,65,127,-1.533257,-3.6604
MZI,64,128,-2.109762,-5.0367
MZI,63,129,-2.905891,-6.9373
MZI,62,130,-2.142824,-5.1156
MZI,61,131,0.458006,1.0934
MZI,60,132,0.761655,1.8183
MZI,59,133,-3.114140,-7.4345
MZI,58,134,-1.876762,-4.4804
MZI,57,135,-1.054167,-2.5166
MZI,56,136,2.683933,6.4074
MZI,55,137,1.704393,4.0689
MZI,54,138,-0.083308,-0.1989
MZI,53,139,1.568764,3.7451
MZI,52,140,0.515719,1.2312
MZI,51,141,-0.646715,-1.5439
MZI,50,142,-2.080241,-4.9662
MZI,49,143,3.100284,7.4014
MZI,48,144,-1.780380,-4.2503
MZI,47,145,-0.253669,-0.6056
MZI,46,146,1.908287,4.5557
MZI,45,147,-2.423545,-5.7858
MZI,44,148,1.618183,3.8631
MZI,43,149,-2.299749,-5.4902
MZI,42,150,0.398456,0.9512
MZI,41,151,0.304693,0.7274
MZI,40,152,-0.684224,-1.6335
MZI,39,153,2.477001,5.9134
MZI,38,154,-3.083476,-7.3613
MZI,37,155,0.890854,2.1268
MZI,36,156,-2.473466,-5.9050
MZI,35,157,-1.595183,-3.8082
MZI,34,158,1.031469,2.4625
MZI,33,159,-0.463517,-1.1066
MZI,32,160,-2.755437,-6.5781
MZI,31,161,-0.415714,-0.9924
MZI,30,162,-2.419823,-5.7769
MZI,29,163,-0.092635,-0.2211
MZI,28,164,-0.024495,-0.0585
MZI,27,165,0.755592,1.8038
MZI,26,166,-0.464487,-1.1089
MZI,25,167,0.044978,0.1074
MZI,24,168,-3.059753,-7.3046
MZI,23,169,-1.871187,-4.4671
MZI,22,170,-2.654623,-6.3374
MZI,21,171,2.499825,5.9679
MZI,20,172,-0.537355,-1.2828
MZI,19,173,-1.575241,-3.7606
MZI,18,174,0.209726,0.5007
MZI,17,175,-0.793278,-1.8938
MZI,16,176,-0.426631,-1.0185
MZI,15,177,-1.419925,-3.3898
MZI,14,178,-1.587980,-3.7910
MZI,13,179,-2.777697,-6.6313
MZI,12,180,-2.704201,-6.4558
MZI,11,181,0.280700,0.6701
MZI,10,182,2.912008,6.9519
MZI,9,183,2.770333,6.6137
MZI,8,184,1.537556,3.6706
MZI,7,185,1.415843,3.3801
MZI,6,186,1.083117,2.5858
MZI,5,187,1.284786,3.0672
MZI,4,188,-0.297087,-0.7092
MZI,3,189,1.639105,3.9131
MZI,2,190,-2.887922,-6.8944
MZI,1,191,0.744576,1.7775
MZI,0,192,-0.392648,-0.9374
MZI,194,0,-2.163145,-5.1641
MZI,193,1,1.719468,4.1049
MZI,192,2,1.824601,4.3559
MZI,191,3,1.708782,4.0794
MZI,190,4,1.985090,4.7391
MZI,189,5,2.052073,4.8990
MZI,188,6,2.148738,5.1297
MZI,187,7,2.146904,5.1254
MZI,186,8,2.198776,5.2492
MZI,185,9,3.108039,7.4199
MZI,184,10,2.236969,5.3404
MZI,183,11,2.355179,5.6226
MZI,182,12,2.442444,5.8309
MZI,181,13,2.457278,5.8663
MZI,180,14,2.565708,6.1252
MZI,179,15,2.658212,6.3460
MZI,178,16,2.668079,6.3696
MZI,177,17,2.688948,6.4194
MZI,176,18,2.662376,6.3560
MZI,175,19,2.735298,6.5300
MZI,174,20,2.767419,6.6067
MZI,173,21,2.765468,6.6021
MZI,172,22,2.766114,6.6036
MZI,171,23,2.756681,6.5811
MZI,170,24,2.756159,6.5798
MZI,169,25,2.713218,6.4773
MZI,168,26,2.679818,6.3976
MZI,167,27,2.660552,6.3516
MZI,166,28,2.627542,6.2728
MZI,165,29,2.566633,6.1274
MZI,164,30,2.513917,6.0015
MZI,163,31,2.451014,5.8514
MZI,162,32,2.534238,6.0500
MZI,161,33,2.467516,5.8908
MZI,160,34,2.366300,5.6491
MZI,159,35,2.372624,5.6642
MZI,158,36,2.565007,6.1235
MZI,157,37,2.705760,6.4595
MZI,156,38,2.827220,6.7495
MZI,155,39,2.237198,5.3409
MZI,154,40,2.816676,6.7243
MZI,153,41,3.069252,7.3273
MZI,152,42,-2.979987,-7.1142
MZI,151,43,-2.833407,-6.7643
MZI,150,44,-2.655474,-6.3395
MZI,149,45,-2.438416,-5.8213
MZI,148,46,0.959631,2.2910
MZI,147,47,1.741747,4.1581
MZI,146,48,2.256778,5.3877
MZI,145,49,2.510135,5.9925
MZI,144,50,2.528239,6.0357
MZI,143,51,2.777550,6.6309
MZI,142,52,3.102103,7.4057
MZI,141,53,-3.034605,-7.2446
MZI,140,54,-2.615525,-6.2441
MZI,139,55,-2.903645,-6.9319
MZI,138,56,-3.112025,-7.4294
MZI,137,57,2.962925,7.0735
MZI,136,58,2.826185,6.7470
MZI,135,59,2.609017,6.2286
MZI,134,60,2.273361,5.4272
MZI,133,61,1.923430,4.5919
MZI,132,62,2.944980,7.0306
MZI,131,63,-1.377537,-3.2886
MZI,130,64,0.742388,1.7723
MZI,129,65,2.991384,7.1414
MZI,128,66,2.091192,4.9924
MZI,127,67,1.331772,3.1794
MZI,126,68,-0.949147,-2.2659
MZI,125,69,-2.029968,-4.8462
MZI,124,70,-2.597670,-6.2015
MZI,123,71,2.554063,6.0974
MZI,122,72,-2.886068,-6.8900
MZI,121,73,2.616911,6.2474
MZI,120,74,-2.568613,-6.1321
MZI,119,75,2.974815,7.1018
MZI,118,76,3.113561,7.4331
MZI,117,77,3.117874,7.4434
MZI,116,78,2.740313,6.5420
MZI,115,79,-3.038127,-7.2530
MZI,114,80,-3.084688,-7.3642
MZI,113,81,2.323407,5.5467
MZI,112,82,-2.464698,-5.8840
MZI,111,83,-2.487263,-5.9379
MZI,110,84,-1.800184,-4.2976
MZI,109,85,3.044948,7.2693
MZI,108,86,2.601916,6.2116
MZI,107,87,1.218326,2.9085
MZI,106,88,2.998137,7.1575
MZI,105,89,2.566071,6.1260
MZI,104,90,2.886290,6.8905
MZI,103,91,-2.622135,-6.2599
MZI,102,92,-1.216746,-2.9048
MZI,101,93,-0.111684,-0.2666
MZI,100,94,0.446434,1.0658
MZI,99,95,0.664983,1.5875
MZI,98,96,-1.846383,-4.4079
MZI,97,97,-2.408408,-5.7497
MZI,96,98,-3.095167,-7.3892
MZI,95,99,2.172207,5.1858
MZI,94,100,1.657323,3.9566
MZI,93,101,1.111399,2.6533
MZI,92,102,-0.193485,-0.4619
MZI,91,103,2.056402,4.9093
MZI,90,104,-2.351805,-5.6145
MZI,89,105,-3.048949,-7.2788
MZI,88,106,-3.024287,-7.2200
MZI,87,107,0.272649,0.6509
MZI,86,108,0.098051,0.2341
MZI,85,109,-1.902047,-4.5408
MZI,84,110,-1.776499,-4.2411
MZI,83,111,-2.453034,-5.8562
MZI,82,112,-2.400308,-5.7303
MZI,81,113,-2.223102,-5.3073
MZI,80,114,0.287793,0.6871
MZI,79,115,-1.157006,-2.7621
MZI,78,116,-1.740082,-4.1541
MZI,77,117,1.136216,2.7125
MZI,76,118,0.049445,0.1180
MZI,75,119,-2.196010,-5.2426
MZI,74,120,-1.937751,-4.6260
MZI,73,121,-0.872347,-2.0826
MZI,72,122,0.985779,2.3534
MZI,71,123,0.589263,1.4068
MZI,70,124,0.628256,1.4999
MZI,69,125,2.790149,6.6610
MZI,68,126,-1.466708,-3.5015
MZI,67,127,-1.757866,-4.1966
MZI,66,128,-0.936580,-2.2359
MZI,65,129,0.682101,1.6284
MZI,64,130,2.221154,5.3026
MZI,63,131,0.691196,1.6501
MZI,62,132,2.882963,6.8826
MZI,61,133,-0.785904,-1.8762
MZI,60,134,-1.056322,-2.5218
MZI,59,135,-2.004463,-4.7853
MZI,58,136,2.993528,7.1465
MZI,57,137,-0.797128,-1.9030
MZI,56,138,-2.812723,-6.7149
MZI,55,139,-2.046802,-4.8864
MZI,54,140,1.615552,3.8568
MZI,53,141,-1.899897,-4.5357
MZI,52,142,2.383254,5.6896
MZI,51,143,-0.805848,-1.9238
MZI,50,144,-1.636829,-3.9076
MZI,49,145,2.596452,6.1986
MZI,48,146,2.787575,6.6548
MZI,47,147,-2.369026,-5.6556
MZI,46,148,-2.790098,-6.6609
MZI,45,149,-1.764742,-4.2130
MZI,44,150,-2.048031,-4.8893
MZI,43,151,1.769944,4.2254
MZI,42,152,0.516901,1.2340
MZI,41,153,1.833388,4.3769
MZI,40,154,2.440671,5.8267
MZI,39,155,-1.791053,-4.2758
MZI,38,156,-0.447964,-1.0694
MZI,37,157,2.159381,5.1551
MZI,36,158,2.225382,5.3127
MZI,35,159,0.665713,1.5893
MZI,34,160,-2.061611,-4.9217
MZI,33,161,-2.885251,-6.8880
MZI,32,162,2.772488,6.6188
MZI,31,163,1.763671,4.2105
MZI,30,164,-0.819909,-1.9574
MZI,29,165,0.953077,2.2753
MZI,28,166,-1.161747,-2.7735
MZI,27,167,-1.863506,-4.4488
MZI,26,168,-1.921288,-4.5867
MZI,25,169,-2.307904,-5.5097
MZI,24,170,-0.271621,-0.6484
MZI,23,171,-2.491616,-5.9483
MZI,22,172,-2.594029,-6.1928
MZI,21,173,-3.012126,-7.1909
MZI,20,174,2.544879,6.0755
MZI,19,175,2.799012,6.6821
MZI,18,176,2.726758,6.5097
MZI,17,177,-1.582844,-3.7788
MZI,16,178,-1.333134,-3.1826
MZI,15,179,2.294948,5.4788
MZI,14,180,-2.137381,-5.1026
MZI,13,181,0.719221,1.7170
MZI,12,182,-0.691165,-1.6500
MZI,11,183,-1.806296,-4.3122
MZI,10,184,3.123373,7.4565
MZI,9,185,-2.983896,-7.1235
MZI,8,186,-3.054379,-7.2918
MZI,7,187,0.228463,0.5454
MZI,6,188,-1.473139,-3.5169
MZI,5,189,-2.384181,-5.6918
MZI,4,190,-0.559595,-1.3359
MZI,3,191,1.695508,4.0477
MZI,2,192,-2.135349,-5.0978
MZI,1,193,0.147504,0.3521
MZI,0,194,-1.225340,-2.9253
MZI,196,0,-2.464955,-5.8846
MZI,195,1,1.552844,3.7071
MZI,194,2,1.229956,2.9363
MZI,193,3,1.157652,2.7637
MZI,192,4,0.938080,2.2395
MZI,191,5,1.163985,2.7788
MZI,190,6,1.166567,2.7850
MZI,189,7,1.224001,2.9221
MZI,188,8,1.182610,2.8233
MZI,187,9,1.232926,2.9434
MZI,186,10,1.383362,3.3025
MZI,185,11,1.246935,2.9768
MZI,184,12,1.301033,3.1060
MZI,183,13,1.388937,3.3158
MZI,182,14,1.391771,3.3226
MZI,181,15,1.481247,3.5362
MZI,180,16,1.579142,3.7699
MZI,179,17,1.576365,3.7633
MZI,178,18,1.595439,3.8088
MZI,177,19,1.565888,3.7383
MZI,176,20,1.642446,3.9210
MZI,175,21,1.666756,3.9791
MZI,174,22,1.674373,3.9973
MZI,173,23,1.693308,4.0425
MZI,172,24,1.661355,3.9662
MZI,171,25,1.698400,4.0546
MZI,170,26,1.569654,3.7473
MZI,169,27,1.465144,3.4978
MZI,168,28,1.359599,3.2458
MZI,167,29,1.285669,3.0693
MZI,166,30,1.185751,2.8308
MZI,165,31,1.100775,2.6279
MZI,164,32,1.045812,2.4967
MZI,163,33,1.242496,2.9662
MZI,162,34,1.074704,2.5657
MZI,161,35,0.958388,2.2880
MZI,160,36,1.180931,2.8193
MZI,159,37,1.394382,3.3288
MZI,158,38,1.572853,3.7549
MZI,157,39,1.765417,4.2146
MZI,156,40,1.207460,2.8826
MZI,155,41,1.657507,3.9570
MZI,154,42,1.992543,4.7568
MZI,153,43,2.102532,5.0194
MZI,152,44,2.081417,4.9690
MZI,151,45,2.014967,4.8104
MZI,150,46,1.680118,4.0110
MZI,149,47,0.984313,2.3499
MZI,148,48,0.279223,0.6666
MZI,147,49,0.060262,0.1439
MZI,146,50,1.221205,2.9154
MZI,145,51,1.265593,3.0214
MZI,144,52,1.480054,3.5334
MZI,143,53,1.561065,3.7268
MZI,142,54,1.390996,3.3208
MZI,141,55,1.312351,3.1330
MZI,140,56,1.229875,2.9361
MZI,139,57,1.126003,2.6881
MZI,138,58,0.998764,2.3844
MZI,137,59,1.283785,3.0648
MZI,136,60,-0.592341,-1.4141
MZI,135,61,0.065027,0.1552
MZI,134,62,0.432300,1.0320
MZI,133,63,1.089977,2.6021
MZI,132,64,1.208582,2.8853
MZI,131,65,0.597835,1.4272
MZI,130,66,0.689775,1.6467
MZI,129,67,0.610025,1.4563
MZI,128,68,0.057149,0.1364
MZI,127,69,0.682254,1.6288
MZI,126,70,1.183898,2.8263
MZI,125,71,1.332465,3.1810
MZI,124,72,1.270362,3.0328
MZI,123,73,1.232081,2.9414
MZI,122,74,0.803042,1.9171
MZI,121,75,-3.058490,-7.3016
MZI,120,76,1.035166,2.4713
MZI,119,77,0.911028,2.1749
MZI,118,78,0.830148,1.9818
MZI,117,79,-0.931447,-2.2237
MZI,116,80,0.065677,0.1568
MZI,115,81,-0.002172,-0.0052
MZI,114,82,-1.063881,-2.5398
MZI,113,83,0.952220,2.2733
MZI,112,84,0.759413,1.8130
MZI,111,85,1.533887,3.6619
MZI,110,86,-0.358749,-0.8564
MZI,109,87,0.191875,0.4581
MZI,108,88,-2.085256,-4.9782
MZI,107,89,1.254982,2.9960
MZI,106,90,-0.846341,-2.0205
MZI,105,91,-1.294943,-3.0914
MZI,104,92,0.626664,1.4961
MZI,103,93,0.084225,0.2011
MZI,102,94,-0.984253,-2.3497
MZI,101,95,-1.794607,-4.2843
MZI,100,96,-2.604833,-6.2186
MZI,99,97,-0.593689,-1.4173
MZI,98,98,-0.529396,-1.2638
MZI,97,99,-0.472023,-1.1269
MZI,96,100,-0.450386,-1.0752
MZI,95,101,-0.611047,-1.4588
MZI,94,102,-0.969606,-2.3148
MZI,93,103,1.499646,3.5801
MZI,92,104,2.854446,6.8145
MZI,91,105,0.926582,2.2121
MZI,90,106,1.784133,4.2593
MZI,89,107,-1.444692,-3.4489
MZI,88,108,-1.211784,-2.8929
MZI,87,109,-1.757277,-4.1952
MZI,86,110,-0.005965,-0.0142
MZI,85,111,-1.002979,-2.3944
MZI,84,112,-2.502414,-5.9741
MZI,83,113,-1.584924,-3.7837
MZI,82,114,2.771548,6.6166
MZI,81,115,-2.018853,-4.8197
MZI,80,116,-0.564836,-1.3484
MZI,79,117,-1.760217,-4.2022
MZI,78,118,-0.839272,-2.0036
MZI,77,119,-2.251662,-5.3754
MZI,76,120,-2.022769,-4.8290
MZI,75,121,3.042082,7.2624
MZI,74,122,2.558670,6.1084
MZI,73,123,2.300345,5.4917
MZI,72,124,-0.665400,-1.5885
MZI,71,125,2.557095,6.1046
MZI,70,126,-3.129949,-7.4722
MZI,69,127,1.986452,4.7423
MZI,68,128,1.792275,4.2787
MZI,67,129,1.130201,2.6982
MZI,66,130,2.561606,6.1154
MZI,65,131,0.980667,2.3412
MZI,64,132,1.405869,3.3563
MZI,63,133,-0.881370,-2.1041
MZI,62,134,2.884776,6.8869
MZI,61,135,1.711150,4.0851
MZI,60,136,2.022733,4.8289
MZI,59,137,-2.721468,-6.4970
MZI,58,138,0.062102,0.1483
MZI,57,139,-3.019871,-7.2094
MZI,56,140,1.579866,3.7717
MZI,55,141,-1.829790,-4.3683
MZI,54,142,1.160582,2.7707
MZI,53,143,-1.288695,-3.0765
MZI,52,144,0.437317,1.0440
MZI,51,145,-1.471942,-3.5140
MZI,50,146,-1.095314,-2.6149
MZI,49,147,-0.518309,-1.2374
MZI,48,148,-0.814602,-1.9447
MZI,47,149,-3.099146,-7.3987
MZI,46,150,2.091821,4.9939
MZI,45,151,1.533275,3.6604
MZI,44,152,0.488149,1.1654
MZI,43,153,1.897137,4.5291
MZI,42,154,-0.286592,-0.6842
MZI,41,155,-0.825498,-1.9707
MZI,40,156,-3.086973,-7.3696
MZI,39,157,-0.429116,-1.0244
MZI,38,158,2.229278,5.3220
MZI,37,159,1.044925,2.4946
MZI,36,160,0.577937,1.3797
MZI,35,161,-1.329815,-3.1747
MZI,34,162,2.168313,5.1765
MZI,33,163,0.876640,2.0928
MZI,32,164,1.651770,3.9433
MZI,31,165,-1.724916,-4.1179
MZI,30,166,-2.246899,-5.3641
MZI,29,167,-0.996271,-2.3784
MZI,28,168,-1.040889,-2.4849
MZI,27,169,-2.458334,-5.8688
MZI,26,170,2.813669,6.7171
MZI,25,171,-0.740936,-1.7689
MZI,24,172,-1.108863,-2.6472
MZI,23,173,0.256204,0.6116
MZI,22,174,0.411504,0.9824
MZI,21,175,0.581350,1.3879
MZI,20,176,2.165428,5.1696
MZI,19,177,-2.425624,-5.7908
MZI,18,178,-0.797981,-1.9050
MZI,17,179,-1.306548,-3.1192
MZI,16,180,0.428710,1.0235
MZI,15,181,2.522929,6.0230
MZI,14,182,0.929834,2.2198
MZI,13,183,-1.045555,-2.4961
MZI,12,184,0.414297,0.9891
MZI,11,185,1.846188,4.4074
MZI,10,186,1.377730,3.2891
MZI,9,187,-0.608245,-1.4521
MZI,8,188,2.535113,6.0521
MZI,7,189,-2.506085,-5.9828
MZI,6,190,-1.886830,-4.5045
MZI,5,191,1.884120,4.4980
MZI,4,192,-1.649429,-3.9377
MZI,3,193,-1.439749,-3.4371
MZI,2,194,-1.460100,-3.4857
MZI,1,195,1.147893,2.7404
MZI,0,196,0.168997,0.4035
MZI,198,0,-2.558062,-6.1069
MZI,197,1,1.221165,2.9153
MZI,196,2,1.368644,3.2674
MZI,195,3,1.073558,2.5629
MZI,194,4,1.046828,2.4991
MZI,193,5,0.893182,2.1323
MZI,192,6,1.168209,2.7889
MZI,191,7,1.180976,2.8194
MZI,190,8,1.256778,3.0003
MZI,189,9,1.215699,2.9023
MZI,188,10,1.300172,3.1039
MZI,187,11,1.379901,3.2943
MZI,186,12,1.323682,3.1601
MZI,185,13,1.361429,3.2502
MZI,184,14,1.472605,3.5156
MZI,183,15,1.482580,3.5394
MZI,182,16,1.551128,3.7030
MZI,181,17,1.674411,3.9974
MZI,180,18,1.663064,3.9703
MZI,179,19,1.700031,4.0585
MZI,178,20,1.660433,3.9640
MZI,177,21,1.760239,4.2023
MZI,176,22,1.797818,4.2920
MZI,175,23,1.849066,4.4143
MZI,174,24,1.923829,4.5928
MZI,173,25,1.935398,4.6204
MZI,172,26,2.196943,5.2448
MZI,171,27,2.017893,4.8174
MZI,170,28,1.470025,3.5094
MZI,169,29,0.983352,2.3476
MZI,168,30,0.932001,2.2250
MZI,167,31,0.802796,1.9165
MZI,166,32,0.819796,1.9571
MZI,165,33,1.024132,2.4449
MZI,164,34,1.298917,3.1009
MZI,163,35,0.980664,2.3412
MZI,162,36,1.157107,2.7624
MZI,161,37,1.479296,3.5316
MZI,160,38,1.690011,4.0346
MZI,159,39,1.904298,4.5462
MZI,158,40,2.140418,5.1099
MZI,157,41,1.566353,3.7394
MZI,156,42,1.855694,4.4301
MZI,155,43,2.062512,4.9239
MZI,154,44,1.961129,4.6819
MZI,153,45,1.951270,4.6583
MZI,152,46,2.085730,4.9793
MZI,151,47,2.622675,6.2612
MZI,150,48,-1.925735,-4.5974
MZI,149,49,-0.925102,-2.2085
MZI,148,50,-1.284081,-3.0655
MZI,147,51,1.500150,3.5813
MZI,146,52,1.261791,3.0123
MZI,145,53,1.429135,3.4118
MZI,144,54,1.531088,3.6552
MZI,143,55,1.498985,3.5786
MZI,142,56,1.242032,2.9651
MZI,141,57,0.756982,1.8072
MZI,140,58,0.457595,1.0924
MZI,139,59,0.096546,0.2305
MZI,138,60,1.885921,4.5023
MZI,137,61,0.322295,0.7694
MZI,136,62,0.621919,1.4847
MZI,135,63,1.337010,3.1919
MZI,134,64,1.890230,4.5126
MZI,133,65,1.736753,4.1462
MZI,132,66,1.472957,3.5164
MZI,131,67,-0.182250,-0.4351
MZI,130,68,1.306547,3.1192
MZI,129,69,-2.595241,-6.1957
MZI,128,70,-0.270974,-0.6469
MZI,127,71,0.645415,1.5408
MZI,126,72,1.135365,2.7105
MZI,125,73,1.514234,3.6150
MZI,124,74,0.742325,1.7722
MZI,123,75,0.675214,1.6120
MZI,122,76,1.169598,2.7922
MZI,121,77,2.793489,6.6690
MZI,120,78,-2.234408,-5.3343
MZI,119,79,-0.568171,-1.3564
MZI,118,80,-0.100911,-0.2409
MZI,117,81,0.143228,0.3419
MZI,116,82,0.153069,0.3654
MZI,115,83,-0.110038,-0.2627
MZI,114,84,1.087140,2.5954
MZI,113,85,1.341095,3.2016
MZI,112,86,1.387488,3.3124
MZI,111,87,-1.588891,-3.7932
MZI,110,88,2.917391,6.9648
MZI,109,89,-0.718055,-1.7142
MZI,108,90,2.132784,5.0916
MZI,107,91,-1.321829,-3.1556
MZI,106,92,0.902834,2.1554
MZI,105,93,1.247490,2.9782
MZI,104,94,0.321748,0.7681
MZI,103,95,-0.475473,-1.1351
MZI,102,96,-0.412420,-0.9846
MZI,101,97,0.163262,0.3898
MZI,100,98,0.396715,0.9471
MZI,99,99,0.420720,1.0044
MZI,98,100,0.427337,1.0202
MZI,97,101,0.404019,0.9645
MZI,96,102,0.040082,0.0957
MZI,95,103,-1.376712,-3.2867
MZI,94,104,1.557803,3.7190
MZI,93,105,0.307710,0.7346
MZI,92,106,0.039481,0.0943
MZI,91,107,-0.899863,-2.1483
MZI,90,108,0.204306,0.4877
MZI,89,109,0.479189,1.1440
MZI,88,110,-1.458521,-3.4820
MZI,87,111,1.064426,2.5411
MZI,86,112,0.288735,0.6893
MZI,85,113,-0.894959,-2.1366
MZI,84,114,1.520837,3.6307
MZI,83,115,-0.721078,-1.7214
MZI,82,116,-0.553239,-1.3208
MZI,81,117,1.510789,3.6067
MZI,80,118,0.480487,1.1471
MZI,79,119,0.190805,0.4555
MZI,78,120,0.751062,1.7930
MZI,77,121,-1.206084,-2.8793
MZI,76,122,-1.302938,-3.1105
MZI,75,123,0.668612,1.5962
MZI,74,124,-1.150885,-2.7475
MZI,73,125,0.228815,0.5463
MZI,72,126,0.637076,1.5209
MZI,71,127,0.868493,2.0734
MZI,70,128,-1.434070,-3.4236
MZI,69,129,-0.115429,-0.2756
MZI,68,130,-2.924054,-6.9807
MZI,67,131,-2.100362,-5.0142
MZI,66,132,-2.054645,-4.9051
MZI,65,133,-1.010691,-2.4128
MZI,64,134,-0.461320,-1.1013
MZI,63,135,2.563025,6.1188
MZI,62,136,3.101676,7.4047
MZI,61,137,3.116521,7.4401
MZI,60,138,3.017434,7.2036
MZI,59,139,2.103901,5.0227
MZI,58,140,2.581297,6.1624
MZI,57,141,-0.928532,-2.2167
MZI,56,142,2.532662,6.0463
MZI,55,143,2.793159,6.6682
MZI,54,144,1.045580,2.4961
MZI,53,145,1.976642,4.7189
MZI,52,146,-0.620323,-1.4809
MZI,51,147,-0.889052,-2.1225
MZI,50,148,-0.326128,-0.7786
MZI,49,149,-0.573860,-1.3700
MZI,48,150,-2.590702,-6.1848
MZI,47,151,2.867511,6.8457
MZI,46,152,2.629677,6.2779
MZI,45,153,-1.899934,-4.5358
MZI,44,154,-2.697779,-6.4405
MZI,43,155,-1.316994,-3.1441
MZI,42,156,0.362071,0.8644
MZI,41,157,-1.200294,-2.8655
MZI,40,158,-1.322720,-3.1578
MZI,39,159,-0.924698,-2.2076
MZI,38,160,-1.399605,-3.3413
MZI,37,161,0.476882,1.1385
MZI,36,162,1.999126,4.7726
MZI,35,163,0.092984,0.2220
MZI,34,164,2.629371,6.2772
MZI,33,165,-1.398032,-3.3376
MZI,32,166,0.678088,1.6188
MZI,31,167,0.983974,2.3491
MZI,30,168,2.281813,5.4474
MZI,29,169,2.253853,5.3807
MZI,28,170,-2.013932,-4.8079
MZI,27,171,1.666247,3.9779
MZI,26,172,-0.432380,-1.0322
MZI,25,173,1.802052,4.3021
MZI,24,174,-0.339039,-0.8094
MZI,23,175,-0.205188,-0.4899
MZI,22,176,-1.789693,-4.2726
MZI,21,177,0.827761,1.9761
MZI,20,178,-0.599070,-1.4302
MZI,19,179,2.949721,7.0419
MZI,18,180,-2.996822,-7.1544
MZI,17,181,-0.586133,-1.3993
MZI,16,182,-0.049618,-0.1185
MZI,15,183,1.044781,2.4942
MZI,14,184,2.209783,5.2755
MZI,13,185,1.018863,2.4324
MZI,12,186,-0.532166,-1.2705
MZI,11,187,1.722763,4.1128
MZI,10,188,-0.766961,-1.8310
MZI,9,189,-2.725119,-6.5057
MZI,8,190,-2.944628,-7.0298
MZI,7,191,0.964327,2.3022
MZI,6,192,-1.489700,-3.5564
MZI,5,193,-1.861148,-4.4432
MZI,4,194,-1.758731,-4.1987
MZI,3,195,2.419409,5.7759
MZI,2,196,-2.888603,-6.8960
MZI,1,197,2.305326,5.5036
MZI,0,198,-3.081652,-7.3569
MZI,200,0,-2.392462,-5.7116
MZI,199,1,1.382509,3.3005
MZI,198,2,1.460523,3.4867
MZI,197,3,1.651627,3.9430
MZI,196,4,1.368394,3.2668
MZI,195,5,1.424227,3.4001
MZI,194,6,1.361878,3.2512
MZI,193,7,1.657253,3.9564
MZI,192,8,1.674427,3.9974
MZI,191,9,1.766749,4.2178
MZI,190,10,1.722343,4.1118
MZI,189,11,1.840345,4.3935
MZI,188,12,1.909326,4.5582
MZI,187,13,1.857994,4.4356
MZI,186,14,1.894574,4.5230
MZI,185,15,2.037791,4.8649
MZI,184,16,2.065174,4.9302
MZI,183,17,2.094542,5.0004
MZI,182,18,2.253101,5.3789
MZI,181,19,2.228623,5.3204
MZI,180,20,2.298091,5.4863
MZI,179,21,2.220104,5.3001
MZI,178,22,2.354772,5.6216
MZI,177,23,2.424667,5.7885
MZI,176,24,2.516245,6.0071
MZI,175,25,2.585748,6.1730
MZI,174,26,2.858717,6.8247
MZI,173,27,2.936033,7.0093
MZI,172,28,-2.407506,-5.7475
MZI,171,29,-1.179573,-2.8160
MZI,170,30,0.447002,1.0671
MZI,169,31,0.959700,2.2911
MZI,168,32,1.172205,2.7984
MZI,167,33,1.447167,3.4549
MZI,166,34,1.822019,4.3497
MZI,165,35,2.044865,4.8818
MZI,164,36,1.723716,4.1151
MZI,163,37,2.172196,5.1857
MZI,162,38,2.502519,5.9743
MZI,161,39,2.788122,6.6562
MZI,160,40,2.984873,7.1259
MZI,159,41,-3.121649,-7.4524
MZI,158,42,2.679545,6.3969
MZI,157,43,2.862448,6.8336
MZI,156,44,3.094169,7.3868
MZI,155,45,3.058517,7.3017
MZI,154,46,3.002418,7.1677
MZI,153,47,2.970497,7.0915
MZI,152,48,2.685388,6.4109
MZI,151,49,1.405339,3.3550
MZI,150,50,0.700739,1.6729
MZI,149,51,0.820349,1.9584
MZI,148,52,2.198447,5.2484
MZI,147,53,2.269486,5.4180
MZI,146,54,2.910846,6.9491
MZI,145,55,3.055594,7.2947
MZI,144,56,-2.963110,-7.0739
MZI,143,57,-1.373462,-3.2789
MZI,142,58,0.200156,0.4778
MZI,141,59,0.603497,1.4407
MZI,140,60,0.520134,1.2417
MZI,139,61,2.714910,6.4814
MZI,138,62,1.822382,4.3506
MZI,137,63,1.297978,3.0987
MZI,136,64,-2.752957,-6.5722
MZI,135,65,2.827074,6.7491
MZI,134,66,2.527259,6.0334
MZI,133,67,2.360232,5.6346
MZI,132,68,1.674769,3.9982
MZI,131,69,-2.977340,-7.1079
MZI,130,70,1.993469,4.7591
MZI,129,71,1.202196,2.8700
MZI,128,72,0.770411,1.8392
MZI,127,73,1.055508,2.5198
MZI,126,74,2.561907,6.1161
MZI,125,75,1.444388,3.4482
MZI,124,76,1.455707,3.4752
MZI,123,77,1.452476,3.4675
MZI,122,78,2.003751,4.7836
MZI,121,79,1.652537,3.9451
MZI,120,80,0.290104,0.6926
MZI,119,81,-0.153716,-0.3670
MZI,118,82,-0.146481,-0.3497
MZI,117,83,0.409115,0.9767
MZI,116,84,1.421789,3.3943
MZI,115,85,2.232836,5.3305
MZI,114,86,2.409797,5.7530
MZI,113,87,1.976363,4.7182
MZI,112,88,2.059082,4.9157
MZI,111,89,0.741897,1.7711
MZI,110,90,-0.540724,-1.2909
MZI,109,91,2.738112,6.5368
MZI,108,92,0.085007,0.2029
MZI,107,93,3.121703,7.4525
MZI,106,94,0.708028,1.6903
MZI,105,95,1.216444,2.9040
MZI,104,96,1.469170,3.5074
MZI,103,97,1.844294,4.4029
MZI,102,98,2.026510,4.8379
MZI,101,99,2.075121,4.9540
MZI,100,100,2.073339,4.9497
MZI,99,101,2.039036,4.8678
MZI,98,102,1.895223,4.5245
MZI,97,103,1.657738,3.9576
MZI,96,104,2.458922,5.8702
MZI,95,105,1.741383,4.1572
MZI,94,106,1.045823,2.4967
MZI,93,107,-0.385328,-0.9199
MZI,92,108,2.270891,5.4214
MZI,91,109,-3.068998,-7.3267
MZI,90,110,2.718938,6.4910
MZI,89,111,1.039254,2.4810
MZI,88,112,2.616604,6.2467
MZI,87,113,2.280583,5.4445
MZI,86,114,2.910818,6.9491
MZI,85,115,-2.997648,-7.1564
MZI,84,116,1.796620,4.2891
MZI,83,117,-0.066336,-0.1584
MZI,82,118,2.825823,6.7462
MZI,81,119,-0.716020,-1.7094
MZI,80,120,1.661186,3.9658
MZI,79,121,2.962979,7.0736
MZI,78,122,1.387157,3.3116
MZI,77,123,1.734144,4.1400
MZI,76,124,2.104974,5.0253
MZI,75,125,1.308719,3.1243
MZI,74,126,-1.736348,-4.1452
MZI,73,127,-2.250659,-5.3731
MZI,72,128,-3.067987,-7.3243
MZI,71,129,2.429133,5.7991
MZI,70,130,-0.515808,-1.2314
MZI,69,131,-0.706655,-1.6870
MZI,68,132,2.439283,5.8234
MZI,67,133,-2.952790,-7.0493
MZI,66,134,-2.613204,-6.2386
MZI,65,135,-0.951435,-2.2714
MZI,64,136,2.153112,5.1402
MZI,63,137,-2.725212,-6.5060
MZI,62,138,-2.092948,-4.9965
MZI,61,139,-1.620568,-3.8688
MZI,60,140,-0.320094,-0.7642
MZI,59,141,-2.717045,-6.4865
MZI,58,142,1.819661,4.3441
MZI,57,143,1.461961,3.4902
MZI,56,144,-0.789562,-1.8849
MZI,55,145,2.745877,6.5553
MZI,54,146,-1.127255,-2.6911
MZI,53,147,1.561419,3.7276
MZI,52,148,-3.100963,-7.4030
MZI,51,149,0.554370,1.3235
MZI,50,150,-1.367878,-3.2656
MZI,49,151,0.308054,0.7354
MZI,48,152,1.883792,4.4972
MZI,47,153,2.669179,6.3722
MZI,46,154,-1.174297,-2.8034
MZI,45,155,0.651415,1.5551
MZI,44,156,-1.859399,-4.4390
MZI,43,157,3.083485,7.3613
MZI,42,158,-1.323593,-3.1598
MZI,41,159,2.499796,5.9678
MZI,40,160,1.129601,2.6967
MZI,39,161,2.124947,5.0729
MZI,38,162,0.186965,0.4463
MZI,37,163,1.658385,3.9591
MZI,36,164,-0.445927,-1.0646
MZI,35,165,2.389410,5.7043
MZI,34,166,-0.607206,-1.4496
MZI,33,167,-0.535778,-1.2791
MZI,32,168,-2.532900,-6.0469
MZI,31,169,-2.895889,-6.9134
MZI,30,170,2.498119,5.9638
MZI,29,171,2.750668,6.5667
MZI,28,172,2.573438,6.1436
MZI,27,173,1.410315,3.3669
MZI,26,174,-0.623817,-1.4893
MZI,25,175,0.078810,0.1881
MZI,24,176,-1.477539,-3.5274
MZI,23,177,0.502471,1.1996
MZI,22,178,2.265269,5.4079
MZI,21,179,2.527959,6.0351
MZI,20,180,-3.049743,-7.2807
MZI,19,181,-2.818424,-6.7285
MZI,18,182,0.452000,1.0791
MZI,17,183,1.305657,3.1170
MZI,16,184,-0.278992,-0.6660
MZI,15,185,-0.273841,-0.6537
MZI,14,186,-0.140741,-0.3360
MZI,13,187,2.000137,4.7750
MZI,12,188,1.628727,3.8883
MZI,11,189,2.360973,5.6364
MZI,10,190,0.788815,1.8832
MZI,9,191,-0.674708,-1.6107
MZI,8,192,0.956387,2.2832
MZI,7,193,2.746204,6.5561
MZI,6,194,-1.691042,-4.0371
MZI,5,195,1.197191,2.8581
MZI,4,196,2.555700,6.1013
MZI,3,197,2.721842,6.4979
MZI,2,198,-3.005290,-7.1746
MZI,1,199,-3.128130,-7.4679
MZI,0,200,-1.274957,-3.0437
MZI,202,0,-2.536921,-6.0565
MZI,201,1,1.296723,3.0957
MZI,200,2,1.148830,2.7426
MZI,199,3,1.158352,2.7654
MZI,198,4,1.299154,3.1015
MZI,197,5,0.957868,2.2867
MZI,196,6,1.061966,2.5353
MZI,195,7,1.038625,2.4795
MZI,194,8,1.299266,3.1018
MZI,193,9,1.292266,3.0851
MZI,192,10,1.384537,3.3053
MZI,191,11,1.317668,3.1457
MZI,190,12,1.444057,3.4474
MZI,189,13,1.492721,3.5636
MZI,188,14,1.416343,3.3813
MZI,187,15,1.458820,3.4827
MZI,186,16,1.629044,3.8891
MZI,185,17,1.686234,4.0256
MZI,184,18,1.646268,3.9302
MZI,183,19,1.835938,4.3830
MZI,182,20,1.789309,4.2717
MZI,181,21,1.883319,4.4961
MZI,180,22,1.732344,4.1357
MZI,179,23,1.891159,4.5148
MZI,178,24,1.958827,4.6764
MZI,177,25,1.965841,4.6931
MZI,176,26,1.896263,4.5270
MZI,175,27,2.072686,4.9482
MZI,174,28,1.763729,4.2106
MZI,173,29,1.650681,3.9407
MZI,172,30,1.337050,3.1920
MZI,171,31,0.853789,2.0383
MZI,170,32,0.774446,1.8489
MZI,169,33,0.976934,2.3323
MZI,168,34,1.212155,2.8938
MZI,167,35,1.874474,4.4750
MZI,166,36,-1.991702,-4.7548
MZI,165,37,1.589313,3.7942
MZI,164,38,2.173282,5.1883
MZI,163,39,2.548804,6.0848
MZI,162,40,2.811148,6.7111
MZI,161,41,2.894835,6.9109
MZI,160,42,2.900904,6.9254
MZI,159,43,2.191044,5.2307
MZI,158,44,2.557438,6.1054
MZI,157,45,2.452366,5.8546
MZI,156,46,2.221981,5.3046
MZI,155,47,1.921869,4.5881
MZI,154,48,1.439609,3.4368
MZI,153,49,0.943342,2.2521
MZI,152,50,0.658142,1.5712
MZI,151,51,0.369112,0.8812
MZI,150,52,0.150065,0.3583
MZI,149,53,2.409309,5.7518
MZI,148,54,-2.919415,-6.9696
MZI,147,55,3.123885,7.4577
MZI,146,56,2.792685,6.6670
MZI,145,57,2.583578,6.1678
MZI,144,58,1.633210,3.8990
MZI,143,59,0.975216,2.3282
MZI,142,60,1.032702,2.4654
MZI,141,61,1.255353,2.9969
MZI,140,62,2.513804,6.0013
MZI,139,63,0.811244,1.9367
MZI,138,64,-0.385842,-0.9211
MZI,137,65,2.069653,4.9409
MZI,136,66,1.713775,4.0913
MZI,135,67,1.469360,3.5078
MZI,134,68,1.324175,3.1612
MZI,133,69,1.054840,2.5182
MZI,132,70,1.697618,4.0528
MZI,131,71,0.956599,2.2837
MZI,130,72,0.687746,1.6419
MZI,129,73,0.298350,0.7123
MZI,128,74,-0.843582,-2.0139
MZI,127,75,2.141311,5.1120
MZI,126,76,0.864261,2.0633
MZI,125,77,0.651067,1.5543
MZI,124,78,-1.619162,-3.8655
MZI,123,79,0.265698,0.6343
MZI,122,80,0.874138,2.0869
MZI,121,81,0.952439,2.2738
MZI,120,82,-1.012841,-2.4180
MZI,119,83,0.553678,1.3218
MZI,118,84,0.586040,1.3991
MZI,117,85,0.531107,1.2679
MZI,116,86,1.518264,3.6246
MZI,115,87,1.482592,3.5394
MZI,114,88,0.620824,1.4821
MZI,113,89,0.749927,1.7903
MZI,112,90,-1.058186,-2.5262
MZI,111,91,0.409613,0.9779
MZI,110,92,1.908770,4.5569
MZI,109,93,-1.661687,-3.9670
MZI,108,94,1.946214,4.6462
MZI,107,95,0.391227,0.9340
MZI,106,96,0.654545,1.5626
MZI,105,97,0.394934,0.9428
MZI,104,98,1.226347,2.9277
MZI,103,99,1.572572,3.7542
MZI,102,100,1.884116,4.4980
MZI,101,101,2.065133,4.9301
MZI,100,102,2.185322,5.2171
MZI,99,103,2.669004,6.3718
MZI,98,104,-1.689197,-4.0327
MZI,97,105,0.152288,0.3636
MZI,96,106,0.205595,0.4908
MZI,95,107,0.003163,0.0076
MZI,94,108,0.170188,0.4063
MZI,93,109,1.592849,3.8026
MZI,92,110,1.570338,3.7489
MZI,91,111,-1.424465,-3.4007
MZI,90,112,-0.743021,-1.7738
MZI,89,113,3.011642,7.1898
MZI,88,114,1.617442,3.8614
MZI,87,115,1.027564,2.4531
MZI,86,116,0.494237,1.1799
MZI,85,117,-1.335181,-3.1875
MZI,84,118,-0.074688,-0.1783
MZI,83,119,-1.318431,-3.1475
MZI,82,120,1.635358,3.9041
MZI,81,121,-0.004540,-0.0108
MZI,80,122,-1.031436,-2.4624
MZI,79,123,-2.204017,-5.2617
MZI,78,124,1.020077,2.4353
MZI,77,125,2.545004,6.0758
MZI,76,126,2.762866,6.5959
MZI,75,127,-0.805318,-1.9226
MZI,74,128,2.701248,6.4488
MZI,73,129,2.694942,6.4337
MZI,72,130,-1.486176,-3.5480
MZI,71,131,1.127559,2.6918
MZI,70,132,-1.454174,-3.4716
MZI,69,133,-1.652375,-3.9448
MZI,68,134,-0.065944,-0.1574
MZI,67,135,1.478939,3.5307
MZI,66,136,-2.499348,-5.9668
MZI,65,137,-1.167736,-2.7878
MZI,64,138,-2.208438,-5.2723
MZI,63,139,1.424228,3.4001
MZI,62,140,0.651659,1.5557
MZI,61,141,-0.867934,-2.0720
MZI,60,142,0.492866,1.1766
MZI,59,143,-0.308327,-0.7361
MZI,58,144,-1.535743,-3.6663
MZI,57,145,-0.750451,-1.7916
MZI,56,146,-2.427173,-5.7944
MZI,55,147,0.840673,2.0070
MZI,54,148,2.554446,6.0983
MZI,53,149,0.914334,2.1828
MZI,52,150,-2.075305,-4.9544
MZI,51,151,-0.524562,-1.2523
MZI,50,152,0.239151,0.5709
MZI,49,153,-3.010775,-7.1877
MZI,48,154,1.272082,3.0369
MZI,47,155,-2.167723,-5.1751
MZI,46,156,-2.201792,-5.2564
MZI,45,157,-2.447480,-5.8429
MZI,44,158,-2.340119,-5.5866
MZI,43,159,-1.612132,-3.8487
MZI,42,160,-0.363119,-0.8669
MZI,41,161,-2.225023,-5.3119
MZI,40,162,-0.198492,-0.4739
MZI,39,163,-1.558905,-3.7216
MZI,38,164,2.606863,6.2234
MZI,37,165,-1.469010,-3.5070
MZI,36,166,-1.855659,-4.4301
MZI,35,167,0.722043,1.7238
MZI,34,168,1.599641,3.8189
MZI,33,169,-2.402785,-5.7362
MZI,32,170,-3.047918,-7.2764
MZI,31,171,0.886337,2.1160
MZI,30,172,-0.157487,-0.3760
MZI,29,173,1.090937,2.6044
MZI,28,174,-1.839533,-4.3916
MZI,27,175,1.291193,3.0825
MZI,26,176,-0.100600,-0.2402
MZI,25,177,1.269120,3.0298
MZI,24,178,-0.233262,-0.5569
MZI,23,179,-0.761421,-1.8178
MZI,22,180,-0.708564,-1.6916
MZI,21,181,-1.245858,-2.9743
MZI,20,182,-1.926453,-4.5991
MZI,19,183,1.518421,3.6250
MZI,18,184,-0.617334,-1.4738
MZI,17,185,2.443693,5.8339
MZI,16,186,1.933682,4.6163
MZI,15,187,-2.588893,-6.1805
MZI,14,188,-2.171410,-5.1839
MZI,13,189,-2.584160,-6.1692
MZI,12,190,-2.805915,-6.6986
MZI,11,191,-2.005210,-4.7871
MZI,10,192,-2.854342,-6.8142
MZI,9,193,-0.484717,-1.1572
MZI,8,194,2.315252,5.5273
MZI,7,195,-2.799820,-6.6841
MZI,6,196,0.381340,0.9104
MZI,5,197,-1.650634,-3.9406
MZI,4,198,-1.747791,-4.1725
MZI,3,199,-0.800165,-1.9103
MZI,2,200,-0.248852,-0.5941
MZI,1,201,-2.286566,-5.4588
MZI,0,202,1.516798,3.6211
MZI,204,0,-2.490341,-5.9453
MZI,203,1,1.271108,3.0345
MZI,202,2,1.358498,3.2432
MZI,201,3,1.255152,2.9965
MZI,200,4,1.294945,3.0915
MZI,199,5,1.439639,3.4369
MZI,198,6,1.092503,2.6082
MZI,197,7,1.273805,3.0410
MZI,196,8,1.292979,3.0868
MZI,195,9,1.523785,3.6378
MZI,194,10,1.508117,3.6004
MZI,193,11,1.616647,3.8595
MZI,192,12,1.533411,3.6607
MZI,191,13,1.674549,3.9977
MZI,190,14,1.720469,4.1073
MZI,189,15,1.610248,3.8442
MZI,188,16,1.664616,3.9740
MZI,187,17,1.865745,4.4541
MZI,186,18,1.967682,4.6975
MZI,185,19,1.843655,4.4014
MZI,184,20,2.053515,4.9024
MZI,183,21,1.989801,4.7503
MZI,182,22,2.065009,4.9298
MZI,181,23,1.861098,4.4430
MZI,180,24,2.029501,4.8451
MZI,179,25,2.027101,4.8393
MZI,178,26,1.932462,4.6134
MZI,177,27,1.821271,4.3480
MZI,176,28,1.854855,4.4281
MZI,175,29,1.647457,3.9330
MZI,174,30,1.572215,3.7534
MZI,173,31,1.439659,3.4369
MZI,172,32,1.285447,3.0688
MZI,171,33,1.190492,2.8421
MZI,170,34,1.325492,3.1644
MZI,169,35,1.601671,3.8237
MZI,168,36,2.931756,6.9991
MZI,167,37,2.336173,5.5772
MZI,166,38,1.833365,4.3768
MZI,165,39,2.102457,5.0192
MZI,164,40,2.301187,5.4937
MZI,163,41,2.418026,5.7726
MZI,162,42,2.313267,5.5225
MZI,161,43,2.097536,5.0075
MZI,160,44,1.851213,4.4194
MZI,159,45,2.120521,5.0624
MZI,158,46,1.842188,4.3979
MZI,157,47,1.736552,4.1457
MZI,156,48,1.594912,3.8076
MZI,155,49,0.766674,1.8303
MZI,154,50,0.689505,1.6461
MZI,153,51,1.017326,2.4287
MZI,152,52,1.347862,3.2178
MZI,151,53,1.777685,4.2439
MZI,150,54,1.628890,3.8887
MZI,149,55,1.656045,3.9535
MZI,148,56,2.131578,5.0888
MZI,147,57,2.238167,5.3432
MZI,146,58,2.277107,5.4362
MZI,145,59,2.181082,5.2070
MZI,144,60,1.797215,4.2905
MZI,143,61,1.442450,3.4436
MZI,142,62,1.362025,3.2516
MZI,141,63,1.905939,4.5501
MZI,140,64,-0.060944,-0.1455
MZI,139,65,1.657677,3.9574
MZI,138,66,1.829821,4.3684
MZI,137,67,1.622735,3.8740
MZI,136,68,1.298809,3.1007
MZI,135,69,1.232909,2.9434
MZI,134,70,1.121904,2.6783
MZI,133,71,1.282175,3.0610
MZI,132,72,1.113151,2.6575
MZI,131,73,1.090706,2.6039
MZI,130,74,1.177567,2.8112
MZI,129,75,1.492536,3.5632
MZI,128,76,2.301915,5.4954
MZI,127,77,2.792664,6.6670
MZI,126,78,2.390978,5.7080
MZI,125,79,0.415884,0.9928
MZI,124,80,-0.489628,-1.1689
MZI,123,81,-0.011799,-0.0282
MZI,122,82,1.156200,2.7602
MZI,121,83,0.790941,1.8882
MZI,120,84,2.064589,4.9288
MZI,119,85,1.261478,3.0116
MZI,118,86,0.876416,2.0923
MZI,117,87,-0.042168,-0.1007
MZI,116,88,0.267901,0.6396
MZI,115,89,-0.140398,-0.3352
MZI,114,90,0.233837,0.5582
MZI,113,91,1.797821,4.2920
MZI,112,92,1.249439,2.9828
MZI,111,93,1.230287,2.9371
MZI,110,94,0.481417,1.1493
MZI,109,95,2.996504,7.1536
MZI,108,96,1.329802,3.1747
MZI,107,97,-1.242130,-2.9654
MZI,106,98,-0.828631,-1.9782
MZI,105,99,-0.130647,-0.3119
MZI,104,100,1.130862,2.6997
MZI,103,101,1.306741,3.1196
MZI,102,102,1.353966,3.2324
MZI,101,103,1.326663,3.1672
MZI,100,104,1.176513,2.8087
MZI,99,105,0.288208,0.6880
MZI,98,106,0.327420,0.7817
MZI,97,107,-0.891221,-2.1276
MZI,96,108,1.138351,2.7176
MZI,95,109,0.921946,2.2010
MZI,94,110,1.911301,4.5629
MZI,93,111,1.744876,4.1656
MZI,92,112,3.017618,7.2040
MZI,91,113,0.112446,0.2684
MZI,90,114,2.934431,7.0054
MZI,89,115,2.088370,4.9856
MZI,88,116,-1.991765,-4.7550
MZI,87,117,1.386063,3.3090
MZI,86,118,2.904941,6.9350
MZI,85,119,0.256237,0.6117
MZI,84,120,2.387430,5.6996
MZI,83,121,-2.396052,-5.7202
MZI,82,122,-2.321000,-5.5410
MZI,81,123,0.870833,2.0790
MZI,80,124,2.534074,6.0497
MZI,79,125,0.528282,1.2612
MZI,78,126,-1.147114,-2.7385
MZI,77,127,0.460322,1.0989
MZI,76,128,-0.900502,-2.1498
MZI,75,129,2.395627,5.7191
MZI,74,130,1.027882,2.4539
MZI,73,131,1.092089,2.6072
MZI,72,132,2.974653,7.1015
MZI,71,133,1.732974,4.1372
MZI,70,134,1.169265,2.7914
MZI,69,135,-0.126096,-0.3010
MZI,68,136,-0.121094,-0.2891
MZI,67,137,-0.772244,-1.8436
MZI,66,138,-2.148846,-5.1300
MZI,65,139,1.960912,4.6813
MZI,64,140,-2.920279,-6.9717
MZI,63,141,-2.949686,-7.0419
MZI,62,142,-0.946223,-2.2589
MZI,61,143,0.526507,1.2569
MZI,60,144,2.452456,5.8548
MZI,59,145,-2.574559,-6.1463
MZI,58,146,-0.591852,-1.4129
MZI,57,147,2.245189,5.3600
MZI,56,148,-2.169787,-5.1800
MZI,55,149,-0.030754,-0.0734
MZI,54,150,1.702793,4.0651
MZI,53,151,2.462446,5.8787
MZI,52,152,1.754958,4.1897
MZI,51,153,-3.004589,-7.1729
MZI,50,154,0.871862,2.0814
MZI,49,155,1.146615,2.7373
MZI,48,156,-1.932746,-4.6141
MZI,47,157,1.881292,4.4913
MZI,46,158,-0.817737,-1.9522
MZI,45,159,1.752388,4.1835
MZI,44,160,0.277482,0.6624
MZI,43,161,2.651861,6.3309
MZI,42,162,-1.955528,-4.6685
MZI,41,163,2.705156,6.4581
MZI,40,164,-1.796238,-4.2882
MZI,39,165,-0.982432,-2.3454
MZI,38,166,-1.058475,-2.5269
MZI,37,167,2.538879,6.0611
MZI,36,168,-2.961108,-7.0691
MZI,35,169,-3.091951,-7.3815
MZI,34,170,2.410608,5.7549
MZI,33,171,1.961234,4.6821
MZI,32,172,-2.636322,-6.2938
MZI,31,173,-0.090553,-0.2162
MZI,30,174,1.358335,3.2428
MZI,29,175,-1.022143,-2.4402
MZI,28,176,-1.033503,-2.4673
MZI,27,177,0.259545,0.6196
MZI,26,178,-1.295670,-3.0932
MZI,25,179,-0.008609,-0.0206
MZI,24,180,1.519124,3.6266
MZI,23,181,0.920737,2.1981
MZI,22,182,-2.148285,-5.1287
MZI,21,183,-2.474165,-5.9066
MZI,20,184,2.799311,6.6829
MZI,19,185,-2.737379,-6.5350
MZI,18,186,0.618492,1.4765
MZI,17,187,1.374978,3.2825
MZI,16,188,0.724180,1.7289
MZI,15,189,-0.679070,-1.6212
MZI,14,190,2.554085,6.0974
MZI,13,191,1.449019,3.4593
MZI,12,192,-1.860955,-4.4427
MZI,11,193,-1.024151,-2.4450
MZI,10,194,-1.231718,-2.9405
MZI,9,195,-0.973899,-2.3250
MZI,8,196,-2.638254,-6.2984
MZI,7,197,-1.403359,-3.3503
MZI,6,198,-1.971178,-4.7058
MZI,5,199,2.979014,7.1119
MZI,4,200,-1.278781,-3.0529
MZI,3,201,-1.229981,-2.9364
MZI,2,202,0.760111,1.8146
MZI,1,203,2.231082,5.3263
MZI,0,204,-0.345371,-0.8245
MZI,206,0,-2.654961,-6.3383
MZI,205,1,1.083240,2.5860
MZI,204,2,1.019944,2.4349
MZI,203,3,1.073020,2.5616
MZI,202,4,0.935958,2.2344
MZI,201,5,0.977477,2.3336
MZI,200,6,1.103146,2.6336
MZI,199,7,0.751575,1.7943
MZI,198,8,0.978748,2.3366
MZI,197,9,1.008206,2.4069
MZI,196,10,1.211199,2.8915
MZI,195,11,1.180189,2.8175
MZI,194,12,1.307248,3.1208
MZI,193,13,1.201137,2.8675
MZI,192,14,1.347057,3.2159
MZI,191,15,1.387894,3.3134
MZI,190,16,1.235084,2.9485
MZI,189,17,1.297618,3.0978
MZI,188,18,1.525115,3.6409
MZI,187,19,1.648245,3.9349
MZI,186,20,1.478419,3.5295
MZI,185,21,1.695511,4.0477
MZI,184,22,1.618803,3.8646
MZI,183,23,1.620238,3.8680
MZI,182,24,1.400179,3.3427
MZI,181,25,1.604410,3.8302
MZI,180,26,1.504597,3.5920
MZI,179,27,1.358309,3.2427
MZI,178,28,1.261527,3.0117
MZI,177,29,1.302610,3.1098
MZI,176,30,1.114551,2.6608
MZI,175,31,1.120544,2.6751
MZI,174,32,1.068252,2.5503
MZI,173,33,1.122376,2.6795
MZI,172,34,1.237963,2.9554
MZI,171,35,1.464964,3.4973
MZI,170,36,1.593835,3.8050
MZI,169,37,1.388354,3.3145
MZI,168,38,1.671009,3.9892
MZI,167,39,1.320530,3.1525
MZI,166,40,1.381453,3.2980
MZI,165,41,1.645732,3.9289
MZI,164,42,1.756356,4.1930
MZI,163,43,1.614193,3.8536
MZI,162,44,1.473982,3.5189
MZI,161,45,1.323350,3.1593
MZI,160,46,1.548753,3.6974
MZI,159,47,1.328290,3.1711
MZI,158,48,1.312371,3.1331
MZI,157,49,1.518209,3.6245
MZI,156,50,0.168542,0.4024
MZI,155,51,0.817997,1.9528
MZI,154,52,1.198053,2.8601
MZI,153,53,1.510732,3.6066
MZI,152,54,1.834917,4.3805
MZI,151,55,1.165544,2.7825
MZI,150,56,1.205550,2.8780
MZI,149,57,1.890309,4.5128
MZI,148,58,1.698166,4.0541
MZI,147,59,1.650101,3.9393
MZI,146,60,1.637120,3.9083
MZI,145,61,1.292220,3.0849
MZI,144,62,0.691362,1.6505
MZI,143,63,0.637244,1.5213
MZI,142,64,1.118246,2.6696
MZI,141,65,1.320942,3.1535
MZI,140,66,1.282476,3.0617
MZI,139,67,1.403127,3.3497
MZI,138,68,1.405103,3.3544
MZI,137,69,0.624827,1.4917
MZI,136,70,0.775636,1.8517
MZI,135,71,0.756320,1.8056
MZI,134,72,1.044269,2.4930
MZI,133,73,1.041610,2.4867
MZI,132,74,1.061160,2.5333
MZI,131,75,1.017315,2.4287
MZI,130,76,0.940873,2.2462
MZI,129,77,0.844800,2.0168
MZI,128,78,1.211813,2.8930
MZI,127,79,1.129794,2.6972
MZI,126,80,-0.137389,-0.3280
MZI,125,81,0.406609,0.9707
MZI,124,82,-0.870445,-2.0780
MZI,123,83,-2.319771,-5.5380
MZI,122,84,-2.414174,-5.7634
MZI,121,85,1.256007,2.9985
MZI,120,86,1.240183,2.9607
MZI,119,87,0.890788,2.1266
MZI,118,88,0.339576,0.8107
MZI,117,89,-0.084767,-0.2024
MZI,116,90,-0.530217,-1.2658
MZI,115,91,-1.015998,-2.4255
MZI,114,92,2.066915,4.9344
MZI,113,93,0.138686,0.3311
MZI,112,94,-0.741622,-1.7705
MZI,111,95,0.705756,1.6849
MZI,110,96,1.546059,3.6909
MZI,109,97,2.211634,5.2799
MZI,108,98,1.178999,2.8147
MZI,107,99,1.282582,3.0619
MZI,106,100,-0.910015,-2.1725
MZI,105,101,2.545973,6.0781
MZI,104,102,2.308556,5.5113
MZI,103,103,2.280479,5.4442
MZI,102,104,2.280366,5.4440
MZI,101,105,2.314525,5.5255
MZI,100,106,2.439046,5.8228
MZI,99,107,2.556776,6.1039
MZI,98,108,0.814353,1.9441
MZI,97,109,3.047928,7.2764
MZI,96,110,-0.465575,-1.1115
MZI,95,111,0.945457,2.2571
MZI,94,112,1.607448,3.8375
MZI,93,113,0.217344,0.5189
MZI,92,114,3.067516,7.3232
MZI,91,115,0.157475,0.3759
MZI,90,116,-1.720244,-4.1068
MZI,89,117,-1.599515,-3.8186
MZI,88,118,1.483120,3.5407
MZI,87,119,0.657182,1.5689
MZI,86,120,1.498461,3.5773
MZI,85,121,0.131922,0.3149
MZI,84,122,-0.561751,-1.3411
MZI,83,123,-0.530676,-1.2669
MZI,82,124,3.130901,7.4745
MZI,81,125,2.357623,5.6284
MZI,80,126,1.367545,3.2648
MZI,79,127,2.904514,6.9340
MZI,78,128,0.562775,1.3435
MZI,77,129,0.170459,0.4069
MZI,76,130,-0.112429,-0.2684
MZI,75,131,1.053352,2.5147
MZI,74,132,-0.399665,-0.9541
MZI,73,133,-1.686788,-4.0269
MZI,72,134,2.997587,7.1562
MZI,71,135,-1.108160,-2.6455
MZI,70,136,-0.729101,-1.7406
MZI,69,137,-2.218454,-5.2962
MZI,68,138,1.465357,3.4983
MZI,67,139,-2.987888,-7.1331
MZI,66,140,-0.995360,-2.3762
MZI,65,141,0.743462,1.7749
MZI,64,142,1.700353,4.0593
MZI,63,143,-2.971513,-7.0940
MZI,62,144,2.009234,4.7967
MZI,61,145,1.347138,3.2161
MZI,60,146,0.296615,0.7081
MZI,59,147,0.680760,1.6252
MZI,58,148,1.370649,3.2722
MZI,57,149,1.532426,3.6584
MZI,56,150,1.148442,2.7417
MZI,55,151,2.173252,5.1883
MZI,54,152,1.612613,3.8498
MZI,53,153,1.526039,3.6432
MZI,52,154,-1.065134,-2.5428
MZI,51,155,2.177672,5.1988
MZI,50,156,1.893702,4.5209
MZI,49,157,-0.712286,-1.7005
MZI,48,158,-0.605599,-1.4458
MZI,47,159,0.265369,0.6335
MZI,46,160,1.527126,3.6457
MZI,45,161,-1.466537,-3.5011
MZI,44,162,0.824142,1.9675
MZI,43,163,-1.856468,-4.4320
MZI,42,164,1.670860,3.9889
MZI,41,165,-0.567397,-1.3546
MZI,40,166,0.019814,0.0473
MZI,39,167,0.777495,1.8561
MZI,38,168,-0.274230,-0.6547
MZI,37,169,-2.099928,-5.0132
MZI,36,170,-2.854303,-6.8141
MZI,35,171,2.229858,5.3234
MZI,34,172,2.107241,5.0307
MZI,33,173,-2.049221,-4.8922
MZI,32,174,0.016199,0.0387
MZI,31,175,2.562323,6.1171
MZI,30,176,-0.619764,-1.4796
MZI,29,177,-0.175878,-0.4199
MZI,28,178,1.141042,2.7240
MZI,27,179,-2.691576,-6.4257
MZI,26,180,1.966742,4.6953
MZI,25,181,2.913635,6.9558
MZI,24,182,-0.294213,-0.7024
MZI,23,183,2.650259,6.3270
MZI,22,184,-2.607351,-6.2246
MZI,21,185,1.027842,2.4538
MZI,20,186,-1.495224,-3.5696
MZI,19,187,0.935880,2.2342
MZI,18,188,-1.051446,-2.5101
MZI,17,189,-1.263467,-3.0163
MZI,16,190,-0.301687,-0.7202
MZI,15,191,1.582744,3.7785
MZI,14,192,1.564288,3.7345
MZI,13,193,-2.552852,-6.0945
MZI,12,194,2.133659,5.0937
MZI,11,195,1.534866,3.6642
MZI,10,196,0.352380,0.8412
MZI,9,197,-3.096410,-7.3921
MZI,8,198,-1.531691,-3.6566
MZI,7,199,2.341064,5.5889
MZI,6,200,-2.742325,-6.5468
MZI,5,201,0.927288,2.2137
MZI,4,202,0.703165,1.6787
MZI,3,203,-2.616150,-6.2456
MZI,2,204,-1.673080,-3.9942
MZI,1,205,-2.031385,-4.8496
MZI,0,206,2.134563,5.0959
MZI,208,0,-2.636039,-6.2931
MZI,207,1,1.002559,2.3934
MZI,206,2,1.107257,2.6434
MZI,205,3,1.089656,2.6014
MZI,204,4,1.170152,2.7935
MZI,203,5,1.024938,2.4469
MZI,202,6,1.098150,2.6216
MZI,201,7,1.223136,2.9200
MZI,200,8,0.910541,2.1738
MZI,199,9,1.159077,2.7671
MZI,198,10,1.198678,2.8616
MZI,197,11,1.398793,3.3394
MZI,196,12,1.345416,3.2119
MZI,195,13,1.494960,3.5690
MZI,194,14,1.367730,3.2652
MZI,193,15,1.511343,3.6081
MZI,192,16,1.548953,3.6979
MZI,191,17,1.346805,3.2153
MZI,190,18,-0.684105,-1.6332
MZI,189,19,1.660008,3.9630
MZI,188,20,1.748026,4.1731
MZI,187,21,1.664272,3.9732
MZI,186,22,1.851956,4.4212
MZI,185,23,1.764897,4.2134
MZI,184,24,1.662852,3.9698
MZI,183,25,1.419246,3.3882
MZI,182,26,1.748084,4.1732
MZI,181,27,1.505227,3.5935
MZI,180,28,1.241834,2.9647
MZI,179,29,1.244726,2.9716
MZI,178,30,1.340774,3.2009
MZI,177,31,1.180214,2.8176
MZI,176,32,1.283892,3.0651
MZI,175,33,1.335533,3.1884
MZI,174,34,1.514356,3.6153
MZI,173,35,1.711369,4.0856
MZI,172,36,1.752047,4.1827
MZI,171,37,1.557857,3.7191
MZI,170,38,1.060513,2.5318
MZI,169,39,1.713850,4.0915
MZI,168,40,1.429931,3.4137
MZI,167,41,1.384299,3.3048
MZI,166,42,1.852573,4.4227
MZI,165,43,1.897156,4.5291
MZI,164,44,1.748897,4.1752
MZI,163,45,1.659669,3.9622
MZI,162,46,1.659296,3.9613
MZI,161,47,1.545519,3.6897
MZI,160,48,1.592284,3.8013
MZI,159,49,1.903715,4.5448
MZI,158,50,-2.335985,-5.5768
MZI,157,51,0.942543,2.2502
MZI,156,52,1.248214,2.9799
MZI,155,53,1.656472,3.9545
MZI,154,54,1.841173,4.3955
MZI,153,55,1.725409,4.1191
MZI,152,56,1.222025,2.9174
MZI,151,57,1.100289,2.6267
MZI,150,58,1.721565,4.1099
MZI,149,59,1.509277,3.6031
MZI,148,60,1.437092,3.4308
MZI,147,61,1.479428,3.5319
MZI,146,62,1.224743,2.9239
MZI,145,63,0.525158,1.2537
MZI,144,64,0.827853,1.9764
MZI,143,65,1.044176,2.4928
MZI,142,66,1.548664,3.6972
MZI,141,67,1.543948,3.6859
MZI,140,68,1.704420,4.0690
MZI,139,69,2.752674,6.5715
MZI,138,70,-0.353132,-0.8430
MZI,137,71,0.773165,1.8458
MZI,136,72,0.894225,2.1348
MZI,135,73,1.092780,2.6088
MZI,134,74,1.294302,3.0899
MZI,133,75,1.279470,3.0545
MZI,132,76,0.966624,2.3076
MZI,131,77,0.789239,1.8842
MZI,130,78,0.701997,1.6759
MZI,129,79,0.614549,1.4671
MZI,128,80,0.248245,0.5926
MZI,127,81,0.993004,2.3706
MZI,126,82,1.470520,3.5106
MZI,125,83,0.740332,1.7674
MZI,124,84,0.910491,2.1736
MZI,123,85,0.660083,1.5758
MZI,122,86,-0.316078,-0.7546
MZI,121,87,2.352796,5.6169
MZI,120,88,1.429033,3.4116
MZI,119,89,0.757988,1.8096
MZI,118,90,0.983266,2.3474
MZI,117,91,-2.103303,-5.0213
MZI,116,92,0.037826,0.0903
MZI,115,93,1.266501,3.0235
MZI,114,94,-0.628952,-1.5015
MZI,113,95,0.098630,0.2355
MZI,112,96,-2.471629,-5.9006
MZI,111,97,1.112016,2.6547
MZI,110,98,1.433262,3.4217
MZI,109,99,-1.847954,-4.4117
MZI,108,100,2.415571,5.7668
MZI,107,101,-2.206717,-5.2681
MZI,106,102,-0.156522,-0.3737
MZI,105,103,0.266209,0.6355
MZI,104,104,0.424918,1.0144
MZI,103,105,0.464701,1.1094
MZI,102,106,0.447682,1.0688
MZI,101,107,0.097459,0.2327
MZI,100,108,-1.780133,-4.2498
MZI,99,109,1.571815,3.7524
MZI,98,110,0.947508,2.2620
MZI,97,111,-1.487017,-3.5500
MZI,96,112,2.490147,5.9448
MZI,95,113,2.021071,4.8250
MZI,94,114,-0.568523,-1.3572
MZI,93,115,0.452920,1.0813
MZI,92,116,-2.621594,-6.2586
MZI,91,117,0.823784,1.9666
MZI,90,118,0.694889,1.6589
MZI,89,119,0.458862,1.0955
MZI,88,120,1.991510,4.7544
MZI,87,121,0.292440,0.6982
MZI,86,122,2.193582,5.2368
MZI,85,123,0.199753,0.4769
MZI,84,124,2.690997,6.4243
MZI,83,125,-2.107391,-5.0310
MZI,82,126,-0.220784,-0.5271
MZI,81,127,-0.011137,-0.0266
MZI,80,128,0.027662,0.0660
MZI,79,129,-2.558723,-6.1085
MZI,78,130,-2.274739,-5.4305
MZI,77,131,-0.108980,-0.2602
MZI,76,132,2.898809,6.9204
MZI,75,133,-1.305783,-3.1173
MZI,74,134,-0.991790,-2.3677
MZI,73,135,0.115160,0.2749
MZI,72,136,-1.074569,-2.5653
MZI,71,137,-0.329877,-0.7875
MZI,70,138,0.326079,0.7785
MZI,69,139,-3.137068,-7.4892
MZI,68,140,1.752967,4.1849
MZI,67,141,0.585820,1.3985
MZI,66,142,-0.786365,-1.8773
MZI,65,143,1.469225,3.5075
MZI,64,144,1.138031,2.7168
MZI,63,145,0.226478,0.5407
MZI,62,146,1.165889,2.7834
MZI,61,147,2.825386,6.7451
MZI,60,148,3.047302,7.2749
MZI,59,149,1.116950,2.6665
MZI,58,150,-0.613083,-1.4636
MZI,57,151,1.940496,4.6326
MZI,56,152,1.607728,3.8382
MZI,55,153,-3.092957,-7.3839
MZI,54,154,-2.473457,-5.9049
MZI,53,155,2.180101,5.2046
MZI,52,156,-2.911139,-6.9498
MZI,51,157,2.296188,5.4817
MZI,50,158,-0.566816,-1.3532
MZI,49,159,0.484820,1.1574
MZI,48,160,-2.017497,-4.8164
MZI,47,161,1.904597,4.5469
MZI,46,162,2.183705,5.2132
MZI,45,163,-0.324015,-0.7735
MZI,44,164,3.056496,7.2968
MZI,43,165,-0.781475,-1.8656
MZI,42,166,1.531053,3.6551
MZI,41,167,0.951863,2.2724
MZI,40,168,0.414040,0.9884
MZI,39,169,1.866143,4.4551
MZI,38,170,1.445800,3.4516
MZI,37,171,1.833348,4.3768
MZI,36,172,1.951978,4.6600
MZI,35,173,0.830234,1.9820
MZI,34,174,1.168512,2.7896
MZI,33,175,-2.976662,-7.1063
MZI,32,176,0.146568,0.3499
MZI,31,177,-1.495365,-3.5699
MZI,30,178,-1.054839,-2.5182
MZI,29,179,0.652150,1.5569
MZI,28,180,-0.118155,-0.2821
MZI,27,181,-0.328184,-0.7835
MZI,26,182,-0.657301,-1.5692
MZI,25,183,1.561999,3.7290
MZI,24,184,-2.150911,-5.1349
MZI,23,185,-1.820788,-4.3468
MZI,22,186,-1.690580,-4.0360
MZI,21,187,-2.664983,-6.3622
MZI,20,188,0.381614,0.9110
MZI,19,189,2.741621,6.5451
MZI,18,190,-0.976094,-2.3303
MZI,17,191,1.993106,4.7582
MZI,16,192,2.558435,6.1078
MZI,15,193,-2.702422,-6.4516
MZI,14,194,-2.499637,-5.9674
MZI,13,195,-2.289950,-5.4669
MZI,12,196,1.369033,3.2683
MZI,11,197,1.431133,3.4166
MZI,10,198,-1.860571,-4.4418
MZI,9,199,-1.236359,-2.9516
MZI,8,200,0.871436,2.0804
MZI,7,201,2.226377,5.3151
MZI,6,202,-1.793257,-4.2811
MZI,5,203,-0.227804,-0.5438
MZI,4,204,2.810115,6.7087
MZI,3,205,-1.311341,-3.1306
MZI,2,206,1.345771,3.2128
MZI,1,207,1.621399,3.8708
MZI,0,208,-3.031465,-7.2371
MZI,210,0,-2.536609,-6.0557
MZI,209,1,1.140574,2.7229
MZI,208,2,1.152555,2.7515
MZI,207,3,1.261715,3.0121
MZI,206,4,1.252201,2.9894
MZI,205,5,1.350747,3.2247
MZI,204,6,1.185226,2.8295
MZI,203,7,1.291269,3.0827
MZI,202,8,1.420636,3.3915
MZI,201,9,1.169245,2.7914
MZI,200,10,1.401465,3.3458
MZI,199,11,1.452400,3.4674
MZI,198,12,1.695553,4.0478
MZI,197,13,1.579767,3.7714
MZI,196,14,1.751799,4.1821
MZI,195,15,1.610245,3.8442
MZI,194,16,1.745494,4.1671
MZI,193,17,1.781388,4.2528
MZI,192,18,1.516724,3.6209
MZI,191,19,0.838111,2.0008
MZI,190,20,1.863045,4.4477
MZI,189,21,1.898383,4.5321
MZI,188,22,-2.495396,-5.9573
MZI,187,23,2.131856,5.0894
MZI,186,24,2.048781,4.8911
MZI,185,25,1.819560,4.3439
MZI,184,26,1.463391,3.4936
MZI,183,27,2.166687,5.1726
MZI,182,28,1.576900,3.7646
MZI,181,29,0.977559,2.3337
MZI,180,30,1.394103,3.3282
MZI,179,31,1.482438,3.5391
MZI,178,32,1.485058,3.5453
MZI,177,33,1.616221,3.8584
MZI,176,34,1.736375,4.1453
MZI,175,35,1.953950,4.6647
MZI,174,36,2.046191,4.8849
MZI,173,37,1.893329,4.5200
MZI,172,38,1.747252,4.1713
MZI,171,39,1.193100,2.8483
MZI,170,40,1.985165,4.7392
MZI,169,41,1.692399,4.0403
MZI,168,42,1.425775,3.4038
MZI,167,43,2.433642,5.8099
MZI,166,44,2.280765,5.4449
MZI,165,45,2.169848,5.1801
MZI,164,46,2.183165,5.2119
MZI,163,47,2.289321,5.4654
MZI,162,48,1.279582,3.0548
MZI,161,49,2.761485,6.5926
MZI,160,50,2.941580,7.0225
MZI,159,51,1.539543,3.6754
MZI,158,52,1.319617,3.1504
MZI,157,53,1.577765,3.7666
MZI,156,54,2.256481,5.3870
MZI,155,55,2.022830,4.8292
MZI,154,56,1.743064,4.1613
MZI,153,57,1.416273,3.3811
MZI,152,58,-0.950743,-2.2697
MZI,151,59,1.765495,4.2148
MZI,150,60,1.635432,3.9043
MZI,149,61,1.578614,3.7687
MZI,148,62,1.694279,4.0448
MZI,147,63,-1.768880,-4.2229
MZI,146,64,1.009361,2.4097
MZI,145,65,1.374318,3.2809
MZI,144,66,1.280872,3.0579
MZI,143,67,1.965181,4.6915
MZI,142,68,1.831534,4.3725
MZI,141,69,1.734891,4.1417
MZI,140,70,1.628235,3.8871
MZI,139,71,0.446465,1.0659
MZI,138,72,0.758741,1.8114
MZI,137,73,1.645251,3.9277
MZI,136,74,0.112735,0.2691
MZI,135,75,1.061054,2.5331
MZI,134,76,1.291579,3.0834
MZI,133,77,1.528062,3.6480
MZI,132,78,1.669726,3.9862
MZI,131,79,-1.352738,-3.2294
MZI,130,80,-0.934746,-2.2315
MZI,129,81,0.046154,0.1102
MZI,128,82,2.649918,6.3262
MZI,127,83,1.448120,3.4571
MZI,126,84,1.127452,2.6916
MZI,125,85,1.657312,3.9565
MZI,124,86,1.406086,3.3568
MZI,123,87,1.514884,3.6165
MZI,122,88,1.157109,2.7624
MZI,121,89,2.597106,6.2001
MZI,120,90,1.169003,2.7908
MZI,119,91,1.221748,2.9167
MZI,118,92,0.521445,1.2449
MZI,117,93,-2.817376,-6.7260
MZI,116,94,2.000828,4.7766
MZI,115,95,1.839878,4.3924
MZI,114,96,1.881922,4.4928
MZI,113,97,2.339617,5.5854
MZI,112,98,-1.278989,-3.0534
MZI,111,99,0.487892,1.1648
MZI,110,100,0.558158,1.3325
MZI,109,101,1.575939,3.7623
MZI,108,102,0.891341,2.1279
MZI,107,103,0.198889,0.4748
MZI,106,104,-0.688872,-1.6446
MZI,105,105,-1.298965,-3.1010
MZI,104,106,-1.602454,-3.8256
MZI,103,107,-2.239374,-5.3461
MZI,102,108,-2.452924,-5.8559
MZI,101,109,-0.265884,-0.6348
MZI,100,110,1.818947,4.3424
MZI,99,111,1.315118,3.1396
MZI,98,112,2.307709,5.5092
MZI,97,113,2.903555,6.9317
MZI,96,114,1.720048,4.1063
MZI,95,115,1.426013,3.4044
MZI,94,116,2.903496,6.9316
MZI,93,117,2.149787,5.1322
MZI,92,118,2.992534,7.1441
MZI,91,119,-2.436998,-5.8179
MZI,90,120,-0.370128,-0.8836
MZI,89,121,-0.631932,-1.5086
MZI,88,122,1.739755,4.1534
MZI,87,123,-2.742996,-6.5484
MZI,86,124,0.953712,2.2768
MZI,85,125,2.145297,5.1215
MZI,84,126,1.572777,3.7547
MZI,83,127,-0.985743,-2.3533
MZI,82,128,-1.910897,-4.5619
MZI,81,129,2.514186,6.0022
MZI,80,130,1.118599,2.6705
MZI,79,131,2.535277,6.0525
MZI,78,132,1.129681,2.6969
MZI,77,133,-0.465345,-1.1109
MZI,76,134,-1.001103,-2.3900
MZI,75,135,0.519344,1.2398
MZI,74,136,-2.344003,-5.5959
MZI,73,137,-1.595484,-3.8089
MZI,72,138,-2.866153,-6.8424
MZI,71,139,-0.046393,-0.1108
MZI,70,140,2.896617,6.9152
MZI,69,141,2.569602,6.1345
MZI,68,142,-2.933649,-7.0036
MZI,67,143,3.064358,7.3156
MZI,66,144,2.908266,6.9430
MZI,65,145,2.733521,6.5258
MZI,64,146,1.823981,4.3544
MZI,63,147,0.797997,1.9051
MZI,62,148,0.400273,0.9556
MZI,61,149,-2.974558,-7.1012
MZI,60,150,-1.883249,-4.4959
MZI,59,151,-0.518999,-1.2390
MZI,58,152,-2.582429,-6.1651
MZI,57,153,-2.379094,-5.6797
MZI,56,154,3.124547,7.4593
MZI,55,155,-2.410544,-5.7547
MZI,54,156,-0.014236,-0.0340
MZI,53,157,-0.633493,-1.5124
MZI,52,158,0.595834,1.4224
MZI,51,159,-2.917578,-6.9652
MZI,50,160,-2.556751,-6.1038
MZI,49,161,-2.339248,-5.5845
MZI,48,162,-0.788147,-1.8816
MZI,47,163,-1.079554,-2.5772
MZI,46,164,-2.740791,-6.5432
MZI,45,165,-1.561523,-3.7279
MZI,44,166,1.895377,4.5249
MZI,43,167,1.932118,4.6126
MZI,42,168,0.414666,0.9899
MZI,41,169,2.719785,6.4930
MZI,40,170,-1.319809,-3.1508
MZI,39,171,-0.399904,-0.9547
MZI,38,172,1.004700,2.3985
MZI,37,173,-2.500964,-5.9706
MZI,36,174,1.016390,2.4265
MZI,35,175,-0.216303,-0.5164
MZI,34,176,0.837401,1.9991
MZI,33,177,0.811583,1.9375
MZI,32,178,1.423936,3.3994
MZI,31,179,1.918567,4.5802
MZI,30,180,0.424368,1.0131
MZI,29,181,-0.619957,-1.4800
MZI,28,182,0.908000,2.1677
MZI,27,183,-0.596261,-1.4235
MZI,26,184,3.134870,7.4840
MZI,25,185,-1.184099,-2.8268
MZI,24,186,-1.655499,-3.9522
MZI,23,187,-0.162861,-0.3888
MZI,22,188,3.045317,7.2702
MZI,21,189,-1.598060,-3.8151
MZI,20,190,-1.001207,-2.3902
MZI,19,191,-2.449381,-5.8475
MZI,18,192,-1.630568,-3.8927
MZI,17,193,-2.453597,-5.8575
MZI,16,194,2.428603,5.7979
MZI,15,195,1.930274,4.6082
MZI,14,196,-1.790633,-4.2748
MZI,13,197,1.543163,3.6840
MZI,12,198,3.038190,7.2531
MZI,11,199,-2.515328,-6.0049
MZI,10,200,-2.773794,-6.6219
MZI,9,201,-2.877608,-6.8698
MZI,8,202,-0.726894,-1.7353
MZI,7,203,0.936319,2.2353
MZI,6,204,-0.426321,-1.0178
MZI,5,205,1.519451,3.6274
MZI,4,206,-0.877338,-2.0945
MZI,3,207,1.232683,2.9428
MZI,2,208,-0.887771,-2.1194
MZI,1,209,-0.539335,-1.2876
MZI,0,210,0.121099,0.2891
MZI,212,0,-2.728753,-6.5144
MZI,211,1,0.964617,2.3029
MZI,210,2,0.862819,2.0598
MZI,209,3,0.825650,1.9711
MZI,208,4,0.910145,2.1728
MZI,207,5,0.872947,2.0840
MZI,206,6,0.969995,2.3157
MZI,205,7,0.757492,1.8084
MZI,204,8,0.890076,2.1249
MZI,203,9,1.022958,2.4421
MZI,202,10,0.821309,1.9607
MZI,201,11,1.017256,2.4285
MZI,200,12,1.077634,2.5727
MZI,199,13,1.961245,4.6821
MZI,198,14,1.185920,2.8312
MZI,197,15,1.377758,3.2892
MZI,196,16,1.218388,2.9087
MZI,195,17,1.337048,3.1920
MZI,194,18,1.361679,3.2508
MZI,193,19,1.006789,2.4035
MZI,192,20,1.271704,3.0360
MZI,191,21,1.421665,3.3940
MZI,190,22,1.419521,3.3889
MZI,189,23,2.148575,5.1293
MZI,188,24,1.798471,4.2935
MZI,187,25,1.797493,4.2912
MZI,186,26,1.347976,3.2181
MZI,185,27,0.748970,1.7880
MZI,184,28,2.477484,5.9146
MZI,183,29,0.864547,2.0640
MZI,182,30,0.603263,1.4402
MZI,181,31,1.010338,2.4120
MZI,180,32,0.862655,2.0594
MZI,179,33,1.208640,2.8854
MZI,178,34,1.296453,3.0951
MZI,177,35,1.443601,3.4463
MZI,176,36,1.675071,3.9989
MZI,175,37,1.597188,3.8130
MZI,174,38,1.410513,3.3674
MZI,173,39,1.313332,3.1353
MZI,172,40,0.895279,2.1373
MZI,171,41,1.883197,4.4958
MZI,170,42,1.303935,3.1129
MZI,169,43,0.574068,1.3705
MZI,168,44,2.262287,5.4008
MZI,167,45,1.995508,4.7639
MZI,166,46,1.919491,4.5824
MZI,165,47,1.942093,4.6364
MZI,164,48,1.499711,3.5803
MZI,163,49,0.040023,0.0955
MZI,162,50,2.479346,5.9190
MZI,161,51,1.521808,3.6330
MZI,160,52,0.907203,2.1658
MZI,159,53,0.608318,1.4523
MZI,158,54,1.232581,2.9426
MZI,157,55,1.796378,4.2885
MZI,156,56,1.382704,3.3010
MZI,155,57,1.194148,2.8508
MZI,154,58,0.984272,2.3498
MZI,153,59,1.061040,2.5330
MZI,152,60,1.262875,3.0149
MZI,151,61,1.105123,2.6383
MZI,150,62,0.954579,2.2789
MZI,149,63,1.055795,2.5205
MZI,148,64,0.664432,1.5862
MZI,147,65,0.537615,1.2835
MZI,146,66,0.919706,2.1956
MZI,145,67,1.128943,2.6952
MZI,144,68,0.034076,0.0814
MZI,143,69,0.710741,1.6968
MZI,142,70,0.901849,2.1530
MZI,141,71,1.058063,2.5259
MZI,140,72,2.198271,5.2480
MZI,139,73,3.120581,7.4498
MZI,138,74,3.074359,7.3395
MZI,137,75,-0.177859,-0.4246
MZI,136,76,-0.005316,-0.0127
MZI,135,77,0.799720,1.9092
MZI,134,78,1.939834,4.6310
MZI,133,79,3.034372,7.2440
MZI,132,80,0.400970,0.9572
MZI,131,81,0.494929,1.1816
MZI,130,82,0.397938,0.9500
MZI,129,83,2.923271,6.9788
MZI,128,84,-2.819536,-6.7311
MZI,127,85,-2.218989,-5.2974
MZI,126,86,-3.040962,-7.2598
MZI,125,87,2.738475,6.5376
MZI,124,88,1.382762,3.3011
MZI,123,89,0.199530,0.4763
MZI,122,90,1.163912,2.7786
MZI,121,91,-0.496965,-1.1864
MZI,120,92,0.256006,0.6112
MZI,119,93,-0.400199,-0.9554
MZI,118,94,1.025291,2.4477
MZI,117,95,1.445683,3.4513
MZI,116,96,0.813997,1.9433
MZI,115,97,1.517613,3.6230
MZI,114,98,1.927287,4.6011
MZI,113,99,2.109816,5.0368
MZI,112,100,-0.863980,-2.0626
MZI,111,101,-1.337741,-3.1936
MZI,110,102,-0.100130,-0.2390
MZI,109,103,-0.400694,-0.9566
MZI,108,104,-0.700633,-1.6726
MZI,107,105,-0.414903,-0.9905
MZI,106,106,-0.051588,-0.1232
MZI,105,107,0.092957,0.2219
MZI,104,108,0.413345,0.9868
MZI,103,109,0.315344,0.7528
MZI,102,110,-2.767882,-6.6078
MZI,101,111,1.843474,4.4010
MZI,100,112,-0.532606,-1.2715
MZI,99,113,1.144450,2.7322
MZI,98,114,1.576348,3.7633
MZI,97,115,1.324041,3.1609
MZI,96,116,0.201308,0.4806
MZI,95,117,2.863709,6.8366
MZI,94,118,-0.082113,-0.1960
MZI,93,119,0.242114,0.5780
MZI,92,120,-1.186142,-2.8317
MZI,91,121,3.043090,7.2648
MZI,90,122,-0.655610,-1.5652
MZI,89,123,2.176213,5.1953
MZI,88,124,0.427656,1.0210
MZI,87,125,0.979976,2.3395
MZI,86,126,-0.288544,-0.6888
MZI,85,127,-1.488358,-3.5532
MZI,84,128,-1.436179,-3.4286
MZI,83,129,2.386515,5.6974
MZI,82,130,-0.773483,-1.8466
MZI,81,131,0.232538,0.5551
MZI,80,132,-2.049359,-4.8925
MZI,79,133,-1.963186,-4.6868
MZI,78,134,3.058810,7.3024
MZI,77,135,-2.970586,-7.0918
MZI,76,136,2.028359,4.8424
MZI,75,137,2.039614,4.8692
MZI,74,138,-0.241488,-0.5765
MZI,73,139,-1.673362,-3.9949
MZI,72,140,-2.308008,-5.5100
MZI,71,141,-0.540721,-1.2909
MZI,70,142,0.503685,1.2025
MZI,69,143,-2.888780,-6.8965
MZI,68,144,-1.948556,-4.6518
MZI,67,145,0.733472,1.7510
MZI,66,146,-2.916701,-6.9631
MZI,65,147,-0.723792,-1.7279
MZI,64,148,-0.401515,-0.9585
MZI,63,149,-2.418307,-5.7733
MZI,62,150,-1.632229,-3.8967
MZI,61,151,1.033245,2.4667
MZI,60,152,0.248947,0.5943
MZI,59,153,2.824993,6.7442
MZI,58,154,-0.551151,-1.3158
MZI,57,155,-2.506679,-5.9843
MZI,56,156,-2.797603,-6.6788
MZI,55,157,-2.958759,-7.0635
MZI,54,158,-1.745864,-4.1679
MZI,53,159,-2.813484,-6.7167
MZI,52,160,-2.212042,-5.2809
MZI,51,161,-1.640288,-3.9159
MZI,50,162,-0.533418,-1.2734
MZI,49,163,-1.314374,-3.1378
MZI,48,164,3.104624,7.4117
MZI,47,165,-1.611896,-3.8481
MZI,46,166,-1.622244,-3.8728
MZI,45,167,3.065389,7.3181
MZI,44,168,-2.155132,-5.1450
MZI,43,169,-0.096597,-0.2306
MZI,42,170,0.602933,1.4394
MZI,41,171,-0.825430,-1.9706
MZI,40,172,-0.800019,-1.9099
MZI,39,173,-2.700054,-6.4459
MZI,38,174,2.380900,5.6840
MZI,37,175,-1.778371,-4.2455
MZI,36,176,-1.893598,-4.5206
MZI,35,177,2.710737,6.4714
MZI,34,178,-0.805430,-1.9228
MZI,33,179,-1.002821,-2.3941
MZI,32,180,-1.427082,-3.4069
MZI,31,181,-2.322052,-5.5435
MZI,30,182,-2.268849,-5.4165
MZI,29,183,-2.742416,-6.5470
MZI,28,184,-1.809866,-4.3207
MZI,27,185,3.012511,7.1918
MZI,26,186,-2.479258,-5.9188
MZI,25,187,-2.437407,-5.8189
MZI,24,188,-0.923040,-2.2036
MZI,23,189,0.785918,1.8762
MZI,22,190,2.928615,6.9916
MZI,21,191,-0.775279,-1.8508
MZI,20,192,-1.366793,-3.2630
MZI,19,193,2.525904,6.0302
MZI,18,194,1.132359,2.7033
MZI,17,195,0.292604,0.6985
MZI,16,196,-2.069282,-4.9400
MZI,15,197,2.386314,5.6969
MZI,14,198,1.735544,4.1433
MZI,13,199,-2.367387,-5.6517
MZI,12,200,-2.093580,-4.9981
MZI,11,201,-0.366651,-0.8753
MZI,10,202,-2.502436,-5.9741
MZI,9,203,-2.120913,-5.0633
MZI,8,204,-2.409404,-5.7520
MZI,7,205,2.644129,6.3124
MZI,6,206,0.721195,1.7217
MZI,5,207,2.943914,7.0281
MZI,4,208,1.933918,4.6169
MZI,3,209,-1.015912,-2.4253
MZI,2,210,2.237365,5.3413
MZI,1,211,-2.445063,-5.8372
MZI,0,212,3.023449,7.2180
MZI,214,0,-2.663283,-6.3581
MZI,213,1,0.912120,2.1775
MZI,212,2,1.068936,2.5519
MZI,211,3,1.009692,2.4105
MZI,210,4,1.005530,2.4005
MZI,209,5,1.119959,2.6737
MZI,208,6,1.081059,2.5808
MZI,207,7,1.203996,2.8743
MZI,206,8,0.957577,2.2860
MZI,205,9,1.119031,2.6715
MZI,204,10,1.282261,3.0612
MZI,203,11,1.133428,2.7059
MZI,202,12,1.290135,3.0800
MZI,201,13,1.371616,3.2745
MZI,200,14,-2.992440,-7.1439
MZI,199,15,1.453273,3.4694
MZI,198,16,1.671574,3.9906
MZI,197,17,1.497065,3.5740
MZI,196,18,1.600769,3.8216
MZI,195,19,1.613843,3.8528
MZI,194,20,1.160063,2.7694
MZI,193,21,1.562098,3.7292
MZI,192,22,1.675043,3.9989
MZI,191,23,1.659817,3.9625
MZI,190,24,1.676363,4.0020
MZI,189,25,2.106837,5.0297
MZI,188,26,2.349673,5.6094
MZI,187,27,1.572045,3.7530
MZI,186,28,0.993691,2.3723
MZI,185,29,2.450418,5.8499
MZI,184,30,0.877529,2.0949
MZI,183,31,1.337100,3.1921
MZI,182,32,1.355417,3.2358
MZI,181,33,0.802546,1.9159
MZI,180,34,1.618165,3.8631
MZI,179,35,1.660537,3.9642
MZI,178,36,1.809174,4.3191
MZI,177,37,2.058661,4.9147
MZI,176,38,1.823322,4.3529
MZI,175,39,1.636113,3.9059
MZI,174,40,1.567752,3.7427
MZI,173,41,1.321564,3.1550
MZI,172,42,2.800436,6.6855
MZI,171,43,1.753866,4.1870
MZI,170,44,0.980062,2.3397
MZI,169,45,2.096806,5.0058
MZI,168,46,1.944535,4.6422
MZI,167,47,1.846340,4.4078
MZI,166,48,1.712390,4.0880
MZI,165,49,1.301154,3.1063
MZI,164,50,0.756257,1.8054
MZI,163,51,1.470523,3.5106
MZI,162,52,1.339585,3.1980
MZI,161,53,0.851923,2.0338
MZI,160,54,0.428172,1.0222
MZI,159,55,-1.853213,-4.4242
MZI,158,56,1.824429,4.3555
MZI,157,57,1.666630,3.9788
MZI,156,58,1.658510,3.9594
MZI,155,59,1.950424,4.6563
MZI,154,60,-1.518280,-3.6246
MZI,153,61,0.164161,0.3919
MZI,152,62,0.098103,0.2342
MZI,151,63,0.330695,0.7895
MZI,150,64,0.682012,1.6282
MZI,149,65,0.150251,0.3587
MZI,148,66,0.080897,0.1931
MZI,147,67,1.404017,3.3518
MZI,146,68,1.498264,3.5768
MZI,145,69,0.413112,0.9862
MZI,144,70,0.731126,1.7454
MZI,143,71,2.869920,6.8514
MZI,142,72,-2.621646,-6.2587
MZI,141,73,2.491673,5.9484
MZI,140,74,0.869272,2.0752
MZI,139,75,1.159258,2.7675
MZI,138,76,1.108782,2.6470
MZI,137,77,0.025729,0.0614
MZI,136,78,-2.436222,-5.8161
MZI,135,79,2.382597,5.6880
MZI,134,80,1.513194,3.6125
MZI,133,81,0.254583,0.6078
MZI,132,82,-1.204227,-2.8749
MZI,131,83,-1.019185,-2.4331
MZI,130,84,2.063774,4.9269
MZI,129,85,1.918965,4.5812
MZI,128,86,1.728496,4.1265
MZI,127,87,1.554154,3.7103
MZI,126,88,1.957931,4.6742
MZI,125,89,-2.843740,-6.7889
MZI,124,90,2.250692,5.3731
MZI,123,91,0.971047,2.3182
MZI,122,92,1.228474,2.9328
MZI,121,93,-0.088122,-0.2104
MZI,120,94,0.697411,1.6649
MZI,119,95,1.663904,3.9723
MZI,118,96,1.344791,3.2105
MZI,117,97,-1.605788,-3.8335
MZI,116,98,2.608945,6.2284
MZI,115,99,1.133661,2.7064
MZI,114,100,0.913508,2.1808
MZI,113,101,-1.524888,-3.6404
MZI,112,102,-0.516097,-1.2321
MZI,111,103,-0.705854,-1.6851
MZI,110,104,-0.857619,-2.0474
MZI,109,105,-1.292955,-3.0867
MZI,108,106,-2.322283,-5.5440
MZI,107,107,-2.736947,-6.5340
MZI,106,108,-2.945868,-7.0327
MZI,105,109,2.976989,7.1070
MZI,104,110,2.927464,6.9888
MZI,103,111,-0.457383,-1.0919
MZI,102,112,1.171297,2.7963
MZI,101,113,-1.534199,-3.6626
MZI,100,114,2.736970,6.5340
MZI,99,115,1.001519,2.3910
MZI,98,116,1.783816,4.2585
MZI,97,117,-0.902012,-2.1534
MZI,96,118,1.127909,2.6927
MZI,95,119,-1.231195,-2.9393
MZI,94,120,-0.069300,-0.1654
MZI,93,121,-0.521134,-1.2441
MZI,92,122,-0.222151,-0.5303
MZI,91,123,1.640296,3.9159
MZI,90,124,2.129416,5.0836
MZI,89,125,1.190135,2.8412
MZI,88,126,0.844781,2.0168
MZI,87,127,-0.870995,-2.0793
MZI,86,128,-1.861187,-4.4433
MZI,85,129,2.620540,6.2561
MZI,84,130,-0.418024,-0.9980
MZI,83,131,-0.052372,-0.1250
MZI,82,132,1.057156,2.5238
MZI,81,133,-1.981554,-4.7306
MZI,80,134,1.740004,4.1540
MZI,79,135,-1.301275,-3.1066
MZI,78,136,-0.285872,-0.6825
MZI,77,137,-0.483552,-1.1544
MZI,76,138,0.239940,0.5728
MZI,75,139,1.265695,3.0216
MZI,74,140,0.818236,1.9534
MZI,73,141,-1.061347,-2.5338
MZI,72,142,-0.333263,-0.7956
MZI,71,143,1.065989,2.5449
MZI,70,144,2.415206,5.7659
MZI,69,145,0.465965,1.1124
MZI,68,146,-0.463318,-1.1061
MZI,67,147,-1.364261,-3.2569
MZI,66,148,2.915908,6.9612
MZI,65,149,2.419676,5.7766
MZI,64,150,-0.161346,-0.3852
MZI,63,151,1.824945,4.3567
MZI,62,152,0.792308,1.8915
MZI,61,153,1.262141,3.0131
MZI,60,154,2.963743,7.0754
MZI,59,155,-1.146919,-2.7381
MZI,58,156,-0.234120,-0.5589
MZI,57,157,-1.091230,-2.6051
MZI,56,158,-1.918175,-4.5793
MZI,55,159,1.791992,4.2781
MZI,54,160,-2.542163,-6.0690
MZI,53,161,0.735096,1.7549
MZI,52,162,-0.762938,-1.8214
MZI,51,163,-2.217153,-5.2931
MZI,50,164,2.685040,6.4101
MZI,49,165,2.657039,6.3432
MZI,48,166,1.264374,3.0185
MZI,47,167,2.665181,6.3627
MZI,46,168,-1.267464,-3.0258
MZI,45,169,-1.774716,-4.2368
MZI,44,170,-1.570511,-3.7493
MZI,43,171,1.218022,2.9078
MZI,42,172,1.096988,2.6189
MZI,41,173,2.030643,4.8478
MZI,40,174,-0.179569,-0.4287
MZI,39,175,0.504557,1.2045
MZI,38,176,-1.991186,-4.7536
MZI,37,177,-1.322476,-3.1572
MZI,36,178,0.760502,1.8156
MZI,35,179,1.356955,3.2395
MZI,34,180,0.146177,0.3490
MZI,33,181,2.685382,6.4109
MZI,32,182,1.328469,3.1715
MZI,31,183,1.462006,3.4903
MZI,30,184,0.487630,1.1641
MZI,29,185,0.510115,1.2178
MZI,28,186,2.457617,5.8671
MZI,27,187,-1.709327,-4.0807
MZI,26,188,1.570349,3.7489
MZI,25,189,2.752056,6.5700
MZI,24,190,-1.639861,-3.9149
MZI,23,191,1.032906,2.4659
MZI,22,192,2.073326,4.9497
MZI,21,193,0.731442,1.7462
MZI,20,194,0.650534,1.5530
MZI,19,195,2.061323,4.9210
MZI,18,196,0.857815,2.0479
MZI,17,197,-2.229653,-5.3229
MZI,16,198,-3.124727,-7.4597
MZI,15,199,-0.738452,-1.7629
MZI,14,200,-1.655866,-3.9531
MZI,13,201,-1.659801,-3.9625
MZI,12,202,-1.598185,-3.8154
MZI,11,203,-0.929413,-2.2188
MZI,10,204,-2.195456,-5.2413
MZI,9,205,2.163042,5.1639
MZI,8,206,-0.043503,-0.1039
MZI,7,207,-0.506623,-1.2095
MZI,6,208,0.533765,1.2743
MZI,5,209,-0.377064,-0.9002
MZI,4,210,-0.052764,-0.1260
MZI,3,211,-2.063332,-4.9258
MZI,2,212,-2.870894,-6.8538
MZI,1,213,-3.019356,-7.2082
MZI,0,214,-1.250153,-2.9845
MZI,216,0,-2.733725,-6.5263
MZI,215,1,0.856511,2.0448
MZI,214,2,0.796979,1.9026
MZI,213,3,0.943928,2.2535
MZI,212,4,0.835312,1.9942
MZI,211,5,0.840271,2.0060
MZI,210,6,0.962308,2.2973
MZI,209,7,0.903938,2.1580
MZI,208,8,1.049552,2.5056
MZI,207,9,0.776681,1.8542
MZI,206,10,0.910304,2.1732
MZI,205,11,1.133473,2.7060
MZI,204,12,1.027451,2.4529
MZI,203,13,1.131114,2.7003
MZI,202,14,1.230221,2.9369
MZI,201,15,1.473664,3.5181
MZI,200,16,1.251172,2.9870
MZI,199,17,1.511396,3.6082
MZI,198,18,1.337435,3.1929
MZI,197,19,1.422397,3.3957
MZI,196,20,1.413273,3.3739
MZI,195,21,0.999197,2.3854
MZI,194,22,1.394011,3.3280
MZI,193,23,1.478522,3.5297
MZI,192,24,1.471387,3.5127
MZI,191,25,1.439084,3.4356
MZI,190,26,1.788118,4.2688
MZI,189,27,2.075408,4.9547
MZI,188,28,1.347516,3.2170
MZI,187,29,1.016777,2.4274
MZI,186,30,1.581565,3.7757
MZI,185,31,0.828832,1.9787
MZI,184,32,1.208721,2.8856
MZI,183,33,1.116511,2.6655
MZI,182,34,0.591064,1.4111
MZI,181,35,1.541184,3.6793
MZI,180,36,1.932512,4.6135
MZI,179,37,1.571000,3.7505
MZI,178,38,1.771251,4.2286
MZI,177,39,1.440173,3.4382
MZI,176,40,1.224081,2.9223
MZI,175,41,1.184899,2.8287
MZI,174,42,1.118255,2.6696
MZI,173,43,1.808082,4.3165
MZI,172,44,2.434485,5.8119
MZI,171,45,1.017978,2.4302
MZI,170,46,1.598457,3.8160
MZI,169,47,1.456279,3.4766
MZI,168,48,1.326000,3.1656
MZI,167,49,1.133958,2.7071
MZI,166,50,0.721545,1.7226
MZI,165,51,0.566949,1.3535
MZI,164,52,0.894545,2.1356
MZI,163,53,1.435750,3.4276
MZI,162,54,2.138577,5.1055
MZI,161,55,0.044252,0.1056
MZI,160,56,0.964837,2.3034
MZI,159,57,2.430609,5.8027
MZI,158,58,-2.758500,-6.5854
MZI,157,59,-2.698210,-6.4415
MZI,156,60,2.610325,6.2317
MZI,155,61,0.989040,2.3612
MZI,154,62,0.111211,0.2655
MZI,153,63,0.487749,1.1644
MZI,152,64,0.659948,1.5755
MZI,151,65,0.737066,1.7596
MZI,150,66,0.317881,0.7589
MZI,149,67,-1.090742,-2.6040
MZI,148,68,2.305679,5.5044
MZI,147,69,1.965166,4.6915
MZI,146,70,1.103061,2.6334
MZI,145,71,-1.801347,-4.3004
MZI,144,72,2.088255,4.9853
MZI,143,73,1.179316,2.8154
MZI,142,74,0.477911,1.1409
MZI,141,75,-0.792942,-1.8930
MZI,140,76,-2.083407,-4.9738
MZI,139,77,3.044989,7.2694
MZI,138,78,2.458000,5.8680
MZI,137,79,-0.438993,-1.0480
MZI,136,80,1.231727,2.9405
MZI,135,81,1.646222,3.9301
MZI,134,82,-0.925860,-2.2103
MZI,133,83,1.059517,2.5294
MZI,132,84,1.662053,3.9679
MZI,131,85,1.692219,4.0399
MZI,130,86,2.838569,6.7766
MZI,129,87,-2.765612,-6.6024
MZI,128,88,2.144658,5.1200
MZI,127,89,1.038910,2.4802
MZI,126,90,0.507984,1.2127
MZI,125,91,0.287934,0.6874
MZI,124,92,-2.241496,-5.3512
MZI,123,93,1.640694,3.9169
MZI,122,94,-1.185337,-2.8298
MZI,121,95,-1.708759,-4.0794
MZI,120,96,1.507906,3.5999
MZI,119,97,0.797537,1.9040
MZI,118,98,0.204712,0.4887
MZI,117,99,1.304511,3.1143
MZI,116,100,-1.547414,-3.6942
MZI,115,101,-0.255627,-0.6103
MZI,114,102,-0.560967,-1.3392
MZI,113,103,-0.768756,-1.8353
MZI,112,104,-0.161383,-0.3853
MZI,111,105,0.666392,1.5909
MZI,110,106,1.843074,4.4000
MZI,109,107,-1.044766,-2.4942
MZI,108,108,-0.178487,-0.4261
MZI,107,109,-0.036807,-0.0879
MZI,106,110,0.156715,0.3741
MZI,105,111,-0.183213,-0.4374
MZI,104,112,-1.805508,-4.3103
MZI,103,113,-3.108143,-7.4201
MZI,102,114,-1.259766,-3.0075
MZI,101,115,-0.088922,-0.2123
MZI,100,116,-0.053137,-0.1269
MZI,99,117,-0.167228,-0.3992
MZI,98,118,-1.885438,-4.5012
MZI,97,119,-0.426773,-1.0188
MZI,96,120,-0.979739,-2.3390
MZI,95,121,2.389139,5.7036
MZI,94,122,-0.502722,-1.2002
MZI,93,123,-1.216065,-2.9031
MZI,92,124,-0.489087,-1.1676
MZI,91,125,-1.517349,-3.6224
MZI,90,126,1.871818,4.4686
MZI,89,127,2.475196,5.9091
MZI,88,128,2.687376,6.4156
MZI,87,129,-0.498025,-1.1889
MZI,86,130,2.008592,4.7952
MZI,85,131,2.276730,5.4353
MZI,84,132,1.803394,4.3053
MZI,83,133,-2.163443,-5.1648
MZI,82,134,-1.648921,-3.9365
MZI,81,135,-2.877225,-6.8689
MZI,80,136,2.035004,4.8582
MZI,79,137,1.456749,3.4777
MZI,78,138,0.867340,2.0706
MZI,77,139,0.392700,0.9375
MZI,76,140,-0.166080,-0.3965
MZI,75,141,-0.625884,-1.4942
MZI,74,142,-1.541256,-3.6795
MZI,73,143,-2.179452,-5.2031
MZI,72,144,-0.939186,-2.2421
MZI,71,145,1.823008,4.3521
MZI,70,146,-2.672140,-6.3793
MZI,69,147,-1.204010,-2.8744
MZI,68,148,-0.912859,-2.1793
MZI,67,149,-2.849643,-6.8030
MZI,66,150,-2.670402,-6.3751
MZI,65,151,1.501262,3.5840
MZI,64,152,-0.995908,-2.3776
MZI,63,153,-2.571232,-6.1384
MZI,62,154,-0.215210,-0.5138
MZI,61,155,0.315810,0.7539
MZI,60,156,0.245664,0.5865
MZI,59,157,-2.168058,-5.1759
MZI,58,158,-2.556211,-6.1025
MZI,57,159,-1.644711,-3.9265
MZI,56,160,2.632052,6.2836
MZI,55,161,1.090175,2.6026
MZI,54,162,-2.127735,-5.0796
MZI,53,163,-2.333722,-5.5714
MZI,52,164,-1.489537,-3.5560
MZI,51,165,-1.473871,-3.5186
MZI,50,166,-0.568845,-1.3580
MZI,49,167,2.809560,6.7073
MZI,48,168,2.068663,4.9386
MZI,47,169,2.740411,6.5422
MZI,46,170,2.386263,5.6968
MZI,45,171,-1.378567,-3.2911
MZI,44,172,-2.086628,-4.9815
MZI,43,173,-3.016858,-7.2022
MZI,42,174,0.002194,0.0052
MZI,41,175,2.312206,5.5200
MZI,40,176,-1.960195,-4.6796
MZI,39,177,1.436350,3.4290
MZI,38,178,-1.226510,-2.9281
MZI,37,179,0.346265,0.8266
MZI,36,180,2.436212,5.8160
MZI,35,181,-2.491594,-5.9482
MZI,34,182,-1.853184,-4.4242
MZI,33,183,-1.183219,-2.8247
MZI,32,184,0.322926,0.7709
MZI,31,185,-2.303686,-5.4996
MZI,30,186,3.049529,7.2802
MZI,29,187,2.777655,6.6312
MZI,28,188,-2.859303,-6.8261
MZI,27,189,2.344021,5.5959
MZI,26,190,-0.039804,-0.0950
MZI,25,191,-0.201687,-0.4815
MZI,24,192,1.131589,2.7015
MZI,23,193,-1.921050,-4.5862
MZI,22,194,-1.395926,-3.3325
MZI,21,195,-2.525707,-6.0297
MZI,20,196,0.472350,1.1277
MZI,19,197,-0.631687,-1.5080
MZI,18,198,-1.574579,-3.7590
MZI,17,199,-2.731260,-6.5204
MZI,16,200,-0.216437,-0.5167
MZI,15,201,-1.739763,-4.1534
MZI,14,202,1.542416,3.6822
MZI,13,203,-0.014536,-0.0347
MZI,12,204,-0.558632,-1.3336
MZI,11,205,-3.038255,-7.2533
MZI,10,206,0.170691,0.4075
MZI,9,207,2.918344,6.9670
MZI,8,208,-2.368487,-5.6543
MZI,7,209,2.256684,5.3874
MZI,6,210,0.223840,0.5344
MZI,5,211,1.612471,3.8495
MZI,4,212,1.802759,4.3038
MZI,3,213,1.661930,3.9676
MZI,2,214,-0.438224,-1.0462
MZI,1,215,2.542038,6.0687
MZI,0,216,-2.247446,-5.3654
MZI,218,0,-2.651565,-6.3301
MZI,217,1,0.914604,2.1835
MZI,216,2,0.960725,2.2936
MZI,215,3,0.929536,2.2191
MZI,214,4,1.128263,2.6935
MZI,213,5,0.956172,2.2827
MZI,212,6,1.013312,2.4191
MZI,211,7,1.151179,2.7482
MZI,210,8,1.083758,2.5873
MZI,209,9,1.276433,3.0473
MZI,208,10,1.014804,2.4227
MZI,207,11,0.920081,2.1965
MZI,206,12,1.333428,3.1833
MZI,205,13,1.299987,3.1035
MZI,204,14,1.275720,3.0456
MZI,203,15,1.442938,3.4448
MZI,202,16,1.548140,3.6959
MZI,201,17,1.356819,3.2392
MZI,200,18,1.739854,4.1536
MZI,199,19,1.619583,3.8665
MZI,198,20,1.633078,3.8987
MZI,197,21,1.471396,3.5127
MZI,196,22,1.627190,3.8846
MZI,195,23,1.608611,3.8403
MZI,194,24,1.588186,3.7915
MZI,193,25,1.618961,3.8650
MZI,192,26,1.477415,3.5271
MZI,191,27,1.568467,3.7444
MZI,190,28,1.517441,3.6226
MZI,189,29,1.575864,3.7621
MZI,188,30,0.976441,2.3311
MZI,187,31,1.276232,3.0468
MZI,186,32,0.755138,1.8028
MZI,185,33,0.972814,2.3224
MZI,184,34,0.559543,1.3358
MZI,183,35,0.563537,1.3453
MZI,182,36,2.297514,5.4849
MZI,181,37,-2.781361,-6.6400
MZI,180,38,1.375788,3.2845
MZI,179,39,1.400512,3.3435
MZI,178,40,1.102322,2.6316
MZI,177,41,0.965387,2.3047
MZI,176,42,1.023541,2.4435
MZI,175,43,1.429110,3.4117
MZI,174,44,2.374561,5.6688
MZI,173,45,-2.488912,-5.9418
MZI,172,46,1.656604,3.9548
MZI,171,47,2.254220,5.3816
MZI,170,48,3.064882,7.3169
MZI,169,49,-2.782781,-6.6434
MZI,168,50,-2.206495,-5.2676
MZI,167,51,-1.367258,-3.2641
MZI,166,52,0.302771,0.7228
MZI,165,53,1.049183,2.5047
MZI,164,54,1.606928,3.8363
MZI,163,55,2.009231,4.7967
MZI,162,56,-1.256943,-3.0007
MZI,161,57,-0.376909,-0.8998
MZI,160,58,2.241068,5.3502
MZI,159,59,1.483520,3.5416
MZI,158,60,1.326606,3.1670
MZI,157,61,0.657531,1.5697
MZI,156,62,0.078386,0.1871
MZI,155,63,0.250883,0.5989
MZI,154,64,-1.633804,-3.9004
MZI,153,65,-1.444145,-3.4476
MZI,152,66,-0.838088,-2.0008
MZI,151,67,0.121894,0.2910
MZI,150,68,1.039995,2.4828
MZI,149,69,2.409291,5.7518
MZI,148,70,-2.224578,-5.3108
MZI,147,71,-1.323856,-3.1605
MZI,146,72,1.041621,2.4867
MZI,145,73,1.319293,3.1496
MZI,144,74,1.216065,2.9031
MZI,143,75,0.781524,1.8658
MZI,142,76,1.659848,3.9626
MZI,141,77,1.534922,3.6644
MZI,140,78,1.120561,2.6751
MZI,139,79,1.914338,4.5701
MZI,138,80,1.063261,2.5383
MZI,137,81,1.245582,2.9736
MZI,136,82,2.033390,4.8544
MZI,135,83,1.347936,3.2180
MZI,134,84,2.013799,4.8076
MZI,133,85,2.399304,5.7279
MZI,132,86,1.290803,3.0816
MZI,131,87,2.471472,5.9002
MZI,130,88,1.705048,4.0705
MZI,129,89,-1.020847,-2.4371
MZI,128,90,0.145871,0.3482
MZI,127,91,0.732179,1.7479
MZI,126,92,-2.684136,-6.4079
MZI,125,93,0.734326,1.7531
MZI,124,94,1.151634,2.7493
MZI,123,95,-0.033374,-0.0797
MZI,122,96,-0.529454,-1.2640
MZI,121,97,1.458086,3.4809
MZI,120,98,2.585449,6.1723
MZI,119,99,0.645365,1.5407
MZI,118,100,1.127952,2.6928
MZI,117,101,-1.451102,-3.4642
MZI,116,102,-3.115155,-7.4369
MZI,115,103,0.690187,1.6477
MZI,114,104,-1.406841,-3.3586
MZI,113,105,-1.072712,-2.5609
MZI,112,106,1.253013,2.9913
MZI,111,107,1.073729,2.5633
MZI,110,108,-1.146092,-2.7361
MZI,109,109,-1.601624,-3.8236
MZI,108,110,-1.554643,-3.7114
MZI,107,111,-1.433279,-3.4217
MZI,106,112,-0.830297,-1.9822
MZI,105,113,0.313273,0.7479
MZI,104,114,1.442967,3.4448
MZI,103,115,-0.836112,-1.9961
MZI,102,116,-2.559850,-6.1112
MZI,101,117,1.216174,2.9034
MZI,100,118,1.766323,4.2168
MZI,99,119,2.150139,5.1331
MZI,98,120,0.710724,1.6967
MZI,97,121,-3.064114,-7.3150
MZI,96,122,-0.173916,-0.4152
MZI,95,123,-2.943424,-7.0269
MZI,94,124,0.912386,2.1782
MZI,93,125,1.415085,3.3783
MZI,92,126,1.391888,3.3229
MZI,91,127,2.390620,5.7072
MZI,90,128,1.870827,4.4663
MZI,89,129,1.716987,4.0990
MZI,88,130,0.844089,2.0151
MZI,87,131,2.429011,5.7988
MZI,86,132,2.882970,6.8826
MZI,85,133,0.354909,0.8473
MZI,84,134,2.656163,6.3411
MZI,83,135,-2.360015,-5.6341
MZI,82,136,1.141672,2.7255
MZI,81,137,-0.460225,-1.0987
MZI,80,138,-2.089384,-4.9880
MZI,79,139,-2.710271,-6.4703
MZI,78,140,0.181204,0.4326
MZI,77,141,0.430759,1.0284
MZI,76,142,-1.685718,-4.0244
MZI,75,143,-2.168299,-5.1764
MZI,74,144,-2.305017,-5.5028
MZI,73,145,-2.711691,-6.4737
MZI,72,146,-2.094813,-5.0010
MZI,71,147,-1.619039,-3.8652
MZI,70,148,-1.699069,-4.0562
MZI,69,149,-1.375327,-3.2834
MZI,68,150,-3.020624,-7.2112
MZI,67,151,-2.311111,-5.5174
MZI,66,152,-2.147970,-5.1279
MZI,65,153,-2.148654,-5.1295
MZI,64,154,-1.939151,-4.6294
MZI,63,155,-1.092329,-2.6077
MZI,62,156,-2.098278,-5.0093
MZI,61,157,-2.821536,-6.7359
MZI,60,158,-2.714425,-6.4802
MZI,59,159,-2.348826,-5.6074
MZI,58,160,-2.805272,-6.6971
MZI,57,161,2.914289,6.9574
MZI,56,162,-1.743489,-4.1623
MZI,55,163,-0.874455,-2.0876
MZI,54,164,0.372733,0.8898
MZI,53,165,0.386396,0.9225
MZI,52,166,1.418770,3.3871
MZI,51,167,2.964253,7.0766
MZI,50,168,-0.390732,-0.9328
MZI,49,169,-0.922409,-2.2021
MZI,48,170,0.193075,0.4609
MZI,47,171,1.743929,4.1633
MZI,46,172,-2.685071,-6.4101
MZI,45,173,-2.703979,-6.4553
MZI,44,174,-1.556596,-3.7161
MZI,43,175,0.627933,1.4991
MZI,42,176,2.531315,6.0431
MZI,41,177,1.640908,3.9174
MZI,40,178,1.296086,3.0942
MZI,39,179,-1.129879,-2.6974
MZI,38,180,2.591818,6.1875
MZI,37,181,2.725147,6.5058
MZI,36,182,0.102378,0.2444
MZI,35,183,0.526495,1.2569
MZI,34,184,1.787696,4.2678
MZI,33,185,0.068200,0.1628
MZI,32,186,2.877221,6.8689
MZI,31,187,-1.717804,-4.1010
MZI,30,188,2.814156,6.7183
MZI,29,189,0.779972,1.8620
MZI,28,190,-0.338415,-0.8079
MZI,27,191,1.316650,3.1433
MZI,26,192,1.025035,2.4471
MZI,25,193,-3.136147,-7.4870
MZI,24,194,2.897882,6.9182
MZI,23,195,1.670858,3.9889
MZI,22,196,3.030725,7.2353
MZI,21,197,0.773601,1.8468
MZI,20,198,-2.550834,-6.0897
MZI,19,199,2.210908,5.2782
MZI,18,200,-1.373251,-3.2784
MZI,17,201,2.664934,6.3621
MZI,16,202,2.703449,6.4540
MZI,15,203,-2.242866,-5.3544
MZI,14,204,2.999168,7.1600
MZI,13,205,-2.884666,-6.8866
MZI,12,206,2.039527,4.8690
MZI,11,207,-2.160281,-5.1573
MZI,10,208,-0.616965,-1.4729
MZI,9,209,-2.856591,-6.8196
MZI,8,210,-2.440281,-5.8257
MZI,7,211,-2.263415,-5.4035
MZI,6,212,-3.077269,-7.3464
MZI,5,213,-2.369197,-5.6560
MZI,4,214,-0.739584,-1.7656
MZI,3,215,-2.836090,-6.7707
MZI,2,216,-2.743155,-6.5488
MZI,1,217,-1.736011,-4.1444
MZI,0,218,-1.344829,-3.2105
MZI,220,0,-2.679995,-6.3980
MZI,219,1,0.944441,2.2547
MZI,218,2,0.860789,2.0550
MZI,217,3,0.882236,2.1062
MZI,216,4,0.833847,1.9907
MZI,215,5,1.086108,2.5929
MZI,214,6,0.761262,1.8174
MZI,213,7,0.926641,2.2122
MZI,212,8,1.059072,2.5283
MZI,211,9,1.005875,2.4013
MZI,210,10,1.256956,3.0008
MZI,209,11,1.031197,2.4618
MZI,208,12,0.441952,1.0551
MZI,207,13,1.064494,2.5413
MZI,206,14,1.265696,3.0216
MZI,205,15,0.812103,1.9388
MZI,204,16,1.396987,3.3351
MZI,203,17,1.435468,3.4269
MZI,202,18,1.651146,3.9418
MZI,201,19,1.960482,4.6803
MZI,200,20,1.741924,4.1585
MZI,199,21,1.533277,3.6604
MZI,198,22,0.490643,1.1713
MZI,197,23,2.080981,4.9680
MZI,196,24,1.626347,3.8826
MZI,195,25,-1.248417,-2.9804
MZI,194,26,-1.687378,-4.0283
MZI,193,27,0.385568,0.9205
MZI,192,28,-0.062306,-0.1487
MZI,191,29,0.135209,0.3228
MZI,190,30,1.865350,4.4532
MZI,189,31,-0.951816,-2.2723
MZI,188,32,0.018834,0.0450
MZI,187,33,-0.096206,-0.2297
MZI,186,34,0.102639,0.2450
MZI,185,35,-1.063197,-2.5382
MZI,184,36,0.558051,1.3322
MZI,183,37,2.300588,5.4922
MZI,182,38,1.597401,3.8135
MZI,181,39,0.762200,1.8196
MZI,180,40,0.868040,2.0723
MZI,179,41,0.947711,2.2625
MZI,178,42,1.124353,2.6842
MZI,177,43,1.203147,2.8723
MZI,176,44,1.807121,4.3142
MZI,175,45,1.960176,4.6796
MZI,174,46,1.604255,3.8299
MZI,173,47,2.053917,4.9034
MZI,172,48,2.112249,5.0426
MZI,171,49,1.702778,4.0651
MZI,170,50,1.469748,3.5088
MZI,169,51,1.054314,2.5170
MZI,168,52,0.378030,0.9025
MZI,167,53,-1.201155,-2.8675
MZI,166,54,2.004217,4.7847
MZI,165,55,1.523430,3.6369
MZI,164,56,1.038813,2.4800
MZI,163,57,0.505303,1.2063
MZI,162,58,-0.295625,-0.7058
MZI,161,59,-3.020714,-7.2114
MZI,160,60,-2.305237,-5.5033
MZI,159,61,-2.359915,-5.6339
MZI,158,62,-1.353812,-3.2320
MZI,157,63,0.221971,0.5299
MZI,156,64,-2.109679,-5.0365
MZI,155,65,0.503595,1.2022
MZI,154,66,0.987113,2.3566
MZI,153,67,1.395977,3.3326
MZI,152,68,1.267391,3.0257
MZI,151,69,1.111093,2.6525
MZI,150,70,-2.642178,-6.3077
MZI,149,71,1.952117,4.6603
MZI,148,72,1.181929,2.8216
MZI,147,73,0.595742,1.4222
MZI,146,74,-0.338037,-0.8070
MZI,145,75,-2.497141,-5.9615
MZI,144,76,-2.971014,-7.0928
MZI,143,77,2.083587,4.9742
MZI,142,78,0.914557,2.1833
MZI,141,79,0.985314,2.3523
MZI,140,80,1.414403,3.3766
MZI,139,81,1.288721,3.0766
MZI,138,82,0.688256,1.6431
MZI,137,83,-2.770073,-6.6131
MZI,136,84,2.359637,5.6332
MZI,135,85,1.679763,4.0101
MZI,134,86,0.978898,2.3369
MZI,133,87,-1.010538,-2.4125
MZI,132,88,0.968786,2.3128
MZI,131,89,1.130155,2.6980
MZI,130,90,-0.216464,-0.5168
MZI,129,91,-0.490016,-1.1698
MZI,128,92,2.780079,6.6369
MZI,127,93,0.438660,1.0472
MZI,126,94,0.295092,0.7045
MZI,125,95,3.137784,7.4909
MZI,124,96,-1.882450,-4.4940
MZI,123,97,0.125769,0.3003
MZI,122,98,1.047755,2.5013
MZI,121,99,0.238793,0.5701
MZI,120,100,-2.363257,-5.6419
MZI,119,101,0.814622,1.9448
MZI,118,102,0.329320,0.7862
MZI,117,103,1.574217,3.7582
MZI,116,104,2.714718,6.4809
MZI,115,105,0.719531,1.7178
MZI,114,106,0.149438,0.3568
MZI,113,107,-2.416755,-5.7696
MZI,112,108,-2.761667,-6.5930
MZI,111,109,3.137113,7.4893
MZI,110,110,2.967616,7.0847
MZI,109,111,2.892421,6.9051
MZI,108,112,2.698212,6.4415
MZI,107,113,2.125427,5.0741
MZI,106,114,1.325638,3.1647
MZI,105,115,0.888343,2.1208
MZI,104,116,-1.667556,-3.9810
MZI,103,117,1.268456,3.0282
MZI,102,118,-0.732651,-1.7491
MZI,101,119,1.961475,4.6827
MZI,100,120,2.001515,4.7783
MZI,99,121,0.160982,0.3843
MZI,98,122,2.059586,4.9169
MZI,97,123,-1.088545,-2.5987
MZI,96,124,-1.634729,-3.9026
MZI,95,125,-0.988805,-2.3606
MZI,94,126,0.196489,0.4691
MZI,93,127,0.622678,1.4865
MZI,92,128,0.809432,1.9324
MZI,91,129,2.949715,7.0419
MZI,90,130,1.953912,4.6646
MZI,89,131,-0.523138,-1.2489
MZI,88,132,2.875607,6.8650
MZI,87,133,1.021637,2.4390
MZI,86,134,-0.140134,-0.3345
MZI,85,135,-0.340812,-0.8136
MZI,84,136,-1.159343,-2.7677
MZI,83,137,0.926531,2.2119
MZI,82,138,-1.154172,-2.7554
MZI,81,139,1.450606,3.4631
MZI,80,140,2.543004,6.0710
MZI,79,141,0.811603,1.9376
MZI,78,142,1.839048,4.3904
MZI,77,143,0.986842,2.3559
MZI,76,144,1.529263,3.6508
MZI,75,145,1.224879,2.9242
MZI,74,146,-1.902678,-4.5423
MZI,73,147,2.246744,5.3637
MZI,72,148,-0.250241,-0.5974
MZI,71,149,-0.692143,-1.6524
MZI,70,150,-0.774955,-1.8501
MZI,69,151,1.388270,3.3143
MZI,68,152,1.020844,2.4371
MZI,67,153,1.592330,3.8014
MZI,66,154,1.456881,3.4780
MZI,65,155,-0.818696,-1.9545
MZI,64,156,-2.974543,-7.1012
MZI,63,157,-2.175037,-5.1925
MZI,62,158,-2.434343,-5.8116
MZI,61,159,-2.230763,-5.3256
MZI,60,160,-1.673582,-3.9954
MZI,59,161,-1.016251,-2.4261
MZI,58,162,-1.719498,-4.1050
MZI,57,163,-2.990185,-7.1385
MZI,56,164,1.298134,3.0991
MZI,55,165,1.163637,2.7780
MZI,54,166,1.314485,3.1381
MZI,53,167,2.558567,6.1081
MZI,52,168,-1.627224,-3.8847
MZI,51,169,2.835413,6.7691
MZI,50,170,-1.409787,-3.3656
MZI,49,171,-2.176762,-5.1966
MZI,48,172,2.731480,6.5209
MZI,47,173,-1.210055,-2.8888
MZI,46,174,3.070126,7.3294
MZI,45,175,-2.368231,-5.6537
MZI,44,176,-1.790341,-4.2741
MZI,43,177,0.891600,2.1285
MZI,42,178,-1.989820,-4.7503
MZI,41,179,-1.552224,-3.7057
MZI,40,180,2.561920,6.1161
MZI,39,181,-2.095440,-5.0025
MZI,38,182,2.201986,5.2569
MZI,37,183,-1.651654,-3.9430
MZI,36,184,0.156600,0.3739
MZI,35,185,2.167780,5.1752
MZI,34,186,-2.965568,-7.0798
MZI,33,187,2.811742,6.7125
MZI,32,188,-2.655167,-6.3387
MZI,31,189,-1.048442,-2.5030
MZI,30,190,2.584322,6.1696
MZI,29,191,3.001044,7.1645
MZI,28,192,-2.449578,-5.8479
MZI,27,193,2.429386,5.7997
MZI,26,194,3.068667,7.3259
MZI,25,195,2.231316,5.3269
MZI,24,196,1.427417,3.4077
MZI,23,197,2.502789,5.9750
MZI,22,198,1.245179,2.9726
MZI,21,199,0.857790,2.0478
MZI,20,200,2.598263,6.2029
MZI,19,201,-2.208109,-5.2715
MZI,18,202,1.273150,3.0394
MZI,17,203,0.227226,0.5425
MZI,16,204,-0.359092,-0.8573
MZI,15,205,-0.131826,-0.3147
MZI,14,206,-2.294069,-5.4767
MZI,13,207,2.481230,5.9235
MZI,12,208,1.321510,3.1549
MZI,11,209,-1.199223,-2.8629
MZI,10,210,1.114369,2.6604
MZI,9,211,1.062016,2.5354
MZI,8,212,-0.959516,-2.2907
MZI,7,213,1.150231,2.7460
MZI,6,214,2.252275,5.3769
MZI,5,215,1.269047,3.0296
MZI,4,216,-1.926603,-4.5994
MZI,3,217,1.929976,4.6075
MZI,2,218,-2.851106,-6.8065
MZI,1,219,-1.748412,-4.1740
MZI,0,220,-1.044213,-2.4929
MZI,222,0,-2.733671,-6.5262
MZI,221,1,0.849725,2.0286
MZI,220,2,0.863575,2.0616
MZI,219,3,0.750577,1.7919
MZI,218,4,0.779166,1.8601
MZI,217,5,0.723687,1.7277
MZI,216,6,1.059654,2.5297
MZI,215,7,0.457057,1.0911
MZI,214,8,0.868625,2.0737
MZI,213,9,0.954478,2.2786
MZI,212,10,1.060012,2.5306
MZI,211,11,1.269878,3.0316
MZI,210,12,1.065200,2.5430
MZI,209,13,0.620893,1.4823
MZI,208,14,-1.076044,-2.5689
MZI,207,15,1.181523,2.8207
MZI,206,16,-0.093819,-0.2240
MZI,205,17,-2.968062,-7.0857
MZI,204,18,2.061974,4.9226
MZI,203,19,1.719983,4.1062
MZI,202,20,2.237072,5.3406
MZI,201,21,1.536928,3.6691
MZI,200,22,1.550821,3.7023
MZI,199,23,0.277823,0.6633
MZI,198,24,1.257634,3.0024
MZI,197,25,-2.442684,-5.8315
MZI,196,26,0.757118,1.8075
MZI,195,27,1.090583,2.6036
MZI,194,28,0.101236,0.2417
MZI,193,29,0.337920,0.8067
MZI,192,30,0.534912,1.2770
MZI,191,31,1.823981,4.3544
MZI,190,32,0.773799,1.8473
MZI,189,33,0.247660,0.5912
MZI,188,34,0.547617,1.3073
MZI,187,35,0.679692,1.6226
MZI,186,36,1.380680,3.2961
MZI,185,37,1.194970,2.8528
MZI,184,38,2.115786,5.0511
MZI,183,39,2.700391,6.4467
MZI,182,40,-0.611142,-1.4590
MZI,181,41,-0.094360,-0.2253
MZI,180,42,1.654178,3.9491
MZI,179,43,2.021478,4.8259
MZI,178,44,2.017451,4.8163
MZI,177,45,2.131292,5.0881
MZI,176,46,1.574596,3.7591
MZI,175,47,1.368726,3.2676
MZI,174,48,1.326463,3.1667
MZI,173,49,2.289711,5.4663
MZI,172,50,0.575718,1.3744
MZI,171,51,0.086570,0.2067
MZI,170,52,-0.326077,-0.7785
MZI,169,53,-0.543766,-1.2981
MZI,168,54,-0.123247,-0.2942
MZI,167,55,1.815597,4.3344
MZI,166,56,1.596668,3.8118
MZI,165,57,0.844108,2.0152
MZI,164,58,0.299706,0.7155
MZI,163,59,0.094882,0.2265
MZI,162,60,2.032628,4.8525
MZI,161,61,1.354360,3.2333
MZI,160,62,1.112735,2.6565
MZI,159,63,1.298304,3.0995
MZI,158,64,-2.974170,-7.1003
MZI,157,65,1.066850,2.5469
MZI,156,66,1.097595,2.6203
MZI,155,67,1.222881,2.9194
MZI,154,68,2.751275,6.5682
MZI,153,69,2.477334,5.9142
MZI,152,70,2.765985,6.6033
MZI,151,71,1.037199,2.4761
MZI,150,72,0.998078,2.3827
MZI,149,73,0.687919,1.6423
MZI,148,74,-0.028999,-0.0692
MZI,147,75,-0.297725,-0.7108
MZI,146,76,1.055426,2.5196
MZI,145,77,1.687237,4.0280
MZI,144,78,-3.112254,-7.4300
MZI,143,79,-0.310529,-0.7413
MZI,142,80,1.004088,2.3971
MZI,141,81,1.517460,3.6227
MZI,140,82,1.482270,3.5387
MZI,139,83,0.042108,0.1005
MZI,138,84,1.410882,3.3682
MZI,137,85,0.789746,1.8854
MZI,136,86,-0.355822,-0.8495
MZI,135,87,-3.046352,-7.2726
MZI,134,88,1.701276,4.0615
MZI,133,89,2.817690,6.7267
MZI,132,90,0.971195,2.3186
MZI,131,91,0.096089,0.2294
MZI,130,92,-0.603206,-1.4400
MZI,129,93,-2.890144,-6.8997
MZI,128,94,-0.726847,-1.7352
MZI,127,95,-1.562039,-3.7291
MZI,126,96,1.152779,2.7521
MZI,125,97,-2.087288,-4.9830
MZI,124,98,0.888928,2.1222
MZI,123,99,-0.122612,-0.2927
MZI,122,100,0.255776,0.6106
MZI,121,101,0.891166,2.1275
MZI,120,102,1.239407,2.9589
MZI,119,103,1.266257,3.0230
MZI,118,104,0.667429,1.5934
MZI,117,105,-0.525822,-1.2553
MZI,116,106,-0.138059,-0.3296
MZI,115,107,0.140532,0.3355
MZI,114,108,0.479090,1.1437
MZI,113,109,0.735893,1.7568
MZI,112,110,0.981179,2.3424
MZI,111,111,1.087802,2.5969
MZI,110,112,1.073672,2.5632
MZI,109,113,1.062353,2.5362
MZI,108,114,1.172226,2.7985
MZI,107,115,-2.112062,-5.0422
MZI,106,116,-2.005244,-4.7872
MZI,105,117,-0.406449,-0.9703
MZI,104,118,-3.127186,-7.4656
MZI,103,119,0.565509,1.3501
MZI,102,120,2.529351,6.0384
MZI,101,121,2.127447,5.0789
MZI,100,122,-2.881743,-6.8797
MZI,99,123,-2.365420,-5.6470
MZI,98,124,-1.636132,-3.9060
MZI,97,125,-1.535760,-3.6664
MZI,96,126,0.458916,1.0956
MZI,95,127,-1.131758,-2.7019
MZI,94,128,-2.685528,-6.4112
MZI,93,129,2.310014,5.5148
MZI,92,130,-0.979526,-2.3384
MZI,91,131,-1.961744,-4.6833
MZI,90,132,-1.728138,-4.1256
MZI,89,133,-1.559101,-3.7221
MZI,88,134,-0.205762,-0.4912
MZI,87,135,-2.683382,-6.4061
MZI,86,136,0.940950,2.2464
MZI,85,137,-0.578327,-1.3807
MZI,84,138,0.570611,1.3622
MZI,83,139,2.941949,7.0234
MZI,82,140,0.459990,1.0981
MZI,81,141,2.730955,6.5197
MZI,80,142,-1.283083,-3.0631
MZI,79,143,-2.921495,-6.9746
MZI,78,144,1.906844,4.5523
MZI,77,145,1.481630,3.5371
MZI,76,146,-0.243641,-0.5816
MZI,75,147,-0.669688,-1.5988
MZI,74,148,-0.001175,-0.0028
MZI,73,149,0.793700,1.8948
MZI,72,150,0.499258,1.1919
MZI,71,151,0.538089,1.2846
MZI,70,152,-2.491404,-5.9478
MZI,69,153,2.358037,5.6294
MZI,68,154,-0.718476,-1.7152
MZI,67,155,-1.731067,-4.1326
MZI,66,156,0.043598,0.1041
MZI,65,157,0.916598,2.1882
MZI,64,158,1.132303,2.7032
MZI,63,159,2.820761,6.7341
MZI,62,160,-0.780594,-1.8635
MZI,61,161,-2.442705,-5.8315
MZI,60,162,3.107067,7.4176
MZI,59,163,-2.585702,-6.1729
MZI,58,164,-0.887578,-2.1189
MZI,57,165,-1.093472,-2.6105
MZI,56,166,-1.288618,-3.0763
MZI,55,167,-2.080290,-4.9663
MZI,54,168,-1.712935,-4.0893
MZI,53,169,-2.807149,-6.7016
MZI,52,170,-0.948711,-2.2649
MZI,51,171,-2.860585,-6.8291
MZI,50,172,-1.392554,-3.3245
MZI,49,173,-2.765881,-6.6031
MZI,48,174,2.059946,4.9178
MZI,47,175,-0.006485,-0.0155
MZI,46,176,-3.128088,-7.4678
MZI,45,177,-0.202777,-0.4841
MZI,44,178,0.478795,1.1430
MZI,43,179,2.204896,5.2638
MZI,42,180,2.922391,6.9767
MZI,41,181,0.230165,0.5495
MZI,40,182,1.061470,2.5341
MZI,39,183,0.713184,1.7026
MZI,38,184,1.562319,3.7298
MZI,37,185,-2.378813,-5.6790
MZI,36,186,1.727857,4.1250
MZI,35,187,-3.078571,-7.3495
MZI,34,188,1.511333,3.6080
MZI,33,189,2.508019,5.9875
MZI,32,190,-1.443210,-3.4454
MZI,31,191,2.738062,6.5366
MZI,30,192,1.199444,2.8635
MZI,29,193,3.128728,7.4693
MZI,28,194,-3.032091,-7.2386
MZI,27,195,-1.819802,-4.3445
MZI,26,196,-2.165168,-5.1690
MZI,25,197,-2.221229,-5.3028
MZI,24,198,-2.425779,-5.7911
MZI,23,199,-2.313006,-5.5219
MZI,22,200,1.424050,3.3997
MZI,21,201,-0.564752,-1.3482
MZI,20,202,-2.407886,-5.7484
MZI,19,203,0.365574,0.8727
MZI,18,204,2.888979,6.8969
MZI,17,205,2.368128,5.6535
MZI,16,206,-0.827114,-1.9746
MZI,15,207,-0.565311,-1.3496
MZI,14,208,-1.129588,-2.6967
MZI,13,209,-2.571542,-6.1391
MZI,12,210,0.653586,1.5603
MZI,11,211,2.514689,6.0034
MZI,10,212,1.429860,3.4135
MZI,9,213,1.702976,4.0656
MZI,8,214,-0.123705,-0.2953
MZI,7,215,2.271340,5.4224
MZI,6,216,-1.870240,-4.4649
MZI,5,217,-1.806073,-4.3117
MZI,4,218,0.175498,0.4190
MZI,3,219,1.060764,2.5324
MZI,2,220,-2.455141,-5.8612
MZI,1,221,-0.723142,-1.7264
MZI,0,222,-0.549742,-1.3124
MZI,224,0,-2.878083,-6.8709
MZI,223,1,0.620762,1.4820
MZI,222,2,0.626776,1.4963
MZI,221,3,0.653746,1.5607
MZI,220,4,0.481419,1.1493
MZI,219,5,0.535692,1.2789
MZI,218,6,0.477851,1.1408
MZI,217,7,0.904021,2.1582
MZI,216,8,-0.003815,-0.0091
MZI,215,9,0.774065,1.8479
MZI,214,10,0.666774,1.5918
MZI,213,11,1.301422,3.1069
MZI,212,12,1.046042,2.4972
MZI,211,13,0.845341,2.0181
MZI,210,14,0.586157,1.3993
MZI,209,15,0.353415,0.8437
MZI,208,16,1.145082,2.7337
MZI,207,17,0.054369,0.1298
MZI,206,18,1.182986,2.8242
MZI,205,19,2.675170,6.3865
MZI,204,20,0.779970,1.8620
MZI,203,21,1.207977,2.8838
MZI,202,22,0.924847,2.2079
MZI,201,23,-2.638826,-6.2997
MZI,200,24,0.556728,1.3291
MZI,199,25,0.702105,1.6762
MZI,198,26,1.145380,2.7344
MZI,197,27,0.774279,1.8485
MZI,196,28,0.855943,2.0434
MZI,195,29,0.433682,1.0353
MZI,194,30,0.418252,0.9985
MZI,193,31,0.278433,0.6647
MZI,192,32,-2.895605,-6.9127
MZI,191,33,0.382987,0.9143
MZI,190,34,-0.184593,-0.4407
MZI,189,35,-0.687063,-1.6402
MZI,188,36,-1.252631,-2.9904
MZI,187,37,2.112945,5.0443
MZI,186,38,-2.353736,-5.6191
MZI,185,39,1.434344,3.4242
MZI,184,40,1.568785,3.7452
MZI,183,41,0.426989,1.0194
MZI,182,42,0.036313,0.0867
MZI,181,43,1.198670,2.8616
MZI,180,44,1.500200,3.5815
MZI,179,45,1.322825,3.1580
MZI,178,46,1.199115,2.8627
MZI,177,47,0.952836,2.2747
MZI,176,48,0.987685,2.3579
MZI,175,49,-0.446120,-1.0650
MZI,174,50,1.967130,4.6962
MZI,173,51,-1.094534,-2.6130
MZI,172,52,-0.608113,-1.4518
MZI,171,53,-0.015072,-0.0360
MZI,170,54,0.253152,0.6044
MZI,169,55,0.507112,1.2106
MZI,168,56,0.789512,1.8848
MZI,167,57,1.107574,2.6441
MZI,166,58,1.558636,3.7210
MZI,165,59,0.428940,1.0240
MZI,164,60,0.047050,0.1123
MZI,163,61,-3.088764,-7.3739
MZI,162,62,2.103112,5.0208
MZI,161,63,1.392639,3.3247
MZI,160,64,1.440885,3.4399
MZI,159,65,1.578116,3.7675
MZI,158,66,0.997648,2.3817
MZI,157,67,0.749067,1.7883
MZI,156,68,-1.256391,-2.9994
MZI,155,69,2.067161,4.9350
MZI,154,70,1.156580,2.7611
MZI,153,71,0.111431,0.2660
MZI,152,72,-0.313427,-0.7483
MZI,151,73,0.246863,0.5893
MZI,150,74,0.568338,1.3568
MZI,149,75,0.652066,1.5567
MZI,148,76,0.669886,1.5992
MZI,147,77,0.324682,0.7751
MZI,146,78,0.681004,1.6258
MZI,145,79,1.427163,3.4071
MZI,144,80,1.174335,2.8035
MZI,143,81,0.993486,2.3718
MZI,142,82,1.353225,3.2306
MZI,141,83,1.922429,4.5895
MZI,140,84,-1.049997,-2.5067
MZI,139,85,0.395832,0.9450
MZI,138,86,-0.054016,-0.1290
MZI,137,87,-1.238226,-2.9560
MZI,136,88,-0.239066,-0.5707
MZI,135,89,1.720115,4.1065
MZI,134,90,-0.270323,-0.6453
MZI,133,91,-0.094714,-0.2261
MZI,132,92,-0.237738,-0.5676
MZI,131,93,0.910185,2.1729
MZI,130,94,1.344693,3.2102
MZI,129,95,-0.139895,-0.3340
MZI,128,96,2.315827,5.5286
MZI,127,97,-0.405478,-0.9680
MZI,126,98,0.301766,0.7204
MZI,125,99,-3.048791,-7.2785
MZI,124,100,-0.283618,-0.6771
MZI,123,101,-1.996030,-4.7652
MZI,122,102,-2.366347,-5.6492
MZI,121,103,0.400209,0.9554
MZI,120,104,1.024608,2.4461
MZI,119,105,-0.858961,-2.0506
MZI,118,106,-0.175976,-0.4201
MZI,117,107,0.826363,1.9728
MZI,116,108,1.233036,2.9437
MZI,115,109,1.431467,3.4174
MZI,114,110,1.104127,2.6359
MZI,113,111,1.153708,2.7543
MZI,112,112,1.235722,2.9501
MZI,111,113,1.254769,2.9955
MZI,110,114,1.359317,3.2451
MZI,109,115,1.832150,4.3739
MZI,108,116,1.443778,3.4468
MZI,107,117,-1.434318,-3.4242
MZI,106,118,2.767270,6.6064
MZI,105,119,0.015799,0.0377
MZI,104,120,2.017631,4.8167
MZI,103,121,-2.400447,-5.7306
MZI,102,122,-2.892597,-6.9056
MZI,101,123,2.484423,5.9311
MZI,100,124,-0.730981,-1.7451
MZI,99,125,1.255340,2.9969
MZI,98,126,-2.384793,-5.6933
MZI,97,127,-1.462939,-3.4925
MZI,96,128,-3.125137,-7.4607
MZI,95,129,-2.680930,-6.4002
MZI,94,130,-1.923658,-4.5924
MZI,93,131,2.187563,5.2224
MZI,92,132,-2.133241,-5.0927
MZI,91,133,0.308215,0.7358
MZI,90,134,2.996938,7.1547
MZI,89,135,-0.939334,-2.2425
MZI,88,136,0.007855,0.0188
MZI,87,137,-2.376357,-5.6731
MZI,86,138,1.143742,2.7305
MZI,85,139,-2.120231,-5.0617
MZI,84,140,0.746125,1.7812
MZI,83,141,-2.432378,-5.8069
MZI,82,142,2.048811,4.8912
MZI,81,143,-1.978209,-4.7226
MZI,80,144,2.387376,5.6994
MZI,79,145,-2.654111,-6.3362
MZI,78,146,-2.368734,-5.6549
MZI,77,147,-0.319852,-0.7636
MZI,76,148,1.114771,2.6613
MZI,75,149,1.562351,3.7298
MZI,74,150,2.243313,5.3555
MZI,73,151,-0.252154,-0.6020
MZI,72,152,0.032788,0.0783
MZI,71,153,-2.038599,-4.8668
MZI,70,154,-1.327118,-3.1683
MZI,69,155,0.746812,1.7829
MZI,68,156,-0.738001,-1.7618
MZI,67,157,-2.986469,-7.1297
MZI,66,158,0.809213,1.9319
MZI,65,159,-0.515680,-1.2311
MZI,64,160,-1.756219,-4.1927
MZI,63,161,1.755074,4.1899
MZI,62,162,2.525898,6.0301
MZI,61,163,-2.843372,-6.7880
MZI,60,164,2.004574,4.7856
MZI,59,165,1.385038,3.3065
MZI,58,166,1.606675,3.8357
MZI,57,167,1.245937,2.9745
MZI,56,168,1.579467,3.7707
MZI,55,169,2.790387,6.6616
MZI,54,170,-1.697147,-4.0516
MZI,53,171,0.585832,1.3986
MZI,52,172,-1.907553,-4.5539
MZI,51,173,-2.024643,-4.8335
MZI,50,174,-1.317280,-3.1448
MZI,49,175,-2.046394,-4.8854
MZI,48,176,-2.299098,-5.4887
MZI,47,177,0.176658,0.4217
MZI,46,178,3.020606,7.2112
MZI,45,179,-2.595187,-6.1956
MZI,44,180,1.549616,3.6994
MZI,43,181,1.357336,3.2404
MZI,42,182,-1.211470,-2.8922
MZI,41,183,2.087790,4.9842
MZI,40,184,-0.098818,-0.2359
MZI,39,185,0.080342,0.1918
MZI,38,186,-2.615893,-6.2450
MZI,37,187,-2.785945,-6.6510
MZI,36,188,1.376601,3.2864
MZI,35,189,-2.375690,-5.6715
MZI,34,190,1.803540,4.3056
MZI,33,191,0.882766,2.1074
MZI,32,192,1.546913,3.6930
MZI,31,193,-2.993383,-7.1462
MZI,30,194,1.972735,4.7096
MZI,29,195,2.185806,5.2182
MZI,28,196,-1.488677,-3.5540
MZI,27,197,2.520957,6.0183
MZI,26,198,0.981980,2.3443
MZI,25,199,-2.302504,-5.4968
MZI,24,200,1.220655,2.9141
MZI,23,201,1.721489,4.1098
MZI,22,202,0.587505,1.4026
MZI,21,203,-0.696060,-1.6617
MZI,20,204,1.256170,2.9989
MZI,19,205,0.713616,1.7036
MZI,18,206,0.408854,0.9761
MZI,17,207,-0.081284,-0.1941
MZI,16,208,2.525525,6.0292
MZI,15,209,-1.914230,-4.5699
MZI,14,210,-2.942983,-7.0259
MZI,13,211,1.016979,2.4279
MZI,12,212,1.455019,3.4736
MZI,11,213,1.436881,3.4303
MZI,10,214,1.086925,2.5948
MZI,9,215,0.522611,1.2476
MZI,8,216,-2.621246,-6.2578
MZI,7,217,-2.918715,-6.9679
MZI,6,218,-0.248473,-0.5932
MZI,5,219,-1.211545,-2.8924
MZI,4,220,0.484891,1.1576
MZI,3,221,-0.038323,-0.0915
MZI,2,222,-2.649038,-6.3241
MZI,1,223,-0.494365,-1.1802
MZI,0,224,-2.024285,-4.8326
MZI,226,0,-2.765271,-6.6016
MZI,225,1,0.671040,1.6020
MZI,224,2,0.782667,1.8685
MZI,223,3,0.857327,2.0467
MZI,222,4,0.937189,2.2374
MZI,221,5,0.676002,1.6138
MZI,220,6,0.797274,1.9034
MZI,219,7,0.757101,1.8074
MZI,218,8,1.237814,2.9551
MZI,217,9,0.412031,0.9837
MZI,216,10,2.306920,5.5074
MZI,215,11,0.395606,0.9444
MZI,214,12,1.434206,3.4239
MZI,213,13,1.238488,2.9567
MZI,212,14,1.099439,2.6247
MZI,211,15,0.898351,2.1447
MZI,210,16,0.914879,2.1841
MZI,209,17,-2.239715,-5.3469
MZI,208,18,0.593090,1.4159
MZI,207,19,1.090190,2.6026
MZI,206,20,1.451928,3.4662
MZI,205,21,1.080018,2.5784
MZI,204,22,1.313604,3.1360
MZI,203,23,0.648559,1.5483
MZI,202,24,1.401186,3.3451
MZI,201,25,1.052336,2.5123
MZI,200,26,0.585235,1.3971
MZI,199,27,1.846234,4.4076
MZI,198,28,1.165420,2.7822
MZI,197,29,1.485523,3.5464
MZI,196,30,1.301847,3.1079
MZI,195,31,-0.037132,-0.0886
MZI,194,32,0.439983,1.0504
MZI,193,33,2.822345,6.7379
MZI,192,34,0.070062,0.1673
MZI,191,35,0.467425,1.1159
MZI,190,36,0.614919,1.4680
MZI,189,37,-0.587760,-1.4032
MZI,188,38,2.486158,5.9353
MZI,187,39,1.400108,3.3425
MZI,186,40,0.960170,2.2922
MZI,185,41,1.209920,2.8885
MZI,184,42,2.262750,5.4019
MZI,183,43,1.713509,4.0907
MZI,182,44,0.786585,1.8778
MZI,181,45,1.049157,2.5047
MZI,180,46,0.599749,1.4318
MZI,179,47,1.260821,3.0100
MZI,178,48,1.310437,3.1284
MZI,177,49,1.447119,3.4547
MZI,176,50,1.173518,2.8016
MZI,175,51,1.759441,4.2004
MZI,174,52,1.182025,2.8219
MZI,173,53,1.180393,2.8180
MZI,172,54,1.257198,3.0013
MZI,171,55,1.268709,3.0288
MZI,170,56,1.647556,3.9333
MZI,169,57,2.143866,5.1181
MZI,168,58,2.452470,5.8548
MZI,167,59,-2.279523,-5.4420
MZI,166,60,1.572406,3.7538
MZI,165,61,1.637069,3.9082
MZI,164,62,2.028822,4.8435
MZI,163,63,2.588374,6.1793
MZI,162,64,1.878497,4.4846
MZI,161,65,0.916677,2.1884
MZI,160,66,-1.035015,-2.4709
MZI,159,67,-1.146861,-2.7379
MZI,158,68,-0.783064,-1.8694
MZI,157,69,0.770074,1.8384
MZI,156,70,1.018669,2.4319
MZI,155,71,0.696872,1.6637
MZI,154,72,0.545979,1.3034
MZI,153,73,-0.231273,-0.5521
MZI,152,74,0.156573,0.3738
MZI,151,75,1.392920,3.3254
MZI,150,76,1.682871,4.0176
MZI,149,77,-2.119133,-5.0591
MZI,148,78,0.724503,1.7296
MZI,147,79,1.216727,2.9047
MZI,146,80,-1.831764,-4.3730
MZI,145,81,2.023643,4.8311
MZI,144,82,1.430564,3.4152
MZI,143,83,1.153028,2.7527
MZI,142,84,2.835426,6.7691
MZI,141,85,0.512678,1.2239
MZI,140,86,-1.307328,-3.1210
MZI,139,87,-0.928118,-2.2157
MZI,138,88,0.365293,0.8721
MZI,137,89,1.290595,3.0811
MZI,136,90,2.373058,5.6653
MZI,135,91,0.118687,0.2833
MZI,134,92,2.999287,7.1603
MZI,133,93,-1.094027,-2.6118
MZI,132,94,0.912421,2.1782
MZI,131,95,1.207045,2.8816
MZI,130,96,2.459676,5.8720
MZI,129,97,1.360984,3.2491
MZI,128,98,-0.992992,-2.3706
MZI,127,99,1.953484,4.6636
MZI,126,100,2.277196,5.4364
MZI,125,101,0.167096,0.3989
MZI,124,102,1.769654,4.2247
MZI,123,103,1.818244,4.3407
MZI,122,104,1.181726,2.8212
MZI,121,105,1.200738,2.8666
MZI,120,106,0.508887,1.2149
MZI,119,107,-0.048362,-0.1155
MZI,118,108,1.203193,2.8724
MZI,117,109,3.110600,7.4260
MZI,116,110,3.138016,7.4915
MZI,115,111,-2.430229,-5.8017
MZI,114,112,-1.892420,-4.5178
MZI,113,113,-1.549927,-3.7002
MZI,112,114,-1.212418,-2.8944
MZI,111,115,-0.360287,-0.8601
MZI,110,116,2.612936,6.2379
MZI,109,117,0.604089,1.4422
MZI,108,118,-1.060252,-2.5312
MZI,107,119,-0.193942,-0.4630
MZI,106,120,-2.974097,-7.1001
MZI,105,121,-2.958808,-7.0636
MZI,104,122,-1.337292,-3.1926
MZI,103,123,-0.255449,-0.6098
MZI,102,124,2.019759,4.8218
MZI,101,125,-2.903159,-6.9308
MZI,100,126,1.563500,3.7326
MZI,99,127,-0.715243,-1.7075
MZI,98,128,-0.215457,-0.5144
MZI,97,129,3.064221,7.3153
MZI,96,130,0.969354,2.3142
MZI,95,131,0.893145,2.1322
MZI,94,132,-1.635065,-3.9034
MZI,93,133,-2.647724,-6.3210
MZI,92,134,2.510774,5.9940
MZI,91,135,0.734675,1.7539
MZI,90,136,-1.249730,-2.9835
MZI,89,137,0.126150,0.3012
MZI,88,138,-2.378656,-5.6786
MZI,87,139,-0.363683,-0.8682
MZI,86,140,-1.735735,-4.1438
MZI,85,141,-0.479658,-1.1451
MZI,84,142,1.887403,4.5058
MZI,83,143,1.856287,4.4316
MZI,82,144,1.335925,3.1893
MZI,81,145,1.160829,2.7713
MZI,80,146,-1.189078,-2.8387
MZI,79,147,-1.750860,-4.1799
MZI,78,148,-0.161850,-0.3864
MZI,77,149,0.209454,0.5000
MZI,76,150,-0.906573,-2.1643
MZI,75,151,-0.635581,-1.5173
MZI,74,152,0.030792,0.0735
MZI,73,153,0.036192,0.0864
MZI,72,154,0.637930,1.5229
MZI,71,155,0.088679,0.2117
MZI,70,156,-0.238517,-0.5694
MZI,69,157,-2.925356,-6.9838
MZI,68,158,1.849802,4.4161
MZI,67,159,2.139476,5.1076
MZI,66,160,2.536724,6.0560
MZI,65,161,1.614900,3.8553
MZI,64,162,-1.999019,-4.7723
MZI,63,163,-1.644895,-3.9269
MZI,62,164,2.784026,6.6464
MZI,61,165,2.359843,5.6337
MZI,60,166,2.979836,7.1138
MZI,59,167,2.461442,5.8763
MZI,58,168,2.079555,4.9646
MZI,57,169,-2.763728,-6.5979
MZI,56,170,-0.977389,-2.3333
MZI,55,171,2.282448,5.4489
MZI,54,172,-1.023989,-2.4446
MZI,53,173,2.631331,6.2818
MZI,52,174,-1.712003,-4.0871
MZI,51,175,-1.917313,-4.5772
MZI,50,176,-2.812050,-6.7133
MZI,49,177,2.940595,7.0202
MZI,48,178,1.932066,4.6125
MZI,47,179,2.184086,5.2141
MZI,46,180,-1.935701,-4.6211
MZI,45,181,-1.226302,-2.9276
MZI,44,182,-1.072707,-2.5609
MZI,43,183,1.800541,4.2985
MZI,42,184,-0.826688,-1.9736
MZI,41,185,2.269311,5.4176
MZI,40,186,0.336745,0.8039
MZI,39,187,0.537851,1.2840
MZI,38,188,-1.884184,-4.4982
MZI,37,189,-2.249998,-5.3715
MZI,36,190,-2.615997,-6.2452
MZI,35,191,2.891573,6.9031
MZI,34,192,2.654617,6.3374
MZI,33,193,-0.789899,-1.8857
MZI,32,194,2.381822,5.6862
MZI,31,195,-2.608039,-6.2262
MZI,30,196,0.703155,1.6787
MZI,29,197,2.828750,6.7531
MZI,28,198,-2.556233,-6.1026
MZI,27,199,0.266595,0.6364
MZI,26,200,0.203809,0.4866
MZI,25,201,-2.253031,-5.3787
MZI,24,202,-0.096544,-0.2305
MZI,23,203,2.612098,6.2359
MZI,22,204,2.935474,7.0079
MZI,21,205,1.853790,4.4256
MZI,20,206,1.468808,3.5065
MZI,19,207,1.064521,2.5414
MZI,18,208,-2.388948,-5.7032
MZI,17,209,1.165259,2.7819
MZI,16,210,-0.780361,-1.8630
MZI,15,211,-1.146068,-2.7360
MZI,14,212,-0.807863,-1.9286
MZI,13,213,-3.122408,-7.4542
MZI,12,214,-2.704682,-6.4570
MZI,11,215,-2.786248,-6.6517
MZI,10,216,0.478285,1.1418
MZI,9,217,1.739179,4.1520
MZI,8,218,1.847143,4.4097
MZI,7,219,-2.992400,-7.1438
MZI,6,220,-2.922237,-6.9763
MZI,5,221,-2.455790,-5.8628
MZI,4,222,1.385150,3.3068
MZI,3,223,1.955350,4.6681
MZI,2,224,0.929365,2.2187
MZI,1,225,0.756838,1.8068
MZI,0,226,-2.872207,-6.8569
MZI,228,0,-2.857712,-6.8223
MZI,227,1,0.638169,1.5235
MZI,226,2,0.535227,1.2778
MZI,225,3,0.620449,1.4812
MZI,224,4,0.694103,1.6570
MZI,223,5,0.790539,1.8873
MZI,222,6,0.392843,0.9378
MZI,221,7,0.543330,1.2971
MZI,220,8,0.519431,1.2401
MZI,219,9,0.976516,2.3313
MZI,218,10,0.403201,0.9626
MZI,217,11,1.923971,4.5931
MZI,216,12,-1.011234,-2.4141
MZI,215,13,0.744363,1.7770
MZI,214,14,0.951716,2.2721
MZI,213,15,0.887701,2.1192
MZI,212,16,0.643634,1.5366
MZI,211,17,0.574667,1.3719
MZI,210,18,1.044620,2.4938
MZI,209,19,0.416850,0.9952
MZI,208,20,0.655004,1.5637
MZI,207,21,2.649887,6.3261
MZI,206,22,0.992115,2.3685
MZI,205,23,-1.707324,-4.0759
MZI,204,24,-1.092247,-2.6075
MZI,203,25,1.400528,3.3435
MZI,202,26,3.058079,7.3006
MZI,201,27,0.474978,1.1339
MZI,200,28,1.984154,4.7368
MZI,199,29,-1.890093,-4.5123
MZI,198,30,-3.013542,-7.1943
MZI,197,31,1.665094,3.9751
MZI,196,32,0.308471,0.7364
MZI,195,33,0.626243,1.4950
MZI,194,34,1.518696,3.6256
MZI,193,35,0.873234,2.0847
MZI,192,36,0.814492,1.9445
MZI,191,37,0.957484,2.2858
MZI,190,38,0.749490,1.7893
MZI,189,39,2.782381,6.6424
MZI,188,40,1.212260,2.8941
MZI,187,41,0.623486,1.4885
MZI,186,42,0.950122,2.2682
MZI,185,43,2.458474,5.8692
MZI,184,44,1.637280,3.9087
MZI,183,45,1.023411,2.4432
MZI,182,46,0.516422,1.2329
MZI,181,47,0.800519,1.9111
MZI,180,48,1.041492,2.4864
MZI,179,49,1.361499,3.2503
MZI,178,50,1.343747,3.2080
MZI,177,51,1.146494,2.7371
MZI,176,52,1.367696,3.2651
MZI,175,53,1.207207,2.8820
MZI,174,54,1.221891,2.9170
MZI,173,55,1.498177,3.5766
MZI,172,56,1.436560,3.4295
MZI,171,57,1.719060,4.1040
MZI,170,58,2.190742,5.2300
MZI,169,59,2.362754,5.6407
MZI,168,60,2.444969,5.8369
MZI,167,61,1.530863,3.6547
MZI,166,62,1.408389,3.3623
MZI,165,63,1.316472,3.1428
MZI,164,64,1.335447,3.1881
MZI,163,65,-1.105518,-2.6392
MZI,162,66,0.573841,1.3699
MZI,161,67,1.015025,2.4232
MZI,160,68,0.769197,1.8363
MZI,159,69,0.453816,1.0834
MZI,158,70,0.239405,0.5715
MZI,157,71,0.074763,0.1785
MZI,156,72,0.288228,0.6881
MZI,155,73,0.807003,1.9266
MZI,154,74,0.829926,1.9813
MZI,153,75,0.943387,2.2522
MZI,152,76,0.605820,1.4463
MZI,151,77,1.953851,4.6645
MZI,150,78,2.048593,4.8907
MZI,149,79,0.906497,2.1641
MZI,148,80,0.960780,2.2937
MZI,147,81,1.936586,4.6233
MZI,146,82,2.143353,5.1169
MZI,145,83,0.900217,2.1491
MZI,144,84,-0.311371,-0.7433
MZI,143,85,2.796502,6.6762
MZI,142,86,-3.068887,-7.3264
MZI,141,87,0.247993,0.5920
MZI,140,88,0.375744,0.8970
MZI,139,89,0.688403,1.6434
MZI,138,90,1.675448,3.9998
MZI,137,91,1.923729,4.5926
MZI,136,92,1.092440,2.6080
MZI,135,93,0.782229,1.8674
MZI,134,94,-0.061130,-0.1459
MZI,133,95,0.041899,0.1000
MZI,132,96,2.778022,6.6320
MZI,131,97,0.794652,1.8971
MZI,130,98,-0.177806,-0.4245
MZI,129,99,-2.820778,-6.7341
MZI,128,100,0.982006,2.3444
MZI,127,101,0.351124,0.8382
MZI,126,102,-0.892416,-2.1305
MZI,125,103,2.032049,4.8512
MZI,124,104,2.999981,7.1619
MZI,123,105,-0.751443,-1.7939
MZI,122,106,-0.217158,-0.5184
MZI,121,107,1.071984,2.5592
MZI,120,108,2.037972,4.8653
MZI,119,109,-2.640891,-6.3047
MZI,118,110,-1.691863,-4.0390
MZI,117,111,-1.750768,-4.1797
MZI,116,112,-1.932529,-4.6136
MZI,115,113,-2.066577,-4.9336
MZI,114,114,-2.212474,-5.2819
MZI,113,115,-2.496564,-5.9601
MZI,112,116,3.066358,7.3204
MZI,111,117,0.140143,0.3346
MZI,110,118,-0.360794,-0.8613
MZI,109,119,1.874741,4.4756
MZI,108,120,-2.607374,-6.2246
MZI,107,121,-2.500575,-5.9697
MZI,106,122,-0.507414,-1.2114
MZI,105,123,-1.501204,-3.5839
MZI,104,124,-0.678192,-1.6191
MZI,103,125,-1.811508,-4.3247
MZI,102,126,1.271566,3.0356
MZI,101,127,0.053227,0.1271
MZI,100,128,-0.210874,-0.5034
MZI,99,129,-0.356498,-0.8511
MZI,98,130,-0.495279,-1.1824
MZI,97,131,0.924988,2.2082
MZI,96,132,-0.133204,-0.3180
MZI,95,133,-1.535372,-3.6654
MZI,94,134,-1.038355,-2.4789
MZI,93,135,2.338105,5.5818
MZI,92,136,2.218949,5.2974
MZI,91,137,0.542864,1.2960
MZI,90,138,-2.672714,-6.3806
MZI,89,139,-1.978306,-4.7229
MZI,88,140,-0.424294,-1.0129
MZI,87,141,0.109973,0.2625
MZI,86,142,2.412343,5.7590
MZI,85,143,1.059558,2.5295
MZI,84,144,-0.878278,-2.0967
MZI,83,145,-2.829556,-6.7551
MZI,82,146,1.220644,2.9141
MZI,81,147,2.911760,6.9513
MZI,80,148,2.269826,5.4188
MZI,79,149,-0.799164,-1.9079
MZI,78,150,-2.207332,-5.2696
MZI,77,151,-1.691309,-4.0377
MZI,76,152,1.625496,3.8806
MZI,75,153,-1.815824,-4.3350
MZI,74,154,0.371951,0.8880
MZI,73,155,2.487427,5.9383
MZI,72,156,-1.158047,-2.7646
MZI,71,157,-0.252184,-0.6020
MZI,70,158,0.155877,0.3721
MZI,69,159,0.115848,0.2766
MZI,68,160,1.376363,3.2858
MZI,67,161,1.674300,3.9971
MZI,66,162,0.697069,1.6641
MZI,65,163,-0.036833,-0.0879
MZI,64,164,-0.102430,-0.2445
MZI,63,165,-0.091369,-0.2181
MZI,62,166,-0.050642,-0.1209
MZI,61,167,1.113133,2.6574
MZI,60,168,2.204946,5.2639
MZI,59,169,2.812309,6.7139
MZI,58,170,0.198227,0.4732
MZI,57,171,1.002766,2.3939
MZI,56,172,3.015958,7.2001
MZI,55,173,-2.366533,-5.6497
MZI,54,174,3.065546,7.3185
MZI,53,175,0.346948,0.8283
MZI,52,176,1.538320,3.6725
MZI,51,177,-2.158420,-5.1528
MZI,50,178,-0.465654,-1.1117
MZI,49,179,-1.495110,-3.5693
MZI,48,180,2.974502,7.1011
MZI,47,181,-2.621816,-6.2591
MZI,46,182,-2.433217,-5.8089
MZI,45,183,-1.709433,-4.0810
MZI,44,184,-0.379707,-0.9065
MZI,43,185,-0.715867,-1.7090
MZI,42,186,0.737525,1.7607
MZI,41,187,-1.595234,-3.8083
MZI,40,188,-2.051406,-4.8974
MZI,39,189,-0.692065,-1.6522
MZI,38,190,-0.636474,-1.5195
MZI,37,191,1.223818,2.9217
MZI,36,192,0.843535,2.0138
MZI,35,193,0.689557,1.6462
MZI,34,194,-2.641196,-6.3054
MZI,33,195,-2.817689,-6.7267
MZI,32,196,1.278296,3.0517
MZI,31,197,2.566099,6.1261
MZI,30,198,0.289767,0.6918
MZI,29,199,1.553679,3.7091
MZI,28,200,2.471118,5.8994
MZI,27,201,2.462255,5.8782
MZI,26,202,-2.447285,-5.8425
MZI,25,203,2.182537,5.2104
MZI,24,204,-2.323443,-5.5468
MZI,23,205,2.715814,6.4835
MZI,22,206,1.852350,4.4222
MZI,21,207,-3.027701,-7.2281
MZI,20,208,1.703218,4.0661
MZI,19,209,-2.616102,-6.2455
MZI,18,210,0.275406,0.6575
MZI,17,211,3.073459,7.3373
MZI,16,212,-0.132300,-0.3158
MZI,15,213,-0.256167,-0.6116
MZI,14,214,-2.942967,-7.0258
MZI,13,215,-0.172600,-0.4121
MZI,12,216,-1.083845,-2.5875
MZI,11,217,-2.241679,-5.3516
MZI,10,218,-2.860198,-6.8282
MZI,9,219,2.179038,5.2021
MZI,8,220,-1.984618,-4.7379
MZI,7,221,-1.063567,-2.5391
MZI,6,222,2.651370,6.3297
MZI,5,223,-0.915198,-2.1849
MZI,4,224,0.204335,0.4878
MZI,3,225,-1.192567,-2.8470
MZI,2,226,-2.536154,-6.0546
MZI,1,227,2.824745,6.7436
MZI,0,228,-0.148651,-0.3549
MZI,230,0,-2.877018,-6.8684
MZI,229,1,0.541724,1.2933
MZI,228,2,0.613227,1.4640
MZI,227,3,0.507582,1.2118
MZI,226,4,0.629773,1.5035
MZI,225,5,0.729970,1.7427
MZI,224,6,0.880401,2.1018
MZI,223,7,0.443455,1.0587
MZI,222,8,0.431154,1.0293
MZI,221,9,0.352121,0.8406
MZI,220,10,0.863509,2.0615
MZI,219,11,0.469628,1.1212
MZI,218,12,0.913241,2.1802
MZI,217,13,0.663886,1.5849
MZI,216,14,0.580822,1.3866
MZI,215,15,1.136573,2.7134
MZI,214,16,1.082834,2.5851
MZI,213,17,0.519676,1.2406
MZI,212,18,0.141910,0.3388
MZI,211,19,1.233321,2.9443
MZI,210,20,0.645286,1.5405
MZI,209,21,0.279723,0.6678
MZI,208,22,2.509635,5.9913
MZI,207,23,1.057996,2.5258
MZI,206,24,1.384523,3.3053
MZI,205,25,1.120139,2.6741
MZI,204,26,-2.699791,-6.4453
MZI,203,27,1.829785,4.3683
MZI,202,28,1.054053,2.5164
MZI,201,29,1.582718,3.7785
MZI,200,30,1.223975,2.9220
MZI,199,31,1.688192,4.0303
MZI,198,32,1.834223,4.3789
MZI,197,33,1.136802,2.7139
MZI,196,34,0.919727,2.1957
MZI,195,35,1.456602,3.4774
MZI,194,36,1.173874,2.8024
MZI,193,37,1.081969,2.5830
MZI,192,38,1.056054,2.5211
MZI,191,39,1.069370,2.5529
MZI,190,40,2.051382,4.8973
MZI,189,41,-2.323740,-5.5475
MZI,188,42,0.796663,1.9019
MZI,187,43,0.964565,2.3027
MZI,186,44,1.977938,4.7220
MZI,185,45,2.012585,4.8047
MZI,184,46,1.257093,3.0011
MZI,183,47,0.711143,1.6977
MZI,182,48,1.304833,3.1151
MZI,181,49,0.685215,1.6358
MZI,180,50,1.357614,3.2411
MZI,179,51,1.144956,2.7334
MZI,178,52,0.956732,2.2840
MZI,177,53,0.688566,1.6438
MZI,176,54,1.360488,3.2479
MZI,175,55,1.359226,3.2449
MZI,174,56,1.795113,4.2855
MZI,173,57,1.421834,3.3944
MZI,172,58,1.316532,3.1430
MZI,171,59,1.719651,4.1054
MZI,170,60,2.108332,5.0333
MZI,169,61,1.901771,4.5401
MZI,168,62,1.309409,3.1260
MZI,167,63,1.178680,2.8139
MZI,166,64,0.777354,1.8558
MZI,165,65,0.614292,1.4665
MZI,164,66,-0.056574,-0.1351
MZI,163,67,0.901156,2.1514
MZI,162,68,1.100393,2.6270
MZI,161,69,0.956014,2.2823
MZI,160,70,0.602259,1.4378
MZI,159,71,-0.000628,-0.0015
MZI,158,72,-0.243205,-0.5806
MZI,157,73,-1.177702,-2.8116
MZI,156,74,-1.765051,-4.2137
MZI,155,75,-2.204255,-5.2623
MZI,154,76,1.700571,4.0598
MZI,153,77,-0.130639,-0.3119
MZI,152,78,-2.973039,-7.0976
MZI,151,79,1.096521,2.6178
MZI,150,80,0.643839,1.5371
MZI,149,81,0.132927,0.3173
MZI,148,82,1.547909,3.6954
MZI,147,83,2.914632,6.9582
MZI,146,84,0.534852,1.2769
MZI,145,85,0.009818,0.0234
MZI,144,86,0.104691,0.2499
MZI,143,87,0.064945,0.1550
MZI,142,88,-0.181171,-0.4325
MZI,141,89,-0.074571,-0.1780
MZI,140,90,0.407126,0.9719
MZI,139,91,1.083171,2.5859
MZI,138,92,0.729609,1.7418
MZI,137,93,0.855194,2.0416
MZI,136,94,0.485475,1.1590
MZI,135,95,-1.037791,-2.4775
MZI,134,96,0.985139,2.3518
MZI,133,97,0.980780,2.3414
MZI,132,98,0.605701,1.4460
MZI,131,99,0.729770,1.7422
MZI,130,100,-2.452112,-5.8540
MZI,129,101,-2.133401,-5.0931
MZI,128,102,-2.129327,-5.0834
MZI,127,103,-2.659189,-6.3483
MZI,126,104,0.378076,0.9026
MZI,125,105,0.859500,2.0519
MZI,124,106,-1.540600,-3.6779
MZI,123,107,-1.409541,-3.3650
MZI,122,108,0.722605,1.7251
MZI,121,109,-0.602867,-1.4392
MZI,120,110,-2.027996,-4.8415
MZI,119,111,-1.297185,-3.0968
MZI,118,112,-1.794645,-4.2844
MZI,117,113,-1.675942,-4.0010
MZI,116,114,0.648494,1.5482
MZI,115,115,1.157295,2.7628
MZI,114,116,1.041229,2.4858
MZI,113,117,0.890874,2.1268
MZI,112,118,0.732687,1.7492
MZI,111,119,0.992166,2.3686
MZI,110,120,-0.941682,-2.2481
MZI,109,121,1.181113,2.8197
MZI,108,122,-1.431547,-3.4176
MZI,107,123,2.045634,4.8836
MZI,106,124,0.689140,1.6452
MZI,105,125,2.507393,5.9860
MZI,104,126,1.052858,2.5135
MZI,103,127,1.456072,3.4761
MZI,102,128,0.764622,1.8254
MZI,101,129,-1.326652,-3.1671
MZI,100,130,-2.940292,-7.0194
MZI,99,131,0.128438,0.3066
MZI,98,132,0.174979,0.4177
MZI,97,133,-2.929626,-6.9940
MZI,96,134,-0.758273,-1.8102
MZI,95,135,1.683687,4.0195
MZI,94,136,-0.819120,-1.9555
MZI,93,137,-0.360035,-0.8595
MZI,92,138,0.950546,2.2693
MZI,91,139,-2.027908,-4.8413
MZI,90,140,0.826097,1.9722
MZI,89,141,-0.457314,-1.0918
MZI,88,142,-0.138573,-0.3308
MZI,87,143,-0.399292,-0.9532
MZI,86,144,-3.060194,-7.3057
MZI,85,145,-0.344077,-0.8214
MZI,84,146,0.622077,1.4851
MZI,83,147,0.083903,0.2003
MZI,82,148,-1.144800,-2.7330
MZI,81,149,-0.840765,-2.0072
MZI,80,150,-0.319439,-0.7626
MZI,79,151,0.128270,0.3062
MZI,78,152,0.798333,1.9059
MZI,77,153,-2.745190,-6.5537
MZI,76,154,-3.112171,-7.4298
MZI,75,155,0.105360,0.2515
MZI,74,156,-0.660782,-1.5775
MZI,73,157,-1.663669,-3.9717
MZI,72,158,-2.109854,-5.0369
MZI,71,159,-2.400715,-5.7313
MZI,70,160,2.249700,5.3708
MZI,69,161,0.745798,1.7805
MZI,68,162,1.471889,3.5139
MZI,67,163,-2.216969,-5.2926
MZI,66,164,-0.723351,-1.7269
MZI,65,165,-0.846860,-2.0217
MZI,64,166,-1.679340,-4.0091
MZI,63,167,-1.523632,-3.6374
MZI,62,168,-3.129969,-7.4723
MZI,61,169,-2.928978,-6.9924
MZI,60,170,1.308911,3.1248
MZI,59,171,-2.039597,-4.8692
MZI,58,172,-2.486085,-5.9351
MZI,57,173,-1.645761,-3.9290
MZI,56,174,-2.321610,-5.5424
MZI,55,175,-1.663872,-3.9722
MZI,54,176,1.525755,3.6425
MZI,53,177,-0.659448,-1.5743
MZI,52,178,3.056167,7.2961
MZI,51,179,2.134706,5.0962
MZI,50,180,2.100364,5.0142
MZI,49,181,-2.330232,-5.5630
MZI,48,182,2.318558,5.5352
MZI,47,183,2.159020,5.1543
MZI,46,184,1.957245,4.6726
MZI,45,185,-0.727723,-1.7373
MZI,44,186,2.828759,6.7532
MZI,43,187,2.482066,5.9255
MZI,42,188,0.467383,1.1158
MZI,41,189,1.048394,2.5029
MZI,40,190,1.318480,3.1476
MZI,39,191,0.266967,0.6373
MZI,38,192,0.796443,1.9014
MZI,37,193,-1.282640,-3.0621
MZI,36,194,1.297484,3.0975
MZI,35,195,0.033344,0.0796
MZI,34,196,2.613275,6.2387
MZI,33,197,0.512626,1.2238
MZI,32,198,-3.111820,-7.4289
MZI,31,199,1.253535,2.9926
MZI,30,200,1.073618,2.5631
MZI,29,201,-1.964124,-4.6890
MZI,28,202,-0.797333,-1.9035
MZI,27,203,-1.770546,-4.2269
MZI,26,204,-0.611109,-1.4589
MZI,25,205,1.754670,4.1890
MZI,24,206,-0.136799,-0.3266
MZI,23,207,1.959365,4.6776
MZI,22,208,-0.340877,-0.8138
MZI,21,209,-1.446031,-3.4521
MZI,20,210,-2.050650,-4.8956
MZI,19,211,0.705972,1.6854
MZI,18,212,-0.979771,-2.3390
MZI,17,213,2.077503,4.9597
MZI,16,214,1.619906,3.8672
MZI,15,215,0.097952,0.2338
MZI,14,216,2.444430,5.8356
MZI,13,217,3.109834,7.4242
MZI,12,218,2.853325,6.8118
MZI,11,219,-1.155818,-2.7593
MZI,10,220,2.004818,4.7861
MZI,9,221,3.075968,7.3433
MZI,8,222,1.200705,2.8665
MZI,7,223,2.080645,4.9672
MZI,6,224,-2.181066,-5.2069
MZI,5,225,0.921791,2.2006
MZI,4,226,0.093122,0.2223
MZI,3,227,0.831284,1.9845
MZI,2,228,-2.580714,-6.1610
MZI,1,229,0.033758,0.0806
MZI,0,230,1.844601,4.4037
MZI,232,0,-2.813117,-6.7158
MZI,231,1,0.607393,1.4500
MZI,230,2,0.628357,1.5001
MZI,229,3,0.725028,1.7309
MZI,228,4,0.585443,1.3976
MZI,227,5,0.763795,1.8234
MZI,226,6,0.903836,2.1577
MZI,225,7,1.240425,2.9613
MZI,224,8,0.718346,1.7149
MZI,223,9,0.326262,0.7789
MZI,222,10,-0.435692,-1.0401
MZI,221,11,0.833432,1.9897
MZI,220,12,0.432377,1.0322
MZI,219,13,0.949696,2.2672
MZI,218,14,0.933980,2.2297
MZI,217,15,0.758763,1.8114
MZI,216,16,3.089693,7.3761
MZI,215,17,1.997641,4.7690
MZI,214,18,-0.081050,-0.1935
MZI,213,19,0.360478,0.8606
MZI,212,20,3.093222,7.3845
MZI,211,21,1.029181,2.4570
MZI,210,22,0.668968,1.5970
MZI,209,23,1.471883,3.5139
MZI,208,24,0.774761,1.8496
MZI,207,25,2.212502,5.2820
MZI,206,26,1.603482,3.8280
MZI,205,27,1.795496,4.2864
MZI,204,28,1.393911,3.3277
MZI,203,29,1.335421,3.1881
MZI,202,30,1.558041,3.7195
MZI,201,31,1.530942,3.6549
MZI,200,32,1.462454,3.4914
MZI,199,33,2.446819,5.8414
MZI,198,34,1.541296,3.6796
MZI,197,35,1.249304,2.9825
MZI,196,36,1.620994,3.8698
MZI,195,37,1.297055,3.0965
MZI,194,38,1.315836,3.1413
MZI,193,39,1.119013,2.6714
MZI,192,40,1.245963,2.9745
MZI,191,41,1.573444,3.7563
MZI,190,42,1.707910,4.0773
MZI,189,43,0.908195,2.1682
MZI,188,44,1.143359,2.7296
MZI,187,45,1.795854,4.2873
MZI,186,46,2.404751,5.7409
MZI,185,47,1.336473,3.1906
MZI,184,48,1.506636,3.5968
MZI,183,49,1.845269,4.4053
MZI,182,50,0.961412,2.2952
MZI,181,51,0.636954,1.5206
MZI,180,52,-0.608891,-1.4536
MZI,179,53,0.255033,0.6088
MZI,178,54,-0.218060,-0.5206
MZI,177,55,2.892504,6.9053
MZI,176,56,2.023066,4.8297
MZI,175,57,1.704086,4.0682
MZI,174,58,1.411122,3.3688
MZI,173,59,1.293054,3.0869
MZI,172,60,1.819993,4.3449
MZI,171,61,1.995807,4.7646
MZI,170,62,1.680863,4.0128
MZI,169,63,1.280247,3.0564
MZI,168,64,-0.108699,-0.2595
MZI,167,65,0.004681,0.0112
MZI,166,66,0.825560,1.9709
MZI,165,67,0.417436,0.9966
MZI,164,68,1.123976,2.6833
MZI,163,69,1.274672,3.0431
MZI,162,70,1.072637,2.5607
MZI,161,71,0.985334,2.3523
MZI,160,72,1.267967,3.0270
MZI,159,73,0.832889,1.9884
MZI,158,74,0.400166,0.9553
MZI,157,75,0.867849,2.0718
MZI,156,76,0.750110,1.7908
MZI,155,77,0.733468,1.7510
MZI,154,78,0.743650,1.7753
MZI,153,79,1.571435,3.7515
MZI,152,80,0.516836,1.2339
MZI,151,81,-0.090012,-0.2149
MZI,150,82,0.420552,1.0040
MZI,149,83,1.566747,3.7403
MZI,148,84,1.476412,3.5247
MZI,147,85,1.606097,3.8343
MZI,146,86,-1.727246,-4.1235
MZI,145,87,-0.651785,-1.5560
MZI,144,88,-1.911733,-4.5639
MZI,143,89,1.417095,3.3831
MZI,142,90,0.183206,0.4374
MZI,141,91,0.731213,1.7456
MZI,140,92,0.120171,0.2869
MZI,139,93,0.578647,1.3814
MZI,138,94,1.424611,3.4010
MZI,137,95,1.334989,3.1871
MZI,136,96,-0.386845,-0.9235
MZI,135,97,0.993580,2.3720
MZI,134,98,1.267202,3.0252
MZI,133,99,0.384531,0.9180
MZI,132,100,0.442990,1.0576
MZI,131,101,-0.632015,-1.5088
MZI,130,102,1.177779,2.8117
MZI,129,103,-0.190567,-0.4549
MZI,128,104,0.238271,0.5688
MZI,127,105,2.614955,6.2427
MZI,126,106,-2.902771,-6.9299
MZI,125,107,-1.368189,-3.2663
MZI,124,108,-0.963012,-2.2990
MZI,123,109,-0.945133,-2.2563
MZI,122,110,-3.115195,-7.4370
MZI,121,111,-1.535665,-3.6661
MZI,120,112,0.850446,2.0303
MZI,119,113,0.656089,1.5663
MZI,118,114,0.248328,0.5928
MZI,117,115,-2.702865,-6.4526
MZI,116,116,2.674141,6.3840
MZI,115,117,2.457368,5.8665
MZI,114,118,1.937598,4.6257
MZI,113,119,1.398872,3.3396
MZI,112,120,0.779424,1.8607
MZI,111,121,-1.729878,-4.1298
MZI,110,122,-0.518587,-1.2380
MZI,109,123,-0.289491,-0.6911
MZI,108,124,0.433547,1.0350
MZI,107,125,0.773990,1.8478
MZI,106,126,1.265738,3.0217
MZI,105,127,1.692168,4.0398
MZI,104,128,2.078667,4.9625
MZI,103,129,-2.987624,-7.1324
MZI,102,130,-0.815217,-1.9462
MZI,101,131,0.299350,0.7146
MZI,100,132,0.302987,0.7233
MZI,99,133,0.725403,1.7318
MZI,98,134,0.328612,0.7845
MZI,97,135,-0.278533,-0.6649
MZI,96,136,0.334311,0.7981
MZI,95,137,-0.000692,-0.0017
MZI,94,138,1.650557,3.9404
MZI,93,139,-0.857337,-2.0467
MZI,92,140,2.210260,5.2766
MZI,91,141,-1.467952,-3.5045
MZI,90,142,-0.398167,-0.9506
MZI,89,143,0.609554,1.4552
MZI,88,144,1.113823,2.6591
MZI,87,145,0.977431,2.3334
MZI,86,146,1.835975,4.3831
MZI,85,147,2.721096,6.4961
MZI,84,148,-1.532766,-3.6592
MZI,83,149,-1.250462,-2.9853
MZI,82,150,-0.921274,-2.1994
MZI,81,151,-1.656583,-3.9548
MZI,80,152,2.264154,5.4053
MZI,79,153,0.663078,1.5830
MZI,78,154,0.540638,1.2907
MZI,77,155,1.133990,2.7072
MZI,76,156,-2.185779,-5.2182
MZI,75,157,-1.610123,-3.8439
MZI,74,158,0.206541,0.4931
MZI,73,159,0.301762,0.7204
MZI,72,160,-3.053779,-7.2904
MZI,71,161,2.256635,5.3873
MZI,70,162,-0.854094,-2.0390
MZI,69,163,-2.322282,-5.5440
MZI,68,164,-2.465336,-5.8856
MZI,67,165,-1.717653,-4.1006
MZI,66,166,-0.900669,-2.1502
MZI,65,167,2.144927,5.1206
MZI,64,168,-2.468836,-5.8939
MZI,63,169,-2.264771,-5.4067
MZI,62,170,-0.525516,-1.2546
MZI,61,171,1.879334,4.4866
MZI,60,172,1.078155,2.5739
MZI,59,173,1.631842,3.8957
MZI,58,174,1.705176,4.0708
MZI,57,175,1.490911,3.5593
MZI,56,176,-1.616198,-3.8584
MZI,55,177,2.500830,5.9703
MZI,54,178,-1.952830,-4.6620
MZI,53,179,0.098354,0.2348
MZI,52,180,-0.051115,-0.1220
MZI,51,181,0.451389,1.0776
MZI,50,182,-0.697926,-1.6662
MZI,49,183,-2.422833,-5.7841
MZI,48,184,2.413101,5.7609
MZI,47,185,2.375702,5.6716
MZI,46,186,0.224114,0.5350
MZI,45,187,0.003619,0.0086
MZI,44,188,2.363748,5.6430
MZI,43,189,1.653420,3.9472
MZI,42,190,1.869583,4.4633
MZI,41,191,1.527596,3.6469
MZI,40,192,-2.215708,-5.2896
MZI,39,193,1.737551,4.1481
MZI,38,194,1.573860,3.7573
MZI,37,195,2.541790,6.0681
MZI,36,196,0.824975,1.9695
MZI,35,197,-0.215017,-0.5133
MZI,34,198,2.694007,6.4315
MZI,33,199,0.235476,0.5622
MZI,32,200,-2.949675,-7.0418
MZI,31,201,1.317260,3.1447
MZI,30,202,-2.753202,-6.5728
MZI,29,203,0.525708,1.2550
MZI,28,204,0.579372,1.3831
MZI,27,205,-1.236294,-2.9514
MZI,26,206,-1.747554,-4.1720
MZI,25,207,-0.143131,-0.3417
MZI,24,208,0.072097,0.1721
MZI,23,209,-0.536541,-1.2809
MZI,22,210,-2.811636,-6.7123
MZI,21,211,-3.033258,-7.2414
MZI,20,212,2.333994,5.5720
MZI,19,213,0.002906,0.0069
MZI,18,214,-0.031365,-0.0749
MZI,17,215,-0.736395,-1.7580
MZI,16,216,-0.662693,-1.5821
MZI,15,217,-0.663355,-1.5836
MZI,14,218,-1.411447,-3.3696
MZI,13,219,-0.978897,-2.3369
MZI,12,220,-0.896140,-2.1394
MZI,11,221,-0.848284,-2.0251
MZI,10,222,-1.312906,-3.1343
MZI,9,223,1.922349,4.5893
MZI,8,224,2.024526,4.8332
MZI,7,225,-0.490631,-1.1713
MZI,6,226,0.567397,1.3546
MZI,5,227,-2.764023,-6.5986
MZI,4,228,-1.726031,-4.1206
MZI,3,229,-2.005856,-4.7886
MZI,2,230,-2.860347,-6.8286
MZI,1,231,0.383824,0.9163
MZI,0,232,-0.574477,-1.3715
MZI,234,0,-2.782291,-6.6422
MZI,233,1,0.702100,1.6761
MZI,232,2,0.651288,1.5548
MZI,231,3,0.663151,1.5832
MZI,230,4,0.771733,1.8424
MZI,229,5,0.567352,1.3545
MZI,228,6,0.815232,1.9462
MZI,227,7,1.007063,2.4042
MZI,226,8,1.888876,4.5094
MZI,225,9,0.824536,1.9684
MZI,224,10,0.304869,0.7278
MZI,223,11,0.110484,0.2638
MZI,222,12,0.667568,1.5937
MZI,221,13,-0.128952,-0.3079
MZI,220,14,0.903251,2.1564
MZI,219,15,0.869232,2.0751
MZI,218,16,0.909570,2.1714
MZI,217,17,1.298586,3.1001
MZI,216,18,2.301622,5.4947
MZI,215,19,0.230339,0.5499
MZI,214,20,0.839919,2.0052
MZI,213,21,1.964659,4.6903
MZI,212,22,1.319288,3.1496
MZI,211,23,1.040291,2.4835
MZI,210,24,1.545664,3.6900
MZI,209,25,-0.589519,-1.4074
MZI,208,26,2.701501,6.4494
MZI,207,27,-3.051596,-7.2851
MZI,206,28,1.658305,3.9589
MZI,205,29,1.508121,3.6004
MZI,204,30,1.364502,3.2575
MZI,203,31,1.595880,3.8099
MZI,202,32,1.774358,4.2360
MZI,201,33,1.305052,3.1156
MZI,200,34,2.374885,5.6696
MZI,199,35,1.748338,4.1738
MZI,198,36,1.394977,3.3303
MZI,197,37,1.471358,3.5126
MZI,196,38,1.038062,2.4782
MZI,195,39,1.403226,3.3500
MZI,194,40,1.360534,3.2480
MZI,193,41,-0.941064,-2.2466
MZI,192,42,1.195568,2.8542
MZI,191,43,1.301624,3.1074
MZI,190,44,0.861227,2.0560
MZI,189,45,1.615531,3.8568
MZI,188,46,1.473743,3.5183
MZI,187,47,2.239003,5.3452
MZI,186,48,-1.498808,-3.5781
MZI,185,49,1.762208,4.2070
MZI,184,50,2.689373,6.4204
MZI,183,51,1.191356,2.8442
MZI,182,52,-0.010449,-0.0249
MZI,181,53,0.572072,1.3657
MZI,180,54,0.081786,0.1952
MZI,179,55,1.024987,2.4470
MZI,178,56,1.949733,4.6546
MZI,177,57,2.682451,6.4039
MZI,176,58,1.492184,3.5623
MZI,175,59,1.241876,2.9648
MZI,174,60,1.004545,2.3982
MZI,173,61,1.811352,4.3243
MZI,172,62,1.470251,3.5100
MZI,171,63,1.370695,3.2723
MZI,170,64,0.818380,1.9537
MZI,169,65,-0.279089,-0.6663
MZI,168,66,0.648284,1.5477
MZI,167,67,1.029657,2.4581
MZI,166,68,0.762549,1.8205
MZI,165,69,1.238680,2.9571
MZI,164,70,1.263808,3.0171
MZI,163,71,1.043765,2.4918
MZI,162,72,1.153085,2.7528
MZI,161,73,1.648368,3.9352
MZI,160,74,-2.725156,-6.5058
MZI,159,75,0.241704,0.5770
MZI,158,76,0.532949,1.2723
MZI,157,77,0.352847,0.8424
MZI,156,78,0.502819,1.2004
MZI,155,79,1.183948,2.8265
MZI,154,80,2.738677,6.5381
MZI,153,81,-0.768902,-1.8356
MZI,152,82,0.604754,1.4437
MZI,151,83,1.354607,3.2339
MZI,150,84,0.850110,2.0295
MZI,149,85,0.395152,0.9434
MZI,148,86,1.375127,3.2829
MZI,147,87,0.100759,0.2405
MZI,146,88,-0.397053,-0.9479
MZI,145,89,0.061042,0.1457
MZI,144,90,1.383910,3.3038
MZI,143,91,-1.950301,-4.6560
MZI,142,92,-2.669958,-6.3741
MZI,141,93,-0.304290,-0.7264
MZI,140,94,1.730954,4.1323
MZI,139,95,1.779319,4.2478
MZI,138,96,1.741284,4.1570
MZI,137,97,-1.388464,-3.3147
MZI,136,98,-0.060842,-0.1452
MZI,135,99,2.649025,6.3241
MZI,134,100,-2.595643,-6.1966
MZI,133,101,1.284231,3.0659
MZI,132,102,1.751287,4.1809
MZI,131,103,0.735231,1.7552
MZI,130,104,0.721620,1.7227
MZI,129,105,1.270619,3.0334
MZI,128,106,1.755109,4.1900
MZI,127,107,1.469465,3.5081
MZI,126,108,-0.175278,-0.4184
MZI,125,109,-0.121391,-0.2898
MZI,124,110,-0.983235,-2.3473
MZI,123,111,0.829037,1.9792
MZI,122,112,-0.245118,-0.5852
MZI,121,113,0.409132,0.9767
MZI,120,114,2.000712,4.7763
MZI,119,115,2.675854,6.3881
MZI,118,116,0.940863,2.2461
MZI,117,117,1.369604,3.2697
MZI,116,118,1.486679,3.5492
MZI,115,119,1.763737,4.2106
MZI,114,120,1.789622,4.2724
MZI,113,121,1.026854,2.4514
MZI,112,122,0.521835,1.2458
MZI,111,123,-0.610309,-1.4570
MZI,110,124,-1.106177,-2.6408
MZI,109,125,-1.844156,-4.4026
MZI,108,126,2.589861,6.1828
MZI,107,127,-1.701203,-4.0613
MZI,106,128,2.618100,6.2503
MZI,105,129,1.919775,4.5831
MZI,104,130,1.682292,4.0162
MZI,103,131,-0.667710,-1.5940
MZI,102,132,-3.076004,-7.3434
MZI,101,133,-2.379721,-5.6812
MZI,100,134,-3.072679,-7.3355
MZI,99,135,0.931408,2.2236
MZI,98,136,-1.102922,-2.6330
MZI,97,137,0.269755,0.6440
MZI,96,138,-1.355427,-3.2358
MZI,95,139,-1.897476,-4.5299
MZI,94,140,0.604832,1.4439
MZI,93,141,-0.905108,-2.1608
MZI,92,142,-0.786024,-1.8765
MZI,91,143,-1.879345,-4.4866
MZI,90,144,1.190836,2.8429
MZI,89,145,0.946212,2.2589
MZI,88,146,2.435894,5.8153
MZI,87,147,0.141242,0.3372
MZI,86,148,-3.098851,-7.3980
MZI,85,149,0.024201,0.0578
MZI,84,150,-0.594800,-1.4200
MZI,83,151,-2.115698,-5.0509
MZI,82,152,-2.344329,-5.5967
MZI,81,153,-1.969088,-4.7009
MZI,80,154,2.972857,7.0972
MZI,79,155,2.759042,6.5867
MZI,78,156,1.495520,3.5703
MZI,77,157,-2.039250,-4.8684
MZI,76,158,3.090135,7.3772
MZI,75,159,-1.044552,-2.4937
MZI,74,160,3.115068,7.4367
MZI,73,161,3.049698,7.2806
MZI,72,162,1.762236,4.2070
MZI,71,163,-1.122254,-2.6792
MZI,70,164,-1.649191,-3.9372
MZI,69,165,-1.518355,-3.6248
MZI,68,166,-0.769365,-1.8367
MZI,67,167,-0.631694,-1.5081
MZI,66,168,-0.861174,-2.0559
MZI,65,169,-1.249111,-2.9820
MZI,64,170,-1.700696,-4.0601
MZI,63,171,2.642988,6.3097
MZI,62,172,2.200543,5.2534
MZI,61,173,0.864985,2.0650
MZI,60,174,1.860242,4.4410
MZI,59,175,-0.075595,-0.1805
MZI,58,176,0.429444,1.0252
MZI,57,177,-1.208914,-2.8861
MZI,56,178,-2.080286,-4.9663
MZI,55,179,-2.932233,-7.0002
MZI,54,180,-2.056494,-4.9095
MZI,53,181,-1.293054,-3.0869
MZI,52,182,-1.713809,-4.0914
MZI,51,183,-2.419849,-5.7770
MZI,50,184,1.571461,3.7516
MZI,49,185,-2.682578,-6.4042
MZI,48,186,3.106612,7.4165
MZI,47,187,-0.323615,-0.7726
MZI,46,188,-1.001496,-2.3909
MZI,45,189,-2.381519,-5.6855
MZI,44,190,-0.979317,-2.3379
MZI,43,191,-2.465318,-5.8855
MZI,42,192,-2.285878,-5.4571
MZI,41,193,-2.907271,-6.9406
MZI,40,194,-1.798139,-4.2927
MZI,39,195,0.417772,0.9974
MZI,38,196,-3.123499,-7.4568
MZI,37,197,-0.713772,-1.7040
MZI,36,198,-0.915304,-2.1851
MZI,35,199,-0.454125,-1.0841
MZI,34,200,3.052105,7.2864
MZI,33,201,-0.855805,-2.0431
MZI,32,202,0.280652,0.6700
MZI,31,203,-0.704724,-1.6824
MZI,30,204,0.325158,0.7763
MZI,29,205,1.191954,2.8456
MZI,28,206,2.715150,6.4819
MZI,27,207,1.232415,2.9422
MZI,26,208,-1.103191,-2.6337
MZI,25,209,0.358996,0.8570
MZI,24,210,0.471361,1.1253
MZI,23,211,1.541520,3.6801
MZI,22,212,0.719876,1.7186
MZI,21,213,1.179518,2.8159
MZI,20,214,2.620805,6.2567
MZI,19,215,2.489453,5.9431
MZI,18,216,1.867362,4.4580
MZI,17,217,0.435936,1.0407
MZI,16,218,1.890867,4.5141
MZI,15,219,-3.047697,-7.2758
MZI,14,220,-2.922836,-6.9778
MZI,13,221,2.514193,6.0022
MZI,12,222,0.979114,2.3375
MZI,11,223,1.033698,2.4678
MZI,10,224,0.559393,1.3355
MZI,9,225,1.197657,2.8592
MZI,8,226,2.897241,6.9167
MZI,7,227,-0.238038,-0.5683
MZI,6,228,-2.691504,-6.4255
MZI,5,229,1.511081,3.6074
MZI,4,230,-0.539973,-1.2891
MZI,3,231,1.491031,3.5596
MZI,2,232,-0.303430,-0.7244
MZI,1,233,0.666556,1.5913
MZI,0,234,-1.223963,-2.9220
MZI,236,0,-2.854285,-6.8141
MZI,235,1,0.632312,1.5095
MZI,234,2,0.615886,1.4703
MZI,233,3,0.527818,1.2601
MZI,232,4,0.544218,1.2992
MZI,231,5,0.660647,1.5772
MZI,230,6,0.392024,0.9359
MZI,229,7,0.703879,1.6804
MZI,228,8,0.950542,2.2693
MZI,227,9,1.409498,3.3649
MZI,226,10,0.677581,1.6176
MZI,225,11,0.373636,0.8920
MZI,224,12,0.448388,1.0704
MZI,223,13,0.415672,0.9923
MZI,222,14,-0.010328,-0.0247
MZI,221,15,0.200515,0.4787
MZI,220,16,-0.025296,-0.0604
MZI,219,17,0.825980,1.9719
MZI,218,18,0.568905,1.3582
MZI,217,19,1.373490,3.2790
MZI,216,20,0.771601,1.8421
MZI,215,21,0.803263,1.9176
MZI,214,22,1.211721,2.8928
MZI,213,23,2.856488,6.8194
MZI,212,24,1.059707,2.5299
MZI,211,25,1.706473,4.0739
MZI,210,26,1.017378,2.4288
MZI,209,27,1.680749,4.0125
MZI,208,28,1.929564,4.6065
MZI,207,29,1.795795,4.2871
MZI,206,30,2.332411,5.5682
MZI,205,31,1.169194,2.7912
MZI,204,32,1.797093,4.2902
MZI,203,33,1.571147,3.7508
MZI,202,34,0.936145,2.2349
MZI,201,35,1.344237,3.2091
MZI,200,36,1.357023,3.2397
MZI,199,37,1.063646,2.5393
MZI,198,38,0.900198,2.1491
MZI,197,39,0.743879,1.7759
MZI,196,40,1.188891,2.8383
MZI,195,41,1.130515,2.6989
MZI,194,42,0.030437,0.0727
MZI,193,43,0.545998,1.3035
MZI,192,44,1.694007,4.0441
MZI,191,45,0.742784,1.7733
MZI,190,46,1.353761,3.2319
MZI,189,47,0.888396,2.1209
MZI,188,48,1.682122,4.0158
MZI,187,49,0.904397,2.1591
MZI,186,50,1.362239,3.2521
MZI,185,51,1.472158,3.5145
MZI,184,52,0.953195,2.2756
MZI,183,53,0.444708,1.0617
MZI,182,54,0.671977,1.6042
MZI,181,55,0.044972,0.1074
MZI,180,56,1.074439,2.5650
MZI,179,57,1.018733,2.4320
MZI,178,58,1.347158,3.2161
MZI,177,59,1.511418,3.6082
MZI,176,60,0.990772,2.3653
MZI,175,61,-0.391806,-0.9354
MZI,174,62,1.184186,2.8270
MZI,173,63,0.873914,2.0863
MZI,172,64,1.254105,2.9940
MZI,171,65,-1.703953,-4.0679
MZI,170,66,0.756081,1.8050
MZI,169,67,0.799879,1.9096
MZI,168,68,1.166584,2.7850
MZI,167,69,1.337743,3.1936
MZI,166,70,0.408983,0.9764
MZI,165,71,1.032513,2.4649
MZI,164,72,1.070576,2.5558
MZI,163,73,1.042927,2.4898
MZI,162,74,1.004333,2.3977
MZI,161,75,0.136729,0.3264
MZI,160,76,-1.352008,-3.2277
MZI,159,77,-1.125776,-2.6876
MZI,158,78,-0.603626,-1.4411
MZI,157,79,0.219900,0.5250
MZI,156,80,1.078116,2.5738
MZI,155,81,0.812907,1.9407
MZI,154,82,0.244503,0.5837
MZI,153,83,1.494188,3.5671
MZI,152,84,0.912086,2.1774
MZI,151,85,0.297815,0.7110
MZI,150,86,-2.007470,-4.7925
MZI,149,87,0.223754,0.5342
MZI,148,88,0.128691,0.3072
MZI,147,89,-0.412250,-0.9842
MZI,146,90,-1.480125,-3.5335
MZI,145,91,1.732158,4.1352
MZI,144,92,0.065985,0.1575
MZI,143,93,1.771419,4.2290
MZI,142,94,0.450851,1.0763
MZI,141,95,0.564652,1.3480
MZI,140,96,0.709017,1.6927
MZI,139,97,1.593535,3.8043
MZI,138,98,0.327340,0.7815
MZI,137,99,-1.307508,-3.1214
MZI,136,100,1.588138,3.7914
MZI,135,101,1.686396,4.0260
MZI,134,102,1.975015,4.7150
MZI,133,103,1.386285,3.3095
MZI,132,104,-0.420616,-1.0041
MZI,131,105,-0.668034,-1.5948
MZI,130,106,2.859376,6.8263
MZI,129,107,1.447228,3.4550
MZI,128,108,2.045597,4.8835
MZI,127,109,0.368072,0.8787
MZI,126,110,-1.290497,-3.0808
MZI,125,111,0.017182,0.0410
MZI,124,112,-0.899120,-2.1465
MZI,123,113,0.552913,1.3200
MZI,122,114,0.560889,1.3390
MZI,121,115,1.091556,2.6059
MZI,120,116,2.999454,7.1607
MZI,119,117,-0.437614,-1.0447
MZI,118,118,-0.099752,-0.2381
MZI,117,119,0.294372,0.7028
MZI,116,120,0.991409,2.3668
MZI,115,121,1.773736,4.2345
MZI,114,122,2.353207,5.6179
MZI,113,123,1.816767,4.3372
MZI,112,124,-2.564982,-6.1234
MZI,111,125,0.437696,1.0449
MZI,110,126,1.510986,3.6072
MZI,109,127,-3.046012,-7.2718
MZI,108,128,0.566088,1.3514
MZI,107,129,1.117701,2.6683
MZI,106,130,0.095983,0.2291
MZI,105,131,0.629166,1.5020
MZI,104,132,2.896528,6.9150
MZI,103,133,-1.748585,-4.1744
MZI,102,134,-0.981358,-2.3428
MZI,101,135,0.329689,0.7871
MZI,100,136,1.575853,3.7621
MZI,99,137,0.747766,1.7852
MZI,98,138,-2.705569,-6.4591
MZI,97,139,-0.519589,-1.2404
MZI,96,140,-1.155575,-2.7587
MZI,95,141,-0.239244,-0.5712
MZI,94,142,-2.243279,-5.3554
MZI,93,143,-1.931761,-4.6117
MZI,92,144,2.199206,5.2502
MZI,91,145,-1.727906,-4.1251
MZI,90,146,-2.151007,-5.1352
MZI,89,147,-0.261338,-0.6239
MZI,88,148,-2.391394,-5.7090
MZI,87,149,0.557798,1.3316
MZI,86,150,1.259847,3.0077
MZI,85,151,-2.225599,-5.3132
MZI,84,152,-0.406286,-0.9699
MZI,83,153,0.205433,0.4904
MZI,82,154,0.769576,1.8372
MZI,81,155,3.053146,7.2888
MZI,80,156,0.332327,0.7934
MZI,79,157,1.261837,3.0124
MZI,78,158,1.976330,4.7181
MZI,77,159,0.316921,0.7566
MZI,76,160,1.986874,4.7433
MZI,75,161,-2.884775,-6.8869
MZI,74,162,-0.448604,-1.0710
MZI,73,163,-1.920257,-4.5843
MZI,72,164,-1.760471,-4.2028
MZI,71,165,-2.426326,-5.7924
MZI,70,166,-1.782990,-4.2566
MZI,69,167,-2.189424,-5.2269
MZI,68,168,-2.598551,-6.2036
MZI,67,169,2.121250,5.0641
MZI,66,170,1.452635,3.4679
MZI,65,171,-0.434278,-1.0368
MZI,64,172,-0.421270,-1.0057
MZI,63,173,-1.225859,-2.9265
MZI,62,174,-1.010410,-2.4122
MZI,61,175,-1.957327,-4.6728
MZI,60,176,-1.634316,-3.9016
MZI,59,177,2.211959,5.2807
MZI,58,178,2.913374,6.9552
MZI,57,179,3.066246,7.3201
MZI,56,180,-1.787891,-4.2683
MZI,55,181,-2.412358,-5.7591
MZI,54,182,-2.161915,-5.1612
MZI,53,183,2.900525,6.9245
MZI,52,184,-3.081808,-7.3573
MZI,51,185,1.712848,4.0891
MZI,50,186,-3.001520,-7.1656
MZI,49,187,-1.935002,-4.6195
MZI,48,188,2.122563,5.0672
MZI,47,189,2.746333,6.5564
MZI,46,190,0.569688,1.3600
MZI,45,191,2.760017,6.5891
MZI,44,192,-2.734053,-6.5271
MZI,43,193,-1.624623,-3.8785
MZI,42,194,2.867216,6.8450
MZI,41,195,2.063426,4.9261
MZI,40,196,-1.502121,-3.5861
MZI,39,197,1.804946,4.3090
MZI,38,198,1.030994,2.4613
MZI,37,199,-0.557495,-1.3309
MZI,36,200,-1.655631,-3.9525
MZI,35,201,0.835671,1.9950
MZI,34,202,-0.519845,-1.2410
MZI,33,203,0.435042,1.0386
MZI,32,204,0.362207,0.8647
MZI,31,205,2.514272,6.0024
MZI,30,206,1.334545,3.1860
MZI,29,207,0.642044,1.5328
MZI,28,208,-2.499348,-5.9668
MZI,27,209,0.043618,0.1041
MZI,26,210,0.409464,0.9775
MZI,25,211,-0.471108,-1.1247
MZI,24,212,-0.107182,-0.2559
MZI,23,213,1.286652,3.0717
MZI,22,214,-1.931028,-4.6100
MZI,21,215,1.923567,4.5922
MZI,20,216,-0.248018,-0.5921
MZI,19,217,0.946027,2.2585
MZI,18,218,-0.161488,-0.3855
MZI,17,219,0.289438,0.6910
MZI,16,220,-0.290996,-0.6947
MZI,15,221,0.270247,0.6452
MZI,14,222,2.308380,5.5109
MZI,13,223,3.084334,7.3633
MZI,12,224,0.845449,2.0184
MZI,11,225,0.490386,1.1707
MZI,10,226,-0.395474,-0.9441
MZI,9,227,-2.778955,-6.6343
MZI,8,228,-0.773051,-1.8455
MZI,7,229,-1.649882,-3.9388
MZI,6,230,-0.748368,-1.7866
MZI,5,231,-2.122295,-5.0666
MZI,4,232,1.085866,2.5923
MZI,3,233,2.993631,7.1468
MZI,2,234,-2.836009,-6.7705
MZI,1,235,-2.267034,-5.4121
MZI,0,236,-1.292516,-3.0857
MZI,238,0,-2.963960,-7.0759
MZI,237,1,0.426278,1.0177
MZI,236,2,0.476014,1.1364
MZI,235,3,0.474993,1.1340
MZI,234,4,0.340185,0.8121
MZI,233,5,0.402367,0.9606
MZI,232,6,0.497104,1.1867
MZI,231,7,0.222798,0.5319
MZI,230,8,0.516392,1.2328
MZI,229,9,0.777967,1.8573
MZI,228,10,0.711820,1.6993
MZI,227,11,0.468835,1.1193
MZI,226,12,0.338163,0.8073
MZI,225,13,0.289101,0.6902
MZI,224,14,0.338444,0.8080
MZI,223,15,0.202482,0.4834
MZI,222,16,-1.489698,-3.5564
MZI,221,17,-0.587530,-1.4026
MZI,220,18,0.727847,1.7376
MZI,219,19,-0.081515,-0.1946
MZI,218,20,1.003272,2.3951
MZI,217,21,0.696279,1.6622
MZI,216,22,0.544605,1.3001
MZI,215,23,0.861950,2.0578
MZI,214,24,0.904600,2.1596
MZI,213,25,1.156864,2.7618
MZI,212,26,1.407739,3.3607
MZI,211,27,0.933767,2.2292
MZI,210,28,1.235853,2.9504
MZI,209,29,1.341303,3.2021
MZI,208,30,1.420737,3.3918
MZI,207,31,1.878275,4.4841
MZI,206,32,1.139754,2.7210
MZI,205,33,1.443022,3.4450
MZI,204,34,0.983940,2.3490
MZI,203,35,1.182549,2.8231
MZI,202,36,0.743116,1.7741
MZI,201,37,0.865007,2.0651
MZI,200,38,0.622992,1.4873
MZI,199,39,0.278693,0.6653
MZI,198,40,0.398776,0.9520
MZI,197,41,1.046912,2.4993
MZI,196,42,0.660606,1.5771
MZI,195,43,0.659009,1.5733
MZI,194,44,-0.625009,-1.4921
MZI,193,45,2.600802,6.2090
MZI,192,46,0.877400,2.0946
MZI,191,47,0.802666,1.9162
MZI,190,48,-2.141743,-5.1130
MZI,189,49,1.061426,2.5340
MZI,188,50,0.803903,1.9192
MZI,187,51,0.772089,1.8432
MZI,186,52,0.764038,1.8240
MZI,185,53,0.772573,1.8444
MZI,184,54,-0.266217,-0.6355
MZI,183,55,-0.519426,-1.2400
MZI,182,56,-1.558416,-3.7204
MZI,181,57,1.830717,4.3705
MZI,180,58,0.486089,1.1605
MZI,179,59,0.743399,1.7747
MZI,178,60,1.294607,3.0906
MZI,177,61,1.372851,3.2774
MZI,176,62,-2.741978,-6.5460
MZI,175,63,0.706639,1.6870
MZI,174,64,0.744325,1.7769
MZI,173,65,1.825713,4.3586
MZI,172,66,0.181859,0.4342
MZI,171,67,0.535860,1.2793
MZI,170,68,0.951281,2.2710
MZI,169,69,1.250202,2.9846
MZI,168,70,0.956014,2.2823
MZI,167,71,0.038111,0.0910
MZI,166,72,-1.519946,-3.6286
MZI,165,73,2.317315,5.5322
MZI,164,74,2.764843,6.6006
MZI,163,75,-0.311726,-0.7442
MZI,162,76,-0.357332,-0.8531
MZI,161,77,-0.488091,-1.1652
MZI,160,78,-0.881066,-2.1034
MZI,159,79,-1.146457,-2.7370
MZI,158,80,1.524668,3.6399
MZI,157,81,1.744090,4.1637
MZI,156,82,2.979736,7.1136
MZI,155,83,-2.994193,-7.1481
MZI,154,84,1.478913,3.5306
MZI,153,85,0.653996,1.5613
MZI,152,86,0.812091,1.9387
MZI,151,87,-2.101882,-5.0179
MZI,150,88,0.241895,0.5775
MZI,149,89,1.010234,2.4118
MZI,148,90,-1.729900,-4.1298
MZI,147,91,-0.034511,-0.0824
MZI,146,92,2.375498,5.6711
MZI,145,93,0.356208,0.8504
MZI,144,94,2.150553,5.1341
MZI,143,95,0.807741,1.9283
MZI,142,96,0.743186,1.7742
MZI,141,97,-1.783576,-4.2580
MZI,140,98,2.375032,5.6700
MZI,139,99,2.754007,6.5747
MZI,138,100,0.421475,1.0062
MZI,137,101,0.489480,1.1685
MZI,136,102,0.524077,1.2511
MZI,135,103,0.023826,0.0569
MZI,134,104,-0.080539,-0.1923
MZI,133,105,-1.070805,-2.5564
MZI,132,106,-1.707794,-4.0771
MZI,131,107,0.605855,1.4464
MZI,130,108,-0.432311,-1.0321
MZI,129,109,0.867036,2.0699
MZI,128,110,1.184343,2.8274
MZI,127,111,-0.620298,-1.4809
MZI,126,112,-2.517945,-6.0112
MZI,125,113,-0.699338,-1.6695
MZI,124,114,-0.289235,-0.6905
MZI,123,115,0.618408,1.4763
MZI,122,116,-3.095157,-7.3891
MZI,121,117,0.534712,1.2765
MZI,120,118,0.055071,0.1315
MZI,119,119,-0.428513,-1.0230
MZI,118,120,-0.864755,-2.0645
MZI,117,121,-2.313820,-5.5238
MZI,116,122,1.538039,3.6718
MZI,115,123,0.913644,2.1812
MZI,114,124,0.323858,0.7732
MZI,113,125,-0.643205,-1.5355
MZI,112,126,0.952274,2.2734
MZI,111,127,0.310630,0.7416
MZI,110,128,0.384143,0.9171
MZI,109,129,-1.611634,-3.8475
MZI,108,130,-0.629570,-1.5030
MZI,107,131,-1.288992,-3.0772
MZI,106,132,-0.761307,-1.8175
MZI,105,133,-1.179607,-2.8161
MZI,104,134,-2.218543,-5.2964
MZI,103,135,-2.159916,-5.1564
MZI,102,136,0.401686,0.9590
MZI,101,137,0.886616,2.1166
MZI,100,138,-1.064253,-2.5407
MZI,99,139,-1.905502,-4.5491
MZI,98,140,0.600800,1.4343
MZI,97,141,-0.661650,-1.5796
MZI,96,142,1.630714,3.8930
MZI,95,143,-0.445008,-1.0624
MZI,94,144,2.573701,6.1443
MZI,93,145,-0.914296,-2.1827
MZI,92,146,-2.826921,-6.7488
MZI,91,147,-2.395662,-5.7192
MZI,90,148,-1.926607,-4.5994
MZI,89,149,-0.935992,-2.2345
MZI,88,150,0.103919,0.2481
MZI,87,151,-0.512412,-1.2233
MZI,86,152,0.162698,0.3884
MZI,85,153,0.248802,0.5940
MZI,84,154,-2.683042,-6.4053
MZI,83,155,-1.445764,-3.4515
MZI,82,156,-1.809527,-4.3199
MZI,81,157,0.603341,1.4404
MZI,80,158,-2.874081,-6.8614
MZI,79,159,-1.834894,-4.3805
MZI,78,160,0.768661,1.8350
MZI,77,161,-1.681780,-4.0150
MZI,76,162,-2.273222,-5.4269
MZI,75,163,1.561098,3.7268
MZI,74,164,-1.872174,-4.4695
MZI,73,165,-0.421182,-1.0055
MZI,72,166,1.078428,2.5746
MZI,71,167,-1.671438,-3.9903
MZI,70,168,2.938778,7.0158
MZI,69,169,-2.784895,-6.6484
MZI,68,170,-3.031522,-7.2372
MZI,67,171,2.145515,5.1220
MZI,66,172,-2.460281,-5.8735
MZI,65,173,-2.979336,-7.1126
MZI,64,174,2.861978,6.8325
MZI,63,175,-3.038565,-7.2540
MZI,62,176,2.733018,6.5246
MZI,61,177,2.177974,5.1995
MZI,60,178,-1.755030,-4.1898
MZI,59,179,0.074770,0.1785
MZI,58,180,-0.431020,-1.0290
MZI,57,181,-1.173116,-2.8006
MZI,56,182,2.687775,6.4166
MZI,55,183,-2.997729,-7.1566
MZI,54,184,1.485995,3.5476
MZI,53,185,1.389246,3.3166
MZI,52,186,-0.869639,-2.0761
MZI,51,187,-2.754556,-6.5760
MZI,50,188,1.121612,2.6777
MZI,49,189,1.638490,3.9116
MZI,48,190,1.974589,4.7140
MZI,47,191,-2.975486,-7.1034
MZI,46,192,-0.803192,-1.9175
MZI,45,193,-2.868156,-6.8472
MZI,44,194,2.909203,6.9452
MZI,43,195,2.542407,6.0696
MZI,42,196,2.760669,6.5906
MZI,41,197,-0.735504,-1.7559
MZI,40,198,2.589152,6.1811
MZI,39,199,-2.284418,-5.4536
MZI,38,200,-2.244342,-5.3580
MZI,37,201,2.053779,4.9030
MZI,36,202,-2.200105,-5.2524
MZI,35,203,3.064448,7.3158
MZI,34,204,-0.363461,-0.8677
MZI,33,205,2.895694,6.9130
MZI,32,206,2.869601,6.8507
MZI,31,207,-2.642834,-6.3093
MZI,30,208,-0.278633,-0.6652
MZI,29,209,-2.038772,-4.8672
MZI,28,210,2.486904,5.9370
MZI,27,211,0.997432,2.3812
MZI,26,212,1.079580,2.5773
MZI,25,213,-2.987016,-7.1310
MZI,24,214,1.280903,3.0579
MZI,23,215,3.113804,7.4337
MZI,22,216,0.781955,1.8668
MZI,21,217,1.887551,4.5062
MZI,20,218,0.968404,2.3119
MZI,19,219,-2.893193,-6.9070
MZI,18,220,1.910099,4.5600
MZI,17,221,-1.269780,-3.0314
MZI,16,222,-0.425895,-1.0168
MZI,15,223,-1.121165,-2.6766
MZI,14,224,-0.209579,-0.5003
MZI,13,225,1.852731,4.4231
MZI,12,226,1.446979,3.4544
MZI,11,227,-0.248278,-0.5927
MZI,10,228,-1.507649,-3.5992
MZI,9,229,1.143047,2.7288
MZI,8,230,1.812402,4.3268
MZI,7,231,1.697466,4.0524
MZI,6,232,-2.201331,-5.2553
MZI,5,233,-0.282657,-0.6748
MZI,4,234,-0.221133,-0.5279
MZI,3,235,0.779068,1.8599
MZI,2,236,2.452809,5.8557
MZI,1,237,-1.031036,-2.4614
MZI,0,238,-2.766739,-6.6051
MZI,240,0,-3.005117,-7.1742
MZI,239,1,0.299986,0.7162
MZI,238,2,0.360682,0.8611
MZI,237,3,0.464581,1.1091
MZI,236,4,0.482021,1.1507
MZI,235,5,0.227655,0.5435
MZI,234,6,0.451374,1.0776
MZI,233,7,0.392386,0.9368
MZI,232,8,0.287727,0.6869
MZI,231,9,0.266303,0.6358
MZI,230,10,0.592501,1.4145
MZI,229,11,0.462600,1.1044
MZI,228,12,0.449393,1.0728
MZI,227,13,0.425948,1.0169
MZI,226,14,0.131020,0.3128
MZI,225,15,0.391409,0.9344
MZI,224,16,0.020415,0.0487
MZI,223,17,0.353489,0.8439
MZI,222,18,-0.004109,-0.0098
MZI,221,19,1.343763,3.2080
MZI,220,20,-0.337295,-0.8052
MZI,219,21,0.956707,2.2840
MZI,218,22,0.125522,0.2997
MZI,217,23,-0.058513,-0.1397
MZI,216,24,0.332096,0.7928
MZI,215,25,-0.609412,-1.4549
MZI,214,26,1.031943,2.4636
MZI,213,27,0.507705,1.2121
MZI,212,28,0.889456,2.1234
MZI,211,29,0.969675,2.3149
MZI,210,30,1.111080,2.6525
MZI,209,31,0.486598,1.1617
MZI,208,32,0.511899,1.2221
MZI,207,33,1.061960,2.5352
MZI,206,34,-0.174170,-0.4158
MZI,205,35,0.677435,1.6173
MZI,204,36,2.150021,5.1328
MZI,203,37,0.211025,0.5038
MZI,202,38,0.863254,2.0609
MZI,201,39,0.206958,0.4941
MZI,200,40,-0.116445,-0.2780
MZI,199,41,-0.087502,-0.2089
MZI,198,42,2.707282,6.4632
MZI,197,43,0.127303,0.3039
MZI,196,44,0.596080,1.4230
MZI,195,45,-0.240500,-0.5742
MZI,194,46,-0.119253,-0.2847
MZI,193,47,1.161185,2.7721
MZI,192,48,-1.128308,-2.6936
MZI,191,49,0.274531,0.6554
MZI,190,50,-2.311195,-5.5176
MZI,189,51,2.999702,7.1613
MZI,188,52,0.043613,0.1041
MZI,187,53,-0.995257,-2.3760
MZI,186,54,-2.992803,-7.1448
MZI,185,55,-0.677413,-1.6172
MZI,184,56,-1.047916,-2.5017
MZI,183,57,0.217214,0.5186
MZI,182,58,1.031716,2.4630
MZI,181,59,0.274810,0.6561
MZI,180,60,0.761581,1.8181
MZI,179,61,0.646894,1.5443
MZI,178,62,0.710382,1.6959
MZI,177,63,0.011093,0.0265
MZI,176,64,2.413908,5.7628
MZI,175,65,2.819028,6.7299
MZI,174,66,0.860617,2.0546
MZI,173,67,0.439817,1.0500
MZI,172,68,0.586405,1.3999
MZI,171,69,1.705916,4.0726
MZI,170,70,0.861329,2.0563
MZI,169,71,0.585574,1.3980
MZI,168,72,0.404427,0.9655
MZI,167,73,-0.172738,-0.4124
MZI,166,74,1.701388,4.0618
MZI,165,75,1.528191,3.6483
MZI,164,76,-1.193903,-2.8502
MZI,163,77,-0.614811,-1.4678
MZI,162,78,0.675666,1.6130
MZI,161,79,0.805087,1.9220
MZI,160,80,-0.116477,-0.2781
MZI,159,81,1.939474,4.6302
MZI,158,82,2.206385,5.2674
MZI,157,83,1.347325,3.2165
MZI,156,84,0.967018,2.3086
MZI,155,85,-2.425830,-5.7912
MZI,154,86,0.168430,0.4021
MZI,153,87,1.459273,3.4838
MZI,152,88,0.569582,1.3598
MZI,151,89,0.604186,1.4424
MZI,150,90,2.648822,6.3236
MZI,149,91,0.462597,1.1044
MZI,148,92,0.495243,1.1823
MZI,147,93,1.906836,4.5522
MZI,146,94,-2.018938,-4.8199
MZI,145,95,0.885337,2.1136
MZI,144,96,-0.900473,-2.1497
MZI,143,97,0.159210,0.3801
MZI,142,98,0.318423,0.7602
MZI,141,99,0.581676,1.3886
MZI,140,100,0.812616,1.9400
MZI,139,101,0.351880,0.8401
MZI,138,102,-2.681625,-6.4019
MZI,137,103,0.069209,0.1652
MZI,136,104,1.500160,3.5814
MZI,135,105,0.411706,0.9829
MZI,134,106,-1.107657,-2.6443
MZI,133,107,-0.040689,-0.0971
MZI,132,108,-0.307839,-0.7349
MZI,131,109,0.138411,0.3304
MZI,130,110,-0.383990,-0.9167
MZI,129,111,0.524220,1.2515
MZI,128,112,-1.937452,-4.6253
MZI,127,113,0.199456,0.4762
MZI,126,114,0.124874,0.2981
MZI,125,115,-2.221871,-5.3043
MZI,124,116,1.781380,4.2527
MZI,123,117,-1.436994,-3.4306
MZI,122,118,0.211032,0.5038
MZI,121,119,0.684132,1.6332
MZI,120,120,0.854908,2.0409
MZI,119,121,0.834602,1.9925
MZI,118,122,1.136019,2.7120
MZI,117,123,1.596943,3.8124
MZI,116,124,2.301052,5.4934
MZI,115,125,0.656560,1.5674
MZI,114,126,1.502150,3.5861
MZI,113,127,-1.102902,-2.6330
MZI,112,128,-0.397129,-0.9481
MZI,111,129,-0.123076,-0.2938
MZI,110,130,-1.913349,-4.5678
MZI,109,131,-0.438140,-1.0460
MZI,108,132,1.400463,3.3434
MZI,107,133,-0.367545,-0.8774
MZI,106,134,-0.375799,-0.8972
MZI,105,135,-1.396674,-3.3343
MZI,104,136,-1.454454,-3.4723
MZI,103,137,0.513578,1.2261
MZI,102,138,0.057328,0.1369
MZI,101,139,-2.080053,-4.9658
MZI,100,140,-1.864324,-4.4507
MZI,99,141,0.477914,1.1409
MZI,98,142,0.629363,1.5025
MZI,97,143,2.735511,6.5306
MZI,96,144,-2.759340,-6.5874
MZI,95,145,1.600044,3.8198
MZI,94,146,2.789683,6.6599
MZI,93,147,-1.139906,-2.7213
MZI,92,148,-0.774876,-1.8499
MZI,91,149,-0.539647,-1.2883
MZI,90,150,0.566098,1.3515
MZI,89,151,-0.611063,-1.4588
MZI,88,152,-1.635741,-3.9050
MZI,87,153,1.205910,2.8789
MZI,86,154,0.661653,1.5796
MZI,85,155,-1.752757,-4.1844
MZI,84,156,1.652025,3.9439
MZI,83,157,2.033257,4.8540
MZI,82,158,2.722500,6.4995
MZI,81,159,-1.122257,-2.6792
MZI,80,160,-2.538977,-6.0614
MZI,79,161,0.525439,1.2544
MZI,78,162,1.805179,4.3095
MZI,77,163,1.612464,3.8495
MZI,76,164,-1.938795,-4.6285
MZI,75,165,0.856737,2.0453
MZI,74,166,-0.773050,-1.8455
MZI,73,167,1.582946,3.7790
MZI,72,168,-1.784831,-4.2610
MZI,71,169,-1.470967,-3.5117
MZI,70,170,-0.443824,-1.0596
MZI,69,171,0.753332,1.7984
MZI,68,172,-2.952845,-7.0494
MZI,67,173,-1.789381,-4.2718
MZI,66,174,-1.416804,-3.3824
MZI,65,175,0.313262,0.7479
MZI,64,176,1.890349,4.5129
MZI,63,177,3.005192,7.1744
MZI,62,178,-2.977588,-7.1085
MZI,61,179,-1.010463,-2.4123
MZI,60,180,-1.768793,-4.2227
MZI,59,181,-1.658961,-3.9605
MZI,58,182,-0.895752,-2.1384
MZI,57,183,0.830775,1.9833
MZI,56,184,-0.150823,-0.3601
MZI,55,185,-3.010574,-7.1872
MZI,54,186,-3.033833,-7.2427
MZI,53,187,-1.834195,-4.3788
MZI,52,188,1.762023,4.2065
MZI,51,189,-2.442712,-5.8315
MZI,50,190,-2.565687,-6.1251
MZI,49,191,1.315473,3.1405
MZI,48,192,-1.935711,-4.6212
MZI,47,193,-2.135790,-5.0988
MZI,46,194,-1.041242,-2.4858
MZI,45,195,-1.805206,-4.3096
MZI,44,196,-2.007897,-4.7935
MZI,43,197,-0.630478,-1.5052
MZI,42,198,0.520648,1.2430
MZI,41,199,-1.531244,-3.6556
MZI,40,200,0.629450,1.5027
MZI,39,201,-0.870239,-2.0775
MZI,38,202,-2.898056,-6.9186
MZI,37,203,-1.987167,-4.7440
MZI,36,204,-2.398980,-5.7271
MZI,35,205,-2.855600,-6.8172
MZI,34,206,0.376181,0.8981
MZI,33,207,-2.731587,-6.5212
MZI,32,208,-1.924041,-4.5933
MZI,31,209,-1.989734,-4.7501
MZI,30,210,1.946141,4.6461
MZI,29,211,-2.391309,-5.7088
MZI,28,212,0.748473,1.7868
MZI,27,213,2.346864,5.6027
MZI,26,214,0.159850,0.3816
MZI,25,215,-0.447689,-1.0688
MZI,24,216,1.915041,4.5718
MZI,23,217,-0.273553,-0.6531
MZI,22,218,1.131541,2.7014
MZI,21,219,2.221980,5.3046
MZI,20,220,-2.188616,-5.2249
MZI,19,221,1.684560,4.0216
MZI,18,222,-1.179454,-2.8157
MZI,17,223,0.281891,0.6730
MZI,16,224,-2.123290,-5.0690
MZI,15,225,1.071351,2.5577
MZI,14,226,0.307396,0.7339
MZI,13,227,2.914711,6.9584
MZI,12,228,2.471315,5.8998
MZI,11,229,-0.278700,-0.6653
MZI,10,230,2.701502,6.4494
MZI,9,231,-2.283705,-5.4519
MZI,8,232,-0.649272,-1.5500
MZI,7,233,-1.791441,-4.2768
MZI,6,234,-2.455123,-5.8612
MZI,5,235,-1.134200,-2.7077
MZI,4,236,1.680836,4.0127
MZI,3,237,0.531714,1.2694
MZI,2,238,0.205192,0.4899
MZI,1,239,0.915157,2.1848
MZI,0,240,-0.974039,-2.3253
MZI,242,0,-2.942986,-7.0259
MZI,241,1,0.355368,0.8484
MZI,240,2,0.392357,0.9367
MZI,239,3,0.475247,1.1346
MZI,238,4,0.619762,1.4796
MZI,237,5,0.631325,1.5072
MZI,236,6,-0.446641,-1.0663
MZI,235,7,0.752482,1.7964
MZI,234,8,0.083942,0.2004
MZI,233,9,1.426495,3.4055
MZI,232,10,-0.212755,-0.5079
MZI,231,11,-0.881787,-2.1051
MZI,230,12,0.260074,0.6209
MZI,229,13,0.704095,1.6809
MZI,228,14,0.743247,1.7744
MZI,227,15,-0.095426,-0.2278
MZI,226,16,0.284223,0.6785
MZI,225,17,-1.262727,-3.0145
MZI,224,18,-2.241372,-5.3509
MZI,223,19,-0.139135,-0.3322
MZI,222,20,1.199297,2.8631
MZI,221,21,0.034419,0.0822
MZI,220,22,-2.861152,-6.8305
MZI,219,23,0.005972,0.0143
MZI,218,24,-0.827666,-1.9759
MZI,217,25,-0.961671,-2.2958
MZI,216,26,0.040563,0.0968
MZI,215,27,0.740328,1.7674
MZI,214,28,0.387514,0.9251
MZI,213,29,1.695847,4.0485
MZI,212,30,1.017915,2.4301
MZI,211,31,1.235912,2.9505
MZI,210,32,0.120402,0.2874
MZI,209,33,-0.242246,-0.5783
MZI,208,34,0.885839,2.1148
MZI,207,35,0.276983,0.6612
MZI,206,36,-2.476286,-5.9117
MZI,205,37,0.626152,1.4948
MZI,204,38,-0.869968,-2.0769
MZI,203,39,2.930719,6.9966
MZI,202,40,-0.651354,-1.5550
MZI,201,41,-0.260683,-0.6223
MZI,200,42,0.104551,0.2496
MZI,199,43,1.024044,2.4447
MZI,198,44,-0.537342,-1.2828
MZI,197,45,-2.490653,-5.9460
MZI,196,46,0.464423,1.1087
MZI,195,47,0.099880,0.2384
MZI,194,48,0.996780,2.3796
MZI,193,49,-0.186423,-0.4451
MZI,192,50,0.626904,1.4966
MZI,191,51,0.932563,2.2263
MZI,190,52,1.121641,2.6777
MZI,189,53,0.093712,0.2237
MZI,188,54,-0.315316,-0.7528
MZI,187,55,0.805411,1.9228
MZI,186,56,0.437310,1.0440
MZI,185,57,0.678825,1.6206
MZI,184,58,1.007668,2.4056
MZI,183,59,1.430128,3.4142
MZI,182,60,-1.911082,-4.5624
MZI,181,61,-2.414652,-5.7646
MZI,180,62,1.367125,3.2638
MZI,179,63,1.058351,2.5266
MZI,178,64,0.939607,2.2431
MZI,177,65,1.836107,4.3834
MZI,176,66,1.227999,2.9316
MZI,175,67,1.334439,3.1857
MZI,174,68,1.324904,3.1630
MZI,173,69,2.061892,4.9224
MZI,172,70,1.515173,3.6172
MZI,171,71,1.026993,2.4518
MZI,170,72,0.953294,2.2758
MZI,169,73,0.887787,2.1194
MZI,168,74,1.102481,2.6320
MZI,167,75,1.324104,3.1611
MZI,166,76,1.135651,2.7112
MZI,165,77,0.614478,1.4670
MZI,164,78,-0.252566,-0.6030
MZI,163,79,-2.465863,-5.8868
MZI,162,80,-2.414956,-5.7653
MZI,161,81,-1.538106,-3.6720
MZI,160,82,0.284023,0.6781
MZI,159,83,0.346395,0.8270
MZI,158,84,1.597923,3.8148
MZI,157,85,1.649752,3.9385
MZI,156,86,-0.237259,-0.5664
MZI,155,87,-0.079737,-0.1904
MZI,154,88,0.176174,0.4206
MZI,153,89,0.814977,1.9456
MZI,152,90,0.952995,2.2751
MZI,151,91,0.572265,1.3662
MZI,150,92,0.389642,0.9302
MZI,149,93,-1.963317,-4.6871
MZI,148,94,3.008964,7.1834
MZI,147,95,-0.124576,-0.2974
MZI,146,96,0.061438,0.1467
MZI,145,97,1.401916,3.3468
MZI,144,98,0.375384,0.8962
MZI,143,99,1.095028,2.6142
MZI,142,100,0.702665,1.6775
MZI,141,101,1.888061,4.5074
MZI,140,102,0.501577,1.1974
MZI,139,103,-0.105185,-0.2511
MZI,138,104,2.823106,6.7397
MZI,137,105,0.073147,0.1746
MZI,136,106,1.818830,4.3421
MZI,135,107,0.400630,0.9564
MZI,134,108,1.563756,3.7332
MZI,133,109,-1.338458,-3.1953
MZI,132,110,0.893399,2.1328
MZI,131,111,0.047415,0.1132
MZI,130,112,1.217060,2.9055
MZI,129,113,-0.241138,-0.5757
MZI,128,114,2.403958,5.7390
MZI,127,115,2.413355,5.7615
MZI,126,116,0.392700,0.9375
MZI,125,117,0.875453,2.0900
MZI,124,118,-0.058859,-0.1405
MZI,123,119,-1.369205,-3.2687
MZI,122,120,-2.890876,-6.9015
MZI,121,121,2.589339,6.1816
MZI,120,122,2.375920,5.6721
MZI,119,123,2.362418,5.6399
MZI,118,124,0.647120,1.5449
MZI,117,125,0.919117,2.1942
MZI,116,126,-1.083154,-2.5858
MZI,115,127,-0.993912,-2.3728
MZI,114,128,-2.106053,-5.0278
MZI,113,129,2.672400,6.3799
MZI,112,130,1.722919,4.1132
MZI,111,131,2.416440,5.7688
MZI,110,132,1.645502,3.9283
MZI,109,133,-1.351956,-3.2276
MZI,108,134,0.050565,0.1207
MZI,107,135,-0.819727,-1.9570
MZI,106,136,1.665687,3.9765
MZI,105,137,-1.207261,-2.8821
MZI,104,138,0.432948,1.0336
MZI,103,139,-0.728773,-1.7398
MZI,102,140,-1.368830,-3.2678
MZI,101,141,-1.014145,-2.4211
MZI,100,142,0.473820,1.1312
MZI,99,143,2.000476,4.7758
MZI,98,144,-2.402826,-5.7363
MZI,97,145,-2.367852,-5.6528
MZI,96,146,2.653304,6.3343
MZI,95,147,-0.259451,-0.6194
MZI,94,148,-1.460810,-3.4874
MZI,93,149,-3.035256,-7.2461
MZI,92,150,1.316039,3.1418
MZI,91,151,3.112368,7.4302
MZI,90,152,-2.987174,-7.1314
MZI,89,153,-1.951533,-4.6589
MZI,88,154,-1.106778,-2.6422
MZI,87,155,-0.058050,-0.1386
MZI,86,156,1.485221,3.5457
MZI,85,157,-1.864915,-4.4522
MZI,84,158,-2.007392,-4.7923
MZI,83,159,-2.264165,-5.4053
MZI,82,160,-0.262510,-0.6267
MZI,81,161,1.630159,3.8917
MZI,80,162,-0.169643,-0.4050
MZI,79,163,0.992036,2.3683
MZI,78,164,0.724918,1.7306
MZI,77,165,0.240294,0.5737
MZI,76,166,1.802751,4.3037
MZI,75,167,0.006653,0.0159
MZI,74,168,2.570684,6.1371
MZI,73,169,1.439260,3.4360
MZI,72,170,-0.274643,-0.6557
MZI,71,171,-2.033361,-4.8543
MZI,70,172,-2.475724,-5.9104
MZI,69,173,2.500495,5.9695
MZI,68,174,-1.503006,-3.5882
MZI,67,175,-1.112611,-2.6562
MZI,66,176,-2.494300,-5.9547
MZI,65,177,-2.659690,-6.3495
MZI,64,178,2.410494,5.7546
MZI,63,179,-1.345524,-3.2122
MZI,62,180,-1.368637,-3.2674
MZI,61,181,-0.473464,-1.1303
MZI,60,182,-0.731575,-1.7465
MZI,59,183,-2.054170,-4.9040
MZI,58,184,2.782808,6.6435
MZI,57,185,2.715453,6.4827
MZI,56,186,3.095091,7.3890
MZI,55,187,-0.206383,-0.4927
MZI,54,188,-1.392479,-3.3243
MZI,53,189,1.210356,2.8895
MZI,52,190,1.213126,2.8961
MZI,51,191,1.919746,4.5831
MZI,50,192,-1.593071,-3.8032
MZI,49,193,1.528347,3.6487
MZI,48,194,2.413826,5.7626
MZI,47,195,-2.477313,-5.9141
MZI,46,196,2.574785,6.1468
MZI,45,197,-2.135519,-5.0982
MZI,44,198,2.953536,7.0510
MZI,43,199,-2.717831,-6.4883
MZI,42,200,-2.131008,-5.0874
MZI,41,201,-2.841959,-6.7847
MZI,40,202,1.084467,2.5890
MZI,39,203,-3.049646,-7.2805
MZI,38,204,-2.216659,-5.2919
MZI,37,205,2.534229,6.0500
MZI,36,206,-0.067548,-0.1613
MZI,35,207,0.716225,1.7099
MZI,34,208,1.303693,3.1123
MZI,33,209,1.355328,3.2356
MZI,32,210,-0.081822,-0.1953
MZI,31,211,3.070370,7.3300
MZI,30,212,-2.847912,-6.7989
MZI,29,213,0.922227,2.2017
MZI,28,214,-0.476178,-1.1368
MZI,27,215,-1.960490,-4.6803
MZI,26,216,0.908258,2.1683
MZI,25,217,2.130419,5.0860
MZI,24,218,1.666038,3.9774
MZI,23,219,0.946342,2.2592
MZI,22,220,-0.395706,-0.9447
MZI,21,221,2.521249,6.0190
MZI,20,222,-0.225640,-0.5387
MZI,19,223,-1.828883,-4.3661
MZI,18,224,1.824347,4.3553
MZI,17,225,1.977716,4.7215
MZI,16,226,1.128303,2.6936
MZI,15,227,0.958740,2.2888
MZI,14,228,-1.163649,-2.7780
MZI,13,229,0.360411,0.8604
MZI,12,230,-2.167204,-5.1738
MZI,11,231,-2.824738,-6.7436
MZI,10,232,-0.701596,-1.6749
MZI,9,233,-2.685356,-6.4108
MZI,8,234,-2.497892,-5.9633
MZI,7,235,2.769504,6.6117
MZI,6,236,2.428189,5.7969
MZI,5,237,-0.670238,-1.6001
MZI,4,238,0.256053,0.6113
MZI,3,239,2.784698,6.6480
MZI,2,240,1.551664,3.7043
MZI,1,241,1.290467,3.0808
MZI,0,242,-1.478123,-3.5288
MZI,244,0,-2.930671,-6.9965
MZI,243,1,0.412922,0.9858
MZI,242,2,0.369652,0.8825
MZI,241,3,0.389203,0.9292
MZI,240,4,0.468270,1.1179
MZI,239,5,0.634337,1.5144
MZI,238,6,0.613097,1.4637
MZI,237,7,-0.868205,-2.0727
MZI,236,8,1.571850,3.7525
MZI,235,9,-0.427202,-1.0199
MZI,234,10,2.383258,5.6896
MZI,233,11,-0.020239,-0.0483
MZI,232,12,-0.397377,-0.9487
MZI,231,13,-0.223404,-0.5333
MZI,230,14,1.259108,3.0059
MZI,229,15,0.970637,2.3172
MZI,228,16,-0.086741,-0.2071
MZI,227,17,-0.441848,-1.0548
MZI,226,18,0.246207,0.5878
MZI,225,19,0.605196,1.4448
MZI,224,20,0.254547,0.6077
MZI,223,21,0.664207,1.5857
MZI,222,22,0.445466,1.0635
MZI,221,23,1.091490,2.6057
MZI,220,24,0.588234,1.4043
MZI,219,25,0.369556,0.8822
MZI,218,26,0.549713,1.3123
MZI,217,27,0.749714,1.7898
MZI,216,28,0.947072,2.2610
MZI,215,29,0.550418,1.3140
MZI,214,30,2.615675,6.2445
MZI,213,31,2.500581,5.9697
MZI,212,32,3.054145,7.2912
MZI,211,33,0.337215,0.8050
MZI,210,34,-0.084990,-0.2029
MZI,209,35,1.230507,2.9376
MZI,208,36,0.868430,2.0732
MZI,207,37,0.899134,2.1465
MZI,206,38,0.896006,2.1391
MZI,205,39,0.056918,0.1359
MZI,204,40,1.409237,3.3643
MZI,203,41,-0.517639,-1.2358
MZI,202,42,-0.219205,-0.5233
MZI,201,43,0.277861,0.6633
MZI,200,44,1.228577,2.9330
MZI,199,45,-0.003398,-0.0081
MZI,198,46,1.056642,2.5225
MZI,197,47,0.832215,1.9868
MZI,196,48,0.637417,1.5217
MZI,195,49,1.375127,3.2829
MZI,194,50,1.070100,2.5547
MZI,193,51,1.006063,2.4018
MZI,192,52,1.323538,3.1597
MZI,191,53,1.375919,3.2848
MZI,190,54,0.084418,0.2015
MZI,189,55,1.059414,2.5292
MZI,188,56,1.204646,2.8759
MZI,187,57,0.624303,1.4904
MZI,186,58,1.157615,2.7636
MZI,185,59,2.068787,4.9389
MZI,184,60,1.819117,4.3428
MZI,183,61,0.689491,1.6460
MZI,182,62,1.109722,2.6493
MZI,181,63,2.146678,5.1248
MZI,180,64,1.255982,2.9984
MZI,179,65,1.246815,2.9766
MZI,178,66,1.181579,2.8208
MZI,177,67,1.112198,2.6552
MZI,176,68,1.851883,4.4210
MZI,175,69,3.002377,7.1676
MZI,174,70,1.663145,3.9705
MZI,173,71,1.027659,2.4534
MZI,172,72,0.733838,1.7519
MZI,171,73,0.907405,2.1663
MZI,170,74,0.887793,2.1195
MZI,169,75,1.062344,2.5362
MZI,168,76,1.208070,2.8841
MZI,167,77,1.111399,2.6533
MZI,166,78,0.793137,1.8935
MZI,165,79,0.648093,1.5472
MZI,164,80,1.224725,2.9238
MZI,163,81,1.176034,2.8076
MZI,162,82,0.872400,2.0827
MZI,161,83,0.117772,0.2812
MZI,160,84,-1.335970,-3.1894
MZI,159,85,1.928077,4.6029
MZI,158,86,0.610141,1.4566
MZI,157,87,-0.315197,-0.7525
MZI,156,88,0.006807,0.0163
MZI,155,89,-0.496103,-1.1844
MZI,154,90,0.392955,0.9381
MZI,153,91,0.700630,1.6726
MZI,152,92,-1.057002,-2.5234
MZI,151,93,-0.951319,-2.2711
MZI,150,94,-0.296297,-0.7074
MZI,149,95,0.685975,1.6376
MZI,148,96,-1.381157,-3.2973
MZI,147,97,-0.021492,-0.0513
MZI,146,98,1.548982,3.6979
MZI,145,99,1.174291,2.8034
MZI,144,100,2.119219,5.0593
MZI,143,101,1.695073,4.0467
MZI,142,102,1.979173,4.7249
MZI,141,103,1.147991,2.7406
MZI,140,104,-0.518751,-1.2384
MZI,139,105,-1.007162,-2.4044
MZI,138,106,2.687233,6.4153
MZI,137,107,-1.688615,-4.0313
MZI,136,108,1.362737,3.2533
MZI,135,109,0.745734,1.7803
MZI,134,110,-0.285671,-0.6820
MZI,133,111,-2.676147,-6.3888
MZI,132,112,0.935123,2.2324
MZI,131,113,0.565789,1.3507
MZI,130,114,-0.931634,-2.2241
MZI,129,115,0.508923,1.2150
MZI,128,116,0.632079,1.5090
MZI,127,117,2.942086,7.0237
MZI,126,118,-2.108072,-5.0327
MZI,125,119,-0.777105,-1.8552
MZI,124,120,-0.399169,-0.9529
MZI,123,121,0.641659,1.5318
MZI,122,122,1.335051,3.1872
MZI,121,123,1.427906,3.4089
MZI,120,124,1.428011,3.4091
MZI,119,125,-2.859413,-6.8263
MZI,118,126,1.647905,3.9341
MZI,117,127,-0.402787,-0.9616
MZI,116,128,-1.897324,-4.5295
MZI,115,129,-1.354635,-3.2340
MZI,114,130,1.759606,4.2007
MZI,113,131,-0.725539,-1.7321
MZI,112,132,0.201406,0.4808
MZI,111,133,0.825708,1.9712
MZI,110,134,-0.991356,-2.3667
MZI,109,135,-0.372143,-0.8884
MZI,108,136,-0.216435,-0.5167
MZI,107,137,1.586910,3.7885
MZI,106,138,0.229976,0.5490
MZI,105,139,2.367004,5.6508
MZI,104,140,-2.600145,-6.2074
MZI,103,141,-1.225558,-2.9258
MZI,102,142,1.360589,3.2482
MZI,101,143,-0.219074,-0.5230
MZI,100,144,-2.394054,-5.7154
MZI,99,145,2.207008,5.2688
MZI,98,146,-1.585708,-3.7856
MZI,97,147,-2.110269,-5.0379
MZI,96,148,-0.962720,-2.2983
MZI,95,149,-1.608304,-3.8395
MZI,94,150,0.830308,1.9822
MZI,93,151,1.343205,3.2067
MZI,92,152,-0.480617,-1.1474
MZI,91,153,-1.278270,-3.0516
MZI,90,154,2.290504,5.4682
MZI,89,155,1.652674,3.9455
MZI,88,156,-0.049361,-0.1178
MZI,87,157,3.015843,7.1998
MZI,86,158,0.305066,0.7283
MZI,85,159,1.230527,2.9377
MZI,84,160,-3.034475,-7.2443
MZI,83,161,-2.570192,-6.1359
MZI,82,162,-2.580117,-6.1596
MZI,81,163,-2.276066,-5.4337
MZI,80,164,-3.079806,-7.3525
MZI,79,165,0.969105,2.3136
MZI,78,166,0.788567,1.8826
MZI,77,167,2.959508,7.0653
MZI,76,168,-0.768125,-1.8338
MZI,75,169,-1.220896,-2.9147
MZI,74,170,-1.637739,-3.9098
MZI,73,171,-0.914647,-2.1836
MZI,72,172,-0.576136,-1.3754
MZI,71,173,-0.379574,-0.9062
MZI,70,174,-0.163886,-0.3912
MZI,69,175,2.952508,7.0486
MZI,68,176,2.331822,5.5668
MZI,67,177,-1.536318,-3.6677
MZI,66,178,-1.053825,-2.5158
MZI,65,179,-0.148892,-0.3555
MZI,64,180,-1.487937,-3.5522
MZI,63,181,1.577221,3.7653
MZI,62,182,0.412585,0.9850
MZI,61,183,1.357034,3.2397
MZI,60,184,2.940117,7.0190
MZI,59,185,-1.440779,-3.4396
MZI,58,186,-1.749113,-4.1757
MZI,57,187,-2.766378,-6.6042
MZI,56,188,-1.697154,-4.0517
MZI,55,189,-0.347208,-0.8289
MZI,54,190,-3.043305,-7.2654
MZI,53,191,2.411490,5.7570
MZI,52,192,2.173996,5.1900
MZI,51,193,1.691032,4.0370
MZI,50,194,1.358349,3.2428
MZI,49,195,0.805012,1.9218
MZI,48,196,-2.614230,-6.2410
MZI,47,197,-0.314056,-0.7498
MZI,46,198,0.495380,1.1826
MZI,45,199,-1.824762,-4.3563
MZI,44,200,2.378708,5.6787
MZI,43,201,-2.947582,-7.0368
MZI,42,202,2.043013,4.8773
MZI,41,203,2.817829,6.7271
MZI,40,204,-2.059069,-4.9157
MZI,39,205,-2.006109,-4.7892
MZI,38,206,-2.705544,-6.4590
MZI,37,207,-1.845341,-4.4054
MZI,36,208,-0.451601,-1.0781
MZI,35,209,1.904314,4.5462
MZI,34,210,1.538477,3.6728
MZI,33,211,1.517233,3.6221
MZI,32,212,1.762173,4.2069
MZI,31,213,1.716704,4.0983
MZI,30,214,0.217261,0.5187
MZI,29,215,-2.722154,-6.4987
MZI,28,216,-0.342560,-0.8178
MZI,27,217,-2.617188,-6.2481
MZI,26,218,2.712110,6.4747
MZI,25,219,-2.645344,-6.3153
MZI,24,220,2.088464,4.9858
MZI,23,221,-2.926630,-6.9868
MZI,22,222,-0.728909,-1.7401
MZI,21,223,2.427024,5.7941
MZI,20,224,2.700141,6.4461
MZI,19,225,-1.742640,-4.1602
MZI,18,226,-1.645707,-3.9288
MZI,17,227,0.117591,0.2807
MZI,16,228,2.340523,5.5876
MZI,15,229,0.250721,0.5986
MZI,14,230,-1.707770,-4.0770
MZI,13,231,2.871633,6.8555
MZI,12,232,-3.111197,-7.4274
MZI,11,233,-0.783042,-1.8694
MZI,10,234,-2.782396,-6.6425
MZI,9,235,-0.939404,-2.2427
MZI,8,236,-1.442637,-3.4440
MZI,7,237,-0.910046,-2.1726
MZI,6,238,2.748828,6.5623
MZI,5,239,0.533300,1.2732
MZI,4,240,-0.191496,-0.4572
MZI,3,241,-1.905621,-4.5493
MZI,2,242,-1.170286,-2.7939
MZI,1,243,0.312876,0.7469
MZI,0,244,-0.059833,-0.1428
MZI,246,0,-3.053188,-7.2889
MZI,245,1,0.268098,0.6400
MZI,244,2,0.244760,0.5843
MZI,243,3,0.179237,0.4279
MZI,242,4,0.198023,0.4727
MZI,241,5,0.277644,0.6628
MZI,240,6,0.455139,1.0866
MZI,239,7,0.391587,0.9348
MZI,238,8,0.075703,0.1807
MZI,237,9,1.426317,3.4051
MZI,236,10,-0.061369,-0.1465
MZI,235,11,0.347461,0.8295
MZI,234,12,0.055055,0.1314
MZI,233,13,0.315039,0.7521
MZI,232,14,-0.521306,-1.2445
MZI,231,15,1.977332,4.7205
MZI,230,16,0.922870,2.2032
MZI,229,17,-0.134260,-0.3205
MZI,228,18,-0.340786,-0.8136
MZI,227,19,0.412494,0.9848
MZI,226,20,0.616147,1.4709
MZI,225,21,0.245483,0.5860
MZI,224,22,0.417727,0.9972
MZI,223,23,0.403030,0.9622
MZI,222,24,1.065787,2.5444
MZI,221,25,0.844670,2.0165
MZI,220,26,0.291355,0.6956
MZI,219,27,0.902720,2.1551
MZI,218,28,1.240270,2.9609
MZI,217,29,2.924151,6.9809
MZI,216,30,-0.632132,-1.5091
MZI,215,31,1.042465,2.4887
MZI,214,32,1.706785,4.0746
MZI,213,33,1.279486,3.0545
MZI,212,34,0.534344,1.2757
MZI,211,35,0.468988,1.1196
MZI,210,36,1.285002,3.0677
MZI,209,37,1.011068,2.4137
MZI,208,38,0.678409,1.6196
MZI,207,39,0.788999,1.8836
MZI,206,40,0.504344,1.2040
MZI,205,41,0.951616,2.2718
MZI,204,42,0.135752,0.3241
MZI,203,43,0.231073,0.5516
MZI,202,44,-0.975595,-2.3291
MZI,201,45,1.134964,2.7095
MZI,200,46,0.283087,0.6758
MZI,199,47,0.925398,2.2092
MZI,198,48,-2.618896,-6.2522
MZI,197,49,0.653045,1.5590
MZI,196,50,1.197686,2.8593
MZI,195,51,1.092608,2.6084
MZI,194,52,-2.638947,-6.3000
MZI,193,53,1.204315,2.8751
MZI,192,54,1.314979,3.1393
MZI,191,55,0.417014,0.9955
MZI,190,56,1.232004,2.9412
MZI,189,57,1.754890,4.1895
MZI,188,58,0.595013,1.4205
MZI,187,59,0.933102,2.2276
MZI,186,60,1.035834,2.4729
MZI,185,61,0.727217,1.7361
MZI,184,62,0.718283,1.7148
MZI,183,63,0.920849,2.1984
MZI,182,64,0.872862,2.0838
MZI,181,65,1.168350,2.7892
MZI,180,66,1.066330,2.5457
MZI,179,67,0.996148,2.3781
MZI,178,68,0.866407,2.0684
MZI,177,69,1.197012,2.8577
MZI,176,70,0.692784,1.6539
MZI,175,71,0.227349,0.5428
MZI,174,72,0.537441,1.2830
MZI,173,73,-0.504518,-1.2044
MZI,172,74,0.421619,1.0065
MZI,171,75,0.505389,1.2065
MZI,170,76,0.782327,1.8677
MZI,169,77,0.999833,2.3869
MZI,168,78,1.045109,2.4950
MZI,167,79,0.593411,1.4167
MZI,166,80,0.707808,1.6898
MZI,165,81,0.898639,2.1453
MZI,164,82,0.709216,1.6931
MZI,163,83,0.531329,1.2685
MZI,162,84,-0.328855,-0.7851
MZI,161,85,0.206614,0.4933
MZI,160,86,0.876449,2.0924
MZI,159,87,-0.488989,-1.1674
MZI,158,88,-0.305696,-0.7298
MZI,157,89,-2.279400,-5.4417
MZI,156,90,0.129668,0.3096
MZI,155,91,-2.504340,-5.9787
MZI,154,92,0.851662,2.0332
MZI,153,93,-0.361351,-0.8627
MZI,152,94,-1.296375,-3.0949
MZI,151,95,0.024150,0.0577
MZI,150,96,0.332292,0.7933
MZI,149,97,0.486442,1.1613
MZI,148,98,-1.023900,-2.4444
MZI,147,99,1.876419,4.4796
MZI,146,100,0.298767,0.7133
MZI,145,101,2.119184,5.0592
MZI,144,102,-0.505256,-1.2062
MZI,143,103,2.441325,5.8282
MZI,142,104,1.854671,4.4277
MZI,141,105,-2.257689,-5.3898
MZI,140,106,-0.605738,-1.4461
MZI,139,107,0.242736,0.5795
MZI,138,108,0.150098,0.3583
MZI,137,109,2.880854,6.8775
MZI,136,110,-2.071549,-4.9455
MZI,135,111,0.277797,0.6632
MZI,134,112,0.069319,0.1655
MZI,133,113,-0.262438,-0.6265
MZI,132,114,-1.833134,-4.3763
MZI,131,115,3.114383,7.4350
MZI,130,116,-0.899008,-2.1462
MZI,129,117,0.177990,0.4249
MZI,128,118,0.884135,2.1107
MZI,127,119,-1.188845,-2.8382
MZI,126,120,1.538909,3.6739
MZI,125,121,0.908904,2.1698
MZI,124,122,0.894009,2.1343
MZI,123,123,0.786146,1.8768
MZI,122,124,0.497910,1.1887
MZI,121,125,-0.800279,-1.9105
MZI,120,126,-1.011574,-2.4150
MZI,119,127,0.185189,0.4421
MZI,118,128,-0.131358,-0.3136
MZI,117,129,-1.474537,-3.5202
MZI,116,130,-2.044660,-4.8813
MZI,115,131,1.154440,2.7560
MZI,114,132,2.288495,5.4634
MZI,113,133,-2.625068,-6.2669
MZI,112,134,2.059253,4.9161
MZI,111,135,-1.752538,-4.1839
MZI,110,136,-2.427905,-5.7962
MZI,109,137,-1.124889,-2.6855
MZI,108,138,-2.057407,-4.9117
MZI,107,139,2.444818,5.8366
MZI,106,140,-0.930777,-2.2221
MZI,105,141,-2.878899,-6.8729
MZI,104,142,2.081409,4.9690
MZI,103,143,-0.941074,-2.2466
MZI,102,144,-1.076213,-2.5693
MZI,101,145,-0.358009,-0.8547
MZI,100,146,-1.168984,-2.7907
MZI,99,147,2.086707,4.9816
MZI,98,148,2.495316,5.9571
MZI,97,149,2.788195,6.6563
MZI,96,150,-1.927404,-4.6013
MZI,95,151,1.194846,2.8525
MZI,94,152,1.751270,4.1808
MZI,93,153,-0.575780,-1.3746
MZI,92,154,-0.559543,-1.3358
MZI,91,155,1.073465,2.5627
MZI,90,156,1.081575,2.5821
MZI,89,157,2.308286,5.5106
MZI,88,158,-1.814315,-4.3314
MZI,87,159,0.154003,0.3677
MZI,86,160,1.673884,3.9961
MZI,85,161,0.570926,1.3630
MZI,84,162,-1.142923,-2.7285
MZI,83,163,-2.977076,-7.1072
MZI,82,164,0.750187,1.7909
MZI,81,165,0.355861,0.8496
MZI,80,166,1.608624,3.8403
MZI,79,167,1.708655,4.0791
MZI,78,168,-1.022296,-2.4406
MZI,77,169,-2.244328,-5.3579
MZI,76,170,-1.887183,-4.5053
MZI,75,171,-1.163962,-2.7788
MZI,74,172,-0.495767,-1.1836
MZI,73,173,-1.009610,-2.4103
MZI,72,174,-1.832590,-4.3750
MZI,71,175,2.781896,6.6413
MZI,70,176,1.229027,2.9341
MZI,69,177,0.870184,2.0774
MZI,68,178,-1.448931,-3.4591
MZI,67,179,-2.801901,-6.6890
MZI,66,180,2.951997,7.0474
MZI,65,181,-1.839471,-4.3914
MZI,64,182,2.405994,5.7439
MZI,63,183,2.706281,6.4608
MZI,62,184,1.861134,4.4431
MZI,61,185,0.838299,2.0013
MZI,60,186,2.280137,5.4434
MZI,59,187,-3.093968,-7.3863
MZI,58,188,1.509792,3.6044
MZI,57,189,-2.030479,-4.8474
MZI,56,190,-1.435329,-3.4266
MZI,55,191,2.432870,5.8080
MZI,54,192,2.516229,6.0071
MZI,53,193,1.972054,4.7079
MZI,52,194,2.590876,6.1853
MZI,51,195,2.815502,6.7215
MZI,50,196,2.750216,6.5657
MZI,49,197,-3.030399,-7.2345
MZI,48,198,-2.937993,-7.0139
MZI,47,199,1.138624,2.7183
MZI,46,200,-1.973476,-4.7113
MZI,45,201,-1.790953,-4.2756
MZI,44,202,0.054306,0.1296
MZI,43,203,-0.467433,-1.1159
MZI,42,204,2.435081,5.8133
MZI,41,205,2.879600,6.8745
MZI,40,206,-0.112605,-0.2688
MZI,39,207,0.660165,1.5760
MZI,38,208,-1.586763,-3.7881
MZI,37,209,2.919562,6.9699
MZI,36,210,-1.239487,-2.9591
MZI,35,211,1.655850,3.9531
MZI,34,212,2.186001,5.2187
MZI,33,213,-0.739983,-1.7666
MZI,32,214,-2.539884,-6.0635
MZI,31,215,2.047595,4.8883
MZI,30,216,2.945018,7.0307
MZI,29,217,2.056918,4.9105
MZI,28,218,-1.440547,-3.4391
MZI,27,219,2.952577,7.0488
MZI,26,220,-1.374553,-3.2815
MZI,25,221,0.701087,1.6737
MZI,24,222,0.722477,1.7248
MZI,23,223,1.367198,3.2639
MZI,22,224,1.447834,3.4564
MZI,21,225,2.573997,6.1450
MZI,20,226,-1.445009,-3.4497
MZI,19,227,-1.549469,-3.6991
MZI,18,228,2.960537,7.0678
MZI,17,229,0.896892,2.1412
MZI,16,230,2.641277,6.3056
MZI,15,231,-2.074090,-4.9515
MZI,14,232,1.970705,4.7047
MZI,13,233,1.519364,3.6272
MZI,12,234,0.027682,0.0661
MZI,11,235,2.473031,5.9039
MZI,10,236,-0.777568,-1.8563
MZI,9,237,-0.205734,-0.4912
MZI,8,238,-2.217669,-5.2943
MZI,7,239,-0.195957,-0.4678
MZI,6,240,-2.139550,-5.1078
MZI,5,241,2.322897,5.5455
MZI,4,242,-3.062166,-7.3104
MZI,3,243,0.101971,0.2434
MZI,2,244,2.918214,6.9667
MZI,1,245,1.886508,4.5037
MZI,0,246,1.348661,3.2197
MZI,248,0,-3.067935,-7.3242
MZI,247,1,0.154696,0.3693
MZI,246,2,0.234248,0.5592
MZI,245,3,0.234200,0.5591
MZI,244,4,0.165614,0.3954
MZI,243,5,0.205463,0.4905
MZI,242,6,0.290208,0.6928
MZI,241,7,0.451822,1.0786
MZI,240,8,0.363176,0.8670
MZI,239,9,0.229281,0.5474
MZI,238,10,0.574137,1.3707
MZI,237,11,0.218402,0.5214
MZI,236,12,0.315178,0.7524
MZI,235,13,0.064165,0.1532
MZI,234,14,0.426324,1.0178
MZI,233,15,0.002127,0.0051
MZI,232,16,0.831431,1.9849
MZI,231,17,0.661262,1.5786
MZI,230,18,-0.103003,-0.2459
MZI,229,19,0.295996,0.7066
MZI,228,20,0.488179,1.1654
MZI,227,21,0.679805,1.6229
MZI,226,22,0.331270,0.7908
MZI,225,23,0.034716,0.0829
MZI,224,24,0.334294,0.7981
MZI,223,25,1.088307,2.5981
MZI,222,26,1.151813,2.7498
MZI,221,27,-2.198402,-5.2483
MZI,220,28,1.080995,2.5807
MZI,219,29,1.562220,3.7295
MZI,218,30,0.879812,2.1004
MZI,217,31,-0.651863,-1.5562
MZI,216,32,0.838206,2.0011
MZI,215,33,0.948689,2.2648
MZI,214,34,0.932553,2.2263
MZI,213,35,1.151506,2.7490
MZI,212,36,0.623518,1.4885
MZI,211,37,0.869723,2.0763
MZI,210,38,1.052565,2.5128
MZI,209,39,0.467099,1.1151
MZI,208,40,0.447671,1.0687
MZI,207,41,0.626376,1.4954
MZI,206,42,0.825722,1.9713
MZI,205,43,0.301324,0.7194
MZI,204,44,1.060142,2.5309
MZI,203,45,-0.142730,-0.3407
MZI,202,46,0.771153,1.8410
MZI,201,47,0.262733,0.6272
MZI,200,48,0.837799,2.0001
MZI,199,49,0.565386,1.3498
MZI,198,50,0.508379,1.2137
MZI,197,51,0.726687,1.7348
MZI,196,52,0.902997,2.1557
MZI,195,53,1.222099,2.9175
MZI,194,54,0.978971,2.3371
MZI,193,55,1.048286,2.5026
MZI,192,56,1.334602,3.1861
MZI,191,57,1.175263,2.8057
MZI,190,58,3.015427,7.1988
MZI,189,59,0.764915,1.8261
MZI,188,60,0.802622,1.9161
MZI,187,61,0.890761,2.1265
MZI,186,62,0.218630,0.5219
MZI,185,63,0.616913,1.4728
MZI,184,64,1.187729,2.8355
MZI,183,65,0.571113,1.3634
MZI,182,66,1.444751,3.4491
MZI,181,67,0.940424,2.2451
MZI,180,68,0.986043,2.3540
MZI,179,69,0.873238,2.0847
MZI,178,70,0.871900,2.0815
MZI,177,71,0.580895,1.3868
MZI,176,72,-0.011988,-0.0286
MZI,175,73,-0.050035,-0.1194
MZI,174,74,-0.019127,-0.0457
MZI,173,75,0.083187,0.1986
MZI,172,76,0.352861,0.8424
MZI,171,77,0.768206,1.8340
MZI,170,78,1.145906,2.7356
MZI,169,79,1.650198,3.9396
MZI,168,80,0.340555,0.8130
MZI,167,81,0.539524,1.2880
MZI,166,82,0.618777,1.4772
MZI,165,83,0.395344,0.9438
MZI,164,84,0.117722,0.2810
MZI,163,85,-0.681771,-1.6276
MZI,162,86,-0.243379,-0.5810
MZI,161,87,-0.264994,-0.6326
MZI,160,88,0.035354,0.0844
MZI,159,89,0.175029,0.4179
MZI,158,90,-0.198964,-0.4750
MZI,157,91,0.485469,1.1590
MZI,156,92,0.211014,0.5038
MZI,155,93,1.296209,3.0945
MZI,154,94,0.177272,0.4232
MZI,153,95,0.073053,0.1744
MZI,152,96,-0.119783,-0.2860
MZI,151,97,-0.836847,-1.9978
MZI,150,98,0.854808,2.0407
MZI,149,99,0.165638,0.3954
MZI,148,100,0.323156,0.7715
MZI,147,101,-0.312224,-0.7454
MZI,146,102,0.966526,2.3074
MZI,145,103,-1.361860,-3.2512
MZI,144,104,0.593438,1.4167
MZI,143,105,-0.705355,-1.6839
MZI,142,106,-1.573643,-3.7568
MZI,141,107,-0.933236,-2.2279
MZI,140,108,-3.062702,-7.3117
MZI,139,109,0.851596,2.0330
MZI,138,110,-0.781564,-1.8658
MZI,137,111,0.258748,0.6177
MZI,136,112,1.485470,3.5463
MZI,135,113,1.521870,3.6332
MZI,134,114,-0.926550,-2.2120
MZI,133,115,-0.208779,-0.4984
MZI,132,116,-2.568718,-6.1324
MZI,131,117,-2.252395,-5.3772
MZI,130,118,-1.757160,-4.1949
MZI,129,119,-0.123444,-0.2947
MZI,128,120,2.109479,5.0360
MZI,127,121,-0.567582,-1.3550
MZI,126,122,1.297279,3.0970
MZI,125,123,1.495791,3.5709
MZI,124,124,1.823194,4.3526
MZI,123,125,2.135124,5.0972
MZI,122,126,-2.593720,-6.1920
MZI,121,127,-1.385248,-3.3070
MZI,120,128,0.040779,0.0974
MZI,119,129,2.109933,5.0371
MZI,118,130,-1.833590,-4.3774
MZI,117,131,-0.351546,-0.8393
MZI,116,132,1.209354,2.8871
MZI,115,133,-2.408657,-5.7502
MZI,114,134,-1.290882,-3.0818
MZI,113,135,-0.756126,-1.8051
MZI,112,136,2.220818,5.3018
MZI,111,137,1.185624,2.8305
MZI,110,138,-0.293595,-0.7009
MZI,109,139,-2.129516,-5.0838
MZI,108,140,-0.386741,-0.9233
MZI,107,141,1.099978,2.6260
MZI,106,142,2.675282,6.3868
MZI,105,143,0.493423,1.1780
MZI,104,144,0.408931,0.9763
MZI,103,145,0.082171,0.1962
MZI,102,146,-0.564958,-1.3487
MZI,101,147,1.407653,3.3605
MZI,100,148,2.568362,6.1315
MZI,99,149,-0.702952,-1.6782
MZI,98,150,-1.090924,-2.6044
MZI,97,151,-2.084009,-4.9752
MZI,96,152,1.790564,4.2747
MZI,95,153,-0.060511,-0.1445
MZI,94,154,-2.023154,-4.8299
MZI,93,155,-1.092838,-2.6090
MZI,92,156,0.527667,1.2597
MZI,91,157,0.092610,0.2211
MZI,90,158,-1.019620,-2.4342
MZI,89,159,-1.225808,-2.9264
MZI,88,160,1.124889,2.6855
MZI,87,161,-0.632966,-1.5111
MZI,86,162,-1.072872,-2.5613
MZI,85,163,-1.912207,-4.5651
MZI,84,164,-1.758015,-4.1970
MZI,83,165,-1.973668,-4.7118
MZI,82,166,-2.806566,-6.7002
MZI,81,167,-1.541468,-3.6800
MZI,80,168,1.645167,3.9275
MZI,79,169,-1.443489,-3.4461
MZI,78,170,2.286817,5.4594
MZI,77,171,-2.358578,-5.6307
MZI,76,172,-1.293203,-3.0873
MZI,75,173,-0.930918,-2.2224
MZI,74,174,-2.070466,-4.9429
MZI,73,175,-2.842894,-6.7869
MZI,72,176,-2.266721,-5.4114
MZI,71,177,-2.797240,-6.6779
MZI,70,178,-2.535807,-6.0538
MZI,69,179,-2.272670,-5.4256
MZI,68,180,-2.128987,-5.0826
MZI,67,181,-0.696000,-1.6616
MZI,66,182,-2.244743,-5.3589
MZI,65,183,-0.857359,-2.0468
MZI,64,184,-2.016568,-4.8142
MZI,63,185,-1.585156,-3.7843
MZI,62,186,-1.413559,-3.3746
MZI,61,187,-2.898532,-6.9197
MZI,60,188,-3.006394,-7.1772
MZI,59,189,-1.540427,-3.6775
MZI,58,190,-2.237334,-5.3412
MZI,57,191,-0.941007,-2.2465
MZI,56,192,-2.167299,-5.1740
MZI,55,193,-2.026433,-4.8378
MZI,54,194,-1.595932,-3.8100
MZI,53,195,-2.973601,-7.0989
MZI,52,196,-2.044639,-4.8812
MZI,51,197,-1.977855,-4.7218
MZI,50,198,-2.196512,-5.2438
MZI,49,199,-2.326659,-5.5545
MZI,48,200,2.843968,6.7895
MZI,47,201,-2.229669,-5.3229
MZI,46,202,-2.507256,-5.9856
MZI,45,203,-0.068162,-0.1627
MZI,44,204,-1.474991,-3.5213
MZI,43,205,-1.728429,-4.1263
MZI,42,206,-2.002800,-4.7813
MZI,41,207,-2.350300,-5.6109
MZI,40,208,-2.274390,-5.4297
MZI,39,209,-2.351229,-5.6131
MZI,38,210,-2.697058,-6.4388
MZI,37,211,-1.745295,-4.1666
MZI,36,212,-2.516989,-6.0089
MZI,35,213,-1.350003,-3.2229
MZI,34,214,-2.617915,-6.2498
MZI,33,215,-1.871419,-4.4677
MZI,32,216,-2.550136,-6.0880
MZI,31,217,-1.975000,-4.7150
MZI,30,218,-2.178567,-5.2009
MZI,29,219,3.080964,7.3553
MZI,28,220,-1.687581,-4.0288
MZI,27,221,-2.256706,-5.3875
MZI,26,222,-2.238812,-5.3448
MZI,25,223,-1.313827,-3.1365
MZI,24,224,-2.150911,-5.1349
MZI,23,225,-0.832316,-1.9870
MZI,22,226,-1.777931,-4.2445
MZI,21,227,-2.028517,-4.8427
MZI,20,228,-2.079604,-4.9647
MZI,19,229,-0.243724,-0.5818
MZI,18,230,0.026710,0.0638
MZI,17,231,1.849255,4.4148
MZI,16,232,0.035105,0.0838
MZI,15,233,-1.947883,-4.6502
MZI,14,234,-2.147656,-5.1272
MZI,13,235,-1.960341,-4.6800
MZI,12,236,-2.323572,-5.5471
MZI,11,237,-1.539710,-3.6758
MZI,10,238,-2.854617,-6.8149
MZI,9,239,-2.119901,-5.0609
MZI,8,240,2.711830,6.4740
MZI,7,241,-1.795226,-4.2858
MZI,6,242,-1.881365,-4.4914
MZI,5,243,-0.488940,-1.1673
MZI,4,244,-2.204303,-5.2624
MZI,3,245,-2.796115,-6.6752
MZI,2,246,-2.290337,-5.4678
MZI,1,247,-2.721935,-6.4981
MZI,0,248,-2.832387,-6.7618
MZI,250,0,-3.092505,-7.3828
MZI,249,1,0.110460,0.2637
MZI,248,2,0.107126,0.2557
MZI,247,3,0.174577,0.4168
MZI,246,4,0.177223,0.4231
MZI,245,5,0.106052,0.2532
MZI,244,6,0.163046,0.3892
MZI,243,7,0.240490,0.5741
MZI,242,8,0.350198,0.8360
MZI,241,9,0.271872,0.6490
MZI,240,10,0.212202,0.5066
MZI,239,11,0.347319,0.8292
MZI,238,12,0.280122,0.6687
MZI,237,13,0.242821,0.5797
MZI,236,14,-0.065022,-0.1552
MZI,235,15,0.427758,1.0212
MZI,234,16,0.311485,0.7436
MZI,233,17,0.484696,1.1571
MZI,232,18,0.246670,0.5889
MZI,231,19,0.054101,0.1292
MZI,230,20,0.389578,0.9300
MZI,229,21,0.344777,0.8231
MZI,228,22,0.564409,1.3474
MZI,227,23,0.408696,0.9757
MZI,226,24,-0.006045,-0.0144
MZI,225,25,-0.211692,-0.5054
MZI,224,26,0.695858,1.6612
MZI,223,27,0.743165,1.7742
MZI,222,28,0.363802,0.8685
MZI,221,29,0.726367,1.7341
MZI,220,30,0.741955,1.7713
MZI,219,31,0.479903,1.1457
MZI,218,32,0.456851,1.0907
MZI,217,33,0.613223,1.4640
MZI,216,34,0.704962,1.6830
MZI,215,35,0.656121,1.5664
MZI,214,36,1.023191,2.4427
MZI,213,37,0.319555,0.7629
MZI,212,38,0.455363,1.0871
MZI,211,39,1.318058,3.1466
MZI,210,40,0.206643,0.4933
MZI,209,41,0.075750,0.1808
MZI,208,42,0.479696,1.1452
MZI,207,43,0.608213,1.4520
MZI,206,44,0.323634,0.7726
MZI,205,45,2.096799,5.0057
MZI,204,46,0.180225,0.4303
MZI,203,47,0.406893,0.9714
MZI,202,48,0.016529,0.0395
MZI,201,49,0.548927,1.3105
MZI,200,50,0.427282,1.0201
MZI,199,51,-0.007427,-0.0177
MZI,198,52,0.493708,1.1786
MZI,197,53,0.492550,1.1759
MZI,196,54,0.777344,1.8558
MZI,195,55,0.740853,1.7687
MZI,194,56,0.713766,1.7040
MZI,193,57,0.991252,2.3664
MZI,192,58,0.767293,1.8318
MZI,191,59,2.126896,5.0776
MZI,190,60,0.581734,1.3888
MZI,189,61,0.748223,1.7863
MZI,188,62,0.844720,2.0166
MZI,187,63,-0.251449,-0.6003
MZI,186,64,0.541332,1.2923
MZI,185,65,1.155300,2.7581
MZI,184,66,0.303955,0.7256
MZI,183,67,0.599629,1.4315
MZI,182,68,0.618312,1.4761
MZI,181,69,0.714013,1.7046
MZI,180,70,0.649169,1.5498
MZI,179,71,0.709338,1.6934
MZI,178,72,0.521442,1.2449
MZI,177,73,-0.036412,-0.0869
MZI,176,74,-1.020617,-2.4365
MZI,175,75,0.260684,0.6223
MZI,174,76,-0.178189,-0.4254
MZI,173,77,0.174510,0.4166
MZI,172,78,0.561475,1.3404
MZI,171,79,0.823561,1.9661
MZI,170,80,1.004229,2.3974
MZI,169,81,-0.182095,-0.4347
MZI,168,82,0.239731,0.5723
MZI,167,83,0.539832,1.2888
MZI,166,84,0.620913,1.4823
MZI,165,85,-0.746172,-1.7814
MZI,164,86,-1.254438,-2.9947
MZI,163,87,-0.695846,-1.6612
MZI,162,88,-0.911900,-2.1770
MZI,161,89,0.746671,1.7825
MZI,160,90,0.473745,1.1310
MZI,159,91,-0.373967,-0.8928
MZI,158,92,0.221955,0.5299
MZI,157,93,0.147758,0.3527
MZI,156,94,0.527199,1.2586
MZI,155,95,0.286463,0.6839
MZI,154,96,0.008316,0.0199
MZI,153,97,-0.152619,-0.3644
MZI,152,98,-0.481382,-1.1492
MZI,151,99,0.596898,1.4250
MZI,150,100,0.796977,1.9026
MZI,149,101,-0.155620,-0.3715
MZI,148,102,-0.358414,-0.8557
MZI,147,103,0.596057,1.4230
MZI,146,104,-0.479563,-1.1449
MZI,145,105,0.135584,0.3237
MZI,144,106,-2.322766,-5.5452
MZI,143,107,-1.552520,-3.7064
MZI,142,108,-2.197174,-5.2454
MZI,141,109,0.071663,0.1711
MZI,140,110,-0.213154,-0.5089
MZI,139,111,-1.676379,-4.0021
MZI,138,112,-0.340792,-0.8136
MZI,137,113,0.147619,0.3524
MZI,136,114,-0.750742,-1.7923
MZI,135,115,2.212869,5.2828
MZI,134,116,-0.288502,-0.6887
MZI,133,117,-1.386306,-3.3096
MZI,132,118,0.944621,2.2551
MZI,131,119,-1.335073,-3.1873
MZI,130,120,1.550082,3.7005
MZI,129,121,-0.118677,-0.2833
MZI,128,122,-2.088493,-4.9859
MZI,127,123,1.105602,2.6394
MZI,126,124,0.707896,1.6900
MZI,125,125,0.435350,1.0393
MZI,124,126,0.077325,0.1846
MZI,123,127,-0.728348,-1.7388
MZI,122,128,2.605191,6.2194
MZI,121,129,0.898880,2.1459
MZI,120,130,-0.331570,-0.7916
MZI,119,131,-1.847717,-4.4111
MZI,118,132,0.688365,1.6433
MZI,117,133,-0.609021,-1.4539
MZI,116,134,-1.634872,-3.9030
MZI,115,135,0.071162,0.1699
MZI,114,136,2.961693,7.0705
MZI,113,137,-0.993236,-2.3712
MZI,112,138,-0.781621,-1.8660
MZI,111,139,1.803396,4.3053
MZI,110,140,-1.863405,-4.4486
MZI,109,141,-2.158668,-5.1534
MZI,108,142,-1.556127,-3.7150
MZI,107,143,-1.625648,-3.8809
MZI,106,144,-0.535858,-1.2793
MZI,105,145,-1.494724,-3.5684
MZI,104,146,-1.902854,-4.5427
MZI,103,147,-2.387335,-5.6993
MZI,102,148,3.106632,7.4165
MZI,101,149,-2.289213,-5.4651
MZI,100,150,-0.676817,-1.6158
MZI,99,151,-1.981200,-4.7298
MZI,98,152,-2.104291,-5.0236
MZI,97,153,-1.612414,-3.8494
MZI,96,154,-1.623137,-3.8750
MZI,95,155,-1.883361,-4.4962
MZI,94,156,-0.195472,-0.4667
MZI,93,157,-1.308603,-3.1241
MZI,92,158,-1.521766,-3.6329
MZI,91,159,-1.633967,-3.9008
MZI,90,160,-1.115600,-2.6633
MZI,89,161,-2.113020,-5.0445
MZI,88,162,-1.986959,-4.7435
MZI,87,163,-1.778145,-4.2450
MZI,86,164,-2.047204,-4.8873
MZI,85,165,-2.154505,-5.1435
MZI,84,166,-2.345983,-5.6006
MZI,83,167,-2.446590,-5.8408
MZI,82,168,-1.933989,-4.6171
MZI,81,169,-2.075335,-4.9545
MZI,80,170,-1.640857,-3.9173
MZI,79,171,2.905715,6.9369
MZI,78,172,-2.605161,-6.2194
MZI,77,173,-2.275935,-5.4334
MZI,76,174,-2.311824,-5.5191
MZI,75,175,2.058173,4.9135
MZI,74,176,-3.059329,-7.3036
MZI,73,177,-2.697711,-6.4403
MZI,72,178,-2.888115,-6.8949
MZI,71,179,-2.654569,-6.3373
MZI,70,180,-2.441705,-5.8291
MZI,69,181,-2.169320,-5.1789
MZI,68,182,-1.361747,-3.2509
MZI,67,183,-2.407529,-5.7476
MZI,66,184,-2.130928,-5.0872
MZI,65,185,-2.198200,-5.2478
MZI,64,186,-1.804363,-4.3076
MZI,63,187,-2.093985,-4.9990
MZI,62,188,-2.853467,-6.8122
MZI,61,189,-2.819449,-6.7309
MZI,60,190,-1.625617,-3.8809
MZI,59,191,-2.282396,-5.4488
MZI,58,192,-2.153482,-5.1411
MZI,57,193,-2.476839,-5.9130
MZI,56,194,-2.279826,-5.4427
MZI,55,195,-1.861328,-4.4436
MZI,54,196,2.814571,6.7193
MZI,53,197,-2.297981,-5.4860
MZI,52,198,-2.259394,-5.3939
MZI,51,199,-2.358675,-5.6309
MZI,50,200,-2.453281,-5.8568
MZI,49,201,-2.482648,-5.9269
MZI,48,202,-2.629589,-6.2777
MZI,47,203,-2.488083,-5.9399
MZI,46,204,-2.275517,-5.4324
MZI,45,205,-1.656919,-3.9556
MZI,44,206,-2.259494,-5.3941
MZI,43,207,-2.329177,-5.5605
MZI,42,208,-2.534869,-6.0516
MZI,41,209,-2.769309,-6.6112
MZI,40,210,-1.824205,-4.3550
MZI,39,211,-2.856693,-6.8199
MZI,38,212,-0.034253,-0.0818
MZI,37,213,2.858093,6.8232
MZI,36,214,-1.698498,-4.0549
MZI,35,215,-3.132573,-7.4785
MZI,34,216,-2.434243,-5.8113
MZI,33,217,-2.674136,-6.3840
MZI,32,218,-2.305509,-5.5040
MZI,31,219,-1.633817,-3.9005
MZI,30,220,-2.284564,-5.4540
MZI,29,221,-2.226294,-5.3149
MZI,28,222,-2.439726,-5.8244
MZI,27,223,0.850695,2.0309
MZI,26,224,-1.318841,-3.1485
MZI,25,225,-2.292836,-5.4737
MZI,24,226,-1.693823,-4.0437
MZI,23,227,-2.047572,-4.8882
MZI,22,228,-2.545999,-6.0781
MZI,21,229,-2.519402,-6.0146
MZI,20,230,-1.544868,-3.6881
MZI,19,231,-2.453630,-5.8576
MZI,18,232,2.916998,6.9638
MZI,17,233,-2.119359,-5.0596
MZI,16,234,-2.321721,-5.5427
MZI,15,235,-1.579160,-3.7700
MZI,14,236,-2.284479,-5.4538
MZI,13,237,-2.427989,-5.7964
MZI,12,238,-2.182594,-5.2106
MZI,11,239,-2.759096,-6.5869
MZI,10,240,-2.073745,-4.9507
MZI,9,241,-2.778667,-6.6336
MZI,8,242,-2.427429,-5.7951
MZI,7,243,-2.385102,-5.6940
MZI,6,244,-2.483392,-5.9287
MZI,5,245,-2.583389,-6.1674
MZI,4,246,-2.908256,-6.9429
MZI,3,247,-2.694779,-6.4333
MZI,2,248,-2.869553,-6.8506
MZI,1,249,-2.915655,-6.9606
MZI,0,250,-2.947787,-7.0373
MZI,252,0,-3.117049,-7.4414
MZI,251,1,0.061359,0.1465
MZI,250,2,0.061368,0.1465
MZI,249,3,0.059317,0.1416
MZI,248,4,0.106461,0.2542
MZI,247,5,0.112004,0.2674
MZI,246,6,0.055102,0.1315
MZI,245,7,0.110418,0.2636
MZI,244,8,0.165714,0.3956
MZI,243,9,0.218040,0.5205
MZI,242,10,0.171600,0.4097
MZI,241,11,0.150121,0.3584
MZI,240,12,0.203854,0.4867
MZI,239,13,0.254252,0.6070
MZI,238,14,0.161689,0.3860
MZI,237,15,-0.151339,-0.3613
MZI,236,16,0.351054,0.8381
MZI,235,17,0.353390,0.8437
MZI,234,18,0.300993,0.7186
MZI,233,19,0.124578,0.2974
MZI,232,20,0.129933,0.3102
MZI,231,21,0.279175,0.6665
MZI,230,22,0.130150,0.3107
MZI,229,23,0.406053,0.9694
MZI,228,24,0.293216,0.7000
MZI,227,25,0.144826,0.3457
MZI,226,26,-0.041359,-0.0987
MZI,225,27,0.364555,0.8703
MZI,224,28,0.408950,0.9763
MZI,223,29,0.293699,0.7012
MZI,222,30,0.415716,0.9924
MZI,221,31,0.400113,0.9552
MZI,220,32,0.255713,0.6105
MZI,219,33,0.306953,0.7328
MZI,218,34,0.375454,0.8963
MZI,217,35,0.428250,1.0224
MZI,216,36,0.365274,0.8720
MZI,215,37,0.559347,1.3353
MZI,214,38,0.026180,0.0625
MZI,213,39,0.152603,0.3643
MZI,212,40,1.062532,2.5366
MZI,211,41,0.088471,0.2112
MZI,210,42,0.021078,0.0503
MZI,209,43,0.267268,0.6381
MZI,208,44,0.353558,0.8441
MZI,207,45,0.251944,0.6015
MZI,206,46,0.476711,1.1381
MZI,205,47,0.144821,0.3457
MZI,204,48,0.134983,0.3222
MZI,203,49,-0.110624,-0.2641
MZI,202,50,0.252973,0.6039
MZI,201,51,0.316821,0.7564
MZI,200,52,-0.690025,-1.6473
MZI,199,53,1.250409,2.9851
MZI,198,54,0.175806,0.4197
MZI,197,55,0.379818,0.9067
MZI,196,56,0.443966,1.0599
MZI,195,57,0.384115,0.9170
MZI,194,58,0.500718,1.1954
MZI,193,59,0.418147,0.9983
MZI,192,60,0.612527,1.4623
MZI,191,61,0.351802,0.8399
MZI,190,62,0.351269,0.8386
MZI,189,63,0.416442,0.9942
MZI,188,64,-0.221914,-0.5298
MZI,187,65,2.979337,7.1126
MZI,186,66,0.533641,1.2740
MZI,185,67,0.100355,0.2396
MZI,184,68,0.219554,0.5241
MZI,183,69,0.347297,0.8291
MZI,182,70,0.464684,1.1094
MZI,181,71,0.998389,2.3835
MZI,180,72,0.468826,1.1192
MZI,179,73,0.373746,0.8923
MZI,178,74,-0.050041,-0.1195
MZI,177,75,-0.110338,-0.2634
MZI,176,76,0.175854,0.4198
MZI,175,77,-0.128717,-0.3073
MZI,174,78,0.038647,0.0923
MZI,173,79,0.270372,0.6455
MZI,172,80,0.356917,0.8521
MZI,171,81,0.366025,0.8738
MZI,170,82,-0.450056,-1.0744
MZI,169,83,0.094640,0.2259
MZI,168,84,0.647480,1.5457
MZI,167,85,1.801185,4.3000
MZI,166,86,-1.182212,-2.8223
MZI,165,87,-0.925658,-2.2098
MZI,164,88,-0.437388,-1.0442
MZI,163,89,-0.033330,-0.0796
MZI,162,90,0.969379,2.3142
MZI,161,91,1.046048,2.4973
MZI,160,92,-0.533274,-1.2731
MZI,159,93,0.210328,0.5021
MZI,158,94,0.237149,0.5662
MZI,157,95,0.298607,0.7129
MZI,156,96,0.642361,1.5335
MZI,155,97,0.066285,0.1582
MZI,154,98,-0.058665,-0.1401
MZI,153,99,0.180691,0.4314
MZI,152,100,-0.111467,-0.2661
MZI,151,101,-0.002902,-0.0069
MZI,150,102,-0.253722,-0.6057
MZI,149,103,-0.143395,-0.3423
MZI,148,104,1.572568,3.7542
MZI,147,105,-0.479502,-1.1447
MZI,146,106,-0.008943,-0.0214
MZI,145,107,-0.484381,-1.1564
MZI,144,108,-0.822936,-1.9646
MZI,143,109,-0.842548,-2.0114
MZI,142,110,-0.122975,-0.2936
MZI,141,111,1.213992,2.8982
MZI,140,112,-1.368565,-3.2672
MZI,139,113,-1.632973,-3.8984
MZI,138,114,-0.724493,-1.7296
MZI,137,115,-0.379637,-0.9063
MZI,136,116,-0.231356,-0.5523
MZI,135,117,1.279621,3.0549
MZI,134,118,-0.191820,-0.4579
MZI,133,119,0.213834,0.5105
MZI,132,120,0.045859,0.1095
MZI,131,121,0.525473,1.2545
MZI,130,122,0.101943,0.2434
MZI,129,123,-0.041080,-0.0981
MZI,128,124,0.413107,0.9862
MZI,127,125,0.220057,0.5253
MZI,126,126,0.231879,0.5536
MZI,125,127,-0.028682,-0.0685
MZI,124,128,0.136439,0.3257
MZI,123,129,-0.908701,-2.1694
MZI,122,130,-0.787624,-1.8803
MZI,121,131,-1.027399,-2.4527
MZI,120,132,-0.867500,-2.0710
MZI,119,133,-1.139391,-2.7201
MZI,118,134,-1.451220,-3.4645
MZI,117,135,-2.001240,-4.7776
MZI,116,136,-1.436933,-3.4304
MZI,115,137,-2.029098,-4.8441
MZI,114,138,-0.202876,-0.4843
MZI,113,139,-1.380386,-3.2954
MZI,112,140,-1.853360,-4.4246
MZI,111,141,-1.906144,-4.5506
MZI,110,142,-2.193954,-5.2377
MZI,109,143,-1.643559,-3.9237
MZI,108,144,-1.438223,-3.4335
MZI,107,145,-1.135133,-2.7099
MZI,106,146,-1.879506,-4.4870
MZI,105,147,-2.056039,-4.9084
MZI,104,148,-2.241827,-5.3520
MZI,103,149,-2.292908,-5.4739
MZI,102,150,-2.079207,-4.9637
MZI,101,151,1.486842,3.5496
MZI,100,152,-2.405349,-5.7423
MZI,99,153,-2.422692,-5.7838
MZI,98,154,-2.025369,-4.8352
MZI,97,155,-2.085973,-4.9799
MZI,96,156,-2.042267,-4.8756
MZI,95,157,-1.828712,-4.3657
MZI,94,158,-2.100043,-5.0135
MZI,93,159,-2.163345,-5.1646
MZI,92,160,-2.130402,-5.0860
MZI,91,161,-1.921464,-4.5872
MZI,90,162,-2.400516,-5.7308
MZI,89,163,-2.343709,-5.5952
MZI,88,164,-2.208361,-5.2721
MZI,87,165,-2.303617,-5.4995
MZI,86,166,-2.428646,-5.7980
MZI,85,167,-2.551252,-6.0907
MZI,84,168,-2.521508,-6.0197
MZI,83,169,-2.344957,-5.5982
MZI,82,170,-2.386999,-5.6985
MZI,81,171,-2.288811,-5.4641
MZI,80,172,-2.606413,-6.2224
MZI,79,173,-2.682190,-6.4033
MZI,78,174,-2.592508,-6.1892
MZI,77,175,-2.612125,-6.2360
MZI,76,176,3.048686,7.2782
MZI,75,177,-2.966956,-7.0831
MZI,74,178,-2.924347,-6.9814
MZI,73,179,-2.919668,-6.9702
MZI,72,180,-2.835210,-6.7686
MZI,71,181,-2.608784,-6.2280
MZI,70,182,-2.229080,-5.3215
MZI,69,183,-2.412704,-5.7599
MZI,68,184,-2.607944,-6.2260
MZI,67,185,-2.556710,-6.1037
MZI,66,186,-2.267965,-5.4144
MZI,65,187,-2.322740,-5.5451
MZI,64,188,-2.531597,-6.0437
MZI,63,189,-2.911915,-6.9517
MZI,62,190,-3.029726,-7.2329
MZI,61,191,-2.011670,-4.8025
MZI,60,192,-1.900305,-4.5366
MZI,59,193,-2.576904,-6.1519
MZI,58,194,-2.693274,-6.4297
MZI,57,195,-2.475175,-5.9090
MZI,56,196,-2.329091,-5.5603
MZI,55,197,-2.783116,-6.6442
MZI,54,198,-2.430007,-5.8012
MZI,53,199,-2.496820,-5.9607
MZI,52,200,-2.536696,-6.0559
MZI,51,201,-2.564799,-6.1230
MZI,50,202,-2.664853,-6.3619
MZI,49,203,-2.880698,-6.8772
MZI,48,204,-2.654390,-6.3369
MZI,47,205,-2.612662,-6.2373
MZI,46,206,-2.229015,-5.3214
MZI,45,207,-2.567005,-6.1283
MZI,44,208,-2.561820,-6.1159
MZI,43,209,-2.709030,-6.4673
MZI,42,210,-2.825928,-6.7464
MZI,41,211,-2.183222,-5.2121
MZI,40,212,-2.789428,-6.6593
MZI,39,213,-2.549098,-6.0855
MZI,38,214,-3.002312,-7.1675
MZI,37,215,-2.287020,-5.4599
MZI,36,216,3.110267,7.4252
MZI,35,217,3.032512,7.2396
MZI,34,218,-2.717235,-6.4869
MZI,33,219,-1.485641,-3.5467
MZI,32,220,-1.295254,-3.0922
MZI,31,221,-2.485545,-5.9338
MZI,30,222,-2.561798,-6.1158
MZI,29,223,-2.646776,-6.3187
MZI,28,224,-2.696014,-6.4363
MZI,27,225,-2.342522,-5.5924
MZI,26,226,-2.488308,-5.9404
MZI,25,227,-2.502865,-5.9751
MZI,24,228,-2.470468,-5.8978
MZI,23,229,-2.806077,-6.6990
MZI,22,230,-2.755035,-6.5772
MZI,21,231,-2.496874,-5.9608
MZI,20,232,-2.802365,-6.6902
MZI,19,233,-2.839529,-6.7789
MZI,18,234,-2.651629,-6.3303
MZI,17,235,-2.604254,-6.2172
MZI,16,236,-2.297859,-5.4857
MZI,15,237,-2.561221,-6.1145
MZI,14,238,-2.591190,-6.1860
MZI,13,239,-2.584528,-6.1701
MZI,12,240,-2.834560,-6.7670
MZI,11,241,-2.430124,-5.8015
MZI,10,242,-2.821225,-6.7352
MZI,9,243,-2.702058,-6.4507
MZI,8,244,-2.688922,-6.4193
MZI,7,245,-2.803624,-6.6932
MZI,6,246,-2.790130,-6.6609
MZI,5,247,-2.954453,-7.0532
MZI,4,248,-2.860236,-6.8283
MZI,3,249,-2.939617,-7.0178
MZI,2,250,-2.967946,-7.0854
MZI,1,251,-2.993324,-7.1460
MZI,0,252,-3.022966,-7.2168
MZI,254,0,-3.141593,-7.5000
MZI,253,1,0.012272,0.0293
MZI,252,2,0.012272,0.0293
MZI,251,3,0.012276,0.0293
MZI,250,4,0.011418,0.0273
MZI,249,5,0.032068,0.0766
MZI,248,6,0.036417,0.0869
MZI,247,7,0.009728,0.0232
MZI,246,8,0.038604,0.0922
MZI,245,9,0.062991,0.1504
MZI,244,10,0.079019,0.1886
MZI,243,11,0.062069,0.1482
MZI,242,12,0.057303,0.1368
MZI,241,13,0.072784,0.1738
MZI,240,14,0.121356,0.2897
MZI,239,15,0.062206,0.1485
MZI,238,16,-0.102150,-0.2439
MZI,237,17,0.163787,0.3910
MZI,236,18,0.179082,0.4275
MZI,235,19,0.118850,0.2837
MZI,234,20,0.050850,0.1214
MZI,233,21,0.067705,0.1616
MZI,232,22,0.111922,0.2672
MZI,231,23,0.010966,0.0262
MZI,230,24,0.181318,0.4329
MZI,229,25,0.106340,0.2539
MZI,228,26,0.078281,0.1869
MZI,227,27,0.066810,0.1595
MZI,226,28,0.128708,0.3073
MZI,225,29,0.158618,0.3787
MZI,224,30,0.124194,0.2965
MZI,223,31,0.161228,0.3849
MZI,222,32,0.155016,0.3701
MZI,221,33,0.084301,0.2013
MZI,220,34,0.105885,0.2528
MZI,219,35,0.145817,0.3481
MZI,218,36,0.163701,0.3908
MZI,217,37,0.129824,0.3099
MZI,216,38,0.224473,0.5359
MZI,215,39,-0.036099,-0.0862
MZI,214,40,-0.010745,-0.0257
MZI,213,41,0.289460,0.6910
MZI,212,42,0.034461,0.0823
MZI,211,43,0.024376,0.0582
MZI,210,44,0.090560,0.2162
MZI,209,45,0.128569,0.3069
MZI,208,46,0.109091,0.2604
MZI,207,47,0.144705,0.3455
MZI,206,48,0.062087,0.1482
MZI,205,49,0.040149,0.0958
MZI,204,50,-0.070892,-0.1692
MZI,203,51,0.057935,0.1383
MZI,202,52,0.155416,0.3710
MZI,201,53,-0.442073,-1.0554
MZI,200,54,1.004832,2.3989
MZI,199,55,0.018934,0.0452
MZI,198,56,0.124902,0.2982
MZI,197,57,0.165694,0.3956
MZI,196,58,0.134559,0.3212
MZI,195,59,0.192025,0.4584
MZI,194,60,0.157724,0.3765
MZI,193,61,0.214046,0.5110
MZI,192,62,0.139279,0.3325
MZI,191,63,0.106333,0.2539
MZI,190,64,0.121865,0.2909
MZI,189,65,-0.057707,-0.1378
MZI,188,66,0.126754,0.3026
MZI,187,67,0.177968,0.4249
MZI,186,68,0.018932,0.0452
MZI,185,69,0.068397,0.1633
MZI,184,70,0.136971,0.3270
MZI,183,71,0.225208,0.5376
MZI,182,72,2.363207,5.6417
MZI,181,73,0.181909,0.4343
MZI,180,74,0.149703,0.3574
MZI,179,75,-0.037300,-0.0890
MZI,178,76,0.041676,0.0995
MZI,177,77,0.070239,0.1677
MZI,176,78,-0.019627,-0.0469
MZI,175,79,-0.004341,-0.0104
MZI,174,80,0.072555,0.1732
MZI,173,81,0.104132,0.2486
MZI,172,82,0.120708,0.2882
MZI,171,83,-0.219431,-0.5239
MZI,170,84,0.028521,0.0681
MZI,169,85,0.324026,0.7736
MZI,168,86,0.203307,0.4854
MZI,167,87,-0.189753,-0.4530
MZI,166,88,-0.211100,-0.5040
MZI,165,89,-0.135155,-0.3227
MZI,164,90,0.087621,0.2092
MZI,163,91,0.442526,1.0565
MZI,162,92,0.705044,1.6832
MZI,161,93,-0.455639,-1.0878
MZI,160,94,0.135838,0.3243
MZI,159,95,0.171446,0.4093
MZI,158,96,0.134464,0.3210
MZI,157,97,0.397314,0.9485
MZI,156,98,0.070344,0.1679
MZI,155,99,-0.015637,-0.0373
MZI,154,100,0.130424,0.3114
MZI,153,101,-0.166334,-0.3971
MZI,152,102,-0.064501,-0.1540
MZI,151,103,-0.114949,-0.2744
MZI,150,104,-0.034519,-0.0824
MZI,149,105,0.116752,0.2787
MZI,148,106,-1.128717,-2.6946
MZI,147,107,0.067722,0.1617
MZI,146,108,-0.271038,-0.6471
MZI,145,109,-0.315088,-0.7522
MZI,144,110,-0.185870,-0.4437
MZI,143,111,-0.054135,-0.1292
MZI,142,112,0.631579,1.5078
MZI,141,113,-0.463336,-1.1061
MZI,140,114,-1.182965,-2.8241
MZI,139,115,-0.384909,-0.9189
MZI,138,116,-0.094110,-0.2247
MZI,137,117,-0.033850,-0.0808
MZI,136,118,0.017925,0.0428
MZI,135,119,0.301398,0.7195
MZI,134,120,-0.135256,-0.3229
MZI,133,121,0.012448,0.0297
MZI,132,122,-0.063788,-0.1523
MZI,131,123,0.002367,0.0057
MZI,130,124,-0.033050,-0.0789
MZI,129,125,0.174806,0.4173
MZI,128,126,0.088512,0.2113
MZI,127,127,0.070100,0.1674
MZI,126,128,-0.902681,-2.1550
MZI,125,129,-1.405522,-3.3554
MZI,124,130,-0.860407,-2.0541
MZI,123,131,-1.551329,-3.7035
MZI,122,132,-1.849577,-4.4155
MZI,121,133,-1.902049,-4.5408
MZI,120,134,-1.594617,-3.8069
MZI,119,135,-2.097434,-5.0073
MZI,118,136,-2.294880,-5.4786
MZI,117,137,-2.403433,-5.7378
MZI,116,138,-2.282839,-5.4499
MZI,115,139,-2.118603,-5.0578
MZI,114,140,-2.093717,-4.9984
MZI,113,141,-2.404186,-5.7396
MZI,112,142,-2.394812,-5.7172
MZI,111,143,-2.522569,-6.0222
MZI,110,144,-1.509899,-3.6046
MZI,109,145,-2.248429,-5.3677
MZI,108,146,-1.887631,-4.5064
MZI,107,147,-2.437026,-5.8180
MZI,106,148,-2.528909,-6.0373
MZI,105,149,-2.615478,-6.2440
MZI,104,150,-2.605988,-6.2213
MZI,103,151,-2.452721,-5.8554
MZI,102,152,-2.726526,-6.5091
MZI,101,153,-2.765012,-6.6010
MZI,100,154,-2.769162,-6.6109
MZI,99,155,-2.573370,-6.1435
MZI,98,156,-2.627697,-6.2732
MZI,97,157,-2.417291,-5.7709
MZI,96,158,-2.606567,-6.2227
MZI,95,159,-2.650498,-6.3276
MZI,94,160,-2.668695,-6.3710
MZI,93,161,-2.661422,-6.3537
MZI,92,162,-2.635440,-6.2916
MZI,91,163,-2.773015,-6.6201
MZI,90,164,-2.751212,-6.5680
MZI,89,165,-2.701829,-6.4501
MZI,88,166,-2.714925,-6.4814
MZI,87,167,-2.785506,-6.6499
MZI,86,168,-2.838628,-6.7767
MZI,85,169,-2.829056,-6.7539
MZI,84,170,-2.789529,-6.6595
MZI,83,171,-2.792791,-6.6673
MZI,82,172,-2.788543,-6.6572
MZI,81,173,-2.883864,-6.8847
MZI,80,174,-2.908107,-6.9426
MZI,79,175,-2.884883,-6.8872
MZI,78,176,-2.895196,-6.9118
MZI,77,177,-2.927384,-6.9886
MZI,76,178,-3.013253,-7.1936
MZI,75,179,-3.059651,-7.3044
MZI,74,180,-3.018155,-7.2053
MZI,73,181,-3.019558,-7.2087
MZI,72,182,-2.824842,-6.7438
MZI,71,183,-2.654911,-6.3381
MZI,70,184,-2.842894,-6.7869
MZI,69,185,-2.889242,-6.8976
MZI,68,186,-2.883588,-6.8841
MZI,67,187,-2.592191,-6.1884
MZI,66,188,-2.809333,-6.7068
MZI,65,189,-2.876829,-6.8679
MZI,64,190,-3.009586,-7.1849
MZI,63,191,-3.133522,-7.4807
MZI,62,192,-2.707587,-6.4639
MZI,61,193,-2.420114,-5.7776
MZI,60,194,-2.896312,-6.9144
MZI,59,195,-2.928639,-6.9916
MZI,58,196,-2.815416,-6.7213
MZI,57,197,-2.811190,-6.7112
MZI,56,198,-2.922665,-6.9773
MZI,55,199,-2.757717,-6.5836
MZI,54,200,-2.842527,-6.7860
MZI,53,201,-2.849516,-6.8027
MZI,52,202,-2.851829,-6.8082
MZI,51,203,-2.914272,-6.9573
MZI,50,204,-3.006010,-7.1763
MZI,49,205,-2.909177,-6.9451
MZI,48,206,-2.904017,-6.9328
MZI,47,207,-2.792642,-6.6669
MZI,46,208,-2.875680,-6.8652
MZI,45,209,-2.872547,-6.8577
MZI,44,210,-2.934248,-7.0050
MZI,43,211,-2.909973,-6.9470
MZI,42,212,-2.870353,-6.8525
MZI,41,213,-2.928384,-6.9910
MZI,40,214,-2.900306,-6.9240
MZI,39,215,-2.977464,-7.1082
MZI,38,216,-2.783282,-6.6446
MZI,37,217,-3.141566,-7.4999
MZI,36,218,3.046365,7.2727
MZI,35,219,-2.906343,-6.9384
MZI,34,220,-1.765361,-4.2145
MZI,33,221,-2.797165,-6.6777
MZI,32,222,-2.835226,-6.7686
MZI,31,223,-2.888384,-6.8955
MZI,30,224,-2.915593,-6.9605
MZI,29,225,-2.931252,-6.9978
MZI,28,226,-2.844678,-6.7912
MZI,27,227,-2.828607,-6.7528
MZI,26,228,-2.882960,-6.8826
MZI,25,229,-2.865449,-6.8408
MZI,24,230,-2.984604,-7.1252
MZI,23,231,-2.963307,-7.0744
MZI,22,232,-2.873566,-6.8601
MZI,21,233,-2.993661,-7.1468
MZI,20,234,-2.977581,-7.1085
MZI,19,235,-2.921786,-6.9752
MZI,18,236,-2.903464,-6.9315
MZI,17,237,-2.866815,-6.8440
MZI,16,238,-2.883058,-6.8828
MZI,15,239,-2.876897,-6.8681
MZI,14,240,-2.905853,-6.9372
MZI,13,241,-2.985010,-7.1262
MZI,12,242,-2.863394,-6.8358
MZI,11,243,-2.979658,-7.1134
MZI,10,244,-2.945444,-7.0317
MZI,9,245,-2.945968,-7.0330
MZI,8,246,-2.988294,-7.1340
MZI,7,247,-2.980673,-7.1158
MZI,6,248,-3.036682,-7.2495
MZI,5,249,-3.009876,-7.1855
MZI,4,250,-3.038006,-7.2527
MZI,3,251,-3.051800,-7.2856
MZI,2,252,-3.065908,-7.3193
MZI,1,253,-3.082960,-7.3600
MZI,0,254,-3.104777,-7.4121
MZI,254,2,0.018408,0.0439
MZI,253,3,0.031154,0.0744
MZI,252,4,0.041062,0.0980
MZI,251,5,0.048794,0.1165
MZI,250,6,0.065267,0.1558
MZI,249,7,0.071538,0.1708
MZI,248,8,0.060585,0.1446
MZI,247,9,0.078186,0.1867
MZI,246,10,0.092168,0.2200
MZI,245,11,0.099946,0.2386
MZI,244,12,0.093023,0.2221
MZI,243,13,0.094710,0.2261
MZI,242,14,0.101707,0.2428
MZI,241,15,0.129794,0.3099
MZI,240,16,0.097256,0.2322
MZI,239,17,0.014796,0.0353
MZI,238,18,0.147444,0.3520
MZI,237,19,0.166103,0.3965
MZI,236,20,0.125000,0.2984
MZI,235,21,0.108949,0.2601
MZI,234,22,0.110478,0.2637
MZI,233,23,0.126476,0.3019
MZI,232,24,0.070836,0.1691
MZI,231,25,0.161323,0.3851
MZI,230,26,0.125614,0.2999
MZI,229,27,0.123876,0.2957
MZI,228,28,0.140440,0.3353
MZI,227,29,0.133089,0.3177
MZI,226,30,0.150966,0.3604
MZI,225,31,0.144527,0.3450
MZI,224,32,0.155540,0.3713
MZI,223,33,0.154006,0.3677
MZI,222,34,0.107869,0.2575
MZI,221,35,0.113944,0.2720
MZI,220,36,0.141559,0.3379
MZI,219,37,0.154678,0.3693
MZI,218,38,0.137313,0.3278
MZI,217,39,0.187389,0.4474
MZI,216,40,0.066947,0.1598
MZI,215,41,0.023165,0.0553
MZI,214,42,0.201231,0.4804
MZI,213,43,0.107299,0.2562
MZI,212,44,0.099539,0.2376
MZI,211,45,0.115355,0.2754
MZI,210,46,0.138266,0.3301
MZI,209,47,0.143297,0.3421
MZI,208,48,0.164991,0.3939
MZI,207,49,0.120495,0.2877
MZI,206,50,0.141507,0.3378
MZI,205,51,0.048319,0.1154
MZI,204,52,0.075140,0.1794
MZI,203,53,0.165777,0.3958
MZI,202,54,-0.087232,-0.2083
MZI,201,55,0.289116,0.6902
MZI,200,56,0.063733,0.1522
MZI,199,57,0.143957,0.3437
MZI,198,58,0.164122,0.3918
MZI,197,59,0.147413,0.3519
MZI,196,60,0.194732,0.4649
MZI,195,61,0.166443,0.3974
MZI,194,62,0.216219,0.5162
MZI,193,63,0.153021,0.3653
MZI,192,64,0.145462,0.3473
MZI,191,65,0.136803,0.3266
MZI,190,66,0.084272,0.2012
MZI,189,67,0.166692,0.3979
MZI,188,68,0.170940,0.4081
MZI,187,69,0.109295,0.2609
MZI,186,70,0.127619,0.3047
MZI,185,71,0.153419,0.3663
MZI,184,72,0.196191,0.4684
MZI,183,73,0.345330,0.8244
MZI,182,74,0.195603,0.4670
MZI,181,75,0.179466,0.4284
MZI,180,76,0.074297,0.1774
MZI,179,77,0.147071,0.3511
MZI,178,78,0.141923,0.3388
MZI,177,79,0.114206,0.2726
MZI,176,80,0.104327,0.2491
MZI,175,81,0.119930,0.2863
MZI,174,82,0.138283,0.3301
MZI,173,83,0.167171,0.3991
MZI,172,84,0.033369,0.0797
MZI,171,85,0.106878,0.2552
MZI,170,86,0.304059,0.7259
MZI,169,87,0.238271,0.5688
MZI,168,88,0.121644,0.2904
MZI,167,89,0.090077,0.2150
MZI,166,90,0.095901,0.2289
MZI,165,91,0.236265,0.5640
MZI,164,92,0.399006,0.9526
MZI,163,93,0.506319,1.2087
MZI,162,94,-0.041949,-0.1001
MZI,161,95,0.256972,0.6135
MZI,160,96,0.297200,0.7095
MZI,159,97,0.288172,0.6880
MZI,158,98,0.407992,0.9740
MZI,157,99,0.240983,0.5753
MZI,156,100,0.234481,0.5598
MZI,155,101,0.340698,0.8134
MZI,154,102,0.167769,0.4005
MZI,153,103,0.254217,0.6069
MZI,152,104,0.219971,0.5251
MZI,151,105,0.305357,0.7290
MZI,150,106,0.401363,0.9582
MZI,149,107,-0.495806,-1.1836
MZI,148,108,0.357241,0.8529
MZI,147,109,0.204339,0.4878
MZI,146,110,0.234760,0.5604
MZI,145,111,0.372641,0.8896
MZI,144,112,0.352510,0.8416
MZI,143,113,0.619732,1.4795
MZI,142,114,0.231876,0.5536
MZI,141,115,0.384124,0.9170
MZI,140,116,0.272657,0.6509
MZI,139,117,0.481392,1.1492
MZI,138,118,0.586827,1.4009
MZI,137,119,0.644300,1.5382
MZI,136,120,0.904085,2.1583
MZI,135,121,0.620808,1.4821
MZI,134,122,0.792821,1.8927
MZI,133,123,0.738796,1.7637
MZI,132,124,0.913278,2.1803
MZI,131,125,1.013852,2.4204
MZI,130,126,1.222590,2.9187
MZI,129,127,1.442673,3.4441
MZI,128,128,2.362592,5.6403
MZI,127,129,2.371888,5.6625
MZI,126,130,2.127422,5.0788
MZI,125,131,-2.000690,-4.7763
MZI,124,132,1.942739,4.6379
MZI,123,133,1.810365,4.3219
MZI,122,134,1.929584,4.6065
MZI,121,135,-2.121145,-5.0639
MZI,120,136,1.663166,3.9705
MZI,119,137,1.677309,4.0043
MZI,118,138,1.361742,3.2509
MZI,117,139,1.709157,4.0803
MZI,116,140,1.848061,4.4119
MZI,115,141,1.895752,4.5258
MZI,114,142,1.716113,4.0969
MZI,113,143,1.634893,3.9030
MZI,112,144,1.670586,3.9882
MZI,111,145,2.993753,7.1471
MZI,110,146,1.865046,4.4525
MZI,109,147,2.179511,5.2032
MZI,108,148,1.710921,4.0845
MZI,107,149,1.662520,3.9690
MZI,106,150,1.652678,3.9455
MZI,105,151,1.720785,4.1081
MZI,104,152,1.706300,4.0735
MZI,103,153,1.754627,4.1889
MZI,102,154,1.510878,3.6070
MZI,101,155,1.487534,3.5512
MZI,100,156,1.732488,4.1360
MZI,99,157,1.659704,3.9623
MZI,98,158,1.918480,4.5800
MZI,97,159,1.771685,4.2296
MZI,96,160,1.739982,4.1539
MZI,95,161,1.727773,4.1248
MZI,94,162,1.728818,4.1272
MZI,93,163,1.763763,4.2107
MZI,92,164,1.659134,3.9609
MZI,91,165,1.685547,4.0239
MZI,90,166,1.746264,4.1689
MZI,89,167,1.713378,4.0904
MZI,88,168,1.656786,3.9553
MZI,87,169,1.623396,3.8756
MZI,86,170,1.653903,3.9484
MZI,85,171,1.668200,3.9825
MZI,84,172,1.704190,4.0685
MZI,83,173,1.703280,4.0663
MZI,82,174,1.632055,3.8962
MZI,81,175,1.610575,3.8450
MZI,80,176,1.601778,3.8240
MZI,79,177,1.588502,3.7923
MZI,78,178,1.660827,3.9649
MZI,77,179,1.543834,3.6856
MZI,76,180,1.458706,3.4824
MZI,75,181,1.517236,3.6221
MZI,74,182,1.452619,3.4679
MZI,73,183,-0.427610,-1.0208
MZI,72,184,1.853021,4.4238
MZI,71,185,1.692781,4.0412
MZI,70,186,1.633840,3.9005
MZI,69,187,1.636630,3.9072
MZI,68,188,1.964740,4.6905
MZI,67,189,1.717842,4.1010
MZI,66,190,1.665223,3.9754
MZI,65,191,1.554543,3.7112
MZI,64,192,1.368579,3.2672
MZI,63,193,1.806807,4.3134
MZI,62,194,1.995273,4.7634
MZI,61,195,1.611542,3.8473
MZI,60,196,1.586707,3.7880
MZI,59,197,1.725348,4.1190
MZI,58,198,1.722500,4.1122
MZI,57,199,1.656979,3.9557
MZI,56,200,1.801063,4.2997
MZI,55,201,1.708775,4.0794
MZI,54,202,1.704451,4.0691
MZI,53,203,1.710738,4.0841
MZI,52,204,1.631182,3.8942
MZI,51,205,1.586485,3.7875
MZI,50,206,1.656408,3.9544
MZI,49,207,1.659484,3.9617
MZI,48,208,1.754572,4.1887
MZI,47,209,1.641863,3.9197
MZI,46,210,1.688420,4.0308
MZI,45,211,1.625365,3.8803
MZI,44,212,1.727728,4.1246
MZI,43,213,1.693090,4.0420
MZI,42,214,1.657495,3.9570
MZI,41,215,1.667997,3.9820
MZI,40,216,1.635363,3.9041
MZI,39,217,1.745804,4.1678
MZI,38,218,1.375906,3.2847
MZI,37,219,1.501674,3.5850
MZI,36,220,1.674426,3.9974
MZI,35,221,1.993787,4.7598
MZI,34,222,1.734463,4.1407
MZI,33,223,1.727524,4.1242
MZI,32,224,1.677041,4.0036
MZI,31,225,1.659663,3.9622
MZI,30,226,1.653048,3.9464
MZI,29,227,1.713364,4.0904
MZI,28,228,1.730996,4.1324
MZI,27,229,1.686936,4.0273
MZI,26,230,1.704083,4.0682
MZI,25,231,1.597896,3.8147
MZI,24,232,1.607620,3.8379
MZI,23,233,1.707337,4.0760
MZI,22,234,1.565724,3.7379
MZI,21,235,1.625425,3.8804
MZI,20,236,1.669478,3.9856
MZI,19,237,1.678117,4.0062
MZI,18,238,1.709098,4.0802
MZI,17,239,1.695146,4.0469
MZI,16,240,1.705405,4.0714
MZI,15,241,1.680270,4.0114
MZI,14,242,1.605193,3.8321
MZI,13,243,1.720063,4.1063
MZI,12,244,1.619228,3.8656
MZI,11,245,1.647989,3.9343
MZI,10,246,1.651969,3.9438
MZI,9,247,1.619852,3.8671
MZI,8,248,1.624960,3.8793
MZI,7,249,1.578304,3.7679
MZI,6,250,1.608473,3.8399
MZI,5,251,1.590899,3.7980
MZI,4,252,1.586269,3.7869
MZI,3,253,1.582463,3.7779
MZI,2,254,1.577615,3.7663
MZI,1,255,1.570796,3.7500
MZI,254,4,0.027139,0.0648
MZI,253,5,0.049533,0.1183
MZI,252,6,0.067245,0.1605
MZI,251,7,0.113956,0.2721
MZI,250,8,0.129384,0.3089
MZI,249,9,0.089709,0.2142
MZI,248,10,0.146198,0.3490
MZI,247,11,0.186962,0.4463
MZI,246,12,0.199694,0.4767
MZI,245,13,0.185243,0.4422
MZI,244,14,0.186923,0.4462
MZI,243,15,0.200437,0.4785
MZI,242,16,0.309934,0.7399
MZI,241,17,0.194678,0.4648
MZI,240,18,-0.052064,-0.1243
MZI,239,19,0.357969,0.8546
MZI,238,20,0.418263,0.9985
MZI,237,21,0.265370,0.6335
MZI,236,22,0.233703,0.5579
MZI,235,23,0.235990,0.5634
MZI,234,24,0.265466,0.6338
MZI,233,25,0.129243,0.3085
MZI,232,26,0.398044,0.9503
MZI,231,27,0.252445,0.6027
MZI,230,28,0.267448,0.6385
MZI,229,29,0.322322,0.7695
MZI,228,30,0.272207,0.6498
MZI,227,31,0.339331,0.8101
MZI,226,32,0.324922,0.7757
MZI,225,33,0.352657,0.8419
MZI,224,34,0.350331,0.8364
MZI,223,35,0.196809,0.4698
MZI,222,36,0.206199,0.4923
MZI,221,37,0.305383,0.7290
MZI,220,38,0.340245,0.8123
MZI,219,39,0.282907,0.6754
MZI,218,40,0.444278,1.0606
MZI,217,41,0.140493,0.3354
MZI,216,42,-0.140499,-0.3354
MZI,215,43,0.399395,0.9535
MZI,214,44,0.239011,0.5706
MZI,213,45,0.205006,0.4894
MZI,212,46,0.214491,0.5121
MZI,211,47,0.293444,0.7005
MZI,210,48,0.324412,0.7745
MZI,209,49,0.354724,0.8468
MZI,208,50,0.278956,0.6660
MZI,207,51,0.382635,0.9135
MZI,206,52,0.061184,0.1461
MZI,205,53,0.036482,0.0871
MZI,204,54,0.448707,1.0712
MZI,203,55,-0.166864,-0.3984
MZI,202,56,0.345800,0.8255
MZI,201,57,0.036526,0.0872
MZI,200,58,0.304599,0.7272
MZI,199,59,0.367755,0.8780
MZI,198,60,0.320473,0.7651
MZI,197,61,0.471047,1.1245
MZI,196,62,0.379190,0.9052
MZI,195,63,0.498947,1.1911
MZI,194,64,0.323095,0.7713
MZI,193,65,0.299366,0.7147
MZI,192,66,0.254055,0.6065
MZI,191,67,0.195957,0.4678
MZI,190,68,0.313050,0.7474
MZI,189,69,0.357502,0.8535
MZI,188,70,0.257458,0.6146
MZI,187,71,0.261563,0.6244
MZI,186,72,0.336768,0.8040
MZI,185,73,0.539367,1.2876
MZI,184,74,0.548078,1.3084
MZI,183,75,0.465369,1.1110
MZI,182,76,0.433444,1.0348
MZI,181,77,0.094171,0.2248
MZI,180,78,0.348666,0.8324
MZI,179,79,0.319436,0.7626
MZI,178,80,0.276118,0.6592
MZI,177,81,0.244680,0.5841
MZI,176,82,0.206330,0.4926
MZI,175,83,0.239492,0.5717
MZI,174,84,0.357302,0.8530
MZI,173,85,0.101936,0.2434
MZI,172,86,0.131679,0.3144
MZI,171,87,0.728993,1.7403
MZI,170,88,0.499935,1.1935
MZI,169,89,0.320474,0.7651
MZI,168,90,0.277379,0.6622
MZI,167,91,0.245112,0.5852
MZI,166,92,0.682991,1.6305
MZI,165,93,0.954443,2.2786
MZI,164,94,1.054823,2.5182
MZI,163,95,0.101443,0.2422
MZI,162,96,0.674329,1.6098
MZI,161,97,0.821467,1.9611
MZI,160,98,0.709997,1.6950
MZI,159,99,0.894349,2.1351
MZI,158,100,0.511596,1.2213
MZI,157,101,0.544080,1.2989
MZI,156,102,0.824619,1.9686
MZI,155,103,0.447157,1.0675
MZI,154,104,0.599633,1.4315
MZI,153,105,1.124498,2.6845
MZI,152,106,0.773318,1.8462
MZI,151,107,0.866265,2.0681
MZI,150,108,0.403834,0.9641
MZI,149,109,-2.263645,-5.4041
MZI,148,110,0.614422,1.4668
MZI,147,111,0.610360,1.4571
MZI,146,112,0.906908,2.1651
MZI,145,113,0.853483,2.0375
MZI,144,114,1.156123,2.7600
MZI,143,115,0.512038,1.2224
MZI,142,116,0.946442,2.2595
MZI,141,117,0.767102,1.8313
MZI,140,118,1.395012,3.3303
MZI,139,119,1.427232,3.4073
MZI,138,120,1.433051,3.4212
MZI,137,121,2.067667,4.9362
MZI,136,122,1.288631,3.0764
MZI,135,123,1.740962,4.1562
MZI,134,124,1.417607,3.3843
MZI,133,125,1.945244,4.6439
MZI,132,126,2.012279,4.8040
MZI,131,127,2.287109,5.4601
MZI,130,128,2.522262,6.0215
MZI,129,129,2.854397,6.8144
MZI,128,130,3.064829,7.3167
MZI,127,131,2.975591,7.1037
MZI,126,132,3.127014,7.4652
MZI,125,133,-2.988199,-7.1338
MZI,124,134,2.772958,6.6199
MZI,123,135,3.068856,7.3264
MZI,122,136,-2.776326,-6.6280
MZI,121,137,2.242353,5.3532
MZI,120,138,2.651988,6.3312
MZI,119,139,2.118957,5.0586
MZI,118,140,2.735497,6.5305
MZI,117,141,3.056457,7.2968
MZI,116,142,-2.774802,-6.6244
MZI,115,143,2.973116,7.0978
MZI,114,144,2.620336,6.2556
MZI,113,145,2.910371,6.9480
MZI,112,146,-2.658650,-6.3471
MZI,111,147,-2.988996,-7.1357
MZI,110,148,-2.621780,-6.2590
MZI,109,149,2.799530,6.6834
MZI,108,150,2.746519,6.5568
MZI,107,151,2.939733,7.0181
MZI,106,152,-3.121645,-7.4524
MZI,105,153,-0.085693,-0.2046
MZI,104,154,-3.125176,-7.4608
MZI,103,155,2.678699,6.3949
MZI,102,156,2.573981,6.1449
MZI,101,157,-3.074107,-7.3389
MZI,100,158,2.934000,7.0044
MZI,99,159,-0.555404,-1.3259
MZI,98,160,-2.985942,-7.1284
MZI,97,161,-3.022081,-7.2147
MZI,96,162,-3.060506,-7.3064
MZI,95,163,-3.063130,-7.3127
MZI,94,164,-2.958235,-7.0623
MZI,93,165,3.088039,7.3721
MZI,92,166,-3.110259,-7.4252
MZI,91,167,-2.902693,-6.9297
MZI,90,168,-3.012371,-7.1915
MZI,89,169,3.052943,7.2884
MZI,88,170,2.978587,7.1109
MZI,87,171,3.101703,7.4048
MZI,86,172,3.130390,7.4733
MZI,85,173,-3.032046,-7.2385
MZI,84,174,-3.034439,-7.2442
MZI,83,175,3.063019,7.3124
MZI,82,176,3.030011,7.2336
MZI,81,177,2.905970,6.9375
MZI,80,178,2.849011,6.8015
MZI,79,179,-3.080706,-7.3546
MZI,78,180,2.919058,6.9687
MZI,77,181,2.705839,6.4597
MZI,76,182,2.814468,6.7190
MZI,75,183,2.465991,5.8871
MZI,74,184,2.284673,5.4543
MZI,73,185,-2.512166,-5.9974
MZI,72,186,-3.013591,-7.1944
MZI,71,187,3.129067,7.4701
MZI,70,188,3.100657,7.4023
MZI,69,189,-1.790832,-4.2753
MZI,68,190,-2.944930,-7.0305
MZI,67,191,-3.069275,-7.3274
MZI,66,192,2.940017,7.0188
MZI,65,193,2.468400,5.8929
MZI,64,194,-2.727519,-6.5115
MZI,63,195,-2.610526,-6.2322
MZI,62,196,2.961338,7.0697
MZI,61,197,2.809030,6.7061
MZI,60,198,-2.800963,-6.6868
MZI,59,199,-2.910446,-6.9482
MZI,58,200,-3.058611,-7.3019
MZI,57,201,-2.294621,-5.4780
MZI,56,202,-2.897885,-6.9182
MZI,55,203,-2.878952,-6.8730
MZI,54,204,-2.823097,-6.7396
MZI,53,205,3.076330,7.3442
MZI,52,206,-2.919892,-6.9707
MZI,51,207,-3.060098,-7.3054
MZI,50,208,-3.073894,-7.3384
MZI,49,209,-2.835451,-6.7691
MZI,48,210,3.017223,7.2031
MZI,47,211,-2.951035,-7.0451
MZI,46,212,3.104157,7.4106
MZI,45,213,-2.579449,-6.1580
MZI,44,214,-3.003113,-7.1694
MZI,43,215,-2.959055,-7.0642
MZI,42,216,-3.078469,-7.3493
MZI,41,217,-3.075422,-7.3420
MZI,40,218,-2.841523,-6.7836
MZI,39,219,2.299320,5.4892
MZI,38,220,-3.105283,-7.4133
MZI,37,221,-2.826329,-6.7474
MZI,36,222,-2.799784,-6.6840
MZI,35,223,-2.963916,-7.0758
MZI,34,224,-2.818560,-6.7288
MZI,33,225,-3.022947,-7.2168
MZI,32,226,-3.041071,-7.2600
MZI,31,227,-3.088676,-7.3737
MZI,30,228,-2.936539,-7.0105
MZI,29,229,-2.761263,-6.5920
MZI,28,230,-2.990163,-7.1385
MZI,27,231,-2.926440,-6.9864
MZI,26,232,3.094202,7.3869
MZI,25,233,3.065395,7.3181
MZI,24,234,-2.903590,-6.9318
MZI,23,235,2.885068,6.8876
MZI,22,236,-3.111659,-7.4285
MZI,21,237,-2.993635,-7.1468
MZI,20,238,-2.976177,-7.1051
MZI,19,239,-2.938506,-7.0152
MZI,18,240,-2.915780,-6.9609
MZI,17,241,-2.819651,-6.7314
MZI,16,242,-2.967418,-7.0842
MZI,15,243,3.087027,7.3697
MZI,14,244,-2.872656,-6.8580
MZI,13,245,-3.130415,-7.4733
MZI,12,246,-3.048825,-7.2785
MZI,11,247,-3.036687,-7.2496
MZI,10,248,-3.124806,-7.4599
MZI,9,249,-3.103637,-7.4094
MZI,8,250,3.047227,7.2747
MZI,7,251,-3.140111,-7.4965
MZI,6,252,3.102663,7.4071
MZI,5,253,3.098634,7.3974
MZI,4,254,3.098642,7.3975
MZI,3,255,3.098642,7.3975
MZI,254,6,0.031163,0.0744
MZI,253,7,0.053969,0.1288
MZI,252,8,0.167272,0.3993
MZI,251,9,0.188672,0.4504
MZI,250,10,0.030657,0.0732
MZI,249,11,0.220477,0.5263
MZI,248,12,0.325626,0.7774
MZI,247,13,0.280634,0.6700
MZI,246,14,0.302565,0.7223
MZI,245,15,0.259315,0.6191
MZI,244,16,0.254417,0.6074
MZI,243,17,0.724087,1.7286
MZI,242,18,0.296965,0.7090
MZI,241,19,-0.383853,-0.9164
MZI,240,20,0.865700,2.0667
MZI,239,21,0.857735,2.0477
MZI,238,22,0.414408,0.9893
MZI,237,23,0.352694,0.8420
MZI,236,24,0.376937,0.8999
MZI,235,25,0.367869,0.8782
MZI,234,26,0.190636,0.4551
MZI,233,27,0.955964,2.2822
MZI,232,28,0.264254,0.6309
MZI,231,29,0.408793,0.9759
MZI,230,30,0.491446,1.1732
MZI,229,31,0.312154,0.7452
MZI,228,32,0.587657,1.4029
MZI,227,33,0.556049,1.3275
MZI,226,34,0.621737,1.4843
MZI,225,35,0.619294,1.4785
MZI,224,36,0.112307,0.2681
MZI,223,37,0.121328,0.2896
MZI,222,38,0.472249,1.1274
MZI,221,39,0.522092,1.2464
MZI,220,40,0.336078,0.8023
MZI,219,41,1.200878,2.8669
MZI,218,42,0.239906,0.5727
MZI,217,43,-0.442387,-1.0561
MZI,216,44,0.395903,0.9451
MZI,215,45,0.395117,0.9433
MZI,214,46,0.274462,0.6552
MZI,213,47,0.119013,0.2841
MZI,212,48,0.393686,0.9399
MZI,211,49,0.512765,1.2241
MZI,210,50,0.481927,1.1505
MZI,209,51,0.560270,1.3375
MZI,208,52,0.653427,1.5599
MZI,207,53,-0.046354,-0.1107
MZI,206,54,-0.415066,-0.9909
MZI,205,55,1.433922,3.4232
MZI,204,56,-0.073968,-0.1766
MZI,203,57,0.242778,0.5796
MZI,202,58,-0.212485,-0.5073
MZI,201,59,0.417086,0.9957
MZI,200,60,0.559380,1.3354
MZI,199,61,0.468116,1.1175
MZI,198,62,0.866828,2.0694
MZI,197,63,0.622141,1.4853
MZI,196,64,0.754881,1.8021
MZI,195,65,0.352201,0.8408
MZI,194,66,0.332817,0.7945
MZI,193,67,0.147830,0.3529
MZI,192,68,0.371550,0.8870
MZI,191,69,0.305503,0.7293
MZI,190,70,0.355247,0.8481
MZI,189,71,0.467472,1.1160
MZI,188,72,0.285271,0.6810
MZI,187,73,0.532235,1.2706
MZI,186,74,2.745009,6.5532
MZI,185,75,0.652271,1.5572
MZI,184,76,0.733631,1.7514
MZI,183,77,0.705820,1.6850
MZI,182,78,-0.286259,-0.6834
MZI,181,79,1.435546,3.4271
MZI,180,80,0.500794,1.1956
MZI,179,81,-2.877863,-6.8704
MZI,178,82,0.564601,1.3479
MZI,177,83,0.082128,0.1961
MZI,176,84,0.045769,0.1093
MZI,175,85,0.458672,1.0950
MZI,174,86,0.251738,0.6010
MZI,173,87,-1.332272,-3.1806
MZI,172,88,1.044777,2.4942
MZI,171,89,0.672024,1.6043
MZI,170,90,0.465943,1.1124
MZI,169,91,0.535706,1.2789
MZI,168,92,0.156684,0.3741
MZI,167,93,1.652027,3.9439
MZI,166,94,1.347411,3.2167
MZI,165,95,1.230181,2.9368
MZI,164,96,0.349415,0.8342
MZI,163,97,1.354091,3.2327
MZI,162,98,1.592292,3.8013
MZI,161,99,1.193966,2.8504
MZI,160,100,0.837677,1.9998
MZI,159,101,-0.943432,-2.2523
MZI,158,102,0.681422,1.6268
MZI,157,103,1.085639,2.5918
MZI,156,104,0.604496,1.4431
MZI,155,105,0.722728,1.7254
MZI,154,106,2.730882,6.5195
MZI,153,107,1.301855,3.1080
MZI,152,108,1.006453,2.4027
MZI,151,109,0.853325,2.0372
MZI,150,110,1.132000,2.7024
MZI,149,111,1.351259,3.2259
MZI,148,112,0.829858,1.9811
MZI,147,113,1.145186,2.7339
MZI,146,114,1.841292,4.3958
MZI,145,115,1.203896,2.8741
MZI,144,116,-0.248208,-0.5926
MZI,143,117,1.204108,2.8746
MZI,142,118,1.199133,2.8627
MZI,141,119,2.858944,6.8252
MZI,140,120,2.498654,5.9651
MZI,139,121,2.676640,6.3900
MZI,138,122,2.678810,6.3952
MZI,137,123,1.284601,3.0668
MZI,136,124,2.294865,5.4786
MZI,135,125,1.148885,2.7428
MZI,134,126,2.396759,5.7218
MZI,133,127,2.996040,7.1525
MZI,132,128,2.418233,5.7731
MZI,131,129,2.815889,6.7224
MZI,130,130,3.039926,7.2573
MZI,129,131,3.102660,7.4071
MZI,128,132,2.823483,6.7406
MZI,127,133,2.544819,6.0753
MZI,126,134,-1.673344,-3.9948
MZI,125,135,2.519165,6.0141
MZI,124,136,2.827207,6.7495
MZI,123,137,2.691408,6.4253
MZI,122,138,0.718836,1.7161
MZI,121,139,-0.247194,-0.5901
MZI,120,140,2.064773,4.9293
MZI,119,141,2.245865,5.3616
MZI,118,142,2.922208,6.9763
MZI,117,143,-2.497773,-5.9630
MZI,116,144,3.088293,7.3728
MZI,115,145,1.994730,4.7621
MZI,114,146,2.647348,6.3201
MZI,113,147,2.889270,6.8976
MZI,112,148,3.031764,7.2378
MZI,111,149,3.120054,7.4486
MZI,110,150,0.039823,0.0951
MZI,109,151,0.933588,2.2288
MZI,108,152,2.845572,6.7933
MZI,107,153,-2.987914,-7.1331
MZI,106,154,2.629186,6.2767
MZI,105,155,2.912840,6.9539
MZI,104,156,2.512827,5.9989
MZI,103,157,2.431402,5.8045
MZI,102,158,-2.747431,-6.5590
MZI,101,159,2.587094,6.1762
MZI,100,160,-3.116516,-7.4401
MZI,99,161,-2.984617,-7.1252
MZI,98,162,-2.941165,-7.0215
MZI,97,163,-3.107963,-7.4197
MZI,96,164,3.104930,7.4125
MZI,95,165,-2.914856,-6.9587
MZI,94,166,3.043957,7.2669
MZI,93,167,-3.057917,-7.3002
MZI,92,168,-2.585563,-6.1726
MZI,91,169,-0.350478,-0.8367
MZI,90,170,1.777848,4.2443
MZI,89,171,2.448050,5.8443
MZI,88,172,2.959672,7.0657
MZI,87,173,3.014541,7.1967
MZI,86,174,-2.998292,-7.1579
MZI,85,175,-3.062961,-7.3123
MZI,84,176,2.854832,6.8154
MZI,83,177,2.879631,6.8746
MZI,82,178,2.335283,5.5751
MZI,81,179,2.322249,5.5440
MZI,80,180,-3.076926,-7.3456
MZI,79,181,2.858935,6.8252
MZI,78,182,2.787299,6.6542
MZI,77,183,2.654039,6.3361
MZI,76,184,2.329045,5.5602
MZI,75,185,3.068060,7.3245
MZI,74,186,-2.572105,-6.1404
MZI,73,187,-2.988682,-7.1350
MZI,72,188,-3.116374,-7.4398
MZI,71,189,3.012488,7.1918
MZI,70,190,-2.348034,-5.6055
MZI,69,191,-2.864587,-6.8387
MZI,68,192,-3.037255,-7.2509
MZI,67,193,2.845496,6.7931
MZI,66,194,2.646056,6.3170
MZI,65,195,-2.624603,-6.2658
MZI,64,196,-2.868057,-6.8470
MZI,63,197,2.657462,6.3442
MZI,62,198,1.666168,3.9777
MZI,61,199,-1.972043,-4.7079
MZI,60,200,-2.749332,-6.5635
MZI,59,201,-2.961835,-7.0709
MZI,58,202,-1.942746,-4.6380
MZI,57,203,-2.487464,-5.9384
MZI,56,204,-2.243709,-5.3565
MZI,55,205,-2.186208,-5.2192
MZI,54,206,2.689989,6.4219
MZI,53,207,-0.708503,-1.6914
MZI,52,208,-2.952300,-7.0481
MZI,51,209,-3.073920,-7.3384
MZI,50,210,-2.730668,-6.5190
MZI,49,211,0.797303,1.9034
MZI,48,212,-2.592615,-6.1894
MZI,47,213,2.940785,7.0206
MZI,46,214,-1.992602,-4.7570
MZI,45,215,-3.038296,-7.2534
MZI,44,216,-1.361325,-3.2499
MZI,43,217,3.081417,7.3563
MZI,42,218,-2.974520,-7.1011
MZI,41,219,-0.561003,-1.3393
MZI,40,220,2.633472,6.2870
MZI,39,221,-2.827255,-6.7496
MZI,38,222,-1.864220,-4.4505
MZI,37,223,-2.970046,-7.0905
MZI,36,224,-3.036496,-7.2491
MZI,35,225,-2.092736,-4.9960
MZI,34,226,-3.001961,-7.1667
MZI,33,227,-2.957789,-7.0612
MZI,32,228,3.140043,7.4963
MZI,31,229,-2.848055,-6.7992
MZI,30,230,-1.916989,-4.5765
MZI,29,231,-2.919912,-6.9708
MZI,28,232,-2.789168,-6.6586
MZI,27,233,-3.131493,-7.4759
MZI,26,234,2.914808,6.9586
MZI,25,235,-2.647566,-6.3206
MZI,24,236,2.603016,6.2142
MZI,23,237,-3.064117,-7.3150
MZI,22,238,-2.741495,-6.5448
MZI,21,239,-2.790608,-6.6621
MZI,20,240,-2.906719,-6.9393
MZI,19,241,-2.584970,-6.1712
MZI,18,242,-2.077519,-4.9597
MZI,17,243,-2.800119,-6.6848
MZI,16,244,2.944721,7.0300
MZI,15,245,-2.771044,-6.6154
MZI,14,246,-3.092203,-7.3821
MZI,13,247,-2.937433,-7.0126
MZI,12,248,-2.959434,-7.0651
MZI,11,249,-3.126750,-7.4646
MZI,10,250,-3.064874,-7.3168
MZI,9,251,2.961057,7.0690
MZI,8,252,-3.132791,-7.4790
MZI,7,253,3.078369,7.3491
MZI,6,254,3.071022,7.3315
MZI,5,255,3.071031,7.3315
MZI,254,8,0.010534,0.0251
MZI,253,9,0.346965,0.8283
MZI,252,10,0.376128,0.8979
MZI,251,11,-0.485960,-1.1601
MZI,250,12,0.724116,1.7287
MZI,249,13,0.955471,2.2810
MZI,248,14,-0.123684,-0.2953
MZI,247,15,0.872785,2.0836
MZI,246,16,0.054419,0.1299
MZI,245,17,0.045044,0.1075
MZI,244,18,1.155032,2.7574
MZI,243,19,2.727921,6.5124
MZI,242,20,-0.680624,-1.6249
MZI,241,21,1.254027,2.9938
MZI,240,22,0.936327,2.2353
MZI,239,23,-0.802297,-1.9153
MZI,238,24,0.358750,0.8565
MZI,237,25,-2.180878,-5.2065
MZI,236,26,-0.172705,-0.4123
MZI,235,27,0.313439,0.7483
MZI,234,28,1.399918,3.3421
MZI,233,29,0.017053,0.0407
MZI,232,30,0.555889,1.3271
MZI,231,31,0.572639,1.3671
MZI,230,32,-0.364001,-0.8690
MZI,229,33,0.780504,1.8633
MZI,228,34,0.903937,2.1580
MZI,227,35,1.118764,2.6709
MZI,226,36,1.032976,2.4660
MZI,225,37,-0.513357,-1.2256
MZI,224,38,-0.362744,-0.8660
MZI,223,39,-2.129703,-5.0843
MZI,222,40,0.504059,1.2034
MZI,221,41,0.071234,0.1701
MZI,220,42,2.634015,6.2882
MZI,219,43,0.407826,0.9736
MZI,218,44,0.194327,0.4639
MZI,217,45,-0.128138,-0.3059
MZI,216,46,0.560552,1.3382
MZI,215,47,-3.049071,-7.2791
MZI,214,48,-0.288374,-0.6884
MZI,213,49,0.103345,0.2467
MZI,212,50,0.528829,1.2625
MZI,211,51,0.367844,0.8782
MZI,210,52,1.290309,3.0804
MZI,209,53,0.770457,1.8393
MZI,208,54,-0.629619,-1.5031
MZI,207,55,-0.041471,-0.0990
MZI,206,56,1.397181,3.3355
MZI,205,57,0.280978,0.6708
MZI,204,58,0.378523,0.9037
MZI,203,59,-0.002477,-0.0059
MZI,202,60,0.465619,1.1116
MZI,201,61,0.578276,1.3805
MZI,200,62,0.516334,1.2327
MZI,199,63,1.346329,3.2141
MZI,198,64,1.002067,2.3923
MZI,197,65,0.897336,2.1422
MZI,196,66,-0.680576,-1.6248
MZI,195,67,0.208379,0.4975
MZI,194,68,-0.142979,-0.3413
MZI,193,69,1.978852,4.7242
MZI,192,70,0.132778,0.3170
MZI,191,71,-1.674351,-3.9972
MZI,190,72,0.951933,2.2726
MZI,189,73,-0.245351,-0.5857
MZI,188,74,-3.087543,-7.3710
MZI,187,75,1.025700,2.4487
MZI,186,76,0.891160,2.1275
MZI,185,77,0.943202,2.2517
MZI,184,78,0.962513,2.2978
MZI,183,79,-0.964050,-2.3015
MZI,182,80,2.757698,6.5835
MZI,181,81,2.955984,7.0569
MZI,180,82,0.708652,1.6918
MZI,179,83,3.081631,7.3569
MZI,178,84,0.173313,0.4138
MZI,177,85,0.029101,0.0695
MZI,176,86,0.565217,1.3494
MZI,175,87,0.618132,1.4757
MZI,174,88,-0.048152,-0.1150
MZI,173,89,1.323574,3.1598
MZI,172,90,0.926946,2.2129
MZI,171,91,-1.792618,-4.2796
MZI,170,92,1.016971,2.4278
MZI,169,93,-1.587043,-3.7888
MZI,168,94,1.552041,3.7052
MZI,167,95,1.308743,3.1244
MZI,166,96,0.987330,2.3571
MZI,165,97,0.430021,1.0266
MZI,164,98,-1.991270,-4.7538
MZI,163,99,1.664119,3.9728
MZI,162,100,-2.694090,-6.4317
MZI,161,101,0.010789,0.0258
MZI,160,102,1.414341,3.3765
MZI,159,103,0.956076,2.2825
MZI,158,104,0.934264,2.2304
MZI,157,105,-1.324834,-3.1628
MZI,156,106,0.641694,1.5319
MZI,155,107,1.041746,2.4870
MZI,154,108,2.715793,6.4835
MZI,153,109,1.092058,2.6071
MZI,152,110,-2.594908,-6.1949
MZI,151,111,1.543450,3.6847
MZI,150,112,2.346551,5.6020
MZI,149,113,0.750220,1.7910
MZI,148,114,-0.622762,-1.4867
MZI,147,115,-3.116868,-7.4410
MZI,146,116,0.729439,1.7414
MZI,145,117,0.435604,1.0399
MZI,144,118,1.387657,3.3128
MZI,143,119,1.794774,4.2847
MZI,142,120,2.071387,4.9451
MZI,141,121,2.640125,6.3028
MZI,140,122,2.937612,7.0130
MZI,139,123,2.855920,6.8180
MZI,138,124,0.922496,2.2023
MZI,137,125,2.538865,6.0611
MZI,136,126,0.670845,1.6015
MZI,135,127,2.656330,6.3415
MZI,134,128,-2.566626,-6.1274
MZI,133,129,-0.808123,-1.9293
MZI,132,130,3.021847,7.2141
MZI,131,131,-2.960401,-7.0674
MZI,130,132,-2.900618,-6.9247
MZI,129,133,3.130843,7.4743
MZI,128,134,2.302048,5.4957
MZI,127,135,2.557479,6.1055
MZI,126,136,-0.707306,-1.6886
MZI,125,137,2.698864,6.4431
MZI,124,138,2.575917,6.1495
MZI,123,139,2.197055,5.2451
MZI,122,140,2.222970,5.3070
MZI,121,141,1.754099,4.1876
MZI,120,142,0.366206,0.8743
MZI,119,143,-2.778790,-6.6339
MZI,118,144,-2.740515,-6.5425
MZI,117,145,-2.529944,-6.0398
MZI,116,146,-1.713126,-4.0898
MZI,115,147,2.175128,5.1927
MZI,114,148,2.790136,6.6610
MZI,113,149,2.775253,6.6254
MZI,112,150,2.924876,6.9826
MZI,111,151,2.757409,6.5828
MZI,110,152,2.245367,5.3604
MZI,109,153,-2.715937,-6.4838
MZI,108,154,-2.506116,-5.9829
MZI,107,155,0.928493,2.2166
MZI,106,156,2.481963,5.9252
MZI,105,157,2.497858,5.9632
MZI,104,158,2.675824,6.3881
MZI,103,159,-2.164854,-5.1682
MZI,102,160,2.631220,6.2816
MZI,101,161,-2.872027,-6.8565
MZI,100,162,-2.774207,-6.6229
MZI,99,163,-2.325457,-5.5516
MZI,98,164,0.224777,0.5366
MZI,97,165,1.393908,3.3277
MZI,96,166,-2.742267,-6.5467
MZI,95,167,3.092078,7.3818
MZI,94,168,-2.800839,-6.6865
MZI,93,169,-2.586373,-6.1745
MZI,92,170,-3.124883,-7.4601
MZI,91,171,1.581302,3.7751
MZI,90,172,1.612571,3.8497
MZI,89,173,2.681198,6.4009
MZI,88,174,2.893472,6.9077
MZI,87,175,-2.424216,-5.7874
MZI,86,176,-3.021583,-7.2135
MZI,85,177,2.626908,6.2713
MZI,84,178,2.371978,5.6627
MZI,83,179,2.737740,6.5359
MZI,82,180,2.870799,6.8535
MZI,81,181,3.096500,7.3923
MZI,80,182,3.046047,7.2719
MZI,79,183,-2.915882,-6.9612
MZI,78,184,2.507125,5.9853
MZI,77,185,2.744069,6.5510
MZI,76,186,3.024269,7.2199
MZI,75,187,-3.117549,-7.4426
MZI,74,188,-3.052522,-7.2874
MZI,73,189,-3.130619,-7.4738
MZI,72,190,-3.095517,-7.3900
MZI,71,191,-2.618944,-6.2523
MZI,70,192,-2.827166,-6.7494
MZI,69,193,-3.009316,-7.1842
MZI,68,194,2.849488,6.8027
MZI,67,195,2.909111,6.9450
MZI,66,196,-2.710815,-6.4716
MZI,65,197,-2.984428,-7.1248
MZI,64,198,3.128672,7.4692
MZI,63,199,2.651956,6.3311
MZI,62,200,-2.259833,-5.3950
MZI,61,201,-2.554292,-6.0979
MZI,60,202,-2.778520,-6.6332
MZI,59,203,-2.754395,-6.5756
MZI,58,204,-1.983340,-4.7349
MZI,57,205,-2.099446,-5.0121
MZI,56,206,-2.290927,-5.4692
MZI,55,207,2.207505,5.2700
MZI,54,208,-2.937980,-7.0139
MZI,53,209,-2.666666,-6.3662
MZI,52,210,3.102536,7.4068
MZI,51,211,-2.725594,-6.5069
MZI,50,212,2.828295,6.7521
MZI,49,213,-1.867266,-4.4578
MZI,48,214,2.548936,6.0851
MZI,47,215,-2.513177,-5.9998
MZI,46,216,-3.124170,-7.4584
MZI,45,217,-2.377773,-5.6765
MZI,44,218,2.659759,6.3497
MZI,43,219,-2.861343,-6.8310
MZI,42,220,-2.255355,-5.3843
MZI,41,221,3.100611,7.4022
MZI,40,222,-2.710574,-6.4710
MZI,39,223,-2.640301,-6.3033
MZI,38,224,-3.041183,-7.2603
MZI,37,225,-3.118532,-7.4449
MZI,36,226,-1.761552,-4.2054
MZI,35,227,3.053528,7.2898
MZI,34,228,-2.853904,-6.8132
MZI,33,229,2.849253,6.8021
MZI,32,230,-2.518375,-6.0122
MZI,31,231,-2.200528,-5.2534
MZI,30,232,-2.791396,-6.6640
MZI,29,233,-2.671842,-6.3786
MZI,28,234,-2.836300,-6.7712
MZI,27,235,2.731315,6.5205
MZI,26,236,-2.149110,-5.1306
MZI,25,237,2.844272,6.7902
MZI,24,238,-2.943787,-7.0278
MZI,23,239,-1.606877,-3.8361
MZI,22,240,-2.479940,-5.9204
MZI,21,241,-2.916181,-6.9619
MZI,20,242,-2.085652,-4.9791
MZI,19,243,-2.268640,-5.4160
MZI,18,244,-2.526630,-6.0319
MZI,17,245,2.095186,5.0019
MZI,16,246,-2.799834,-6.6841
MZI,15,247,-2.887535,-6.8935
MZI,14,248,-2.745717,-6.5549
MZI,13,249,-2.939464,-7.0175
MZI,12,250,3.132960,7.4794
MZI,11,251,-3.047955,-7.2765
MZI,10,252,2.872416,6.8574
MZI,9,253,-3.134520,-7.4831
MZI,8,254,3.055896,7.2954
MZI,7,255,3.045560,7.2707
MZI,254,10,1.569844,3.7477
MZI,253,11,-2.534178,-6.0499
MZI,252,12,-0.317321,-0.7575
MZI,251,13,-2.970910,-7.0925
MZI,250,14,2.863761,6.8367
MZI,249,15,-0.628237,-1.4998
MZI,248,16,1.934119,4.6174
MZI,247,17,-0.430201,-1.0270
MZI,246,18,0.532258,1.2707
MZI,245,19,1.060492,2.5317
MZI,244,20,1.559340,3.7227
MZI,243,21,0.647777,1.5465
MZI,242,22,0.537775,1.2838
MZI,241,23,1.020247,2.4357
MZI,240,24,-0.207246,-0.4948
MZI,239,25,0.786668,1.8780
MZI,238,26,0.974213,2.3258
MZI,237,27,-0.463477,-1.1065
MZI,236,28,0.911897,2.1770
MZI,235,29,1.134603,2.7087
MZI,234,30,0.630078,1.5042
MZI,233,31,1.707094,4.0754
MZI,232,32,1.258101,3.0035
MZI,231,33,0.142738,0.3408
MZI,230,34,-1.380599,-3.2959
MZI,229,35,1.882400,4.4939
MZI,228,36,2.533122,6.0474
MZI,227,37,2.211898,5.2805
MZI,226,38,0.202052,0.4824
MZI,225,39,0.046671,0.1114
MZI,224,40,0.998489,2.3837
MZI,223,41,0.467911,1.1171
MZI,222,42,0.493445,1.1780
MZI,221,43,1.704638,4.0695
MZI,220,44,1.156127,2.7600
MZI,219,45,1.221615,2.9164
MZI,218,46,0.309227,0.7382
MZI,217,47,-2.254912,-5.3832
MZI,216,48,-0.996394,-2.3787
MZI,215,49,0.684892,1.6351
MZI,214,50,-0.270544,-0.6459
MZI,213,51,0.658765,1.5727
MZI,212,52,-1.567548,-3.7422
MZI,211,53,1.949984,4.6552
MZI,210,54,1.583890,3.7813
MZI,209,55,-0.537544,-1.2833
MZI,208,56,1.278683,3.0526
MZI,207,57,1.494024,3.5667
MZI,206,58,1.175796,2.8070
MZI,205,59,1.218127,2.9081
MZI,204,60,1.113029,2.6572
MZI,203,61,-1.624499,-3.8782
MZI,202,62,-1.756595,-4.1936
MZI,201,63,-1.897953,-4.5310
MZI,200,64,1.816636,4.3369
MZI,199,65,-2.625999,-6.2691
MZI,198,66,3.138325,7.4922
MZI,197,67,0.282723,0.6750
MZI,196,68,0.321472,0.7675
MZI,195,69,0.151428,0.3615
MZI,194,70,1.378368,3.2906
MZI,193,71,-0.261995,-0.6255
MZI,192,72,1.151966,2.7501
MZI,191,73,2.575256,6.1480
MZI,190,74,-0.695775,-1.6610
MZI,189,75,-2.074144,-4.9517
MZI,188,76,-1.931538,-4.6112
MZI,187,77,2.878222,6.8712
MZI,186,78,2.861517,6.8314
MZI,185,79,2.068735,4.9387
MZI,184,80,-0.192562,-0.4597
MZI,183,81,1.871256,4.4673
MZI,182,82,1.371204,3.2735
MZI,181,83,1.474018,3.5190
MZI,180,84,1.076538,2.5700
MZI,179,85,3.022921,7.2167
MZI,178,86,2.136920,5.1015
MZI,177,87,-2.703974,-6.4553
MZI,176,88,0.989399,2.3620
MZI,175,89,1.036942,2.4755
MZI,174,90,1.441102,3.4404
MZI,173,91,1.511548,3.6086
MZI,172,92,0.244594,0.5839
MZI,171,93,1.088668,2.5990
MZI,170,94,1.370399,3.2716
MZI,169,95,1.252805,2.9909
MZI,168,96,1.040286,2.4835
MZI,167,97,0.617522,1.4742
MZI,166,98,1.113006,2.6571
MZI,165,99,1.914260,4.5700
MZI,164,100,1.930459,4.6086
MZI,163,101,1.354101,3.2327
MZI,162,102,0.681360,1.6266
MZI,161,103,2.061527,4.9215
MZI,160,104,1.495166,3.5694
MZI,159,105,0.756540,1.8061
MZI,158,106,0.671995,1.6043
MZI,157,107,-1.851001,-4.4189
MZI,156,108,2.460360,5.8737
MZI,155,109,2.079752,4.9650
MZI,154,110,-1.965288,-4.6918
MZI,153,111,1.637753,3.9098
MZI,152,112,2.253243,5.3792
MZI,151,113,0.935045,2.2323
MZI,150,114,2.276084,5.4337
MZI,149,115,0.615235,1.4688
MZI,148,116,0.361448,0.8629
MZI,147,117,0.233581,0.5576
MZI,146,118,1.240922,2.9625
MZI,145,119,1.782676,4.2558
MZI,144,120,2.358351,5.6301
MZI,143,121,1.802350,4.3028
MZI,142,122,1.238481,2.9567
MZI,141,123,2.021138,4.8251
MZI,140,124,2.616448,6.2463
MZI,139,125,1.458160,3.4811
MZI,138,126,1.222688,2.9190
MZI,137,127,1.152908,2.7524
MZI,136,128,-2.609336,-6.2293
MZI,135,129,2.671829,6.3785
MZI,134,130,2.444556,5.8359
MZI,133,131,-1.363657,-3.2555
MZI,132,132,-1.847435,-4.4104
MZI,131,133,-2.063709,-4.9267
MZI,130,134,-2.015741,-4.8122
MZI,129,135,-1.596100,-3.8104
MZI,128,136,2.782248,6.6421
MZI,127,137,2.323779,5.5476
MZI,126,138,-3.140313,-7.4969
MZI,125,139,2.811022,6.7108
MZI,124,140,2.885949,6.8897
MZI,123,141,2.283449,5.4513
MZI,122,142,1.965748,4.6929
MZI,121,143,2.987347,7.1318
MZI,120,144,-2.151060,-5.1353
MZI,119,145,-1.887979,-4.5072
MZI,118,146,-3.118272,-7.4443
MZI,117,147,2.417328,5.7709
MZI,116,148,2.236796,5.3400
MZI,115,149,-2.867481,-6.8456
MZI,114,150,3.112288,7.4300
MZI,113,151,3.118196,7.4441
MZI,112,152,2.734444,6.5280
MZI,111,153,2.636637,6.2945
MZI,110,154,-0.789940,-1.8858
MZI,109,155,-2.837707,-6.7745
MZI,108,156,2.244864,5.3592
MZI,107,157,2.021322,4.8256
MZI,106,158,-3.050084,-7.2815
MZI,105,159,-2.266321,-5.4104
MZI,104,160,-2.699746,-6.4452
MZI,103,161,-2.104550,-5.0242
MZI,102,162,-2.074237,-4.9519
MZI,101,163,-1.909424,-4.5584
MZI,100,164,-1.802702,-4.3036
MZI,99,165,3.087345,7.3705
MZI,98,166,2.457952,5.8679
MZI,97,167,-2.197196,-5.2454
MZI,96,168,3.036417,7.2489
MZI,95,169,-2.156826,-5.1490
MZI,94,170,-3.080075,-7.3531
MZI,93,171,2.892138,6.9045
MZI,92,172,2.729305,6.5157
MZI,91,173,2.287994,5.4622
MZI,90,174,1.120501,2.6750
MZI,89,175,2.980009,7.1142
MZI,88,176,-1.691457,-4.0381
MZI,87,177,-2.297517,-5.4849
MZI,86,178,3.063798,7.3143
MZI,85,179,0.798214,1.9056
MZI,84,180,-1.756549,-4.1935
MZI,83,181,-1.371602,-3.2745
MZI,82,182,2.439433,5.8237
MZI,81,183,-2.931984,-6.9996
MZI,80,184,-2.424506,-5.7881
MZI,79,185,1.211624,2.8925
MZI,78,186,2.389850,5.7053
MZI,77,187,2.850282,6.8045
MZI,76,188,2.715780,6.4834
MZI,75,189,-3.113527,-7.4330
MZI,74,190,3.038313,7.2534
MZI,73,191,-0.463440,-1.1064
MZI,72,192,-2.580457,-6.1604
MZI,71,193,-2.506349,-5.9835
MZI,70,194,-2.741921,-6.5459
MZI,69,195,2.907757,6.9418
MZI,68,196,3.027685,7.2281
MZI,67,197,-2.733987,-6.5269
MZI,66,198,-2.865505,-6.8409
MZI,65,199,-1.894490,-4.5228
MZI,64,200,-3.062639,-7.3115
MZI,63,201,-2.510678,-5.9938
MZI,62,202,-2.298002,-5.4861
MZI,61,203,-2.978135,-7.1098
MZI,60,204,-2.754949,-6.5770
MZI,59,205,-2.131887,-5.0895
MZI,58,206,-2.507750,-5.9868
MZI,57,207,-2.498608,-5.9650
MZI,56,208,-3.047827,-7.2762
MZI,55,209,-2.741002,-6.5437
MZI,54,210,-1.607656,-3.8380
MZI,53,211,2.091526,4.9932
MZI,52,212,-2.375156,-5.6703
MZI,51,213,3.064096,7.3150
MZI,50,214,-2.141028,-5.1113
MZI,49,215,2.858300,6.8237
MZI,48,216,-2.369519,-5.6568
MZI,47,217,3.104715,7.4120
MZI,46,218,-2.819996,-6.7322
MZI,45,219,2.520295,6.0168
MZI,44,220,-2.869443,-6.8503
MZI,43,221,-2.648300,-6.3224
MZI,42,222,-2.932501,-7.0008
MZI,41,223,-2.606704,-6.2230
MZI,40,224,-2.849155,-6.8019
MZI,39,225,-3.006920,-7.1785
MZI,38,226,-3.126096,-7.4630
MZI,37,227,-2.204151,-5.2620
MZI,36,228,1.186471,2.8325
MZI,35,229,-2.250454,-5.3726
MZI,34,230,1.900146,4.5363
MZI,33,231,-0.413932,-0.9882
MZI,32,232,-2.386403,-5.6971
MZI,31,233,-0.086447,-0.2064
MZI,30,234,-2.212651,-5.2823
MZI,29,235,-1.767948,-4.2207
MZI,28,236,2.769943,6.6128
MZI,27,237,-1.982816,-4.7336
MZI,26,238,-3.006600,-7.1777
MZI,25,239,-2.446558,-5.8407
MZI,24,240,-2.152317,-5.1383
MZI,23,241,-2.140030,-5.1089
MZI,22,242,-2.788133,-6.6562
MZI,21,243,-2.130906,-5.0872
MZI,20,244,-2.658026,-6.3456
MZI,19,245,-2.154273,-5.1429
MZI,18,246,2.147105,5.1258
MZI,17,247,-2.748978,-6.5627
MZI,16,248,-1.376281,-3.2856
MZI,15,249,-2.460990,-5.8752
MZI,14,250,-2.930454,-6.9959
MZI,13,251,-3.130030,-7.4724
MZI,12,252,-3.024336,-7.2201
MZI,11,253,2.855151,6.8162
MZI,10,254,-3.092228,-7.3822
MZI,9,255,3.098065,7.3961
MZI,254,12,0.908069,2.1679
MZI,253,13,-0.722565,-1.7250
MZI,252,14,0.267917,0.6396
MZI,251,15,1.226338,2.9277
MZI,250,16,-1.950385,-4.6562
MZI,249,17,-1.124257,-2.6840
MZI,248,18,-0.100717,-0.2404
MZI,247,19,-2.367379,-5.6517
MZI,246,20,-0.084376,-0.2014
MZI,245,21,0.044953,0.1073
MZI,244,22,1.706903,4.0749
MZI,243,23,-1.155089,-2.7576
MZI,242,24,-3.004913,-7.1737
MZI,241,25,2.683515,6.4064
MZI,240,26,2.214810,5.2875
MZI,239,27,2.414537,5.7643
MZI,238,28,2.162892,5.1635
MZI,237,29,-1.972036,-4.7079
MZI,236,30,-3.092742,-7.3834
MZI,235,31,-2.900100,-6.9235
MZI,234,32,1.923169,4.5912
MZI,233,33,2.769947,6.6128
MZI,232,34,-2.172097,-5.1855
MZI,231,35,-0.391157,-0.9338
MZI,230,36,-1.315375,-3.1402
MZI,229,37,0.493610,1.1784
MZI,228,38,1.478443,3.5295
MZI,227,39,1.087633,2.5965
MZI,226,40,1.150175,2.7458
MZI,225,41,0.451407,1.0777
MZI,224,42,2.904576,6.9342
MZI,223,43,-2.548785,-6.0848
MZI,222,44,1.289512,3.0785
MZI,221,45,2.409252,5.7517
MZI,220,46,0.339928,0.8115
MZI,219,47,1.104387,2.6365
MZI,218,48,-0.119605,-0.2855
MZI,217,49,-2.619682,-6.2540
MZI,216,50,0.623035,1.4874
MZI,215,51,1.373564,3.2791
MZI,214,52,-2.770542,-6.6142
MZI,213,53,-2.980286,-7.1149
MZI,212,54,2.421678,5.7813
MZI,211,55,1.104336,2.6364
MZI,210,56,1.579565,3.7709
MZI,209,57,0.207310,0.4949
MZI,208,58,1.576431,3.7635
MZI,207,59,1.592850,3.8026
MZI,206,60,2.114473,5.0479
MZI,205,61,1.759069,4.1995
MZI,204,62,-0.488072,-1.1652
MZI,203,63,2.743738,6.5502
MZI,202,64,-0.097451,-0.2326
MZI,201,65,-2.070965,-4.9441
MZI,200,66,0.659993,1.5756
MZI,199,67,1.500893,3.5831
MZI,198,68,-1.828553,-4.3653
MZI,197,69,-2.256879,-5.3879
MZI,196,70,-2.840392,-6.7809
MZI,195,71,-2.325151,-5.5509
MZI,194,72,-1.219859,-2.9122
MZI,193,73,1.250126,2.9845
MZI,192,74,0.561539,1.3406
MZI,191,75,-0.134096,-0.3201
MZI,190,76,-0.598944,-1.4299
MZI,189,77,-0.025751,-0.0615
MZI,188,78,0.721031,1.7213
MZI,187,79,0.981035,2.3420
MZI,186,80,0.541832,1.2935
MZI,185,81,-2.993816,-7.1472
MZI,184,82,0.399784,0.9544
MZI,183,83,-2.656167,-6.3411
MZI,182,84,-0.116849,-0.2790
MZI,181,85,0.392434,0.9369
MZI,180,86,-1.036754,-2.4751
MZI,179,87,-0.141879,-0.3387
MZI,178,88,3.049806,7.2809
MZI,177,89,-2.038950,-4.8676
MZI,176,90,2.304787,5.5023
MZI,175,91,1.688867,4.0319
MZI,174,92,0.741750,1.7708
MZI,173,93,-1.954840,-4.6668
MZI,172,94,-1.637045,-3.9082
MZI,171,95,2.579139,6.1572
MZI,170,96,-2.582363,-6.1649
MZI,169,97,0.244619,0.5840
MZI,168,98,0.777254,1.8556
MZI,167,99,2.992493,7.1440
MZI,166,100,-2.984699,-7.1254
MZI,165,101,-0.304185,-0.7262
MZI,164,102,-0.635629,-1.5175
MZI,163,103,-0.060155,-0.1436
MZI,162,104,-1.432686,-3.4203
MZI,161,105,-0.428726,-1.0235
MZI,160,106,0.167752,0.4005
MZI,159,107,-0.036061,-0.0861
MZI,158,108,0.385015,0.9192
MZI,157,109,3.065127,7.3175
MZI,156,110,-0.360050,-0.8596
MZI,155,111,0.610164,1.4567
MZI,154,112,0.629720,1.5033
MZI,153,113,-3.097312,-7.3943
MZI,152,114,0.541214,1.2921
MZI,151,115,2.159771,5.1561
MZI,150,116,0.266321,0.6358
MZI,149,117,0.719569,1.7178
MZI,148,118,1.501281,3.5840
MZI,147,119,-2.487415,-5.9383
MZI,146,120,1.723580,4.1147
MZI,145,121,1.924141,4.5935
MZI,144,122,1.564114,3.7340
MZI,143,123,0.484058,1.1556
MZI,142,124,1.638870,3.9125
MZI,141,125,-2.892801,-6.9061
MZI,140,126,1.488823,3.5543
MZI,139,127,1.083127,2.5858
MZI,138,128,1.107555,2.6441
MZI,137,129,2.712391,6.4754
MZI,136,130,2.358737,5.6311
MZI,135,131,2.157364,5.1503
MZI,134,132,2.533234,6.0476
MZI,133,133,3.006344,7.1771
MZI,132,134,-2.922351,-6.9766
MZI,131,135,-2.823721,-6.7411
MZI,130,136,2.131915,5.0896
MZI,129,137,-2.664732,-6.3616
MZI,128,138,-3.127971,-7.4675
MZI,127,139,2.044470,4.8808
MZI,126,140,2.095930,5.0037
MZI,125,141,1.892177,4.5172
MZI,124,142,2.179031,5.2021
MZI,123,143,1.074972,2.5663
MZI,122,144,3.027305,7.2272
MZI,121,145,1.874832,4.4758
MZI,120,146,2.664299,6.3605
MZI,119,147,1.023798,2.4441
MZI,118,148,-1.978220,-4.7227
MZI,117,149,-2.173366,-5.1885
MZI,116,150,2.116661,5.0532
MZI,115,151,1.933635,4.6162
MZI,114,152,1.961958,4.6838
MZI,113,153,1.119597,2.6728
MZI,112,154,1.554506,3.7111
MZI,111,155,2.740758,6.5431
MZI,110,156,2.551416,6.0911
MZI,109,157,1.691457,4.0381
MZI,108,158,0.710850,1.6970
MZI,107,159,-2.448993,-5.8465
MZI,106,160,-2.973676,-7.0991
MZI,105,161,-2.057243,-4.9113
MZI,104,162,-2.160053,-5.1567
MZI,103,163,1.934508,4.6183
MZI,102,164,2.840240,6.7806
MZI,101,165,2.522268,6.0215
MZI,100,166,2.039791,4.8696
MZI,99,167,2.024792,4.8338
MZI,98,168,-2.024535,-4.8332
MZI,97,169,-0.166043,-0.3964
MZI,96,170,2.916338,6.9622
MZI,95,171,2.151716,5.1368
MZI,94,172,2.117832,5.0560
MZI,93,173,2.062097,4.9229
MZI,92,174,1.927416,4.6014
MZI,91,175,2.061357,4.9211
MZI,90,176,1.746899,4.1704
MZI,89,177,2.353834,5.6194
MZI,88,178,2.942537,7.0248
MZI,87,179,2.588268,6.1790
MZI,86,180,2.356743,5.6263
MZI,85,181,-2.948633,-7.0393
MZI,84,182,-2.878452,-6.8718
MZI,83,183,2.044296,4.8804
MZI,82,184,2.267290,5.4128
MZI,81,185,2.480048,5.9207
MZI,80,186,1.850187,4.4170
MZI,79,187,0.674308,1.6098
MZI,78,188,1.226172,2.9273
MZI,77,189,1.100014,2.6261
MZI,76,190,2.182884,5.2113
MZI,75,191,1.970165,4.7034
MZI,74,192,2.268671,5.4161
MZI,73,193,2.580089,6.1595
MZI,72,194,-2.704609,-6.4568
MZI,71,195,-2.019002,-4.8200
MZI,70,196,1.798876,4.2945
MZI,69,197,2.009778,4.7980
MZI,68,198,2.789022,6.6583
MZI,67,199,3.006153,7.1767
MZI,66,200,3.013014,7.1930
MZI,65,201,2.837077,6.7730
MZI,64,202,-2.881112,-6.8781
MZI,63,203,3.015051,7.1979
MZI,62,204,1.346883,3.2154
MZI,61,205,2.887814,6.8941
MZI,60,206,-3.084871,-7.3646
MZI,59,207,2.976870,7.1068
MZI,58,208,3.115639,7.4380
MZI,57,209,-2.363020,-5.6413
MZI,56,210,-3.114715,-7.4358
MZI,55,211,-2.760367,-6.5899
MZI,54,212,1.239330,2.9587
MZI,53,213,-1.690150,-4.0349
MZI,52,214,2.221345,5.3031
MZI,51,215,2.934365,7.0053
MZI,50,216,2.438023,5.8204
MZI,49,217,-2.023405,-4.8305
MZI,48,218,1.890576,4.5134
MZI,47,219,2.566807,6.1278
MZI,46,220,2.106562,5.0290
MZI,45,221,1.196093,2.8555
MZI,44,222,2.841811,6.7843
MZI,43,223,2.603580,6.2156
MZI,42,224,2.723438,6.5017
MZI,41,225,2.601649,6.2110
MZI,40,226,2.094899,5.0012
MZI,39,227,2.009483,4.7973
MZI,38,228,-3.109660,-7.4238
MZI,37,229,2.389943,5.7056
MZI,36,230,-2.149040,-5.1305
MZI,35,231,2.017805,4.8172
MZI,34,232,2.742150,6.5464
MZI,33,233,-2.696040,-6.4363
MZI,32,234,2.797657,6.6789
MZI,31,235,-2.283757,-5.4521
MZI,30,236,3.118530,7.4449
MZI,29,237,1.915349,4.5726
MZI,28,238,3.021374,7.2130
MZI,27,239,2.622596,6.2610
MZI,26,240,-2.572575,-6.1416
MZI,25,241,2.645510,6.3157
MZI,24,242,3.079338,7.3514
MZI,23,243,2.768098,6.6083
MZI,22,244,3.002478,7.1679
MZI,21,245,2.663517,6.3587
MZI,20,246,2.869233,6.8498
MZI,19,247,2.162272,5.1620
MZI,18,248,2.547010,6.0805
MZI,17,249,2.764689,6.6002
MZI,16,250,2.704967,6.4576
MZI,15,251,2.285018,5.4551
MZI,14,252,2.117111,5.0542
MZI,13,253,2.184925,5.2161
MZI,12,254,1.820562,4.3463
MZI,11,255,2.190489,5.2294
MZI,254,14,-1.155675,-2.7590
MZI,253,15,2.204299,5.2624
MZI,252,16,2.645193,6.3149
MZI,251,17,-1.628997,-3.8889
MZI,250,18,2.433015,5.8084
MZI,249,19,-3.101290,-7.4038
MZI,248,20,-1.604092,-3.8295
MZI,247,21,-1.358613,-3.2434
MZI,246,22,1.939107,4.6293
MZI,245,23,1.489846,3.5567
MZI,244,24,2.128632,5.0817
MZI,243,25,2.353446,5.6184
MZI,242,26,1.656641,3.9549
MZI,241,27,-1.068291,-2.5504
MZI,240,28,0.096994,0.2316
MZI,239,29,-1.508771,-3.6019
MZI,238,30,-1.254854,-2.9957
MZI,237,31,2.983268,7.1220
MZI,236,32,-2.201850,-5.2565
MZI,235,33,1.051146,2.5094
MZI,234,34,2.085999,4.9800
MZI,233,35,-1.429420,-3.4125
MZI,232,36,-2.454169,-5.8589
MZI,231,37,-2.857349,-6.8214
MZI,230,38,-2.416439,-5.7688
MZI,229,39,1.219174,2.9106
MZI,228,40,-1.401406,-3.3456
MZI,227,41,-0.970387,-2.3166
MZI,226,42,-1.995775,-4.7646
MZI,225,43,-1.865481,-4.4535
MZI,224,44,-3.076394,-7.3444
MZI,223,45,1.081222,2.5812
MZI,222,46,1.872998,4.4715
MZI,221,47,-1.883637,-4.4969
MZI,220,48,0.104935,0.2505
MZI,219,49,1.904575,4.5468
MZI,218,50,-1.978507,-4.7233
MZI,217,51,1.643674,3.9240
MZI,216,52,0.495282,1.1824
MZI,215,53,-0.815821,-1.9476
MZI,214,54,-1.147682,-2.7399
MZI,213,55,-1.515904,-3.6190
MZI,212,56,1.124341,2.6842
MZI,211,57,0.283197,0.6761
MZI,210,58,-3.106048,-7.4151
MZI,209,59,-1.627962,-3.8865
MZI,208,60,-2.261464,-5.3988
MZI,207,61,-2.689467,-6.4206
MZI,206,62,2.676516,6.3897
MZI,205,63,2.570677,6.1370
MZI,204,64,-0.825113,-1.9698
MZI,203,65,1.833360,4.3768
MZI,202,66,1.285610,3.0692
MZI,201,67,3.029540,7.2325
MZI,200,68,1.722748,4.1128
MZI,199,69,-1.670673,-3.9884
MZI,198,70,-2.607079,-6.2239
MZI,197,71,2.149311,5.1311
MZI,196,72,0.248809,0.5940
MZI,195,73,-3.005786,-7.1758
MZI,194,74,-2.766994,-6.6057
MZI,193,75,1.323812,3.1604
MZI,192,76,-0.478929,-1.1434
MZI,191,77,-1.798847,-4.2944
MZI,190,78,1.139712,2.7209
MZI,189,79,0.477410,1.1397
MZI,188,80,-0.123589,-0.2950
MZI,187,81,1.133638,2.7064
MZI,186,82,-2.001067,-4.7772
MZI,185,83,1.018319,2.4311
MZI,184,84,1.228060,2.9318
MZI,183,85,1.668330,3.9828
MZI,182,86,0.213151,0.5089
MZI,181,87,-2.515585,-6.0055
MZI,180,88,-0.540553,-1.2905
MZI,179,89,-0.781079,-1.8647
MZI,178,90,-0.732232,-1.7481
MZI,177,91,-1.004247,-2.3975
MZI,176,92,-0.489247,-1.1680
MZI,175,93,0.786526,1.8777
MZI,174,94,1.465509,3.4986
MZI,173,95,1.981022,4.7293
MZI,172,96,-0.284464,-0.6791
MZI,171,97,-1.266573,-3.0237
MZI,170,98,2.250630,5.3730
MZI,169,99,0.881609,2.1047
MZI,168,100,-0.730571,-1.7441
MZI,167,101,-1.165793,-2.7831
MZI,166,102,-0.108432,-0.2589
MZI,165,103,1.013568,2.4197
MZI,164,104,0.646242,1.5428
MZI,163,105,-1.430072,-3.4140
MZI,162,106,-2.020589,-4.8238
MZI,161,107,1.967242,4.6964
MZI,160,108,3.015106,7.1980
MZI,159,109,-0.398393,-0.9511
MZI,158,110,0.244551,0.5838
MZI,157,111,-0.104573,-0.2496
MZI,156,112,-1.026327,-2.4502
MZI,155,113,-1.920576,-4.5850
MZI,154,114,-1.209820,-2.8882
MZI,153,115,-1.671090,-3.9894
MZI,152,116,0.646277,1.5429
MZI,151,117,-1.248288,-2.9801
MZI,150,118,0.125828,0.3004
MZI,149,119,2.301111,5.4935
MZI,148,120,3.041021,7.2599
MZI,147,121,-0.836148,-1.9962
MZI,146,122,0.979857,2.3392
MZI,145,123,0.679999,1.6234
MZI,144,124,-1.702380,-4.0641
MZI,143,125,-2.417413,-5.7711
MZI,142,126,-0.416025,-0.9932
MZI,141,127,-0.106885,-0.2552
MZI,140,128,-0.861077,-2.0557
MZI,139,129,-1.867570,-4.4585
MZI,138,130,1.907984,4.5550
MZI,137,131,2.946413,7.0340
MZI,136,132,-2.539358,-6.0623
MZI,135,133,-1.486606,-3.5490
MZI,134,134,-0.623579,-1.4887
MZI,133,135,-0.164803,-0.3934
MZI,132,136,1.554442,3.7110
MZI,131,137,-0.885181,-2.1132
MZI,130,138,-0.398517,-0.9514
MZI,129,139,-0.134398,-0.3209
MZI,128,140,2.897013,6.9161
MZI,127,141,1.887707,4.5066
MZI,126,142,-1.848172,-4.4122
MZI,125,143,0.858822,2.0503
MZI,124,144,-2.788105,-6.6561
MZI,123,145,0.984080,2.3493
MZI,122,146,-1.778908,-4.2468
MZI,121,147,1.369664,3.2698
MZI,120,148,-1.290183,-3.0801
MZI,119,149,-0.629917,-1.5038
MZI,118,150,-0.811372,-1.9370
MZI,117,151,2.945797,7.0326
MZI,116,152,3.003704,7.1708
MZI,115,153,1.952505,4.6613
MZI,114,154,2.928091,6.9903
MZI,113,155,-0.732429,-1.7485
MZI,112,156,-0.366759,-0.8756
MZI,111,157,1.640551,3.9165
MZI,110,158,2.646976,6.3192
MZI,109,159,-0.284355,-0.6788
MZI,108,160,-1.563717,-3.7331
MZI,107,161,-0.850947,-2.0315
MZI,106,162,0.263034,0.6279
MZI,105,163,-0.797963,-1.9050
MZI,104,164,-1.952195,-4.6605
MZI,103,165,0.597482,1.4264
MZI,102,166,0.194733,0.4649
MZI,101,167,-1.997469,-4.7686
MZI,100,168,1.711600,4.0861
MZI,99,169,0.602711,1.4389
MZI,98,170,-0.829244,-1.9797
MZI,97,171,-1.485333,-3.5460
MZI,96,172,-0.901990,-2.1533
MZI,95,173,0.067422,0.1610
MZI,94,174,1.361148,3.2495
MZI,93,175,1.891413,4.5154
MZI,92,176,0.006191,0.0148
MZI,91,177,-1.540588,-3.6779
MZI,90,178,-1.653407,-3.9472
MZI,89,179,-0.674813,-1.6110
MZI,88,180,-0.622846,-1.4869
MZI,87,181,-0.750908,-1.7927
MZI,86,182,-0.495221,-1.1823
MZI,85,183,-0.443750,-1.0594
MZI,84,184,-0.726079,-1.7334
MZI,83,185,-1.234332,-2.9468
MZI,82,186,-1.449133,-3.4596
MZI,81,187,-1.435834,-3.4278
MZI,80,188,-1.657838,-3.9578
MZI,79,189,-2.218758,-5.2969
MZI,78,190,-1.853290,-4.4244
MZI,77,191,2.680039,6.3981
MZI,76,192,-2.059908,-4.9177
MZI,75,193,-0.983021,-2.3468
MZI,74,194,-0.143688,-0.3430
MZI,73,195,0.004380,0.0105
MZI,72,196,-0.336580,-0.8035
MZI,71,197,-2.607264,-6.2244
MZI,70,198,3.070897,7.3312
MZI,69,199,0.327066,0.7808
MZI,68,200,1.216289,2.9037
MZI,67,201,-0.362465,-0.8653
MZI,66,202,0.285870,0.6825
MZI,65,203,0.232971,0.5562
MZI,64,204,-0.168090,-0.4013
MZI,63,205,-0.410097,-0.9790
MZI,62,206,0.498973,1.1912
MZI,61,207,0.135690,0.3239
MZI,60,208,0.057235,0.1366
MZI,59,209,0.223643,0.5339
MZI,58,210,-0.141394,-0.3376
MZI,57,211,0.604582,1.4433
MZI,56,212,1.654531,3.9499
MZI,55,213,-0.876713,-2.0930
MZI,54,214,-0.283288,-0.6763
MZI,53,215,-0.739203,-1.7647
MZI,52,216,-0.232141,-0.5542
MZI,51,217,-0.526042,-1.2558
MZI,50,218,0.125179,0.2988
MZI,49,219,-1.235225,-2.9489
MZI,48,220,-0.964643,-2.3029
MZI,47,221,-0.827483,-1.9755
MZI,46,222,-0.535156,-1.2776
MZI,45,223,-0.017361,-0.0414
MZI,44,224,-0.377883,-0.9021
MZI,43,225,-0.728086,-1.7382
MZI,42,226,-0.118926,-0.2839
MZI,41,227,-2.070696,-4.9434
MZI,40,228,-0.940664,-2.2457
MZI,39,229,-0.189625,-0.4527
MZI,38,230,-0.580284,-1.3853
MZI,37,231,-0.188328,-0.4496
MZI,36,232,-0.707928,-1.6901
MZI,35,233,-0.521441,-1.2448
MZI,34,234,0.308954,0.7376
MZI,33,235,-0.420964,-1.0050
MZI,32,236,0.239610,0.5720
MZI,31,237,-0.568513,-1.3572
MZI,30,238,-1.281728,-3.0599
MZI,29,239,-0.267140,-0.6377
MZI,28,240,-0.386312,-0.9223
MZI,27,241,-0.158165,-0.3776
MZI,26,242,-0.656507,-1.5673
MZI,25,243,0.117663,0.2809
MZI,24,244,0.649047,1.5495
MZI,23,245,-0.197489,-0.4715
MZI,22,246,-0.401090,-0.9575
MZI,21,247,-0.673071,-1.6068
MZI,20,248,-0.898236,-2.1444
MZI,19,249,-0.819631,-1.9567
MZI,18,250,-0.987046,-2.3564
MZI,17,251,-0.884616,-2.1119
MZI,16,252,-1.120464,-2.6749
MZI,15,253,-1.294291,-3.0899
MZI,14,254,-1.313364,-3.1354
MZI,13,255,-1.719123,-4.1041
MZI,254,16,-0.325283,-0.7766
MZI,253,17,-0.420147,-1.0030
MZI,252,18,-2.521632,-6.0200
MZI,251,19,-0.496398,-1.1851
MZI,250,20,-0.669357,-1.5980
MZI,249,21,1.187408,2.8347
MZI,248,22,-0.520585,-1.2428
MZI,247,23,1.067695,2.5489
MZI,246,24,1.187431,2.8348
MZI,245,25,-1.982762,-4.7335
MZI,244,26,3.008464,7.1822
MZI,243,27,-3.074355,-7.3395
MZI,242,28,-1.853606,-4.4252
MZI,241,29,-0.990214,-2.3640
MZI,240,30,2.877315,6.8691
MZI,239,31,1.100204,2.6265
MZI,238,32,0.825683,1.9712
MZI,237,33,-1.110833,-2.6519
MZI,236,34,2.570056,6.1356
MZI,235,35,-0.740247,-1.7672
MZI,234,36,-0.796106,-1.9006
MZI,233,37,-2.458804,-5.8700
MZI,232,38,-2.260372,-5.3962
MZI,231,39,0.692318,1.6528
MZI,230,40,2.244697,5.3588
MZI,229,41,-2.174844,-5.1921
MZI,228,42,-0.721800,-1.7232
MZI,227,43,-0.056593,-0.1351
MZI,226,44,0.702189,1.6764
MZI,225,45,2.438209,5.8208
MZI,224,46,0.312851,0.7469
MZI,223,47,-1.220055,-2.9127
MZI,222,48,0.992072,2.3684
MZI,221,49,1.702523,4.0645
MZI,220,50,0.463615,1.1068
MZI,219,51,-2.203625,-5.2608
MZI,218,52,-1.329435,-3.1738
MZI,217,53,-0.072878,-0.1740
MZI,216,54,-2.680032,-6.3981
MZI,215,55,2.474080,5.9064
MZI,214,56,-1.631032,-3.8938
MZI,213,57,0.321952,0.7686
MZI,212,58,2.653632,6.3351
MZI,211,59,1.181944,2.8217
MZI,210,60,-0.832909,-1.9884
MZI,209,61,1.464327,3.4958
MZI,208,62,-3.104721,-7.4120
MZI,207,63,-0.331036,-0.7903
MZI,206,64,1.296770,3.0958
MZI,205,65,-0.849067,-2.0270
MZI,204,66,-1.634857,-3.9029
MZI,203,67,1.102454,2.6319
MZI,202,68,2.813462,6.7166
MZI,201,69,-0.826349,-1.9728
MZI,200,70,-1.667998,-3.9821
MZI,199,71,-1.712612,-4.0886
MZI,198,72,0.424069,1.0124
MZI,197,73,1.878877,4.4855
MZI,196,74,2.610123,6.2312
MZI,195,75,1.241229,2.9632
MZI,194,76,-1.386610,-3.3103
MZI,193,77,0.518948,1.2389
MZI,192,78,-3.096909,-7.3933
MZI,191,79,-0.694269,-1.6574
MZI,190,80,-2.603130,-6.2145
MZI,189,81,2.609078,6.2287
MZI,188,82,-2.740090,-6.5415
MZI,187,83,-3.137031,-7.4891
MZI,186,84,1.984430,4.7375
MZI,185,85,0.545534,1.3024
MZI,184,86,-0.880111,-2.1011
MZI,183,87,0.689990,1.6472
MZI,182,88,-0.655181,-1.5641
MZI,181,89,-2.721972,-6.4982
MZI,180,90,-1.484176,-3.5432
MZI,179,91,-2.161773,-5.1609
MZI,178,92,0.389579,0.9301
MZI,177,93,1.524648,3.6398
MZI,176,94,2.551691,6.0917
MZI,175,95,2.773982,6.6224
MZI,174,96,1.519350,3.6272
MZI,173,97,-2.855882,-6.8179
MZI,172,98,3.048589,7.2780
MZI,171,99,-2.529226,-6.0381
MZI,170,100,-0.762093,-1.8194
MZI,169,101,-0.766439,-1.8297
MZI,168,102,-0.068373,-0.1632
MZI,167,103,-0.899024,-2.1463
MZI,166,104,-2.292010,-5.4718
MZI,165,105,-2.813889,-6.7177
MZI,164,106,2.546639,6.0797
MZI,163,107,-2.276243,-5.4341
MZI,162,108,0.518563,1.2380
MZI,161,109,1.441287,3.4408
MZI,160,110,-0.872427,-2.0828
MZI,159,111,-1.153712,-2.7543
MZI,158,112,-2.618667,-6.2516
MZI,157,113,2.300878,5.4929
MZI,156,114,0.876842,2.0933
MZI,155,115,0.826714,1.9736
MZI,154,116,0.409132,0.9767
MZI,153,117,-2.940471,-7.0199
MZI,152,118,2.272858,5.4260
MZI,151,119,-1.316467,-3.1428
MZI,150,120,-2.154363,-5.1432
MZI,149,121,1.864941,4.4522
MZI,148,122,2.377725,5.6764
MZI,147,123,-1.879725,-4.4875
MZI,146,124,2.402065,5.7345
MZI,145,125,0.330102,0.7881
MZI,144,126,1.419661,3.3892
MZI,143,127,-0.613864,-1.4655
MZI,142,128,-2.347649,-5.6046
MZI,141,129,3.070752,7.3309
MZI,140,130,2.239757,5.3470
MZI,139,131,-2.097229,-5.0068
MZI,138,132,-1.925985,-4.5980
MZI,137,133,-2.750909,-6.5673
MZI,136,134,1.755555,4.1911
MZI,135,135,1.015875,2.4252
MZI,134,136,0.658138,1.5712
MZI,133,137,-0.450818,-1.0762
MZI,132,138,-1.978016,-4.7222
MZI,131,139,1.715509,4.0955
MZI,130,140,2.449881,5.8487
MZI,129,141,1.862154,4.4456
MZI,128,142,-2.749315,-6.5635
MZI,127,143,-3.072481,-7.3350
MZI,126,144,-1.987687,-4.7453
MZI,125,145,2.408643,5.7502
MZI,124,146,-0.967413,-2.3095
MZI,123,147,1.150275,2.7461
MZI,122,148,-1.971630,-4.7069
MZI,121,149,2.477660,5.9150
MZI,120,150,-1.763515,-4.2101
MZI,119,151,0.567546,1.3549
MZI,118,152,-2.546560,-6.0795
MZI,117,153,-1.188851,-2.8382
MZI,116,154,-2.963597,-7.0751
MZI,115,155,-2.397632,-5.7239
MZI,114,156,2.706769,6.4619
MZI,113,157,-2.271658,-5.4232
MZI,112,158,-1.667207,-3.9802
MZI,111,159,-2.205954,-5.2663
MZI,110,160,-0.080463,-0.1921
MZI,109,161,-2.582480,-6.1652
MZI,108,162,-2.180754,-5.2062
MZI,107,163,1.773712,4.2344
MZI,106,164,-1.439766,-3.4372
MZI,105,165,2.158345,5.1527
MZI,104,166,-1.901965,-4.5406
MZI,103,167,-1.308282,-3.1233
MZI,102,168,2.051872,4.8985
MZI,101,169,-1.645117,-3.9274
MZI,100,170,-1.448816,-3.4588
MZI,99,171,1.913671,4.5686
MZI,98,172,3.080890,7.3551
MZI,97,173,2.387390,5.6995
MZI,96,174,0.049228,0.1175
MZI,95,175,-1.553866,-3.7096
MZI,94,176,-1.830241,-4.3694
MZI,93,177,0.017934,0.0428
MZI,92,178,3.117558,7.4426
MZI,91,179,2.273039,5.4265
MZI,90,180,0.248079,0.5922
MZI,89,181,-1.238550,-2.9568
MZI,88,182,-1.082609,-2.5845
MZI,87,183,-0.970864,-2.3178
MZI,86,184,-0.866733,-2.0692
MZI,85,185,-0.938986,-2.2417
MZI,84,186,-1.373323,-3.2786
MZI,83,187,-1.959758,-4.6786
MZI,82,188,-2.452771,-5.8556
MZI,81,189,-2.760720,-6.5907
MZI,80,190,-2.683520,-6.4064
MZI,79,191,-2.147486,-5.1267
MZI,78,192,-1.748034,-4.1731
MZI,77,193,-2.031867,-4.8507
MZI,76,194,-2.632346,-6.2843
MZI,75,195,0.533063,1.2726
MZI,74,196,-0.204044,-0.4871
MZI,73,197,-1.621361,-3.8707
MZI,72,198,-2.087008,-4.9824
MZI,71,199,-1.693229,-4.0423
MZI,70,200,-0.705140,-1.6834
MZI,69,201,-0.893683,-2.1335
MZI,68,202,1.727594,4.1243
MZI,67,203,-1.312454,-3.1333
MZI,66,204,-1.121621,-2.6777
MZI,65,205,-0.906601,-2.1643
MZI,64,206,-0.935139,-2.2325
MZI,63,207,-0.560993,-1.3393
MZI,62,208,-0.670328,-1.6003
MZI,61,209,-0.902908,-2.1555
MZI,60,210,-0.656966,-1.5684
MZI,59,211,-1.202235,-2.8701
MZI,58,212,-0.765669,-1.8279
MZI,57,213,-0.899098,-2.1464
MZI,56,214,-1.783415,-4.2576
MZI,55,215,-0.137005,-0.3271
MZI,54,216,-1.402275,-3.3477
MZI,53,217,-0.868125,-2.0725
MZI,52,218,-1.385882,-3.3085
MZI,51,219,-1.027270,-2.4524
MZI,50,220,-1.550696,-3.7020
MZI,49,221,2.822652,6.7386
MZI,48,222,-1.858240,-4.4362
MZI,47,223,-1.117054,-2.6668
MZI,46,224,1.352985,3.2300
MZI,45,225,-1.231319,-2.9396
MZI,44,226,-1.957900,-4.6741
MZI,43,227,0.149209,0.3562
MZI,42,228,-1.013222,-2.4189
MZI,41,229,0.126429,0.3018
MZI,40,230,-1.028727,-2.4559
MZI,39,231,-1.410643,-3.3677
MZI,38,232,-0.997281,-2.3808
MZI,37,233,-1.472823,-3.5161
MZI,36,234,-1.313793,-3.1365
MZI,35,235,-0.973082,-2.3231
MZI,34,236,-1.142655,-2.7279
MZI,33,237,-0.899525,-2.1475
MZI,32,238,-1.381660,-3.2985
MZI,31,239,-1.705516,-4.0716
MZI,30,240,-1.030658,-2.4605
MZI,29,241,-1.023846,-2.4443
MZI,28,242,-1.138503,-2.7180
MZI,27,243,-1.437935,-3.4328
MZI,26,244,-0.267266,-0.6381
MZI,25,245,-0.511737,-1.2217
MZI,24,246,-0.974279,-2.3259
MZI,23,247,-0.997295,-2.3809
MZI,22,248,-1.535811,-3.6665
MZI,21,249,-1.626814,-3.8837
MZI,20,250,-1.661611,-3.9668
MZI,19,251,-1.760761,-4.2035
MZI,18,252,-1.707385,-4.0761
MZI,17,253,-1.773705,-4.2344
MZI,16,254,-1.795204,-4.2857
MZI,15,255,-1.575593,-3.7615
MZI,254,18,-0.487326,-1.1634
MZI,253,19,1.467220,3.5027
MZI,252,20,2.596765,6.1993
MZI,251,21,0.132503,0.3163
MZI,250,22,2.146708,5.1249
MZI,249,23,2.264031,5.4050
MZI,248,24,-3.118924,-7.4459
MZI,247,25,-0.012840,-0.0307
MZI,246,26,0.125590,0.2998
MZI,245,27,2.956997,7.0593
MZI,244,28,0.624011,1.4897
MZI,243,29,-2.316401,-5.5300
MZI,242,30,0.146907,0.3507
MZI,241,31,1.757263,4.1952
MZI,240,32,-1.493226,-3.5648
MZI,239,33,-0.666913,-1.5921
MZI,238,34,2.946525,7.0343
MZI,237,35,2.682526,6.4041
MZI,236,36,-1.469375,-3.5079
MZI,235,37,-1.376580,-3.2863
MZI,234,38,-1.784024,-4.2590
MZI,233,39,-0.266021,-0.6351
MZI,232,40,-2.042519,-4.8762
MZI,231,41,-1.992706,-4.7572
MZI,230,42,0.748749,1.7875
MZI,229,43,-0.646170,-1.5426
MZI,228,44,-0.969497,-2.3145
MZI,227,45,-2.533232,-6.0476
MZI,226,46,-0.071496,-0.1707
MZI,225,47,-1.295381,-3.0925
MZI,224,48,-0.660676,-1.5772
MZI,223,49,-1.760223,-4.2022
MZI,222,50,-1.807093,-4.3141
MZI,221,51,-2.302030,-5.4957
MZI,220,52,-3.076217,-7.3439
MZI,219,53,-0.983830,-2.3487
MZI,218,54,-0.227337,-0.5427
MZI,217,55,-0.140607,-0.3357
MZI,216,56,-2.400647,-5.7311
MZI,215,57,-2.123137,-5.0686
MZI,214,58,-2.630735,-6.2804
MZI,213,59,2.560859,6.1136
MZI,212,60,2.287430,5.4608
MZI,211,61,-0.061636,-0.1471
MZI,210,62,1.971036,4.7055
MZI,209,63,1.856449,4.4319
MZI,208,64,2.672262,6.3796
MZI,207,65,2.513618,6.0008
MZI,206,66,2.832561,6.7622
MZI,205,67,2.631672,6.2827
MZI,204,68,-2.514682,-6.0034
MZI,203,69,-2.399945,-5.7294
MZI,202,70,-2.931093,-6.9975
MZI,201,71,-1.284693,-3.0670
MZI,200,72,-0.769644,-1.8374
MZI,199,73,-0.858300,-2.0490
MZI,198,74,0.484111,1.1557
MZI,197,75,-1.445387,-3.4506
MZI,196,76,-0.811335,-1.9369
MZI,195,77,0.161088,0.3846
MZI,194,78,2.674721,6.3854
MZI,193,79,1.246322,2.9754
MZI,192,80,1.372954,3.2777
MZI,191,81,-0.536556,-1.2809
MZI,190,82,1.358186,3.2424
MZI,189,83,1.733389,4.1382
MZI,188,84,-1.530098,-3.6528
MZI,187,85,-0.191210,-0.4565
MZI,186,86,-0.596495,-1.4240
MZI,185,87,-1.487963,-3.5522
MZI,184,88,-0.594337,-1.4189
MZI,183,89,0.585817,1.3985
MZI,182,90,-0.519366,-1.2399
MZI,181,91,1.778510,4.2459
MZI,180,92,-1.491176,-3.5599
MZI,179,93,-1.834096,-4.3786
MZI,178,94,2.908455,6.9434
MZI,177,95,3.107002,7.4174
MZI,176,96,2.162041,5.1615
MZI,175,97,1.851874,4.4210
MZI,174,98,-1.253563,-2.9927
MZI,173,99,-0.648589,-1.5484
MZI,172,100,0.641615,1.5317
MZI,171,101,-1.042782,-2.4895
MZI,170,102,-1.968887,-4.7004
MZI,169,103,-1.257436,-3.0019
MZI,168,104,-0.330825,-0.7898
MZI,167,105,0.557767,1.3316
MZI,166,106,-2.553233,-6.0954
MZI,165,107,-3.096888,-7.3933
MZI,164,108,-1.318995,-3.1489
MZI,163,109,-2.705630,-6.4592
MZI,162,110,1.532758,3.6592
MZI,161,111,1.492349,3.5627
MZI,160,112,1.485109,3.5454
MZI,159,113,2.747736,6.5597
MZI,158,114,1.884213,4.4982
MZI,157,115,-2.998742,-7.1590
MZI,156,116,-1.600300,-3.8204
MZI,155,117,1.320603,3.1527
MZI,154,118,0.698301,1.6671
MZI,153,119,-1.309169,-3.1254
MZI,152,120,1.277957,3.0509
MZI,151,121,-0.805751,-1.9236
MZI,150,122,-2.254910,-5.3832
MZI,149,123,0.477068,1.1389
MZI,148,124,1.754510,4.1886
MZI,147,125,1.826480,4.3604
MZI,146,126,-2.816480,-6.7239
MZI,145,127,2.673433,6.3824
MZI,144,128,-0.686955,-1.6400
MZI,143,129,-1.428251,-3.4097
MZI,142,130,-1.900008,-4.5359
MZI,141,131,-0.540532,-1.2904
MZI,140,132,0.492203,1.1750
MZI,139,133,1.444287,3.4480
MZI,138,134,-3.077540,-7.3471
MZI,137,135,-1.139806,-2.7211
MZI,136,136,-0.614475,-1.4670
MZI,135,137,-0.211186,-0.5042
MZI,134,138,0.366366,0.8746
MZI,133,139,0.927051,2.2132
MZI,132,140,-1.699445,-4.0571
MZI,131,141,-1.999342,-4.7731
MZI,130,142,-1.434054,-3.4236
MZI,129,143,-2.025528,-4.8356
MZI,128,144,2.213804,5.2851
MZI,127,145,-2.634803,-6.2901
MZI,126,146,-2.749018,-6.5628
MZI,125,147,-2.438372,-5.8212
MZI,124,148,0.120969,0.2888
MZI,123,149,-1.715243,-4.0948
MZI,122,150,-0.285621,-0.6819
MZI,121,151,0.297268,0.7097
MZI,120,152,-1.793511,-4.2817
MZI,119,153,-0.627903,-1.4990
MZI,118,154,0.081948,0.1956
MZI,117,155,-2.158449,-5.1529
MZI,116,156,0.801318,1.9130
MZI,115,157,-0.295841,-0.7063
MZI,114,158,-1.981314,-4.7300
MZI,113,159,0.350058,0.8357
MZI,112,160,-0.798670,-1.9067
MZI,111,161,-0.881052,-2.1034
MZI,110,162,-1.156370,-2.7606
MZI,109,163,-1.685761,-4.0245
MZI,108,164,-0.570466,-1.3619
MZI,107,165,2.339367,5.5848
MZI,106,166,-1.290803,-3.0816
MZI,105,167,-0.911263,-2.1755
MZI,104,168,-0.619968,-1.4801
MZI,103,169,-0.501736,-1.1978
MZI,102,170,0.533109,1.2727
MZI,101,171,2.147068,5.1257
MZI,100,172,-1.706129,-4.0731
MZI,99,173,-1.392844,-3.3252
MZI,98,174,-0.519742,-1.2408
MZI,97,175,1.015346,2.4240
MZI,96,176,-0.692885,-1.6541
MZI,95,177,-0.412572,-0.9849
MZI,94,178,-0.210071,-0.5015
MZI,93,179,-2.210789,-5.2779
MZI,92,180,-0.226476,-0.5407
MZI,91,181,0.312650,0.7464
MZI,90,182,-0.125829,-0.3004
MZI,89,183,0.218025,0.5205
MZI,88,184,0.398450,0.9512
MZI,87,185,0.290068,0.6925
MZI,86,186,0.083833,0.2001
MZI,85,187,-0.166389,-0.3972
MZI,84,188,-0.448077,-1.0697
MZI,83,189,-1.174702,-2.8044
MZI,82,190,-1.223943,-2.9219
MZI,81,191,-1.735024,-4.1421
MZI,80,192,-1.888299,-4.5080
MZI,79,193,-3.103062,-7.4080
MZI,78,194,2.307490,5.5087
MZI,77,195,-1.415352,-3.3789
MZI,76,196,-1.073118,-2.5619
MZI,75,197,1.110575,2.6513
MZI,74,198,-2.714076,-6.4794
MZI,73,199,-1.635510,-3.9045
MZI,72,200,-0.481075,-1.1485
MZI,71,201,0.275411,0.6575
MZI,70,202,0.283690,0.6773
MZI,69,203,-0.035085,-0.0838
MZI,68,204,-0.248275,-0.5927
MZI,67,205,0.137270,0.3277
MZI,66,206,0.609294,1.4546
MZI,65,207,0.398878,0.9523
MZI,64,208,0.685196,1.6358
MZI,63,209,1.023883,2.4443
MZI,62,210,0.514953,1.2294
MZI,61,211,0.806443,1.9252
MZI,60,212,0.647811,1.5465
MZI,59,213,0.398432,0.9512
MZI,58,214,0.098833,0.2359
MZI,57,215,-2.357204,-5.6274
MZI,56,216,1.706707,4.0745
MZI,55,217,-0.168373,-0.4020
MZI,54,218,1.711835,4.0867
MZI,53,219,-0.397775,-0.9496
MZI,52,220,0.217414,0.5190
MZI,51,221,-0.215561,-0.5146
MZI,50,222,-0.088056,-0.2102
MZI,49,223,-1.048260,-2.5025
MZI,48,224,0.067829,0.1619
MZI,47,225,0.296674,0.7083
MZI,46,226,-2.549879,-6.0874
MZI,45,227,-1.036749,-2.4751
MZI,44,228,0.528746,1.2623
MZI,43,229,0.180991,0.4321
MZI,42,230,-0.066229,-0.1581
MZI,41,231,0.938843,2.2413
MZI,40,232,-0.853352,-2.0372
MZI,39,233,0.221720,0.5293
MZI,38,234,-1.642105,-3.9202
MZI,37,235,-0.013399,-0.0320
MZI,36,236,0.097416,0.2326
MZI,35,237,0.212058,0.5063
MZI,34,238,0.149969,0.3580
MZI,33,239,-0.002228,-0.0053
MZI,32,240,-0.129794,-0.3099
MZI,31,241,0.149860,0.3578
MZI,30,242,0.884472,2.1115
MZI,29,243,-0.068094,-0.1626
MZI,28,244,-0.281552,-0.6722
MZI,27,245,-0.000434,-0.0010
MZI,26,246,-0.134330,-0.3207
MZI,25,247,0.009625,0.0230
MZI,24,248,0.031741,0.0758
MZI,23,249,-0.449359,-1.0728
MZI,22,250,-0.548607,-1.3097
MZI,21,251,-0.614289,-1.4665
MZI,20,252,-0.686954,-1.6400
MZI,19,253,-0.702941,-1.6781
MZI,18,254,-0.764565,-1.8253
MZI,17,255,-0.875814,-2.0909
MZI,254,20,-2.507243,-5.9856
MZI,253,21,2.831508,6.7597
MZI,252,22,-0.971875,-2.3202
MZI,251,23,-0.404888,-0.9666
MZI,250,24,1.592106,3.8009
MZI,249,25,1.250384,2.9851
MZI,248,26,-1.808439,-4.3173
MZI,247,27,-2.885343,-6.8883
MZI,246,28,2.846663,6.7959
MZI,245,29,2.927301,6.9884
MZI,244,30,3.074218,7.3392
MZI,243,31,2.508832,5.9894
MZI,242,32,-0.381669,-0.9112
MZI,241,33,-0.164124,-0.3918
MZI,240,34,1.491107,3.5598
MZI,239,35,3.092343,7.3824
MZI,238,36,1.142812,2.7283
MZI,237,37,2.534061,6.0496
MZI,236,38,-2.231138,-5.3264
MZI,235,39,-0.841120,-2.0080
MZI,234,40,1.377604,3.2888
MZI,233,41,-1.369977,-3.2706
MZI,232,42,-1.675154,-3.9991
MZI,231,43,-0.567004,-1.3536
MZI,230,44,0.747560,1.7847
MZI,229,45,1.726050,4.1206
MZI,228,46,1.951387,4.6586
MZI,227,47,2.462390,5.8785
MZI,226,48,1.395518,3.3316
MZI,225,49,-1.727839,-4.1249
MZI,224,50,2.327632,5.5568
MZI,223,51,-2.860335,-6.8285
MZI,222,52,-0.566253,-1.3518
MZI,221,53,-2.539180,-6.0618
MZI,220,54,-2.685561,-6.4113
MZI,219,55,0.143270,0.3420
MZI,218,56,-2.896798,-6.9156
MZI,217,57,2.471872,5.9012
MZI,216,58,0.102783,0.2454
MZI,215,59,-0.574515,-1.3716
MZI,214,60,-1.283829,-3.0649
MZI,213,61,-0.122279,-0.2919
MZI,212,62,-2.206990,-5.2688
MZI,211,63,0.434913,1.0383
MZI,210,64,-0.879697,-2.1001
MZI,209,65,2.124080,5.0709
MZI,208,66,0.445644,1.0639
MZI,207,67,0.275348,0.6573
MZI,206,68,-1.640001,-3.9152
MZI,205,69,0.057200,0.1366
MZI,204,70,-1.412004,-3.3709
MZI,203,71,-2.858299,-6.8237
MZI,202,72,0.925800,2.2102
MZI,201,73,0.390070,0.9312
MZI,200,74,-1.267139,-3.0251
MZI,199,75,-2.089579,-4.9885
MZI,198,76,2.399290,5.7279
MZI,197,77,-1.231740,-2.9406
MZI,196,78,2.574455,6.1461
MZI,195,79,0.901274,2.1516
MZI,194,80,-0.828032,-1.9768
MZI,193,81,-0.135934,-0.3245
MZI,192,82,0.657003,1.5685
MZI,191,83,-0.605939,-1.4466
MZI,190,84,-0.742802,-1.7733
MZI,189,85,2.010916,4.8007
MZI,188,86,-3.035787,-7.2474
MZI,187,87,0.300250,0.7168
MZI,186,88,2.148748,5.1298
MZI,185,89,-1.613252,-3.8514
MZI,184,90,2.193811,5.2373
MZI,183,91,-2.812284,-6.7138
MZI,182,92,-1.551976,-3.7051
MZI,181,93,-0.193186,-0.4612
MZI,180,94,-2.221098,-5.3025
MZI,179,95,-0.514740,-1.2289
MZI,178,96,-1.336686,-3.1911
MZI,177,97,-1.201844,-2.8692
MZI,176,98,2.544100,6.0736
MZI,175,99,-1.751504,-4.1814
MZI,174,100,-1.860082,-4.4406
MZI,173,101,0.730074,1.7429
MZI,172,102,2.034159,4.8562
MZI,171,103,3.071447,7.3325
MZI,170,104,-2.101089,-5.0160
MZI,169,105,1.064648,2.5417
MZI,168,106,-1.858816,-4.4376
MZI,167,107,1.565091,3.7364
MZI,166,108,1.341829,3.2034
MZI,165,109,1.053625,2.5153
MZI,164,110,3.057351,7.2989
MZI,163,111,-0.782543,-1.8682
MZI,162,112,-0.853589,-2.0378
MZI,161,113,1.633694,3.9002
MZI,160,114,-0.678007,-1.6186
MZI,159,115,-0.686879,-1.6398
MZI,158,116,2.509712,5.9915
MZI,157,117,0.241962,0.5776
MZI,156,118,-0.659284,-1.5739
MZI,155,119,-0.013188,-0.0315
MZI,154,120,-0.114857,-0.2742
MZI,153,121,-0.249882,-0.5966
MZI,152,122,1.501243,3.5840
MZI,151,123,-2.790022,-6.6607
MZI,150,124,0.172383,0.4115
MZI,149,125,2.151660,5.1367
MZI,148,126,2.484897,5.9323
MZI,147,127,-0.302145,-0.7213
MZI,146,128,-2.218937,-5.2973
MZI,145,129,-3.039716,-7.2568
MZI,144,130,1.774668,4.2367
MZI,143,131,0.619861,1.4798
MZI,142,132,-0.193959,-0.4630
MZI,141,133,1.535362,3.6654
MZI,140,134,1.487240,3.5505
MZI,139,135,0.755330,1.8032
MZI,138,136,0.222114,0.5303
MZI,137,137,-0.111613,-0.2665
MZI,136,138,0.457510,1.0922
MZI,135,139,1.457319,3.4791
MZI,134,140,0.572224,1.3661
MZI,133,141,-1.695635,-4.0480
MZI,132,142,-2.619909,-6.2546
MZI,131,143,-2.192455,-5.2341
MZI,130,144,-0.037337,-0.0891
MZI,129,145,1.193250,2.8487
MZI,128,146,-0.128504,-0.3068
MZI,127,147,0.242832,0.5797
MZI,126,148,0.088190,0.2105
MZI,125,149,2.637260,6.2960
MZI,124,150,-1.305645,-3.1170
MZI,123,151,1.565946,3.7384
MZI,122,152,1.311065,3.1299
MZI,121,153,-0.248424,-0.5931
MZI,120,154,-2.881803,-6.8798
MZI,119,155,-3.043486,-7.2658
MZI,118,156,-2.726949,-6.5101
MZI,117,157,0.842592,2.0115
MZI,116,158,0.138281,0.3301
MZI,115,159,0.266283,0.6357
MZI,114,160,-2.576716,-6.1515
MZI,113,161,-0.670183,-1.5999
MZI,112,162,0.758278,1.8103
MZI,111,163,1.388862,3.3157
MZI,110,164,1.658595,3.9596
MZI,109,165,1.274547,3.0428
MZI,108,166,2.388527,5.7022
MZI,107,167,1.725941,4.1204
MZI,106,168,1.668520,3.9833
MZI,105,169,1.421752,3.3942
MZI,104,170,-0.453147,-1.0818
MZI,103,171,-2.977512,-7.1083
MZI,102,172,2.009301,4.7969
MZI,101,173,-0.148393,-0.3543
MZI,100,174,1.032462,2.4648
MZI,99,175,1.993041,4.7580
MZI,98,176,3.122459,7.4543
MZI,97,177,-0.224915,-0.5369
MZI,96,178,1.261980,3.0128
MZI,95,179,1.323501,3.1596
MZI,94,180,-0.439812,-1.0500
MZI,93,181,2.101857,5.0178
MZI,92,182,-2.740912,-6.5434
MZI,91,183,0.880033,2.1009
MZI,90,184,1.464402,3.4960
MZI,89,185,1.656376,3.9543
MZI,88,186,1.571965,3.7528
MZI,87,187,1.453154,3.4692
MZI,86,188,1.382677,3.3009
MZI,85,189,1.271156,3.0347
MZI,84,190,0.982661,2.3459
MZI,83,191,1.042915,2.4898
MZI,82,192,1.091337,2.6054
MZI,81,193,0.695312,1.6599
MZI,80,194,1.502405,3.5867
MZI,79,195,1.572338,3.7537
MZI,78,196,0.802997,1.9170
MZI,77,197,0.761555,1.8181
MZI,76,198,2.080703,4.9673
MZI,75,199,1.125483,2.6869
MZI,74,200,0.638800,1.5250
MZI,73,201,0.010994,0.0262
MZI,72,202,-2.964684,-7.0777
MZI,71,203,2.846528,6.7956
MZI,70,204,2.041961,4.8748
MZI,69,205,1.793159,4.2809
MZI,68,206,2.872758,6.8582
MZI,67,207,2.358504,5.6305
MZI,66,208,2.196196,5.2430
MZI,65,209,2.628974,6.2762
MZI,64,210,2.425101,5.7895
MZI,63,211,2.477997,5.9158
MZI,62,212,2.325448,5.5516
MZI,61,213,2.879311,6.8738
MZI,60,214,2.326980,5.5553
MZI,59,215,2.093258,4.9973
MZI,58,216,1.105939,2.6402
MZI,57,217,1.839791,4.3922
MZI,56,218,-2.758231,-6.5848
MZI,55,219,2.068229,4.9375
MZI,54,220,0.572924,1.3678
MZI,53,221,2.447325,5.8426
MZI,52,222,1.749085,4.1756
MZI,51,223,1.882319,4.4937
MZI,50,224,1.625871,3.8815
MZI,49,225,1.928292,4.6035
MZI,48,226,1.932209,4.6128
MZI,47,227,1.704534,4.0693
MZI,46,228,1.141577,2.7253
MZI,45,229,1.900075,4.5361
MZI,44,230,1.466065,3.5000
MZI,43,231,2.106970,5.0300
MZI,42,232,3.018747,7.2067
MZI,41,233,0.347794,0.8303
MZI,40,234,1.942495,4.6374
MZI,39,235,0.362222,0.8647
MZI,38,236,1.989549,4.7497
MZI,37,237,1.872479,4.4702
MZI,36,238,2.157922,5.1517
MZI,35,239,1.939631,4.6305
MZI,34,240,-2.749470,-6.5639
MZI,33,241,1.758472,4.1980
MZI,32,242,1.833519,4.3772
MZI,31,243,2.301983,5.4956
MZI,30,244,1.593811,3.8049
MZI,29,245,1.479354,3.5317
MZI,28,246,1.559512,3.7231
MZI,27,247,1.556534,3.7160
MZI,26,248,1.613354,3.8516
MZI,25,249,1.585690,3.7856
MZI,24,250,1.315387,3.1403
MZI,23,251,1.208988,2.8862
MZI,22,252,1.163089,2.7767
MZI,21,253,1.132501,2.7036
MZI,20,254,1.119753,2.6732
MZI,19,255,1.126187,2.6886
MZI,254,22,1.876211,4.4791
MZI,253,23,2.626998,6.2715
MZI,252,24,-0.148724,-0.3551
MZI,251,25,-0.185737,-0.4434
MZI,250,26,-0.654303,-1.5620
MZI,249,27,1.894186,4.5220
MZI,248,28,-0.139929,-0.3341
MZI,247,29,-1.244376,-2.9707
MZI,246,30,2.815518,6.7216
MZI,245,31,-2.729980,-6.5173
MZI,244,32,1.619427,3.8661
MZI,243,33,0.003316,0.0079
MZI,242,34,-1.792259,-4.2787
MZI,241,35,-0.533384,-1.2734
MZI,240,36,0.870750,2.0788
MZI,239,37,-1.696184,-4.0493
MZI,238,38,-2.262527,-5.4014
MZI,237,39,2.680645,6.3996
MZI,236,40,1.040120,2.4831
MZI,235,41,-0.393437,-0.9393
MZI,234,42,-0.013778,-0.0329
MZI,233,43,-0.878290,-2.0968
MZI,232,44,0.643787,1.5369
MZI,231,45,0.328500,0.7842
MZI,230,46,-1.681060,-4.0132
MZI,229,47,-2.513985,-6.0017
MZI,228,48,-1.742945,-4.1610
MZI,227,49,1.512845,3.6117
MZI,226,50,0.678903,1.6208
MZI,225,51,-2.848718,-6.8008
MZI,224,52,-2.545826,-6.0777
MZI,223,53,1.846089,4.4072
MZI,222,54,3.118446,7.4447
MZI,221,55,1.338397,3.1952
MZI,220,56,1.544501,3.6872
MZI,219,57,-2.875641,-6.8651
MZI,218,58,-0.418347,-0.9987
MZI,217,59,1.548165,3.6960
MZI,216,60,1.711947,4.0870
MZI,215,61,2.509183,5.9902
MZI,214,62,-2.149018,-5.1304
MZI,213,63,-2.759702,-6.5883
MZI,212,64,2.202940,5.2591
MZI,211,65,2.991369,7.1414
MZI,210,66,-1.181694,-2.8211
MZI,209,67,1.687737,4.0292
MZI,208,68,0.324854,0.7755
MZI,207,69,0.484588,1.1569
MZI,206,70,-2.755569,-6.5784
MZI,205,71,-2.801849,-6.6889
MZI,204,72,2.377754,5.6765
MZI,203,73,-1.298150,-3.0991
MZI,202,74,0.787993,1.8812
MZI,201,75,2.156854,5.1491
MZI,200,76,2.027063,4.8393
MZI,199,77,-1.665389,-3.9758
MZI,198,78,0.933991,2.2297
MZI,197,79,1.197368,2.8585
MZI,196,80,3.049101,7.2792
MZI,195,81,0.489858,1.1695
MZI,194,82,-0.220399,-0.5262
MZI,193,83,3.134986,7.4842
MZI,192,84,-2.426922,-5.7938
MZI,191,85,1.534792,3.6640
MZI,190,86,-2.742554,-6.5474
MZI,189,87,-1.900625,-4.5374
MZI,188,88,0.595408,1.4214
MZI,187,89,-3.132648,-7.4786
MZI,186,90,2.540526,6.0651
MZI,185,91,-2.237243,-5.3410
MZI,184,92,1.522477,3.6346
MZI,183,93,-3.007062,-7.1788
MZI,182,94,-1.907675,-4.5542
MZI,181,95,0.450682,1.0759
MZI,180,96,-0.006949,-0.0166
MZI,179,97,-2.429521,-5.8001
MZI,178,98,-2.997884,-7.1569
MZI,177,99,-1.003928,-2.3967
MZI,176,100,-1.244209,-2.9703
MZI,175,101,0.015534,0.0371
MZI,174,102,-2.785499,-6.6499
MZI,173,103,2.933058,7.0022
MZI,172,104,1.634599,3.9023
MZI,171,105,-2.431798,-5.8055
MZI,170,106,-1.773242,-4.2333
MZI,169,107,-0.419512,-1.0015
MZI,168,108,-2.749379,-6.5637
MZI,167,109,2.155490,5.1459
MZI,166,110,-2.936537,-7.0105
MZI,165,111,1.949021,4.6529
MZI,164,112,0.564311,1.3472
MZI,163,113,1.073913,2.5638
MZI,162,114,-2.662394,-6.3560
MZI,161,115,-3.112848,-7.4314
MZI,160,116,3.006123,7.1766
MZI,159,117,-0.439072,-1.0482
MZI,158,118,-2.599941,-6.2069
MZI,157,119,-0.540911,-1.2913
MZI,156,120,2.030567,4.8476
MZI,155,121,0.359584,0.8584
MZI,154,122,1.448205,3.4573
MZI,153,123,-2.241983,-5.3523
MZI,152,124,-2.742835,-6.5480
MZI,151,125,-1.294083,-3.0894
MZI,150,126,-1.147397,-2.7392
MZI,149,127,-1.578357,-3.7681
MZI,148,128,-2.009525,-4.7974
MZI,147,129,-2.643193,-6.3102
MZI,146,130,-2.085822,-4.9795
MZI,145,131,-1.635353,-3.9041
MZI,144,132,3.078643,7.3497
MZI,143,133,2.826239,6.7471
MZI,142,134,0.521444,1.2449
MZI,141,135,-1.367862,-3.2655
MZI,140,136,-2.089962,-4.9894
MZI,139,137,-2.370295,-5.6587
MZI,138,138,-2.406679,-5.7455
MZI,137,139,2.918605,6.9677
MZI,136,140,0.984805,2.3510
MZI,135,141,0.241400,0.5763
MZI,134,142,2.621164,6.2576
MZI,133,143,-2.131445,-5.0885
MZI,132,144,-1.795249,-4.2858
MZI,131,145,2.543682,6.0726
MZI,130,146,1.957286,4.6727
MZI,129,147,-0.306071,-0.7307
MZI,128,148,-0.454731,-1.0856
MZI,127,149,0.026004,0.0621
MZI,126,150,-1.528857,-3.6499
MZI,125,151,-1.259381,-3.0065
MZI,124,152,-2.521455,-6.0195
MZI,123,153,-2.819672,-6.7315
MZI,122,154,1.753184,4.1854
MZI,121,155,-2.078598,-4.9623
MZI,120,156,-1.218717,-2.9095
MZI,119,157,-2.012075,-4.8035
MZI,118,158,2.918111,6.9665
MZI,117,159,2.897173,6.9165
MZI,116,160,0.108654,0.2594
MZI,115,161,-0.575083,-1.3729
MZI,114,162,-1.810416,-4.3221
MZI,113,163,0.715756,1.7087
MZI,112,164,0.132155,0.3155
MZI,111,165,-0.554948,-1.3248
MZI,110,166,-2.910887,-6.9492
MZI,109,167,-0.344246,-0.8218
MZI,108,168,-0.511071,-1.2201
MZI,107,169,-0.663567,-1.5841
MZI,106,170,-1.286767,-3.0719
MZI,105,171,-1.175530,-2.8064
MZI,104,172,-1.164002,-2.7789
MZI,103,173,-2.974815,-7.1018
MZI,102,174,-1.691386,-4.0379
MZI,101,175,-2.631379,-6.2820
MZI,100,176,0.565105,1.3491
MZI,99,177,-1.044166,-2.4928
MZI,98,178,-1.982515,-4.7329
MZI,97,179,2.156379,5.1480
MZI,96,180,-1.827083,-4.3618
MZI,95,181,-1.886947,-4.5048
MZI,94,182,-0.856196,-2.0440
MZI,93,183,-1.421875,-3.3945
MZI,92,184,-2.016932,-4.8151
MZI,91,185,-0.726613,-1.7347
MZI,90,186,-0.885492,-2.1140
MZI,89,187,-1.018808,-2.4322
MZI,88,188,-1.060399,-2.5315
MZI,87,189,-1.061189,-2.5334
MZI,86,190,-1.094173,-2.6121
MZI,85,191,-1.109565,-2.6489
MZI,84,192,-1.133956,-2.7071
MZI,83,193,-1.058597,-2.5272
MZI,82,194,-1.105161,-2.6384
MZI,81,195,-0.895296,-2.1374
MZI,80,196,-1.022154,-2.4402
MZI,79,197,-1.549394,-3.6989
MZI,78,198,-1.204524,-2.8756
MZI,77,199,0.303220,0.7239
MZI,76,200,-1.086509,-2.5938
MZI,75,201,-0.981529,-2.3432
MZI,74,202,-1.498720,-3.5779
MZI,73,203,-0.438988,-1.0480
MZI,72,204,-0.231247,-0.5521
MZI,71,205,-0.345476,-0.8248
MZI,70,206,-0.659598,-1.5747
MZI,69,207,-0.874733,-2.0883
MZI,68,208,-0.749667,-1.7897
MZI,67,209,-0.532747,-1.2718
MZI,66,210,-0.445120,-1.0626
MZI,65,211,-0.544801,-1.3006
MZI,64,212,-0.744335,-1.7770
MZI,63,213,-0.508904,-1.2149
MZI,62,214,-0.599426,-1.4310
MZI,61,215,-0.416218,-0.9936
MZI,60,216,-0.462537,-1.1042
MZI,59,217,-1.014308,-2.4215
MZI,58,218,-0.453225,-1.0820
MZI,57,219,0.694992,1.6592
MZI,56,220,-0.710131,-1.6953
MZI,55,221,-1.421961,-3.3947
MZI,54,222,-0.001916,-0.0046
MZI,53,223,-0.584706,-1.3959
MZI,52,224,-0.467989,-1.1172
MZI,51,225,-0.369456,-0.8820
MZI,50,226,-0.580126,-1.3849
MZI,49,227,-0.510708,-1.2192
MZI,48,228,-0.467603,-1.1163
MZI,47,229,-0.809588,-1.9327
MZI,46,230,-0.727955,-1.7379
MZI,45,231,-2.537737,-6.0584
MZI,44,232,0.531659,1.2692
MZI,43,233,0.540785,1.2910
MZI,42,234,-0.583327,-1.3926
MZI,41,235,-1.167831,-2.7880
MZI,40,236,0.123423,0.2946
MZI,39,237,-1.379762,-3.2939
MZI,38,238,-0.742883,-1.7735
MZI,37,239,-0.698227,-1.6669
MZI,36,240,-0.605317,-1.4451
MZI,35,241,-0.006768,-0.0162
MZI,34,242,-0.720254,-1.7195
MZI,33,243,-0.892811,-2.1314
MZI,32,244,-0.712184,-1.7002
MZI,31,245,-1.004119,-2.3972
MZI,30,246,-1.081128,-2.5810
MZI,29,247,-0.947004,-2.2608
MZI,28,248,-0.932265,-2.2256
MZI,27,249,-1.018144,-2.4306
MZI,26,250,-1.061743,-2.5347
MZI,25,251,-1.200983,-2.8671
MZI,24,252,-1.308197,-3.1231
MZI,23,253,-1.342407,-3.2048
MZI,22,254,-1.363060,-3.2541
MZI,21,255,-1.396181,-3.3331
MZI,254,24,-1.739970,-4.1539
MZI,253,25,2.678065,6.3934
MZI,252,26,-2.315379,-5.5276
MZI,251,27,-2.348715,-5.6071
MZI,250,28,1.093875,2.6114
MZI,249,29,1.823277,4.3528
MZI,248,30,-1.560978,-3.7266
MZI,247,31,2.320728,5.5403
MZI,246,32,-1.774194,-4.2356
MZI,245,33,1.205941,2.8790
MZI,244,34,-0.413983,-0.9883
MZI,243,35,0.980555,2.3409
MZI,242,36,-2.311673,-5.5187
MZI,241,37,-3.119846,-7.4481
MZI,240,38,0.496263,1.1847
MZI,239,39,0.927907,2.2152
MZI,238,40,1.557038,3.7172
MZI,237,41,0.869934,2.0768
MZI,236,42,-0.021521,-0.0514
MZI,235,43,-2.317045,-5.5315
MZI,234,44,3.096511,7.3924
MZI,233,45,-0.229039,-0.5468
MZI,232,46,1.395801,3.3322
MZI,231,47,1.090080,2.6024
MZI,230,48,0.662135,1.5807
MZI,229,49,1.769220,4.2237
MZI,228,50,1.389415,3.3170
MZI,227,51,0.130631,0.3119
MZI,226,52,1.792065,4.2782
MZI,225,53,1.467838,3.5042
MZI,224,54,-1.946336,-4.6465
MZI,223,55,1.950247,4.6559
MZI,222,56,1.096673,2.6181
MZI,221,57,1.659531,3.9618
MZI,220,58,0.306506,0.7317
MZI,219,59,0.968537,2.3122
MZI,218,60,0.672279,1.6049
MZI,217,61,-2.381180,-5.6846
MZI,216,62,1.539277,3.6748
MZI,215,63,0.238632,0.5697
MZI,214,64,2.292885,5.4739
MZI,213,65,-0.770635,-1.8398
MZI,212,66,-1.493293,-3.5650
MZI,211,67,0.693111,1.6547
MZI,210,68,-0.481215,-1.1488
MZI,209,69,0.176535,0.4214
MZI,208,70,2.939130,7.0167
MZI,207,71,-2.777048,-6.6297
MZI,206,72,0.669484,1.5983
MZI,205,73,0.546707,1.3052
MZI,204,74,-0.335597,-0.8012
MZI,203,75,-3.114233,-7.4347
MZI,202,76,0.248803,0.5940
MZI,201,77,-1.105592,-2.6394
MZI,200,78,0.550832,1.3150
MZI,199,79,1.314467,3.1381
MZI,198,80,-0.332968,-0.7949
MZI,197,81,0.383753,0.9161
MZI,196,82,2.257686,5.3898
MZI,195,83,2.035723,4.8599
MZI,194,84,-0.852533,-2.0353
MZI,193,85,-0.683824,-1.6325
MZI,192,86,-0.060425,-0.1443
MZI,191,87,-0.966964,-2.3085
MZI,190,88,2.622220,6.2601
MZI,189,89,1.487842,3.5520
MZI,188,90,-1.024403,-2.4456
MZI,187,91,-1.051673,-2.5107
MZI,186,92,-0.532627,-1.2716
MZI,185,93,0.846046,2.0198
MZI,184,94,1.152622,2.7517
MZI,183,95,1.222790,2.9192
MZI,182,96,1.719447,4.1049
MZI,181,97,2.135719,5.0987
MZI,180,98,1.169861,2.7928
MZI,179,99,0.933876,2.2295
MZI,178,100,1.024909,2.4468
MZI,177,101,0.641568,1.5316
MZI,176,102,-1.658477,-3.9593
MZI,175,103,3.007368,7.1796
MZI,174,104,0.053332,0.1273
MZI,173,105,1.731736,4.1342
MZI,172,106,-1.327678,-3.1696
MZI,171,107,1.910902,4.5619
MZI,170,108,-1.473405,-3.5175
MZI,169,109,2.153578,5.1413
MZI,168,110,-1.528268,-3.6485
MZI,167,111,1.966000,4.6935
MZI,166,112,2.738834,6.5385
MZI,165,113,-1.496521,-3.5727
MZI,164,114,-1.632636,-3.8976
MZI,163,115,0.068433,0.1634
MZI,162,116,-1.863610,-4.4490
MZI,161,117,0.805421,1.9228
MZI,160,118,-2.082604,-4.9718
MZI,159,119,-2.268010,-5.4145
MZI,158,120,-2.013094,-4.8059
MZI,157,121,2.618856,6.2521
MZI,156,122,-2.959268,-7.0647
MZI,155,123,2.340717,5.5881
MZI,154,124,1.946492,4.6469
MZI,153,125,1.341243,3.2020
MZI,152,126,-0.031921,-0.0762
MZI,151,127,-1.688544,-4.0311
MZI,150,128,-2.004055,-4.7843
MZI,149,129,1.009535,2.4101
MZI,148,130,2.809378,6.7069
MZI,147,131,-2.649422,-6.3250
MZI,146,132,-1.731848,-4.1345
MZI,145,133,0.979397,2.3381
MZI,144,134,2.626030,6.2692
MZI,143,135,-2.725962,-6.5078
MZI,142,136,-1.947733,-4.6499
MZI,141,137,-2.411491,-5.7570
MZI,140,138,-2.527480,-6.0339
MZI,139,139,-2.438955,-5.8226
MZI,138,140,-2.444952,-5.8369
MZI,137,141,-2.438954,-5.8226
MZI,136,142,-2.053507,-4.9024
MZI,135,143,-3.009107,-7.1837
MZI,134,144,-1.248908,-2.9815
MZI,133,145,-1.336114,-3.1897
MZI,132,146,3.117773,7.4431
MZI,131,147,-2.523364,-6.0241
MZI,130,148,-1.752487,-4.1838
MZI,129,149,-0.350713,-0.8373
MZI,128,150,-1.458727,-3.4825
MZI,127,151,-2.053309,-4.9019
MZI,126,152,-0.324130,-0.7738
MZI,125,153,-2.244065,-5.3573
MZI,124,154,-2.527142,-6.0331
MZI,123,155,-2.267374,-5.4130
MZI,122,156,-2.734254,-6.5276
MZI,121,157,-1.235668,-2.9499
MZI,120,158,-2.006163,-4.7894
MZI,119,159,-2.034861,-4.8579
MZI,118,160,-0.979367,-2.3381
MZI,117,161,-1.571795,-3.7524
MZI,116,162,-1.119124,-2.6717
MZI,115,163,-0.504778,-1.2051
MZI,114,164,-2.138884,-5.1062
MZI,113,165,-1.540877,-3.6786
MZI,112,166,-1.079346,-2.5767
MZI,111,167,-2.811363,-6.7116
MZI,110,168,-1.371813,-3.2750
MZI,109,169,-1.403676,-3.3510
MZI,108,170,-1.751454,-4.1813
MZI,107,171,-2.089091,-4.9873
MZI,106,172,-1.983180,-4.7345
MZI,105,173,2.102577,5.0195
MZI,104,174,-2.182340,-5.2100
MZI,103,175,-1.810882,-4.3232
MZI,102,176,-2.541320,-6.0670
MZI,101,177,-1.179144,-2.8150
MZI,100,178,-1.584770,-3.7834
MZI,99,179,-1.998485,-4.7710
MZI,98,180,-1.918195,-4.5794
MZI,97,181,3.038897,7.2548
MZI,96,182,-1.753360,-4.1858
MZI,95,183,-1.462047,-3.4904
MZI,94,184,-1.964838,-4.6907
MZI,93,185,2.380098,5.6821
MZI,92,186,-0.816275,-1.9487
MZI,91,187,-1.211680,-2.8927
MZI,90,188,-1.259827,-3.0076
MZI,89,189,-1.209905,-2.8884
MZI,88,190,-1.145590,-2.7349
MZI,87,191,-1.134434,-2.7083
MZI,86,192,-1.276425,-3.0472
MZI,85,193,-1.277396,-3.0496
MZI,84,194,-1.195217,-2.8534
MZI,83,195,-1.194913,-2.8526
MZI,82,196,-1.101632,-2.6300
MZI,81,197,-1.265494,-3.0211
MZI,80,198,-1.670643,-3.9884
MZI,79,199,-1.229369,-2.9349
MZI,78,200,-2.169007,-5.1781
MZI,77,201,-1.438174,-3.4334
MZI,76,202,-1.135561,-2.7110
MZI,75,203,-0.608233,-1.4520
MZI,74,204,-1.343021,-3.2062
MZI,73,205,-0.999462,-2.3860
MZI,72,206,-0.877368,-2.0946
MZI,71,207,-1.139293,-2.7199
MZI,70,208,-2.206577,-5.2678
MZI,69,209,-2.950533,-7.0439
MZI,68,210,2.048309,4.8900
MZI,67,211,-0.892583,-2.1309
MZI,66,212,-0.839414,-2.0040
MZI,65,213,-1.400242,-3.3428
MZI,64,214,-0.683678,-1.6322
MZI,63,215,-0.915961,-2.1867
MZI,62,216,-0.883212,-2.1085
MZI,61,217,-0.906170,-2.1633
MZI,60,218,-1.127692,-2.6922
MZI,59,219,-0.629634,-1.5031
MZI,58,220,-0.693789,-1.6563
MZI,57,221,-1.000677,-2.3889
MZI,56,222,-0.967157,-2.3089
MZI,55,223,-0.480491,-1.1471
MZI,54,224,-1.351674,-3.2269
MZI,53,225,-0.747926,-1.7855
MZI,52,226,-0.891030,-2.1272
MZI,51,227,-0.895916,-2.1388
MZI,50,228,-0.785141,-1.8744
MZI,49,229,-0.826351,-1.9728
MZI,48,230,0.708187,1.6907
MZI,47,231,-1.096422,-2.6175
MZI,46,232,-1.830229,-4.3694
MZI,45,233,-0.846374,-2.0206
MZI,44,234,-0.537299,-1.2827
MZI,43,235,-0.969054,-2.3134
MZI,42,236,-3.026891,-7.2262
MZI,41,237,-0.676164,-1.6142
MZI,40,238,-1.804549,-4.3080
MZI,39,239,-1.178616,-2.8137
MZI,38,240,-1.941679,-4.6354
MZI,37,241,-0.961979,-2.2966
MZI,36,242,-0.693656,-1.6560
MZI,35,243,-1.021172,-2.4379
MZI,34,244,-1.553268,-3.7082
MZI,33,245,-0.992096,-2.3685
MZI,32,246,-1.340387,-3.1999
MZI,31,247,-1.415848,-3.3801
MZI,30,248,-1.183887,-2.8263
MZI,29,249,-1.197256,-2.8582
MZI,28,250,-1.377221,-3.2879
MZI,27,251,-1.417107,-3.3831
MZI,26,252,-1.484736,-3.5445
MZI,25,253,-1.571278,-3.7511
MZI,24,254,-1.579870,-3.7717
MZI,23,255,-1.566391,-3.7395
MZI,254,26,-0.515980,-1.2318
MZI,253,27,-1.219877,-2.9122
MZI,252,28,2.741528,6.5449
MZI,251,29,2.106188,5.0282
MZI,250,30,3.007218,7.1792
MZI,249,31,2.817830,6.7271
MZI,248,32,-0.465150,-1.1105
MZI,247,33,-0.930629,-2.2217
MZI,246,34,-2.571049,-6.1379
MZI,245,35,0.121951,0.2911
MZI,244,36,-1.505792,-3.5948
MZI,243,37,1.304086,3.1133
MZI,242,38,2.789231,6.6588
MZI,241,39,-0.860709,-2.0548
MZI,240,40,0.609660,1.4555
MZI,239,41,0.033299,0.0795
MZI,238,42,-0.539937,-1.2890
MZI,237,43,-1.920636,-4.5852
MZI,236,44,-1.117894,-2.6688
MZI,235,45,-2.175625,-5.1939
MZI,234,46,0.838203,2.0011
MZI,233,47,0.661605,1.5795
MZI,232,48,2.252765,5.3781
MZI,231,49,1.756904,4.1943
MZI,230,50,-2.946259,-7.0337
MZI,229,51,-0.965416,-2.3048
MZI,228,52,2.622385,6.2605
MZI,227,53,-0.646896,-1.5444
MZI,226,54,-2.488254,-5.9403
MZI,225,55,0.890466,2.1258
MZI,224,56,2.810983,6.7107
MZI,223,57,2.743667,6.5500
MZI,222,58,-3.015506,-7.1990
MZI,221,59,1.994632,4.7618
MZI,220,60,-0.591433,-1.4119
MZI,219,61,-1.863926,-4.4498
MZI,218,62,1.973875,4.7123
MZI,217,63,2.962618,7.0727
MZI,216,64,2.459081,5.8706
MZI,215,65,1.446599,3.4535
MZI,214,66,-0.639617,-1.5270
MZI,213,67,-1.909174,-4.5578
MZI,212,68,1.083192,2.5859
MZI,211,69,1.144159,2.7315
MZI,210,70,1.883736,4.4971
MZI,209,71,-2.058122,-4.9134
MZI,208,72,-0.079929,-0.1908
MZI,207,73,2.393962,5.7152
MZI,206,74,1.049393,2.5052
MZI,205,75,-2.438336,-5.8211
MZI,204,76,2.861139,6.8305
MZI,203,77,1.070460,2.5555
MZI,202,78,-0.420289,-1.0034
MZI,201,79,0.770376,1.8391
MZI,200,80,2.868659,6.8484
MZI,199,81,0.929978,2.2202
MZI,198,82,2.992847,7.1449
MZI,197,83,-1.388354,-3.3145
MZI,196,84,-2.709242,-6.4678
MZI,195,85,0.001884,0.0045
MZI,194,86,2.866176,6.8425
MZI,193,87,1.411168,3.3689
MZI,192,88,-1.919958,-4.5836
MZI,191,89,1.294768,3.0910
MZI,190,90,1.795117,4.2855
MZI,189,91,1.373582,3.2792
MZI,188,92,-1.675482,-3.9999
MZI,187,93,2.469007,5.8943
MZI,186,94,1.890577,4.5134
MZI,185,95,-2.739547,-6.5402
MZI,184,96,-1.108593,-2.6466
MZI,183,97,1.759579,4.2007
MZI,182,98,2.699136,6.4437
MZI,181,99,0.332149,0.7929
MZI,180,100,1.256225,2.9990
MZI,179,101,2.301869,5.4953
MZI,178,102,-1.892700,-4.5185
MZI,177,103,-0.646440,-1.5433
MZI,176,104,2.063307,4.9258
MZI,175,105,1.637560,3.9094
MZI,174,106,2.059548,4.9168
MZI,173,107,1.650162,3.9395
MZI,172,108,-2.560500,-6.1127
MZI,171,109,-2.645972,-6.3168
MZI,170,110,0.584336,1.3950
MZI,169,111,2.322761,5.5452
MZI,168,112,0.750082,1.7907
MZI,167,113,-0.494774,-1.1812
MZI,166,114,2.429805,5.8007
MZI,165,115,0.335555,0.8011
MZI,164,116,-2.198688,-5.2490
MZI,163,117,1.869220,4.4624
MZI,162,118,1.724902,4.1179
MZI,161,119,-0.708771,-1.6921
MZI,160,120,2.447159,5.8422
MZI,159,121,-1.331325,-3.1783
MZI,158,122,0.606778,1.4486
MZI,157,123,-1.820764,-4.3468
MZI,156,124,3.054488,7.2921
MZI,155,125,0.481739,1.1501
MZI,154,126,2.880514,6.8767
MZI,153,127,2.850138,6.8042
MZI,152,128,1.708283,4.0782
MZI,151,129,2.998333,7.1580
MZI,150,130,1.275433,3.0449
MZI,149,131,0.046504,0.1110
MZI,148,132,1.848428,4.4128
MZI,147,133,-3.091553,-7.3805
MZI,146,134,0.835263,1.9940
MZI,145,135,0.580792,1.3865
MZI,144,136,0.693720,1.6561
MZI,143,137,1.717222,4.0996
MZI,142,138,2.467138,5.8899
MZI,141,139,2.705569,6.4591
MZI,140,140,2.817877,6.7272
MZI,139,141,2.902069,6.9282
MZI,138,142,3.050595,7.2828
MZI,137,143,-2.988561,-7.1347
MZI,136,144,-0.623007,-1.4873
MZI,135,145,-2.397918,-5.7246
MZI,134,146,-2.020700,-4.8241
MZI,133,147,2.265301,5.4080
MZI,132,148,2.851134,6.8066
MZI,131,149,-0.374829,-0.8948
MZI,130,150,-1.899912,-4.5357
MZI,129,151,-2.026697,-4.8384
MZI,128,152,-2.531774,-6.0442
MZI,127,153,1.777824,4.2442
MZI,126,154,-2.832613,-6.7624
MZI,125,155,-1.376721,-3.2867
MZI,124,156,2.272648,5.4255
MZI,123,157,2.877797,6.8702
MZI,122,158,0.033604,0.0802
MZI,121,159,0.287746,0.6869
MZI,120,160,1.640064,3.9154
MZI,119,161,-1.899398,-4.5345
MZI,118,162,2.544637,6.0749
MZI,117,163,-2.974414,-7.1009
MZI,116,164,2.801976,6.6892
MZI,115,165,1.352492,3.2288
MZI,114,166,-2.570900,-6.1376
MZI,113,167,-2.448946,-5.8464
MZI,112,168,2.558681,6.1084
MZI,111,169,-2.647535,-6.3205
MZI,110,170,-2.992302,-7.1436
MZI,109,171,2.899360,6.9217
MZI,108,172,2.499012,5.9660
MZI,107,173,2.942543,7.0248
MZI,106,174,2.659070,6.3481
MZI,105,175,-3.041128,-7.2602
MZI,104,176,-0.510794,-1.2194
MZI,103,177,2.726890,6.5100
MZI,102,178,-2.592457,-6.1890
MZI,101,179,1.255067,2.9963
MZI,100,180,1.972375,4.7087
MZI,99,181,2.414701,5.7647
MZI,98,182,-1.983077,-4.7342
MZI,97,183,-3.124497,-7.4592
MZI,96,184,2.426142,5.7920
MZI,95,185,1.928522,4.6040
MZI,94,186,2.436246,5.8161
MZI,93,187,-2.943947,-7.0282
MZI,92,188,-2.808848,-6.7056
MZI,91,189,-2.675475,-6.3872
MZI,90,190,-2.550957,-6.0900
MZI,89,191,-2.437503,-5.8191
MZI,88,192,-2.268744,-5.4162
MZI,87,193,-2.727255,-6.5108
MZI,86,194,-2.811346,-6.7116
MZI,85,195,-2.730642,-6.5189
MZI,84,196,-2.717251,-6.4870
MZI,83,197,-2.735461,-6.5304
MZI,82,198,-3.007833,-7.1807
MZI,81,199,2.951284,7.0457
MZI,80,200,-2.669302,-6.3725
MZI,79,201,2.439148,5.8230
MZI,78,202,-3.121489,-7.4520
MZI,77,203,-2.866169,-6.8425
MZI,76,204,-1.422837,-3.3968
MZI,75,205,2.907999,6.9423
MZI,74,206,-2.865691,-6.8413
MZI,73,207,-2.716349,-6.4848
MZI,72,208,-2.914048,-6.9568
MZI,71,209,2.944476,7.0294
MZI,70,210,2.718785,6.4906
MZI,69,211,-2.672960,-6.3812
MZI,68,212,-2.011032,-4.8010
MZI,67,213,-1.320090,-3.1515
MZI,66,214,2.580067,6.1595
MZI,65,215,-0.998139,-2.3829
MZI,64,216,-0.159606,-0.3810
MZI,63,217,-2.603535,-6.2155
MZI,62,218,-2.446678,-5.8410
MZI,61,219,-2.673322,-6.3821
MZI,60,220,-2.464551,-5.8837
MZI,59,221,-2.562447,-6.1174
MZI,58,222,-2.701662,-6.4497
MZI,57,223,-2.737145,-6.5345
MZI,56,224,-2.098235,-5.0092
MZI,55,225,2.322138,5.5437
MZI,54,226,-2.459986,-5.8728
MZI,53,227,-2.814650,-6.7195
MZI,52,228,-1.172653,-2.7995
MZI,51,229,-2.515484,-6.0053
MZI,50,230,-2.661491,-6.3538
MZI,49,231,-2.271400,-5.4226
MZI,48,232,-2.878526,-6.8720
MZI,47,233,-3.106094,-7.4153
MZI,46,234,-2.866661,-6.8436
MZI,45,235,-2.787632,-6.6550
MZI,44,236,-2.898261,-6.9191
MZI,43,237,-3.113508,-7.4330
MZI,42,238,-2.975179,-7.1027
MZI,41,239,2.995923,7.1522
MZI,40,240,-3.039289,-7.2558
MZI,39,241,1.323274,3.1591
MZI,38,242,-2.705556,-6.4590
MZI,37,243,-2.744467,-6.5519
MZI,36,244,-2.832158,-6.7613
MZI,35,245,1.653528,3.9475
MZI,34,246,-2.705523,-6.4590
MZI,33,247,-3.130987,-7.4747
MZI,32,248,3.071072,7.3316
MZI,31,249,-2.954357,-7.0530
MZI,30,250,-3.019072,-7.2075
MZI,29,251,3.064152,7.3151
MZI,28,252,3.024547,7.2206
MZI,27,253,2.987991,7.1333
MZI,26,254,2.905741,6.9369
MZI,25,255,2.891450,6.9028
MZI,254,28,1.226869,2.9289
MZI,253,29,2.321394,5.5419
MZI,252,30,0.564106,1.3467
MZI,251,31,-0.766186,-1.8291
MZI,250,32,1.734955,4.1419
MZI,249,33,2.770898,6.6150
MZI,248,34,0.152225,0.3634
MZI,247,35,-2.964480,-7.0772
MZI,246,36,-2.931051,-6.9974
MZI,245,37,-2.792289,-6.6661
MZI,244,38,3.056029,7.2957
MZI,243,39,-1.807222,-4.3144
MZI,242,40,0.268668,0.6414
MZI,241,41,0.958597,2.2885
MZI,240,42,1.426100,3.4046
MZI,239,43,0.238859,0.5702
MZI,238,44,-2.046514,-4.8857
MZI,237,45,-2.794578,-6.6716
MZI,236,46,-2.574035,-6.1451
MZI,235,47,-1.087301,-2.5957
MZI,234,48,1.306860,3.1199
MZI,233,49,2.793834,6.6698
MZI,232,50,-2.859934,-6.8276
MZI,231,51,2.138798,5.1060
MZI,230,52,1.293576,3.0882
MZI,229,53,-1.658849,-3.9602
MZI,228,54,1.588342,3.7919
MZI,227,55,0.899276,2.1469
MZI,226,56,-0.906973,-2.1652
MZI,225,57,0.302769,0.7228
MZI,224,58,1.984707,4.7381
MZI,223,59,-0.859281,-2.0514
MZI,222,60,-2.631971,-6.2834
MZI,221,61,0.548663,1.3098
MZI,220,62,0.598601,1.4291
MZI,219,63,-1.695148,-4.0469
MZI,218,64,-2.005409,-4.7876
MZI,217,65,-1.959427,-4.6778
MZI,216,66,-0.380240,-0.9078
MZI,215,67,0.735435,1.7557
MZI,214,68,2.528771,6.0370
MZI,213,69,3.028721,7.2305
MZI,212,70,-1.865960,-4.4547
MZI,211,71,0.753265,1.7983
MZI,210,72,-1.952822,-4.6620
MZI,209,73,0.225391,0.5381
MZI,208,74,0.900139,2.1489
MZI,207,75,-0.635456,-1.5170
MZI,206,76,0.372817,0.8900
MZI,205,77,3.031532,7.2372
MZI,204,78,-1.235790,-2.9502
MZI,203,79,1.199680,2.8640
MZI,202,80,-1.531784,-3.6569
MZI,201,81,0.146890,0.3507
MZI,200,82,-0.277826,-0.6633
MZI,199,83,0.642672,1.5343
MZI,198,84,2.636330,6.2938
MZI,197,85,-0.637590,-1.5221
MZI,196,86,1.386779,3.3107
MZI,195,87,0.594512,1.4193
MZI,194,88,-0.511065,-1.2201
MZI,193,89,1.844842,4.4042
MZI,192,90,1.500131,3.5813
MZI,191,91,2.273166,5.4268
MZI,190,92,-0.582957,-1.3917
MZI,189,93,3.064061,7.3149
MZI,188,94,-2.578300,-6.1552
MZI,187,95,-1.124323,-2.6841
MZI,186,96,3.029325,7.2320
MZI,185,97,1.878930,4.4856
MZI,184,98,-0.684797,-1.6348
MZI,183,99,2.705581,6.4591
MZI,182,100,1.544294,3.6867
MZI,181,101,-0.475354,-1.1348
MZI,180,102,2.776680,6.6288
MZI,179,103,2.747389,6.5589
MZI,178,104,1.785848,4.2634
MZI,177,105,0.660081,1.5758
MZI,176,106,-0.184083,-0.4395
MZI,175,107,2.264283,5.4056
MZI,174,108,0.921889,2.2008
MZI,173,109,2.437098,5.8181
MZI,172,110,1.645625,3.9286
MZI,171,111,1.997610,4.7689
MZI,170,112,2.869465,6.8503
MZI,169,113,-0.213081,-0.5087
MZI,168,114,1.661584,3.9667
MZI,167,115,2.360925,5.6363
MZI,166,116,1.654921,3.9508
MZI,165,117,3.024750,7.2211
MZI,164,118,2.540187,6.0642
MZI,163,119,2.198418,5.2483
MZI,162,120,2.039758,4.8696
MZI,161,121,-2.062496,-4.9238
MZI,160,122,1.198139,2.8603
MZI,159,123,0.496895,1.1863
MZI,158,124,1.728689,4.1269
MZI,157,125,-2.472035,-5.9015
MZI,156,126,0.471119,1.1247
MZI,155,127,-0.663283,-1.5835
MZI,154,128,1.710840,4.0843
MZI,153,129,2.876957,6.8682
MZI,152,130,2.579777,6.1588
MZI,151,131,0.252676,0.6032
MZI,150,132,1.303055,3.1108
MZI,149,133,0.681089,1.6260
MZI,148,134,-3.007085,-7.1789
MZI,147,135,0.922469,2.2022
MZI,146,136,0.423567,1.0112
MZI,145,137,-2.130886,-5.0871
MZI,144,138,-3.126960,-7.4651
MZI,143,139,-3.065787,-7.3190
MZI,142,140,-2.987070,-7.1311
MZI,141,141,-3.076418,-7.3444
MZI,140,142,-2.822645,-6.7386
MZI,139,143,-0.464130,-1.1080
MZI,138,144,0.096359,0.2300
MZI,137,145,-2.014938,-4.8103
MZI,136,146,-2.139898,-5.1086
MZI,135,147,-1.132713,-2.7042
MZI,134,148,2.408110,5.7489
MZI,133,149,0.544181,1.2991
MZI,132,150,2.347897,5.6052
MZI,131,151,-2.104798,-5.0248
MZI,130,152,-0.516680,-1.2335
MZI,129,153,0.988564,2.3600
MZI,128,154,0.966915,2.3083
MZI,127,155,3.127388,7.4661
MZI,126,156,2.065293,4.9305
MZI,125,157,0.324643,0.7750
MZI,124,158,-2.886664,-6.8914
MZI,123,159,2.636792,6.2949
MZI,122,160,2.630260,6.2793
MZI,121,161,1.831971,4.3735
MZI,120,162,-2.448522,-5.8454
MZI,119,163,2.508979,5.9897
MZI,118,164,2.131580,5.0888
MZI,117,165,2.072388,4.9475
MZI,116,166,1.831197,4.3717
MZI,115,167,-2.006294,-4.7897
MZI,114,168,-2.876635,-6.8675
MZI,113,169,-2.638822,-6.2997
MZI,112,170,2.895566,6.9127
MZI,111,171,2.822707,6.7387
MZI,110,172,2.762146,6.5941
MZI,109,173,2.741190,6.5441
MZI,108,174,-2.212782,-5.2826
MZI,107,175,2.804017,6.6941
MZI,106,176,-2.583774,-6.1683
MZI,105,177,-2.738482,-6.5376
MZI,104,178,2.148479,5.1291
MZI,103,179,-1.496866,-3.5735
MZI,102,180,1.977899,4.7219
MZI,101,181,2.029435,4.8449
MZI,100,182,2.042359,4.8758
MZI,99,183,-2.697187,-6.4391
MZI,98,184,-2.696884,-6.4383
MZI,97,185,1.308222,3.1231
MZI,96,186,2.287560,5.4611
MZI,95,187,2.943535,7.0272
MZI,94,188,-2.257830,-5.3902
MZI,93,189,-1.638735,-3.9122
MZI,92,190,-1.723684,-4.1150
MZI,91,191,-1.910994,-4.5622
MZI,90,192,-2.050307,-4.8947
MZI,89,193,-2.035326,-4.8590
MZI,88,194,-1.446197,-3.4525
MZI,87,195,-2.125925,-5.0753
MZI,86,196,-2.177256,-5.1978
MZI,85,197,-2.068684,-4.9386
MZI,84,198,-2.277976,-5.4383
MZI,83,199,1.967292,4.6966
MZI,82,200,2.420130,5.7776
MZI,81,201,-0.609541,-1.4552
MZI,80,202,-3.012964,-7.1929
MZI,79,203,-3.065726,-7.3189
MZI,78,204,-2.809047,-6.7061
MZI,77,205,-2.386012,-5.6962
MZI,76,206,2.722247,6.4989
MZI,75,207,3.057550,7.2994
MZI,74,208,-2.599757,-6.2065
MZI,73,209,-2.856904,-6.8204
MZI,72,210,-3.005887,-7.1760
MZI,71,211,-3.028281,-7.2295
MZI,70,212,-2.723443,-6.5017
MZI,69,213,-1.201600,-2.8686
MZI,68,214,-1.826372,-4.3601
MZI,67,215,2.027384,4.8400
MZI,66,216,-2.300446,-5.4919
MZI,65,217,-2.512268,-5.9976
MZI,64,218,-2.003204,-4.7823
MZI,63,219,-0.833329,-1.9894
MZI,62,220,-2.463300,-5.8807
MZI,61,221,-2.598449,-6.2033
MZI,60,222,-2.701213,-6.4487
MZI,59,223,-2.489710,-5.9437
MZI,58,224,-2.792186,-6.6659
MZI,57,225,-2.340941,-5.5886
MZI,56,226,2.975695,7.1039
MZI,55,227,-2.012178,-4.8037
MZI,54,228,-3.012149,-7.1910
MZI,53,229,-1.710682,-4.0840
MZI,52,230,-2.445075,-5.8372
MZI,51,231,-2.679744,-6.3974
MZI,50,232,-2.307064,-5.5077
MZI,49,233,-2.784740,-6.6481
MZI,48,234,-3.100526,-7.4020
MZI,47,235,-2.942812,-7.0254
MZI,46,236,-2.928696,-6.9917
MZI,45,237,-3.028669,-7.2304
MZI,44,238,-2.961853,-7.0709
MZI,43,239,3.089725,7.3762
MZI,42,240,3.075599,7.3425
MZI,41,241,3.083593,7.3615
MZI,40,242,3.089527,7.3757
MZI,39,243,-2.591692,-6.1872
MZI,38,244,-2.962696,-7.0729
MZI,37,245,-2.938964,-7.0163
MZI,36,246,2.549948,6.0876
MZI,35,247,-2.826628,-6.7481
MZI,34,248,3.099827,7.4003
MZI,33,249,3.010378,7.1867
MZI,32,250,-3.069305,-7.3274
MZI,31,251,3.131842,7.4767
MZI,30,252,2.971184,7.0932
MZI,29,253,2.938726,7.0157
MZI,28,254,2.928516,6.9913
MZI,27,255,2.859682,6.8270
MZI,254,30,2.421949,5.7820
MZI,253,31,2.945729,7.0324
MZI,252,32,0.535895,1.2794
MZI,251,33,-2.904577,-6.9342
MZI,250,34,-0.975677,-2.3293
MZI,249,35,-1.810996,-4.3234
MZI,248,36,2.310322,5.5155
MZI,247,37,0.920383,2.1973
MZI,246,38,0.953576,2.2765
MZI,245,39,-0.889589,-2.1237
MZI,244,40,2.539553,6.0627
MZI,243,41,0.836300,1.9965
MZI,242,42,-0.767580,-1.8325
MZI,241,43,-1.975027,-4.7150
MZI,240,44,-0.381109,-0.9098
MZI,239,45,0.934226,2.2303
MZI,238,46,1.297983,3.0987
MZI,237,47,2.494968,5.9563
MZI,236,48,1.784738,4.2607
MZI,235,49,-1.562304,-3.7297
MZI,234,50,-2.217230,-5.2932
MZI,233,51,0.104486,0.2494
MZI,232,52,0.661012,1.5780
MZI,231,53,0.484551,1.1568
MZI,230,54,-1.710892,-4.0845
MZI,229,55,2.995989,7.1524
MZI,228,56,-0.282190,-0.6737
MZI,227,57,0.355985,0.8499
MZI,226,58,1.658200,3.9587
MZI,225,59,0.525774,1.2552
MZI,224,60,-1.884604,-4.4992
MZI,223,61,0.549334,1.3114
MZI,222,62,-2.217605,-5.2941
MZI,221,63,-2.581186,-6.1621
MZI,220,64,-2.795777,-6.6744
MZI,219,65,1.306028,3.1179
MZI,218,66,0.853510,2.0376
MZI,217,67,-1.586940,-3.7885
MZI,216,68,2.765866,6.6030
MZI,215,69,2.869294,6.8499
MZI,214,70,-0.896517,-2.1403
MZI,213,71,-0.553568,-1.3215
MZI,212,72,-0.696516,-1.6628
MZI,211,73,0.945085,2.2562
MZI,210,74,-2.044760,-4.8815
MZI,209,75,2.185256,5.2169
MZI,208,76,-1.733208,-4.1377
MZI,207,77,-0.875189,-2.0894
MZI,206,78,-1.100524,-2.6273
MZI,205,79,-0.696692,-1.6632
MZI,204,80,-1.888328,-4.5081
MZI,203,81,-0.108965,-0.2601
MZI,202,82,-1.694839,-4.0461
MZI,201,83,-1.740287,-4.1546
MZI,200,84,-2.440015,-5.8251
MZI,199,85,-2.757848,-6.5839
MZI,198,86,1.575229,3.7606
MZI,197,87,-2.103509,-5.0218
MZI,196,88,-2.073248,-4.9495
MZI,195,89,-0.954513,-2.2787
MZI,194,90,-3.015843,-7.1998
MZI,193,91,1.316096,3.1419
MZI,192,92,2.050489,4.8952
MZI,191,93,1.097427,2.6199
MZI,190,94,1.922148,4.5888
MZI,189,95,0.323036,0.7712
MZI,188,96,0.701896,1.6757
MZI,187,97,1.765519,4.2149
MZI,186,98,2.184534,5.2152
MZI,185,99,0.911698,2.1765
MZI,184,100,-2.975278,-7.1030
MZI,183,101,-1.891455,-4.5155
MZI,182,102,-0.973206,-2.3234
MZI,181,103,3.098054,7.3961
MZI,180,104,-2.718689,-6.4904
MZI,179,105,-1.420211,-3.3905
MZI,178,106,3.137701,7.4907
MZI,177,107,2.983207,7.1219
MZI,176,108,0.403962,0.9644
MZI,175,109,0.392985,0.9382
MZI,174,110,2.156056,5.1472
MZI,173,111,1.945808,4.6453
MZI,172,112,2.797286,6.6780
MZI,171,113,1.211881,2.8932
MZI,170,114,-0.830344,-1.9823
MZI,169,115,0.790941,1.8882
MZI,168,116,2.538911,6.0612
MZI,167,117,-1.080581,-2.5797
MZI,166,118,1.207652,2.8831
MZI,165,119,3.101905,7.4053
MZI,164,120,-1.260246,-3.0086
MZI,163,121,0.911125,2.1752
MZI,162,122,2.606110,6.2216
MZI,161,123,-0.793199,-1.8936
MZI,160,124,-1.544886,-3.6881
MZI,159,125,-1.100951,-2.6283
MZI,158,126,2.789787,6.6601
MZI,157,127,-0.341625,-0.8156
MZI,156,128,2.251894,5.3760
MZI,155,129,1.107714,2.6445
MZI,154,130,2.664274,6.3605
MZI,153,131,-0.454833,-1.0858
MZI,152,132,0.132443,0.3162
MZI,151,133,0.795364,1.8988
MZI,150,134,-2.928103,-6.9903
MZI,149,135,1.086315,2.5934
MZI,148,136,-0.045047,-0.1075
MZI,147,137,-0.152078,-0.3631
MZI,146,138,1.541767,3.6807
MZI,145,139,1.527233,3.6460
MZI,144,140,1.607215,3.8369
MZI,143,141,0.600100,1.4326
MZI,142,142,-0.995664,-2.3770
MZI,141,143,-1.518472,-3.6251
MZI,140,144,2.126897,5.0776
MZI,139,145,1.401474,3.3458
MZI,138,146,0.885523,2.1140
MZI,137,147,-2.292350,-5.4726
MZI,136,148,2.269693,5.4185
MZI,135,149,-1.031421,-2.4623
MZI,134,150,0.575228,1.3733
MZI,133,151,-2.180536,-5.2056
MZI,132,152,2.200237,5.2527
MZI,131,153,1.039031,2.4805
MZI,130,154,0.010483,0.0250
MZI,129,155,-1.447597,-3.4559
MZI,128,156,-1.285581,-3.0691
MZI,127,157,-0.765353,-1.8271
MZI,126,158,0.329340,0.7862
MZI,125,159,2.525850,6.0300
MZI,124,160,2.237611,5.3419
MZI,123,161,2.426490,5.7928
MZI,122,162,2.194257,5.2384
MZI,121,163,1.863400,4.4485
MZI,120,164,1.872996,4.4714
MZI,119,165,0.325243,0.7765
MZI,118,166,0.324341,0.7743
MZI,117,167,0.677959,1.6185
MZI,116,168,1.160541,2.7706
MZI,115,169,3.016237,7.2007
MZI,114,170,2.422655,5.7837
MZI,113,171,-0.176936,-0.4224
MZI,112,172,-0.175946,-0.4200
MZI,111,173,0.434594,1.0375
MZI,110,174,1.860577,4.4418
MZI,109,175,1.778480,4.2458
MZI,108,176,0.878091,2.0963
MZI,107,177,2.550925,6.0899
MZI,106,178,2.167558,5.1747
MZI,105,179,2.425490,5.7904
MZI,104,180,1.139142,2.7195
MZI,103,181,0.813438,1.9419
MZI,102,182,0.401853,0.9594
MZI,101,183,0.044577,0.1064
MZI,100,184,2.349554,5.6091
MZI,99,185,-2.438765,-5.8221
MZI,98,186,1.649075,3.9369
MZI,97,187,1.596861,3.8122
MZI,96,188,2.112437,5.0431
MZI,95,189,3.112134,7.4297
MZI,94,190,2.624041,6.2644
MZI,93,191,2.560405,6.1125
MZI,92,192,2.599065,6.2048
MZI,91,193,2.641570,6.3063
MZI,90,194,2.576948,6.1520
MZI,89,195,1.838595,4.3893
MZI,88,196,2.785087,6.6489
MZI,87,197,3.052156,7.2865
MZI,86,198,-2.889665,-6.8986
MZI,85,199,-1.959413,-4.6778
MZI,84,200,0.763940,1.8238
MZI,83,201,0.758623,1.8111
MZI,82,202,2.326114,5.5532
MZI,81,203,1.956217,4.6701
MZI,80,204,1.727595,4.1243
MZI,79,205,-2.240813,-5.3495
MZI,78,206,2.402019,5.7344
MZI,77,207,1.708208,4.0780
MZI,76,208,-0.341967,-0.8164
MZI,75,209,2.826614,6.7480
MZI,74,210,2.310716,5.5164
MZI,73,211,2.138547,5.1054
MZI,72,212,1.778800,4.2466
MZI,71,213,2.176221,5.1953
MZI,70,214,2.375875,5.6720
MZI,69,215,2.257232,5.3887
MZI,68,216,1.333824,3.1843
MZI,67,217,2.172441,5.1863
MZI,66,218,2.130204,5.0855
MZI,65,219,-2.300581,-5.4922
MZI,64,220,2.432775,5.8078
MZI,63,221,-2.462265,-5.8782
MZI,62,222,2.384190,5.6918
MZI,61,223,2.151568,5.1365
MZI,60,224,-2.635516,-6.2918
MZI,59,225,2.215309,5.2887
MZI,58,226,2.126832,5.0774
MZI,57,227,1.837594,4.3869
MZI,56,228,3.034076,7.2433
MZI,55,229,-0.686900,-1.6399
MZI,54,230,2.109680,5.0365
MZI,53,231,2.665677,6.3638
MZI,52,232,2.332472,5.5684
MZI,51,233,-2.387489,-5.6997
MZI,50,234,2.851856,6.8083
MZI,49,235,1.783418,4.2576
MZI,48,236,2.028487,4.8427
MZI,47,237,1.998733,4.7716
MZI,46,238,1.850509,4.4178
MZI,45,239,2.117914,5.0561
MZI,44,240,1.608949,3.8411
MZI,43,241,1.831653,4.3728
MZI,42,242,1.664511,3.9737
MZI,41,243,1.846735,4.4088
MZI,40,244,2.477488,5.9146
MZI,39,245,1.900051,4.5360
MZI,38,246,1.924518,4.5944
MZI,37,247,1.678199,4.0064
MZI,36,248,1.976553,4.7187
MZI,35,249,1.741807,4.1583
MZI,34,250,1.640691,3.9169
MZI,33,251,1.780675,4.2510
MZI,32,252,1.717441,4.1001
MZI,31,253,1.612196,3.8488
MZI,30,254,1.600749,3.8215
MZI,29,255,1.639883,3.9149
MZI,254,32,-2.945391,-7.0316
MZI,253,33,-1.391558,-3.3221
MZI,252,34,-1.055517,-2.5199
MZI,251,35,1.742281,4.1594
MZI,250,36,0.755213,1.8029
MZI,249,37,1.056794,2.5229
MZI,248,38,2.129547,5.0839
MZI,247,39,1.666986,3.9796
MZI,246,40,1.408085,3.3616
MZI,245,41,-2.584164,-6.1692
MZI,244,42,-0.648058,-1.5471
MZI,243,43,-0.439701,-1.0497
MZI,242,44,0.585521,1.3978
MZI,241,45,-2.747346,-6.5588
MZI,240,46,-0.056328,-0.1345
MZI,239,47,1.569919,3.7479
MZI,238,48,0.217314,0.5188
MZI,237,49,2.297070,5.4839
MZI,236,50,2.783883,6.6460
MZI,235,51,-3.096965,-7.3935
MZI,234,52,1.566425,3.7396
MZI,233,53,2.131818,5.0893
MZI,232,54,0.639811,1.5274
MZI,231,55,1.969912,4.7028
MZI,230,56,-2.683123,-6.4055
MZI,229,57,-0.233542,-0.5575
MZI,228,58,0.534185,1.2753
MZI,227,59,-2.332251,-5.5678
MZI,226,60,-0.812627,-1.9400
MZI,225,61,1.169684,2.7924
MZI,224,62,0.576298,1.3758
MZI,223,63,1.331835,3.1795
MZI,222,64,-0.332102,-0.7928
MZI,221,65,-2.798377,-6.6806
MZI,220,66,-1.820885,-4.3470
MZI,219,67,-2.803602,-6.6931
MZI,218,68,2.805599,6.6979
MZI,217,69,2.039594,4.8692
MZI,216,70,-1.677571,-4.0049
MZI,215,71,1.838295,4.3886
MZI,214,72,2.141365,5.1121
MZI,213,73,-2.991795,-7.1424
MZI,212,74,-2.007534,-4.7926
MZI,211,75,-2.691008,-6.4243
MZI,210,76,0.875059,2.0890
MZI,209,77,-0.052192,-0.1246
MZI,208,78,-1.751671,-4.1818
MZI,207,79,2.038787,4.8672
MZI,206,80,-2.452353,-5.8546
MZI,205,81,1.420780,3.3919
MZI,204,82,-2.131107,-5.0876
MZI,203,83,-0.654395,-1.5623
MZI,202,84,0.602820,1.4391
MZI,201,85,2.043541,4.8786
MZI,200,86,1.660503,3.9642
MZI,199,87,2.413393,5.7616
MZI,198,88,-0.441831,-1.0548
MZI,197,89,0.339826,0.8113
MZI,196,90,0.771825,1.8426
MZI,195,91,2.911474,6.9506
MZI,194,92,2.854562,6.8148
MZI,193,93,-0.341894,-0.8162
MZI,192,94,-1.931728,-4.6117
MZI,191,95,1.770470,4.2267
MZI,190,96,2.609054,6.2287
MZI,189,97,0.550658,1.3146
MZI,188,98,-1.345682,-3.2126
MZI,187,99,0.137511,0.3283
MZI,186,100,0.149054,0.3558
MZI,185,101,-0.914329,-2.1828
MZI,184,102,-2.163544,-5.1651
MZI,183,103,1.235119,2.9486
MZI,182,104,2.435129,5.8134
MZI,181,105,1.879192,4.4862
MZI,180,106,1.674627,3.9979
MZI,179,107,1.835656,4.3823
MZI,178,108,0.992652,2.3698
MZI,177,109,-1.514377,-3.6153
MZI,176,110,-0.530157,-1.2657
MZI,175,111,1.627894,3.8863
MZI,174,112,1.928698,4.6044
MZI,173,113,-2.651329,-6.3296
MZI,172,114,-0.605534,-1.4456
MZI,171,115,-0.437812,-1.0452
MZI,170,116,-2.105986,-5.0277
MZI,169,117,1.190509,2.8421
MZI,168,118,-0.293925,-0.7017
MZI,167,119,-2.930858,-6.9969
MZI,166,120,1.344646,3.2101
MZI,165,121,2.416214,5.7683
MZI,164,122,-2.924823,-6.9825
MZI,163,123,2.763152,6.5965
MZI,162,124,-1.647535,-3.9332
MZI,161,125,0.342148,0.8168
MZI,160,126,-0.662609,-1.5819
MZI,159,127,2.417789,5.7720
MZI,158,128,2.897158,6.9165
MZI,157,129,2.586729,6.1754
MZI,156,130,-2.246233,-5.3625
MZI,155,131,2.966383,7.0817
MZI,154,132,1.556464,3.7158
MZI,153,133,2.906091,6.9378
MZI,152,134,1.305510,3.1167
MZI,151,135,0.945440,2.2571
MZI,150,136,0.653781,1.5608
MZI,149,137,0.440879,1.0525
MZI,148,138,-2.651204,-6.3293
MZI,147,139,2.383629,5.6905
MZI,146,140,2.430327,5.8020
MZI,145,141,2.792009,6.6654
MZI,144,142,-2.187281,-5.2217
MZI,143,143,-0.393156,-0.9386
MZI,142,144,-0.036529,-0.0872
MZI,141,145,0.636744,1.5201
MZI,140,146,-2.601632,-6.2109
MZI,139,147,-1.006996,-2.4040
MZI,138,148,2.183283,5.2122
MZI,137,149,2.608018,6.2262
MZI,136,150,1.343231,3.2067
MZI,135,151,2.772717,6.6194
MZI,134,152,0.057215,0.1366
MZI,133,153,1.495867,3.5711
MZI,132,154,2.554531,6.0985
MZI,131,155,2.611679,6.2349
MZI,130,156,-3.072057,-7.3340
MZI,129,157,1.872127,4.4694
MZI,128,158,1.864416,4.4510
MZI,127,159,1.405114,3.3545
MZI,126,160,1.247761,2.9788
MZI,125,161,2.848895,6.8012
MZI,124,162,3.039405,7.2560
MZI,123,163,-2.771383,-6.6162
MZI,122,164,1.014599,2.4222
MZI,121,165,2.154960,5.1446
MZI,120,166,1.089628,2.6013
MZI,119,167,0.296484,0.7078
MZI,118,168,-0.244015,-0.5825
MZI,117,169,-0.201638,-0.4814
MZI,116,170,3.118557,7.4450
MZI,115,171,2.188751,5.2253
MZI,114,172,1.594559,3.8067
MZI,113,173,1.600368,3.8206
MZI,112,174,1.876059,4.4788
MZI,111,175,-2.488613,-5.9411
MZI,110,176,2.512568,5.9983
MZI,109,177,0.467661,1.1165
MZI,108,178,3.007001,7.1787
MZI,107,179,2.980651,7.1158
MZI,106,180,2.298027,5.4861
MZI,105,181,0.987421,2.3573
MZI,104,182,1.632306,3.8968
MZI,103,183,2.270861,5.4213
MZI,102,184,2.771923,6.6175
MZI,101,185,2.858044,6.8231
MZI,100,186,2.963533,7.0749
MZI,99,187,2.911065,6.9497
MZI,98,188,3.109146,7.4225
MZI,97,189,3.068067,7.3245
MZI,96,190,2.377839,5.6767
MZI,95,191,2.760783,6.5909
MZI,94,192,2.993902,7.1474
MZI,93,193,-3.067197,-7.3224
MZI,92,194,-2.739962,-6.5412
MZI,91,195,-1.586119,-3.7866
MZI,90,196,1.932991,4.6147
MZI,89,197,2.845526,6.7932
MZI,88,198,3.129245,7.4705
MZI,87,199,3.114086,7.4343
MZI,86,200,2.890021,6.8994
MZI,85,201,2.491900,5.9490
MZI,84,202,1.980957,4.7292
MZI,83,203,-3.007240,-7.1793
MZI,82,204,0.317466,0.7579
MZI,81,205,0.485024,1.1579
MZI,80,206,-2.645663,-6.3161
MZI,79,207,-3.138966,-7.4937
MZI,78,208,2.881352,6.8787
MZI,77,209,-3.129967,-7.4722
MZI,76,210,-2.055572,-4.9073
MZI,75,211,-2.564741,-6.1229
MZI,74,212,-2.903940,-6.9326
MZI,73,213,1.877977,4.4833
MZI,72,214,2.727128,6.5105
MZI,71,215,-2.866769,-6.8439
MZI,70,216,2.822626,6.7385
MZI,69,217,2.289759,5.4664
MZI,68,218,2.695988,6.4362
MZI,67,219,2.661808,6.3546
MZI,66,220,-3.132857,-7.4791
MZI,65,221,2.880474,6.8766
MZI,64,222,-2.718733,-6.4905
MZI,63,223,-1.112898,-2.6568
MZI,62,224,-0.781357,-1.8654
MZI,61,225,-2.988645,-7.1349
MZI,60,226,3.111484,7.4281
MZI,59,227,2.487142,5.9376
MZI,58,228,2.552681,6.0941
MZI,57,229,3.098680,7.3976
MZI,56,230,2.637860,6.2974
MZI,55,231,2.732967,6.5245
MZI,54,232,-2.612152,-6.2361
MZI,53,233,-3.015635,-7.1993
MZI,52,234,3.141178,7.4990
MZI,51,235,-2.672549,-6.3802
MZI,50,236,2.178686,5.2012
MZI,49,237,3.123486,7.4568
MZI,48,238,2.861270,6.8308
MZI,47,239,2.526444,6.0314
MZI,46,240,3.028280,7.2295
MZI,45,241,2.167179,5.1738
MZI,44,242,2.704060,6.4555
MZI,43,243,2.562558,6.1177
MZI,42,244,2.649469,6.3251
MZI,41,245,3.111619,7.4284
MZI,40,246,2.608165,6.2265
MZI,39,247,2.600744,6.2088
MZI,38,248,2.497626,5.9626
MZI,37,249,2.611570,6.2347
MZI,36,250,2.442685,5.8315
MZI,35,251,2.324283,5.5488
MZI,34,252,2.423979,5.7868
MZI,33,253,2.371956,5.6626
MZI,32,254,2.288750,5.4640
MZI,31,255,2.256634,5.3873
MZI,254,34,-2.677198,-6.3913
MZI,253,35,1.389314,3.3167
MZI,252,36,-2.129165,-5.0830
MZI,251,37,1.661867,3.9674
MZI,250,38,-0.519396,-1.2400
MZI,249,39,2.113677,5.0460
MZI,248,40,2.174018,5.1901
MZI,247,41,-2.990729,-7.1398
MZI,246,42,2.246825,5.3639
MZI,245,43,2.473883,5.9060
MZI,244,44,1.921070,4.5862
MZI,243,45,0.053117,0.1268
MZI,242,46,1.826619,4.3607
MZI,241,47,1.970479,4.7042
MZI,240,48,-0.243214,-0.5806
MZI,239,49,-3.074507,-7.3398
MZI,238,50,-2.308050,-5.5101
MZI,237,51,-2.168400,-5.1767
MZI,236,52,-1.682031,-4.0156
MZI,235,53,-1.811853,-4.3255
MZI,234,54,-1.576009,-3.7624
MZI,233,55,-0.851485,-2.0328
MZI,232,56,-1.418590,-3.3866
MZI,231,57,-3.032144,-7.2387
MZI,230,58,-1.576895,-3.7646
MZI,229,59,-0.841515,-2.0090
MZI,228,60,2.407685,5.7479
MZI,227,61,0.368301,0.8793
MZI,226,62,-1.267868,-3.0268
MZI,225,63,0.103325,0.2467
MZI,224,64,-0.746141,-1.7813
MZI,223,65,-1.977429,-4.7208
MZI,222,66,-2.966185,-7.0812
MZI,221,67,0.475011,1.1340
MZI,220,68,2.806784,6.7007
MZI,219,69,-2.696238,-6.4368
MZI,218,70,-2.834898,-6.7678
MZI,217,71,-0.608620,-1.4530
MZI,216,72,-2.043887,-4.8794
MZI,215,73,-2.353518,-5.6186
MZI,214,74,1.622621,3.8737
MZI,213,75,0.954810,2.2794
MZI,212,76,0.685584,1.6367
MZI,211,77,-0.832769,-1.9881
MZI,210,78,1.012286,2.4167
MZI,209,79,-0.934745,-2.2315
MZI,208,80,-1.198545,-2.8613
MZI,207,81,-2.978176,-7.1099
MZI,206,82,-0.447119,-1.0674
MZI,205,83,2.952320,7.0481
MZI,204,84,0.740951,1.7689
MZI,203,85,-0.123996,-0.2960
MZI,202,86,-1.546558,-3.6921
MZI,201,87,-0.489764,-1.1692
MZI,200,88,-0.898502,-2.1450
MZI,199,89,1.363065,3.2541
MZI,198,90,-1.787791,-4.2680
MZI,197,91,1.480687,3.5349
MZI,196,92,-2.479021,-5.9182
MZI,195,93,-2.046611,-4.8859
MZI,194,94,-0.699942,-1.6710
MZI,193,95,2.993449,7.1463
MZI,192,96,0.037733,0.0901
MZI,191,97,3.125064,7.4605
MZI,190,98,1.030774,2.4608
MZI,189,99,2.531647,6.0439
MZI,188,100,-1.692885,-4.0415
MZI,187,101,1.367301,3.2642
MZI,186,102,2.420258,5.7779
MZI,185,103,-2.644268,-6.3127
MZI,184,104,-1.830299,-4.3695
MZI,183,105,2.642615,6.3088
MZI,182,106,-0.165229,-0.3945
MZI,181,107,-1.459128,-3.4834
MZI,180,108,1.516317,3.6199
MZI,179,109,0.471496,1.1256
MZI,178,110,0.838444,2.0016
MZI,177,111,2.747445,6.5590
MZI,176,112,0.210207,0.5018
MZI,175,113,1.682835,4.0175
MZI,174,114,1.052069,2.5116
MZI,173,115,2.547935,6.0827
MZI,172,116,-2.598220,-6.2028
MZI,171,117,-3.015337,-7.1986
MZI,170,118,-0.632199,-1.5093
MZI,169,119,-1.870171,-4.4647
MZI,168,120,0.232381,0.5548
MZI,167,121,0.486316,1.1610
MZI,166,122,-3.061353,-7.3084
MZI,165,123,2.924604,6.9820
MZI,164,124,2.423356,5.7853
MZI,163,125,1.036413,2.4743
MZI,162,126,2.259658,5.3945
MZI,161,127,1.152502,2.7514
MZI,160,128,1.648512,3.9355
MZI,159,129,1.719721,4.1055
MZI,158,130,-1.841536,-4.3963
MZI,157,131,3.034372,7.2440
MZI,156,132,2.458523,5.8693
MZI,155,133,2.323410,5.5467
MZI,154,134,1.504462,3.5916
MZI,153,135,1.174771,2.8046
MZI,152,136,-2.096923,-5.0060
MZI,151,137,1.627195,3.8846
MZI,150,138,-0.077817,-0.1858
MZI,149,139,-3.047287,-7.2749
MZI,148,140,-2.727357,-6.5111
MZI,147,141,3.110881,7.4267
MZI,146,142,2.871943,6.8563
MZI,145,143,2.556479,6.1031
MZI,144,144,2.430124,5.8015
MZI,143,145,2.217071,5.2929
MZI,142,146,1.448185,3.4573
MZI,141,147,-1.806334,-4.3123
MZI,140,148,2.829227,6.7543
MZI,139,149,1.240455,2.9614
MZI,138,150,-0.782655,-1.8685
MZI,137,151,-1.889628,-4.5112
MZI,136,152,1.800350,4.2980
MZI,135,153,1.505609,3.5944
MZI,134,154,-0.224220,-0.5353
MZI,133,155,-1.800522,-4.2984
MZI,132,156,-2.958750,-7.0635
MZI,131,157,2.456081,5.8635
MZI,130,158,-0.426251,-1.0176
MZI,129,159,2.888539,6.8959
MZI,128,160,2.033656,4.8550
MZI,127,161,1.488230,3.5529
MZI,126,162,-2.241750,-5.3518
MZI,125,163,-2.491605,-5.9483
MZI,124,164,-2.684430,-6.4086
MZI,123,165,1.509920,3.6047
MZI,122,166,-1.770998,-4.2279
MZI,121,167,1.386850,3.3109
MZI,120,168,2.986256,7.1292
MZI,119,169,-2.883721,-6.8844
MZI,118,170,-2.922705,-6.9774
MZI,117,171,-2.397797,-5.7243
MZI,116,172,3.077047,7.3459
MZI,115,173,-2.874820,-6.8631
MZI,114,174,-2.595092,-6.1953
MZI,113,175,-0.841409,-2.0087
MZI,112,176,-2.634889,-6.2903
MZI,111,177,-2.896916,-6.9159
MZI,110,178,-2.329567,-5.5614
MZI,109,179,-2.076283,-4.9568
MZI,108,180,-2.322900,-5.5455
MZI,107,181,-2.970407,-7.0913
MZI,106,182,2.528675,6.0368
MZI,105,183,1.543554,3.6850
MZI,104,184,-1.062297,-2.5360
MZI,103,185,-1.839051,-4.3904
MZI,102,186,-2.377416,-5.6757
MZI,101,187,-1.841293,-4.3958
MZI,100,188,-2.367600,-5.6522
MZI,99,189,-2.276567,-5.4349
MZI,98,190,-2.838119,-6.7755
MZI,97,191,2.673740,6.3831
MZI,96,192,-3.083388,-7.3610
MZI,95,193,-2.353438,-5.6184
MZI,94,194,-2.023590,-4.8310
MZI,93,195,-1.780900,-4.2516
MZI,92,196,-1.963507,-4.6875
MZI,91,197,-2.968341,-7.0864
MZI,90,198,-2.713726,-6.4785
MZI,89,199,-2.340966,-5.5886
MZI,88,200,-2.336603,-5.5782
MZI,87,201,-2.585846,-6.1733
MZI,86,202,-3.051639,-7.2853
MZI,85,203,3.060721,7.3069
MZI,84,204,-1.691437,-4.0380
MZI,83,205,3.090473,7.3780
MZI,82,206,-2.680328,-6.3988
MZI,81,207,-2.429213,-5.7993
MZI,80,208,-2.409268,-5.7517
MZI,79,209,-2.480434,-5.9216
MZI,78,210,-2.313089,-5.5221
MZI,77,211,-1.642392,-3.9209
MZI,76,212,-1.497960,-3.5761
MZI,75,213,-0.764954,-1.8262
MZI,74,214,2.828110,6.7516
MZI,73,215,3.051103,7.2840
MZI,72,216,-0.993008,-2.3706
MZI,71,217,-2.830737,-6.7579
MZI,70,218,-2.920295,-6.9717
MZI,69,219,2.498895,5.9657
MZI,68,220,-3.106540,-7.4163
MZI,67,221,-2.297307,-5.4844
MZI,66,222,-2.414121,-5.7633
MZI,65,223,-2.347109,-5.6033
MZI,64,224,-2.201326,-5.2553
MZI,63,225,-2.140863,-5.1109
MZI,62,226,-2.457941,-5.8679
MZI,61,227,-1.606795,-3.8359
MZI,60,228,2.646726,6.3186
MZI,59,229,2.976768,7.1065
MZI,58,230,-2.287999,-5.4622
MZI,57,231,-2.550968,-6.0900
MZI,56,232,1.614237,3.8537
MZI,55,233,-1.391247,-3.3214
MZI,54,234,-1.178487,-2.8134
MZI,53,235,-2.364041,-5.6437
MZI,52,236,-2.312902,-5.5216
MZI,51,237,1.552633,3.7066
MZI,50,238,-0.465334,-1.1109
MZI,49,239,-0.187018,-0.4465
MZI,48,240,2.318636,5.5353
MZI,47,241,-2.156502,-5.1483
MZI,46,242,2.747362,6.5588
MZI,45,243,-2.356581,-5.6259
MZI,44,244,-2.778066,-6.6321
MZI,43,245,-2.610828,-6.2329
MZI,42,246,-2.431063,-5.8037
MZI,41,247,-2.776072,-6.6274
MZI,40,248,-2.804915,-6.6962
MZI,39,249,-2.841046,-6.7825
MZI,38,250,-2.809761,-6.7078
MZI,37,251,-2.949966,-7.0425
MZI,36,252,-3.065144,-7.3175
MZI,35,253,-2.961023,-7.0689
MZI,34,254,-2.986812,-7.1305
MZI,33,255,-3.031237,-7.2365
MZI,254,36,0.532339,1.2709
MZI,253,37,0.298466,0.7125
MZI,252,38,-2.170476,-5.1816
MZI,251,39,1.264882,3.0197
MZI,250,40,1.596662,3.8117
MZI,249,41,1.150595,2.7468
MZI,248,42,1.807389,4.3148
MZI,247,43,-2.506113,-5.9829
MZI,246,44,-0.803240,-1.9176
MZI,245,45,0.077338,0.1846
MZI,244,46,-3.053874,-7.2906
MZI,243,47,1.818649,4.3417
MZI,242,48,-1.843672,-4.4014
MZI,241,49,0.832222,1.9868
MZI,240,50,0.370530,0.8846
MZI,239,51,3.003583,7.1705
MZI,238,52,-0.229474,-0.5478
MZI,237,53,-1.966062,-4.6936
MZI,236,54,-0.097516,-0.2328
MZI,235,55,-0.401313,-0.9581
MZI,234,56,-1.128490,-2.6941
MZI,233,57,-0.573946,-1.3702
MZI,232,58,-2.968989,-7.0879
MZI,231,59,-2.884466,-6.8862
MZI,230,60,1.898603,4.5326
MZI,229,61,0.625320,1.4928
MZI,228,62,1.275583,3.0452
MZI,227,63,1.003299,2.3952
MZI,226,64,-0.680189,-1.6238
MZI,225,65,0.093307,0.2228
MZI,224,66,-1.931113,-4.6102
MZI,223,67,-2.643203,-6.3102
MZI,222,68,-3.034354,-7.2440
MZI,221,69,-2.772145,-6.6180
MZI,220,70,-2.035838,-4.8602
MZI,219,71,-2.250306,-5.3722
MZI,218,72,-1.315764,-3.1412
MZI,217,73,1.281371,3.0590
MZI,216,74,-1.414034,-3.3758
MZI,215,75,2.599729,6.2064
MZI,214,76,-0.611474,-1.4598
MZI,213,77,-2.284506,-5.4539
MZI,212,78,-2.040911,-4.8723
MZI,211,79,2.967002,7.0832
MZI,210,80,-2.856788,-6.8201
MZI,209,81,-1.769928,-4.2254
MZI,208,82,-1.017677,-2.4295
MZI,207,83,-2.510836,-5.9942
MZI,206,84,-2.440985,-5.8274
MZI,205,85,-2.693122,-6.4294
MZI,204,86,0.253866,0.6061
MZI,203,87,3.083222,7.3607
MZI,202,88,-2.416864,-5.7698
MZI,201,89,-1.536039,-3.6670
MZI,200,90,-1.186030,-2.8314
MZI,199,91,-2.505150,-5.9806
MZI,198,92,-2.063250,-4.9256
MZI,197,93,0.479607,1.1450
MZI,196,94,0.527071,1.2583
MZI,195,95,-1.949809,-4.6548
MZI,194,96,-0.652057,-1.5567
MZI,193,97,-0.782860,-1.8689
MZI,192,98,1.189035,2.8386
MZI,191,99,-1.357112,-3.2399
MZI,190,100,-1.292053,-3.0845
MZI,189,101,-3.008480,-7.1822
MZI,188,102,2.551823,6.0920
MZI,187,103,0.826000,1.9719
MZI,186,104,-3.128383,-7.4685
MZI,185,105,-2.548882,-6.0850
MZI,184,106,-0.232042,-0.5540
MZI,183,107,2.125114,5.0733
MZI,182,108,0.484146,1.1558
MZI,181,109,-1.500647,-3.5825
MZI,180,110,-2.879967,-6.8754
MZI,179,111,0.215737,0.5150
MZI,178,112,-1.845001,-4.4046
MZI,177,113,-1.551396,-3.7037
MZI,176,114,-1.858535,-4.4369
MZI,175,115,-1.007316,-2.4048
MZI,174,116,1.775409,4.2385
MZI,173,117,1.342038,3.2039
MZI,172,118,3.125767,7.4622
MZI,171,119,-2.435399,-5.8141
MZI,170,120,-0.733993,-1.7523
MZI,169,121,-1.630166,-3.8917
MZI,168,122,1.132403,2.7034
MZI,167,123,1.543110,3.6839
MZI,166,124,-1.198413,-2.8610
MZI,165,125,-1.998765,-4.7717
MZI,164,126,2.464380,5.8833
MZI,163,127,-0.780495,-1.8633
MZI,162,128,-1.472908,-3.5163
MZI,161,129,1.242193,2.9655
MZI,160,130,-0.235356,-0.5619
MZI,159,131,-0.553620,-1.3217
MZI,158,132,0.235099,0.5613
MZI,157,133,1.662615,3.9692
MZI,156,134,-3.004519,-7.1728
MZI,155,135,-0.987667,-2.3579
MZI,154,136,-2.147489,-5.1268
MZI,153,137,-0.698736,-1.6681
MZI,152,138,1.259598,3.0071
MZI,151,139,0.599713,1.4317
MZI,150,140,1.386784,3.3107
MZI,149,141,0.019541,0.0467
MZI,148,142,1.421636,3.3939
MZI,147,143,2.206631,5.2679
MZI,146,144,2.872279,6.8571
MZI,145,145,-3.079867,-7.3526
MZI,144,146,-2.764041,-6.5987
MZI,143,147,-1.829024,-4.3665
MZI,142,148,-0.698853,-1.6684
MZI,141,149,-0.274128,-0.6544
MZI,140,150,0.658152,1.5712
MZI,139,151,-0.743273,-1.7744
MZI,138,152,-1.167047,-2.7861
MZI,137,153,-1.394786,-3.3298
MZI,136,154,1.040470,2.4839
MZI,135,155,1.001528,2.3910
MZI,134,156,1.348545,3.2194
MZI,133,157,2.157095,5.1497
MZI,132,158,-0.529897,-1.2650
MZI,131,159,-0.073377,-0.1752
MZI,130,160,1.999633,4.7738
MZI,129,161,1.437048,3.4307
MZI,128,162,1.548756,3.6974
MZI,127,163,-1.892285,-4.5175
MZI,126,164,1.609379,3.8421
MZI,125,165,1.250811,2.9861
MZI,124,166,-1.067571,-2.5486
MZI,123,167,1.489858,3.5568
MZI,122,168,0.707355,1.6887
MZI,121,169,-0.290388,-0.6933
MZI,120,170,-0.280431,-0.6695
MZI,119,171,-0.154573,-0.3690
MZI,118,172,0.853985,2.0387
MZI,117,173,-3.044552,-7.2683
MZI,116,174,0.188457,0.4499
MZI,115,175,1.424606,3.4010
MZI,114,176,0.995221,2.3759
MZI,113,177,0.401521,0.9586
MZI,112,178,0.011462,0.0274
MZI,111,179,1.697897,4.0534
MZI,110,180,2.955732,7.0563
MZI,109,181,2.998071,7.1574
MZI,108,182,-0.004962,-0.0118
MZI,107,183,0.021124,0.0504
MZI,106,184,0.060224,0.1438
MZI,105,185,1.856307,4.4316
MZI,104,186,2.257483,5.3893
MZI,103,187,2.179768,5.2038
MZI,102,188,-2.595030,-6.1952
MZI,101,189,0.535162,1.2776
MZI,100,190,0.563938,1.3463
MZI,99,191,0.278419,0.6647
MZI,98,192,-0.181362,-0.4330
MZI,97,193,-1.524811,-3.6402
MZI,96,194,2.847098,6.7969
MZI,95,195,1.893422,4.5202
MZI,94,196,1.410119,3.3664
MZI,93,197,0.921543,2.2000
MZI,92,198,0.397920,0.9500
MZI,91,199,-0.299737,-0.7156
MZI,90,200,2.430046,5.8013
MZI,89,201,1.914507,4.5705
MZI,88,202,0.770483,1.8394
MZI,87,203,-0.033139,-0.0791
MZI,86,204,0.249952,0.5967
MZI,85,205,0.605464,1.4454
MZI,84,206,0.767825,1.8330
MZI,83,207,0.669242,1.5977
MZI,82,208,0.583651,1.3934
MZI,81,209,0.555900,1.3271
MZI,80,210,0.574666,1.3719
MZI,79,211,0.700246,1.6717
MZI,78,212,0.920527,2.1976
MZI,77,213,0.941038,2.2466
MZI,76,214,0.919678,2.1956
MZI,75,215,0.192456,0.4595
MZI,74,216,-0.871815,-2.0813
MZI,73,217,1.258650,3.0048
MZI,72,218,-1.111892,-2.6544
MZI,71,219,0.415797,0.9926
MZI,70,220,-0.711245,-1.6980
MZI,69,221,-0.830057,-1.9816
MZI,68,222,1.621353,3.8707
MZI,67,223,1.588203,3.7916
MZI,66,224,0.956265,2.2829
MZI,65,225,0.856845,2.0456
MZI,64,226,0.773485,1.8466
MZI,63,227,0.890294,2.1254
MZI,62,228,1.805662,4.3107
MZI,61,229,-0.345106,-0.8239
MZI,60,230,-1.221421,-2.9159
MZI,59,231,2.423076,5.7847
MZI,58,232,1.067018,2.5473
MZI,57,233,-0.050747,-0.1212
MZI,56,234,1.389135,3.3163
MZI,55,235,1.430051,3.4140
MZI,54,236,0.997863,2.3822
MZI,53,237,0.794401,1.8965
MZI,52,238,0.246153,0.5876
MZI,51,239,0.752585,1.7967
MZI,50,240,0.820550,1.9589
MZI,49,241,-1.065312,-2.5432
MZI,48,242,1.090258,2.6028
MZI,47,243,-0.262607,-0.6269
MZI,46,244,1.640495,3.9164
MZI,45,245,0.443553,1.0589
MZI,44,246,1.073607,2.5630
MZI,43,247,0.653816,1.5609
MZI,42,248,0.425701,1.0163
MZI,41,249,0.385874,0.9212
MZI,40,250,0.380171,0.9076
MZI,39,251,0.366245,0.8743
MZI,38,252,0.231203,0.5520
MZI,37,253,0.115275,0.2752
MZI,36,254,0.230805,0.5510
MZI,35,255,0.223463,0.5335
MZI,254,38,-2.161936,-5.1612
MZI,253,39,-2.163507,-5.1650
MZI,252,40,-0.892561,-2.1308
MZI,251,41,-0.042108,-0.1005
MZI,250,42,-1.116602,-2.6657
MZI,249,43,1.009026,2.4089
MZI,248,44,2.743343,6.5492
MZI,247,45,0.447163,1.0675
MZI,246,46,-1.812915,-4.3280
MZI,245,47,0.996396,2.3787
MZI,244,48,0.618698,1.4770
MZI,243,49,0.178821,0.4269
MZI,242,50,-0.814829,-1.9453
MZI,241,51,2.067030,4.9347
MZI,240,52,0.943957,2.2535
MZI,239,53,-0.710765,-1.6968
MZI,238,54,0.773091,1.8456
MZI,237,55,2.082470,4.9715
MZI,236,56,-0.093705,-0.2237
MZI,235,57,-0.688166,-1.6429
MZI,234,58,-2.674468,-6.3848
MZI,233,59,-1.544518,-3.6873
MZI,232,60,-1.321273,-3.1543
MZI,231,61,1.105706,2.6397
MZI,230,62,-2.030632,-4.8478
MZI,229,63,2.353194,5.6178
MZI,228,64,-0.311873,-0.7445
MZI,227,65,-0.024481,-0.0584
MZI,226,66,-2.849043,-6.8016
MZI,225,67,-2.369560,-5.6569
MZI,224,68,-2.143784,-5.1179
MZI,223,69,-0.461743,-1.1023
MZI,222,70,-2.377210,-5.6752
MZI,221,71,-0.323998,-0.7735
MZI,220,72,0.323304,0.7718
MZI,219,73,-1.306452,-3.1189
MZI,218,74,-2.200324,-5.2529
MZI,217,75,-1.025880,-2.4491
MZI,216,76,-0.085913,-0.2051
MZI,215,77,3.078054,7.3483
MZI,214,78,-0.895373,-2.1375
MZI,213,79,-1.214631,-2.8997
MZI,212,80,-1.005831,-2.4012
MZI,211,81,-0.515333,-1.2303
MZI,210,82,-1.878214,-4.4839
MZI,209,83,1.592695,3.8023
MZI,208,84,3.125293,7.4611
MZI,207,85,-1.525426,-3.6417
MZI,206,86,-2.137662,-5.1033
MZI,205,87,0.380975,0.9095
MZI,204,88,-2.188763,-5.2253
MZI,203,89,-2.926302,-6.9860
MZI,202,90,-1.190445,-2.8420
MZI,201,91,-3.117051,-7.4414
MZI,200,92,-1.011648,-2.4151
MZI,199,93,1.099681,2.6253
MZI,198,94,0.373428,0.8915
MZI,197,95,-1.041222,-2.4857
MZI,196,96,2.318062,5.5340
MZI,195,97,-0.546268,-1.3041
MZI,194,98,0.300616,0.7177
MZI,193,99,2.501564,5.9720
MZI,192,100,-3.085300,-7.3656
MZI,191,101,2.636759,6.2948
MZI,190,102,2.196989,5.2449
MZI,189,103,-1.101426,-2.6295
MZI,188,104,-1.070492,-2.5556
MZI,187,105,-0.613999,-1.4658
MZI,186,106,1.758088,4.1971
MZI,185,107,2.715318,6.4823
MZI,184,108,1.477681,3.5277
MZI,183,109,-0.936572,-2.2359
MZI,182,110,1.183179,2.8246
MZI,181,111,-0.199491,-0.4763
MZI,180,112,-2.522879,-6.0229
MZI,179,113,-2.923690,-6.9798
MZI,178,114,-2.970976,-7.0927
MZI,177,115,-1.333281,-3.1830
MZI,176,116,-1.965151,-4.6915
MZI,175,117,-2.350225,-5.6107
MZI,174,118,-2.436733,-5.8173
MZI,173,119,-2.926876,-6.9874
MZI,172,120,1.454375,3.4721
MZI,171,121,-0.287612,-0.6866
MZI,170,122,0.814782,1.9451
MZI,169,123,-2.348399,-5.6064
MZI,168,124,-2.540686,-6.0654
MZI,167,125,2.811692,6.7124
MZI,166,126,-2.945293,-7.0314
MZI,165,127,2.420965,5.7796
MZI,164,128,2.338769,5.5834
MZI,163,129,0.556885,1.3295
MZI,162,130,-2.387079,-5.6987
MZI,161,131,0.317619,0.7583
MZI,160,132,1.063130,2.5380
MZI,159,133,-1.503230,-3.5887
MZI,158,134,-2.193767,-5.2372
MZI,157,135,-2.896513,-6.9149
MZI,156,136,1.445245,3.4503
MZI,155,137,2.273416,5.4274
MZI,154,138,0.188748,0.4506
MZI,153,139,-2.009532,-4.7974
MZI,152,140,-1.334844,-3.1867
MZI,151,141,-1.513479,-3.6132
MZI,150,142,2.333220,5.5702
MZI,149,143,-2.874352,-6.8620
MZI,148,144,-2.720344,-6.4943
MZI,147,145,-2.958145,-7.0621
MZI,146,146,-3.087089,-7.3699
MZI,145,147,3.014715,7.1971
MZI,144,148,2.421852,5.7817
MZI,143,149,1.542580,3.6826
MZI,142,150,-1.853147,-4.4241
MZI,141,151,-1.951738,-4.6594
MZI,140,152,0.655535,1.5650
MZI,139,153,-3.055797,-7.2952
MZI,138,154,-0.300522,-0.7174
MZI,137,155,-1.967465,-4.6970
MZI,136,156,-1.617693,-3.8620
MZI,135,157,-1.295828,-3.0936
MZI,134,158,-0.658479,-1.5720
MZI,133,159,-2.931313,-6.9980
MZI,132,160,-2.518913,-6.0135
MZI,131,161,-1.666640,-3.9788
MZI,130,162,-1.529840,-3.6522
MZI,129,163,-1.711536,-4.0860
MZI,128,164,2.851981,6.8086
MZI,127,165,-1.201251,-2.8678
MZI,126,166,-0.118162,-0.2821
MZI,125,167,3.101541,7.4044
MZI,124,168,-0.993135,-2.3709
MZI,123,169,-1.821562,-4.3487
MZI,122,170,2.920266,6.9716
MZI,121,171,2.236193,5.3385
MZI,120,172,2.120210,5.0616
MZI,119,173,-1.524083,-3.6385
MZI,118,174,-2.365941,-5.6483
MZI,117,175,1.770740,4.2273
MZI,116,176,-0.036559,-0.0873
MZI,115,177,-1.723003,-4.1134
MZI,114,178,-3.026805,-7.2260
MZI,113,179,-2.670676,-6.3758
MZI,112,180,-1.417592,-3.3843
MZI,111,181,-1.494707,-3.5683
MZI,110,182,-1.270965,-3.0342
MZI,109,183,2.932303,7.0004
MZI,108,184,-2.150366,-5.1336
MZI,107,185,-1.681674,-4.0147
MZI,106,186,-1.395392,-3.3313
MZI,105,187,-1.331323,-3.1783
MZI,104,188,-1.477698,-3.5277
MZI,103,189,-1.224205,-2.9226
MZI,102,190,1.936063,4.6220
MZI,101,191,-2.219507,-5.2987
MZI,100,192,-2.183618,-5.2130
MZI,99,193,-2.220665,-5.3014
MZI,98,194,-2.167094,-5.1736
MZI,97,195,-1.500879,-3.5831
MZI,96,196,-1.196136,-2.8556
MZI,95,197,-1.228191,-2.9321
MZI,94,198,-1.379679,-3.2937
MZI,93,199,-1.649238,-3.9373
MZI,92,200,-2.507473,-5.9862
MZI,91,201,-0.404063,-0.9646
MZI,90,202,-0.211100,-0.5040
MZI,89,203,1.607699,3.8381
MZI,88,204,-2.956099,-7.0572
MZI,87,205,-2.678417,-6.3942
MZI,86,206,1.925992,4.5980
MZI,85,207,-1.073785,-2.5635
MZI,84,208,-1.814971,-4.3329
MZI,83,209,-1.998313,-4.7706
MZI,82,210,-1.921320,-4.5868
MZI,81,211,-1.804632,-4.3082
MZI,80,212,-1.658256,-3.9588
MZI,79,213,-1.514140,-3.6147
MZI,78,214,-1.500495,-3.5822
MZI,77,215,-1.576392,-3.7634
MZI,76,216,-2.140973,-5.1112
MZI,75,217,-2.174964,-5.1923
MZI,74,218,-1.075744,-2.5681
MZI,73,219,-2.523336,-6.0240
MZI,72,220,-2.959090,-7.0643
MZI,71,221,-1.569571,-3.7471
MZI,70,222,-1.820434,-4.3460
MZI,69,223,-0.395814,-0.9449
MZI,68,224,-0.619568,-1.4791
MZI,67,225,-1.390052,-3.3185
MZI,66,226,-1.505005,-3.5929
MZI,65,227,-1.515974,-3.6191
MZI,64,228,-2.231868,-5.3282
MZI,63,229,-1.527690,-3.6471
MZI,62,230,-1.735497,-4.1432
MZI,61,231,-1.786583,-4.2652
MZI,60,232,-0.868493,-2.0734
MZI,59,233,-0.767954,-1.8334
MZI,58,234,-1.482386,-3.5389
MZI,57,235,-1.266903,-3.0245
MZI,56,236,-1.412148,-3.3713
MZI,55,237,-1.370288,-3.2713
MZI,54,238,-1.718471,-4.1025
MZI,53,239,-1.817445,-4.3388
MZI,52,240,-1.735656,-4.1436
MZI,51,241,-1.711689,-4.0864
MZI,50,242,-1.907359,-4.5535
MZI,49,243,-1.534629,-3.6637
MZI,48,244,-2.163788,-5.1657
MZI,47,245,-1.285953,-3.0700
MZI,46,246,-1.894186,-4.5220
MZI,45,247,-0.658217,-1.5714
MZI,44,248,-1.775698,-4.2392
MZI,43,249,-1.926833,-4.6000
MZI,42,250,-1.969801,-4.7026
MZI,41,251,-1.961745,-4.6833
MZI,40,252,-2.007196,-4.7918
MZI,39,253,-2.157574,-5.1508
MZI,38,254,-2.289576,-5.4660
MZI,37,255,-2.158454,-5.1529
MZI,254,40,-2.840133,-6.7803
MZI,253,41,-1.342096,-3.2040
MZI,252,42,-0.457812,-1.0929
MZI,251,43,0.153051,0.3654
MZI,250,44,2.544709,6.0750
MZI,249,45,-2.678045,-6.3934
MZI,248,46,2.354255,5.6204
MZI,247,47,3.021329,7.2129
MZI,246,48,2.119853,5.0608
MZI,245,49,2.645248,6.3151
MZI,244,50,-2.541837,-6.0682
MZI,243,51,1.563528,3.7326
MZI,242,52,-0.723454,-1.7271
MZI,241,53,-2.747403,-6.5589
MZI,240,54,-0.979027,-2.3373
MZI,239,55,-1.183081,-2.8244
MZI,238,56,-0.739002,-1.7642
MZI,237,57,0.984320,2.3499
MZI,236,58,-1.224761,-2.9239
MZI,235,59,0.997126,2.3805
MZI,234,60,-2.740468,-6.5424
MZI,233,61,0.758401,1.8105
MZI,232,62,1.119976,2.6737
MZI,231,63,-2.582599,-6.1655
MZI,230,64,-2.676030,-6.3886
MZI,229,65,1.370826,3.2726
MZI,228,66,0.397197,0.9482
MZI,227,67,-2.722045,-6.4984
MZI,226,68,1.749943,4.1777
MZI,225,69,2.011395,4.8019
MZI,224,70,-2.935877,-7.0089
MZI,223,71,-0.262654,-0.6270
MZI,222,72,-2.281606,-5.4469
MZI,221,73,-1.535603,-3.6660
MZI,220,74,-0.965800,-2.3057
MZI,219,75,1.969307,4.7014
MZI,218,76,-1.180960,-2.8193
MZI,217,77,2.707745,6.4643
MZI,216,78,-1.826926,-4.3615
MZI,215,79,-0.564444,-1.3475
MZI,214,80,0.459007,1.0958
MZI,213,81,0.233218,0.5568
MZI,212,82,0.818902,1.9550
MZI,211,83,-2.634700,-6.2899
MZI,210,84,0.289553,0.6913
MZI,209,85,0.454135,1.0842
MZI,208,86,0.116067,0.2771
MZI,207,87,1.949223,4.6534
MZI,206,88,-0.248985,-0.5944
MZI,205,89,-2.271402,-5.4226
MZI,204,90,3.117879,7.4434
MZI,203,91,0.833898,1.9908
MZI,202,92,-0.286585,-0.6842
MZI,201,93,0.544491,1.2999
MZI,200,94,0.591048,1.4110
MZI,199,95,-2.867272,-6.8451
MZI,198,96,1.563167,3.7318
MZI,197,97,1.244308,2.9706
MZI,196,98,2.535571,6.0532
MZI,195,99,-3.137873,-7.4911
MZI,194,100,-0.896753,-2.1408
MZI,193,101,1.925988,4.5980
MZI,192,102,1.991750,4.7550
MZI,191,103,1.352742,3.2294
MZI,190,104,0.746005,1.7810
MZI,189,105,2.817700,6.7268
MZI,188,106,1.277181,3.0490
MZI,187,107,1.629111,3.8892
MZI,186,108,-2.162293,-5.1621
MZI,185,109,-1.690209,-4.0351
MZI,184,110,2.947472,7.0366
MZI,183,111,-0.334830,-0.7993
MZI,182,112,0.129685,0.3096
MZI,181,113,1.630385,3.8923
MZI,180,114,-0.604998,-1.4443
MZI,179,115,-1.089853,-2.6018
MZI,178,116,2.503290,5.9762
MZI,177,117,2.438605,5.8217
MZI,176,118,-1.271069,-3.0345
MZI,175,119,-0.870200,-2.0774
MZI,174,120,0.153877,0.3674
MZI,173,121,-0.999060,-2.3851
MZI,172,122,0.419156,1.0007
MZI,171,123,-2.898021,-6.9185
MZI,170,124,1.842191,4.3979
MZI,169,125,1.020681,2.4367
MZI,168,126,-0.710896,-1.6971
MZI,167,127,0.541957,1.2938
MZI,166,128,-0.282035,-0.6733
MZI,165,129,1.138471,2.7179
MZI,164,130,-0.767127,-1.8314
MZI,163,131,0.665554,1.5889
MZI,162,132,0.996230,2.3783
MZI,161,133,0.759923,1.8142
MZI,160,134,1.350026,3.2230
MZI,159,135,-0.286272,-0.6834
MZI,158,136,-2.636345,-6.2938
MZI,157,137,-1.985712,-4.7405
MZI,156,138,-1.051487,-2.5102
MZI,155,139,0.372619,0.8896
MZI,154,140,0.795716,1.8996
MZI,153,141,-0.011563,-0.0276
MZI,152,142,0.395007,0.9430
MZI,151,143,-0.619827,-1.4797
MZI,150,144,-2.281236,-5.4460
MZI,149,145,1.239700,2.9596
MZI,148,146,1.093383,2.6103
MZI,147,147,1.122214,2.6791
MZI,146,148,1.144622,2.7326
MZI,145,149,1.275498,3.0450
MZI,144,150,2.158442,5.1529
MZI,143,151,0.048810,0.1165
MZI,142,152,0.236426,0.5644
MZI,141,153,-0.389748,-0.9305
MZI,140,154,-2.986234,-7.1291
MZI,139,155,1.412419,3.3719
MZI,138,156,1.297120,3.0966
MZI,137,157,2.173331,5.1884
MZI,136,158,1.976858,4.7194
MZI,135,159,0.740720,1.7683
MZI,134,160,-0.187435,-0.4475
MZI,133,161,0.583889,1.3939
MZI,132,162,1.384832,3.3060
MZI,131,163,3.052704,7.2878
MZI,130,164,-1.562136,-3.7293
MZI,129,165,-1.569057,-3.7458
MZI,128,166,0.146968,0.3509
MZI,127,167,0.597434,1.4263
MZI,126,168,-0.634311,-1.5143
MZI,125,169,1.181745,2.8212
MZI,124,170,0.696875,1.6637
MZI,123,171,0.526376,1.2566
MZI,122,172,0.481394,1.1492
MZI,121,173,0.445803,1.0643
MZI,120,174,-1.772702,-4.2320
MZI,119,175,0.443861,1.0596
MZI,118,176,0.681128,1.6261
MZI,117,177,1.416058,3.3806
MZI,116,178,2.010541,4.7998
MZI,115,179,-0.210637,-0.5029
MZI,114,180,0.633563,1.5125
MZI,113,181,0.795974,1.9002
MZI,112,182,1.154910,2.7571
MZI,111,183,0.962863,2.2987
MZI,110,184,0.103470,0.2470
MZI,109,185,1.138495,2.7180
MZI,108,186,1.267550,3.0261
MZI,107,187,1.076526,2.5700
MZI,106,188,0.913081,2.1798
MZI,105,189,0.582279,1.3901
MZI,104,190,0.627024,1.4969
MZI,103,191,0.184649,0.4408
MZI,102,192,0.689032,1.6449
MZI,101,193,0.375313,0.8960
MZI,100,194,0.240744,0.5747
MZI,99,195,0.334697,0.7990
MZI,98,196,0.590799,1.4104
MZI,97,197,0.877932,2.0959
MZI,96,198,1.102649,2.6324
MZI,95,199,1.232677,2.9428
MZI,94,200,1.313721,3.1363
MZI,93,201,1.583849,3.7812
MZI,92,202,1.673225,3.9945
MZI,91,203,1.461096,3.4881
MZI,90,204,1.084066,2.5880
MZI,89,205,0.426065,1.0172
MZI,88,206,-0.226027,-0.5396
MZI,87,207,0.480691,1.1476
MZI,86,208,1.655080,3.9512
MZI,85,209,0.578083,1.3801
MZI,84,210,0.287320,0.6859
MZI,83,211,0.910742,2.1742
MZI,82,212,1.244520,2.9711
MZI,81,213,1.414141,3.3760
MZI,80,214,1.434855,3.4255
MZI,79,215,1.437964,3.4329
MZI,78,216,1.304679,3.1147
MZI,77,217,0.764924,1.8261
MZI,76,218,1.049385,2.5052
MZI,75,219,1.551084,3.7029
MZI,74,220,1.078652,2.5751
MZI,73,221,-0.687508,-1.6413
MZI,72,222,1.369835,3.2702
MZI,71,223,1.396023,3.3328
MZI,70,224,1.611580,3.8474
MZI,69,225,1.336797,3.1914
MZI,68,226,1.190980,2.8433
MZI,67,227,1.087677,2.5966
MZI,66,228,1.211334,2.8918
MZI,65,229,0.538468,1.2855
MZI,64,230,1.005474,2.4004
MZI,63,231,1.261514,3.0116
MZI,62,232,1.153291,2.7533
MZI,61,233,1.347417,3.2167
MZI,60,234,1.461115,3.4882
MZI,59,235,1.346859,3.2154
MZI,58,236,1.379797,3.2940
MZI,57,237,1.225826,2.9264
MZI,56,238,1.194060,2.8506
MZI,55,239,0.824554,1.9685
MZI,54,240,0.961428,2.2952
MZI,53,241,0.942437,2.2499
MZI,52,242,0.995855,2.3774
MZI,51,243,0.887850,2.1196
MZI,50,244,0.944996,2.2560
MZI,49,245,0.767584,1.8325
MZI,48,246,0.984527,2.3504
MZI,47,247,0.781031,1.8646
MZI,46,248,1.134924,2.7094
MZI,45,249,0.833819,1.9906
MZI,44,250,0.719069,1.7167
MZI,43,251,0.657573,1.5698
MZI,42,252,0.641412,1.5313
MZI,41,253,0.527458,1.2592
MZI,40,254,0.283050,0.6757
MZI,39,255,0.025606,0.0611
MZI,254,42,-2.411334,-5.7566
MZI,253,43,1.818251,4.3408
MZI,252,44,-2.318525,-5.5351
MZI,251,45,-2.602392,-6.2128
MZI,250,46,-0.881632,-2.1047
MZI,249,47,-0.164535,-0.3928
MZI,248,48,-3.101080,-7.4033
MZI,247,49,1.699485,4.0572
MZI,246,50,-0.927339,-2.2139
MZI,245,51,-0.257862,-0.6156
MZI,244,52,0.291540,0.6960
MZI,243,53,0.670816,1.6015
MZI,242,54,-1.340171,-3.1994
MZI,241,55,2.136763,5.1011
MZI,240,56,0.239054,0.5707
MZI,239,57,3.042520,7.2635
MZI,238,58,1.150037,2.7455
MZI,237,59,0.796912,1.9025
MZI,236,60,-0.580389,-1.3856
MZI,235,61,-0.520564,-1.2428
MZI,234,62,3.109933,7.4244
MZI,233,63,-1.679944,-4.0106
MZI,232,64,1.314368,3.1378
MZI,231,65,1.194156,2.8508
MZI,230,66,2.527594,6.0342
MZI,229,67,-2.959760,-7.0659
MZI,228,68,2.420918,5.7795
MZI,227,69,2.456017,5.8633
MZI,226,70,-2.258577,-5.3920
MZI,225,71,-0.577103,-1.3777
MZI,224,72,1.088329,2.5982
MZI,223,73,0.124079,0.2962
MZI,222,74,0.090233,0.2154
MZI,221,75,-0.580438,-1.3857
MZI,220,76,-2.929540,-6.9938
MZI,219,77,0.186021,0.4441
MZI,218,78,1.117569,2.6680
MZI,217,79,-2.790215,-6.6611
MZI,216,80,-0.879603,-2.0999
MZI,215,81,1.532716,3.6591
MZI,214,82,-2.780196,-6.6372
MZI,213,83,0.245456,0.5860
MZI,212,84,0.474944,1.1338
MZI,211,85,1.681381,4.0140
MZI,210,86,-2.621649,-6.2587
MZI,209,87,1.740545,4.1552
MZI,208,88,-1.314784,-3.1388
MZI,207,89,-2.974601,-7.1013
MZI,206,90,2.066213,4.9327
MZI,205,91,1.357339,3.2404
MZI,204,92,-2.654208,-6.3365
MZI,203,93,-2.065909,-4.9320
MZI,202,94,-2.179602,-5.2034
MZI,201,95,-2.787008,-6.6535
MZI,200,96,-0.111539,-0.2663
MZI,199,97,2.641593,6.3063
MZI,198,98,-0.561118,-1.3396
MZI,197,99,1.184137,2.8269
MZI,196,100,0.106743,0.2548
MZI,195,101,2.493324,5.9524
MZI,194,102,-0.571221,-1.3637
MZI,193,103,0.304653,0.7273
MZI,192,104,-1.659165,-3.9610
MZI,191,105,-2.879549,-6.8744
MZI,190,106,0.193089,0.4610
MZI,189,107,0.450435,1.0753
MZI,188,108,-1.982922,-4.7339
MZI,187,109,-2.773234,-6.6206
MZI,186,110,-2.346316,-5.6014
MZI,185,111,1.122753,2.6804
MZI,184,112,-2.342819,-5.5931
MZI,183,113,1.731715,4.1342
MZI,182,114,0.782341,1.8677
MZI,181,115,-0.935536,-2.2334
MZI,180,116,0.143514,0.3426
MZI,179,117,-1.011854,-2.4156
MZI,178,118,-3.023863,-7.2189
MZI,177,119,1.764678,4.2129
MZI,176,120,-1.045111,-2.4950
MZI,175,121,0.180517,0.4310
MZI,174,122,0.770436,1.8393
MZI,173,123,2.992677,7.1445
MZI,172,124,-0.967624,-2.3100
MZI,171,125,1.343037,3.2063
MZI,170,126,2.025186,4.8348
MZI,169,127,2.542826,6.0705
MZI,168,128,0.439580,1.0494
MZI,167,129,1.231276,2.9395
MZI,166,130,-0.556709,-1.3290
MZI,165,131,-2.623339,-6.2628
MZI,164,132,-0.260538,-0.6220
MZI,163,133,2.503544,5.9768
MZI,162,134,-0.155538,-0.3713
MZI,161,135,1.916967,4.5764
MZI,160,136,-1.679100,-4.0086
MZI,159,137,0.434546,1.0374
MZI,158,138,1.691139,4.0373
MZI,157,139,-2.200339,-5.2529
MZI,156,140,0.450601,1.0757
MZI,155,141,1.149734,2.7448
MZI,154,142,-1.880999,-4.4906
MZI,153,143,0.224349,0.5356
MZI,152,144,0.442874,1.0573
MZI,151,145,-0.412091,-0.9838
MZI,150,146,0.994187,2.3734
MZI,149,147,1.086229,2.5932
MZI,148,148,1.121540,2.6775
MZI,147,149,1.107866,2.6448
MZI,146,150,0.965951,2.3060
MZI,145,151,0.167001,0.3987
MZI,144,152,-1.287890,-3.0746
MZI,143,153,-2.661302,-6.3534
MZI,142,154,-1.451477,-3.4651
MZI,141,155,0.397963,0.9501
MZI,140,156,1.493572,3.5656
MZI,139,157,1.436141,3.4285
MZI,138,158,1.618742,3.8645
MZI,137,159,1.762904,4.2086
MZI,136,160,-2.621210,-6.2577
MZI,135,161,-1.334528,-3.1859
MZI,134,162,1.293140,3.0871
MZI,133,163,0.406586,0.9707
MZI,132,164,0.689603,1.6463
MZI,131,165,0.015038,0.0359
MZI,130,166,-0.059328,-0.1416
MZI,129,167,-1.751040,-4.1803
MZI,128,168,1.340247,3.1996
MZI,127,169,0.308633,0.7368
MZI,126,170,1.061171,2.5334
MZI,125,171,0.839717,2.0047
MZI,124,172,1.368007,3.2659
MZI,123,173,1.019975,2.4350
MZI,122,174,0.996359,2.3786
MZI,121,175,1.091223,2.6051
MZI,120,176,0.821302,1.9607
MZI,119,177,1.354997,3.2348
MZI,118,178,1.356463,3.2383
MZI,117,179,1.082352,2.5839
MZI,116,180,1.752768,4.1844
MZI,115,181,1.168850,2.7904
MZI,114,182,-0.763753,-1.8233
MZI,113,183,1.497045,3.5739
MZI,112,184,1.054080,2.5164
MZI,111,185,-1.295859,-3.0936
MZI,110,186,1.991057,4.7533
MZI,109,187,0.991493,2.3670
MZI,108,188,0.712053,1.6999
MZI,107,189,0.460791,1.1001
MZI,106,190,-1.272258,-3.0373
MZI,105,191,0.354667,0.8467
MZI,104,192,-1.222647,-2.9189
MZI,103,193,1.749185,4.1759
MZI,102,194,0.365923,0.8736
MZI,101,195,0.486134,1.1606
MZI,100,196,0.800193,1.9103
MZI,99,197,1.146058,2.7360
MZI,98,198,1.535322,3.6653
MZI,97,199,1.784101,4.2592
MZI,96,200,1.804099,4.3070
MZI,95,201,1.758704,4.1986
MZI,94,202,1.862642,4.4467
MZI,93,203,1.981348,4.7301
MZI,92,204,1.732897,4.1370
MZI,91,205,1.383868,3.3037
MZI,90,206,0.853119,2.0367
MZI,89,207,0.588889,1.4059
MZI,88,208,1.051261,2.5097
MZI,87,209,1.965311,4.6918
MZI,86,210,-1.227542,-2.9305
MZI,85,211,-0.796484,-1.9015
MZI,84,212,-1.871144,-4.4670
MZI,83,213,-3.082583,-7.3591
MZI,82,214,2.306394,5.5061
MZI,81,215,1.922868,4.5905
MZI,80,216,1.857177,4.4337
MZI,79,217,1.759275,4.2000
MZI,78,218,1.400565,3.3436
MZI,77,219,1.546273,3.6915
MZI,76,220,1.748194,4.1735
MZI,75,221,1.569695,3.7474
MZI,74,222,1.405369,3.3551
MZI,73,223,1.786387,4.2647
MZI,72,224,1.796231,4.2882
MZI,71,225,1.836631,4.3846
MZI,70,226,1.533531,3.6610
MZI,69,227,1.437400,3.4315
MZI,68,228,1.077449,2.5722
MZI,67,229,1.568449,3.7444
MZI,66,230,1.596524,3.8114
MZI,65,231,1.309114,3.1253
MZI,64,232,1.716092,4.0969
MZI,63,233,1.582894,3.7789
MZI,62,234,1.662766,3.9696
MZI,61,235,1.549045,3.6981
MZI,60,236,1.670607,3.9883
MZI,59,237,1.716947,4.0989
MZI,58,238,1.542231,3.6818
MZI,57,239,1.460540,3.4868
MZI,56,240,1.146080,2.7361
MZI,55,241,1.327860,3.1700
MZI,54,242,1.277432,3.0496
MZI,53,243,1.362292,3.2522
MZI,52,244,1.267935,3.0270
MZI,51,245,1.208483,2.8850
MZI,50,246,1.222847,2.9193
MZI,49,247,1.244385,2.9707
MZI,48,248,1.131645,2.7016
MZI,47,249,1.246938,2.9768
MZI,46,250,1.181174,2.8198
MZI,45,251,1.120493,2.6750
MZI,44,252,1.098626,2.6228
MZI,43,253,1.137806,2.7163
MZI,42,254,1.101750,2.6302
MZI,41,255,1.038139,2.4784
MZI,254,44,-1.541254,-3.6795
MZI,253,45,0.229805,0.5486
MZI,252,46,1.142068,2.7265
MZI,251,47,-1.779565,-4.2484
MZI,250,48,-2.354039,-5.6199
MZI,249,49,1.114193,2.6599
MZI,248,50,2.210681,5.2776
MZI,247,51,-2.368489,-5.6544
MZI,246,52,0.445585,1.0638
MZI,245,53,2.587397,6.1770
MZI,244,54,2.442296,5.8306
MZI,243,55,0.923834,2.2055
MZI,242,56,-0.516337,-1.2327
MZI,241,57,-0.530192,-1.2657
MZI,240,58,-0.931212,-2.2231
MZI,239,59,2.588017,6.1784
MZI,238,60,-0.361401,-0.8628
MZI,237,61,-0.631034,-1.5065
MZI,236,62,-2.039355,-4.8686
MZI,235,63,2.380421,5.6828
MZI,234,64,1.353567,3.2314
MZI,233,65,-1.953256,-4.6631
MZI,232,66,2.454471,5.8596
MZI,231,67,-2.595978,-6.1974
MZI,230,68,-0.788721,-1.8829
MZI,229,69,-1.872241,-4.4696
MZI,228,70,-0.834919,-1.9932
MZI,227,71,-1.782777,-4.2561
MZI,226,72,0.199079,0.4753
MZI,225,73,-2.643207,-6.3102
MZI,224,74,-0.223090,-0.5326
MZI,223,75,0.166431,0.3973
MZI,222,76,-0.044149,-0.1054
MZI,221,77,0.716763,1.7111
MZI,220,78,0.457795,1.0929
MZI,219,79,-2.639813,-6.3021
MZI,218,80,-1.132448,-2.7035
MZI,217,81,2.465221,5.8853
MZI,216,82,-2.946099,-7.0333
MZI,215,83,2.457024,5.8657
MZI,214,84,0.028907,0.0690
MZI,213,85,-1.852590,-4.4227
MZI,212,86,-2.940008,-7.0188
MZI,211,87,0.986995,2.3563
MZI,210,88,2.563470,6.1198
MZI,209,89,-0.140859,-0.3363
MZI,208,90,1.285548,3.0690
MZI,207,91,2.909019,6.9448
MZI,206,92,-2.528376,-6.0361
MZI,205,93,1.974335,4.7134
MZI,204,94,1.603629,3.8284
MZI,203,95,2.556583,6.1034
MZI,202,96,1.535568,3.6659
MZI,201,97,-0.731862,-1.7472
MZI,200,98,1.510242,3.6054
MZI,199,99,1.542594,3.6827
MZI,198,100,0.481134,1.1486
MZI,197,101,-0.405148,-0.9672
MZI,196,102,3.086035,7.3674
MZI,195,103,0.091435,0.2183
MZI,194,104,-1.992223,-4.7561
MZI,193,105,1.354561,3.2338
MZI,192,106,1.925585,4.5970
MZI,191,107,0.665027,1.5876
MZI,190,108,-0.689994,-1.6472
MZI,189,109,1.017573,2.4293
MZI,188,110,1.973105,4.7104
MZI,187,111,2.489735,5.9438
MZI,186,112,-1.972212,-4.7083
MZI,185,113,2.806599,6.7003
MZI,184,114,1.130684,2.6993
MZI,183,115,2.094106,4.9993
MZI,182,116,-0.708710,-1.6919
MZI,181,117,2.578022,6.1546
MZI,180,118,-2.318883,-5.5359
MZI,179,119,0.228297,0.5450
MZI,178,120,2.502266,5.9737
MZI,177,121,2.037651,4.8645
MZI,176,122,0.564671,1.3481
MZI,175,123,-2.535796,-6.0538
MZI,174,124,2.099024,5.0111
MZI,173,125,0.917168,2.1896
MZI,172,126,-2.042465,-4.8760
MZI,171,127,0.660657,1.5772
MZI,170,128,1.052042,2.5116
MZI,169,129,2.220501,5.3011
MZI,168,130,-2.944874,-7.0304
MZI,167,131,0.314307,0.7504
MZI,166,132,-0.611896,-1.4608
MZI,165,133,2.569500,6.1342
MZI,164,134,-2.475218,-5.9091
MZI,163,135,0.632257,1.5094
MZI,162,136,2.247180,5.3647
MZI,161,137,0.552008,1.3178
MZI,160,138,2.761345,6.5922
MZI,159,139,1.967726,4.6976
MZI,158,140,-0.316542,-0.7557
MZI,157,141,1.575086,3.7602
MZI,156,142,1.719352,4.1047
MZI,155,143,1.288494,3.0761
MZI,154,144,-1.417337,-3.3836
MZI,153,145,-2.265443,-5.4083
MZI,152,146,-0.518809,-1.2386
MZI,151,147,0.816438,1.9491
MZI,150,148,1.307925,3.1224
MZI,149,149,1.491276,3.5602
MZI,148,150,1.615874,3.8576
MZI,147,151,1.799557,4.2961
MZI,146,152,1.871754,4.4685
MZI,145,153,1.791362,4.2766
MZI,144,154,2.506322,5.9834
MZI,143,155,1.504298,3.5912
MZI,142,156,-1.900681,-4.5375
MZI,141,157,2.838890,6.7774
MZI,140,158,-0.644357,-1.5383
MZI,139,159,-2.006402,-4.7899
MZI,138,160,-2.249023,-5.3691
MZI,137,161,2.048666,4.8908
MZI,136,162,0.859787,2.0526
MZI,135,163,2.885233,6.8880
MZI,134,164,3.002712,7.1684
MZI,133,165,-2.714359,-6.4801
MZI,132,166,0.080153,0.1914
MZI,131,167,1.619163,3.8655
MZI,130,168,1.270946,3.0342
MZI,129,169,2.830438,6.7572
MZI,128,170,2.845196,6.7924
MZI,127,171,2.660700,6.3520
MZI,126,172,2.830331,6.7569
MZI,125,173,-2.985882,-7.1283
MZI,124,174,2.815046,6.7204
MZI,123,175,2.632684,6.2851
MZI,122,176,2.409743,5.7528
MZI,121,177,-1.138915,-2.7190
MZI,120,178,3.070033,7.3292
MZI,119,179,2.906482,6.9387
MZI,118,180,2.619446,6.2535
MZI,117,181,-2.072578,-4.9479
MZI,116,182,-2.666845,-6.3666
MZI,115,183,-2.740672,-6.5429
MZI,114,184,-0.843344,-2.0133
MZI,113,185,-0.199604,-0.4765
MZI,112,186,1.959906,4.6789
MZI,111,187,2.503911,5.9776
MZI,110,188,2.121783,5.0654
MZI,109,189,0.977816,2.3344
MZI,108,190,0.444029,1.0600
MZI,107,191,2.534678,6.0511
MZI,106,192,-2.734164,-6.5273
MZI,105,193,3.112002,7.4294
MZI,104,194,-2.032318,-4.8518
MZI,103,195,0.423276,1.0105
MZI,102,196,0.349039,0.8333
MZI,101,197,-0.344592,-0.8227
MZI,100,198,-1.053086,-2.5141
MZI,99,199,-1.709706,-4.0816
MZI,98,200,-2.321036,-5.5411
MZI,97,201,-2.760029,-6.5891
MZI,96,202,-3.034558,-7.2445
MZI,95,203,-3.139746,-7.4956
MZI,94,204,-3.033259,-7.2414
MZI,93,205,-3.022904,-7.2167
MZI,92,206,3.022355,7.2153
MZI,91,207,2.544027,6.0734
MZI,90,208,2.483510,5.9289
MZI,89,209,2.468986,5.8943
MZI,88,210,1.353178,3.2305
MZI,87,211,3.067813,7.3239
MZI,86,212,2.839767,6.7794
MZI,85,213,2.969113,7.0882
MZI,84,214,-2.878096,-6.8709
MZI,83,215,-2.779392,-6.6353
MZI,82,216,-2.908815,-6.9443
MZI,81,217,-2.982799,-7.1209
MZI,80,218,-2.981969,-7.1189
MZI,79,219,-3.140936,-7.4984
MZI,78,220,-3.118091,-7.4439
MZI,77,221,-3.025501,-7.2229
MZI,76,222,-3.100436,-7.4017
MZI,75,223,3.052987,7.2885
MZI,74,224,-2.958677,-7.0633
MZI,73,225,-3.012201,-7.1911
MZI,72,226,-2.970814,-7.0923
MZI,71,227,3.002732,7.1685
MZI,70,228,2.908996,6.9447
MZI,69,229,1.912708,4.5663
MZI,68,230,3.095689,7.3904
MZI,67,231,3.064706,7.3164
MZI,66,232,2.817968,6.7274
MZI,65,233,-3.062180,-7.3104
MZI,64,234,3.115118,7.4368
MZI,63,235,3.134756,7.4837
MZI,62,236,2.975801,7.1042
MZI,61,237,3.080058,7.3531
MZI,60,238,-3.098482,-7.3971
MZI,59,239,3.003490,7.1703
MZI,58,240,2.926311,6.9861
MZI,57,241,2.673437,6.3824
MZI,56,242,2.815833,6.7223
MZI,55,243,2.758136,6.5846
MZI,54,244,2.862887,6.8346
MZI,53,245,2.750031,6.5652
MZI,52,246,2.655472,6.3395
MZI,51,247,2.726906,6.5100
MZI,50,248,2.676597,6.3899
MZI,49,249,2.585663,6.1728
MZI,48,250,2.639147,6.3005
MZI,47,251,2.622722,6.2613
MZI,46,252,2.580141,6.1596
MZI,45,253,2.556607,6.1034
MZI,44,254,2.588480,6.1795
MZI,43,255,2.546219,6.0787
MZI,254,46,-0.454829,-1.0858
MZI,253,47,-1.233489,-2.9447
MZI,252,48,1.228263,2.9323
MZI,251,49,0.622337,1.4857
MZI,250,50,-2.575146,-6.1477
MZI,249,51,-3.005705,-7.1756
MZI,248,52,-2.431149,-5.8039
MZI,247,53,1.044402,2.4933
MZI,246,54,-1.913966,-4.5693
MZI,245,55,-0.730385,-1.7437
MZI,244,56,-2.418888,-5.7747
MZI,243,57,0.201192,0.4803
MZI,242,58,2.384971,5.6937
MZI,241,59,-2.815104,-6.7206
MZI,240,60,1.600167,3.8201
MZI,239,61,-2.379443,-5.6805
MZI,238,62,2.250690,5.3731
MZI,237,63,-2.723919,-6.5029
MZI,236,64,2.709989,6.4696
MZI,235,65,2.861749,6.8319
MZI,234,66,1.521555,3.6324
MZI,233,67,1.189856,2.8406
MZI,232,68,2.443284,5.8329
MZI,231,69,-2.554878,-6.0993
MZI,230,70,1.060687,2.5322
MZI,229,71,-0.465517,-1.1113
MZI,228,72,0.767185,1.8315
MZI,227,73,2.997344,7.1556
MZI,226,74,2.580945,6.1616
MZI,225,75,1.362786,3.2534
MZI,224,76,0.748822,1.7877
MZI,223,77,1.014274,2.4214
MZI,222,78,2.396030,5.7201
MZI,221,79,2.598781,6.2041
MZI,220,80,1.389619,3.3175
MZI,219,81,1.647918,3.9341
MZI,218,82,1.058485,2.5269
MZI,217,83,-2.860928,-6.8300
MZI,216,84,-2.919381,-6.9695
MZI,215,85,1.913375,4.5678
MZI,214,86,2.879105,6.8734
MZI,213,87,-1.756183,-4.1926
MZI,212,88,0.703289,1.6790
MZI,211,89,-0.834938,-1.9933
MZI,210,90,-1.654663,-3.9502
MZI,209,91,-0.165464,-0.3950
MZI,208,92,2.090830,4.9915
MZI,207,93,1.573346,3.7561
MZI,206,94,-1.838604,-4.3893
MZI,205,95,-2.675307,-6.3868
MZI,204,96,2.256818,5.3878
MZI,203,97,-2.693548,-6.4304
MZI,202,98,1.177160,2.8103
MZI,201,99,2.490923,5.9466
MZI,200,100,0.972263,2.3211
MZI,199,101,2.783406,6.6449
MZI,198,102,-3.036037,-7.2480
MZI,197,103,1.764294,4.2119
MZI,196,104,-2.047161,-4.8872
MZI,195,105,-2.712811,-6.4764
MZI,194,106,-1.072447,-2.5603
MZI,193,107,2.431715,5.8053
MZI,192,108,2.767535,6.6070
MZI,191,109,-1.224909,-2.9243
MZI,190,110,3.112694,7.4310
MZI,189,111,2.559657,6.1107
MZI,188,112,1.629293,3.8897
MZI,187,113,0.886638,2.1167
MZI,186,114,0.026382,0.0630
MZI,185,115,2.792040,6.6655
MZI,184,116,1.820907,4.3471
MZI,183,117,2.537347,6.0575
MZI,182,118,-1.721769,-4.1104
MZI,181,119,-0.953513,-2.2763
MZI,180,120,-1.706365,-4.0736
MZI,179,121,1.514263,3.6150
MZI,178,122,-1.797898,-4.2922
MZI,177,123,-0.709672,-1.6942
MZI,176,124,0.208694,0.4982
MZI,175,125,-0.877543,-2.0950
MZI,174,126,0.682612,1.6296
MZI,173,127,-0.913960,-2.1819
MZI,172,128,-2.566447,-6.1269
MZI,171,129,0.580934,1.3869
MZI,170,130,2.357181,5.6274
MZI,169,131,1.058328,2.5266
MZI,168,132,-2.655741,-6.3401
MZI,167,133,-1.503111,-3.5884
MZI,166,134,-1.300517,-3.1048
MZI,165,135,-0.414936,-0.9906
MZI,164,136,-1.388160,-3.3140
MZI,163,137,2.606532,6.2226
MZI,162,138,-1.054935,-2.5185
MZI,161,139,-1.458149,-3.4811
MZI,160,140,2.401563,5.7333
MZI,159,141,-1.305888,-3.1176
MZI,158,142,2.137205,5.1022
MZI,157,143,-0.636552,-1.5197
MZI,156,144,-0.413422,-0.9870
MZI,155,145,-1.488584,-3.5537
MZI,154,146,0.443580,1.0590
MZI,153,147,0.082106,0.1960
MZI,152,148,-0.576725,-1.3768
MZI,151,149,-1.121017,-2.6762
MZI,150,150,-1.398916,-3.3397
MZI,149,151,-1.514796,-3.6163
MZI,148,152,-0.232706,-0.5555
MZI,147,153,0.481632,1.1498
MZI,146,154,0.346039,0.8261
MZI,145,155,0.726741,1.7350
MZI,144,156,2.212821,5.2827
MZI,143,157,-0.185882,-0.4438
MZI,142,158,-1.915872,-4.5738
MZI,141,159,0.320866,0.7660
MZI,140,160,0.567584,1.3550
MZI,139,161,2.726522,6.5091
MZI,138,162,-1.973881,-4.7123
MZI,137,163,-0.217906,-0.5202
MZI,136,164,1.625817,3.8814
MZI,135,165,-3.062269,-7.3106
MZI,134,166,3.041303,7.2606
MZI,133,167,-0.189167,-0.4516
MZI,132,168,-0.113404,-0.2707
MZI,131,169,-0.841767,-2.0096
MZI,130,170,0.022465,0.0536
MZI,129,171,0.925825,2.2102
MZI,128,172,1.307597,3.1217
MZI,127,173,1.334840,3.1867
MZI,126,174,1.643659,3.9239
MZI,125,175,3.084303,7.3632
MZI,124,176,-0.489903,-1.1696
MZI,123,177,-0.081552,-0.1947
MZI,122,178,0.588250,1.4043
MZI,121,179,1.115838,2.6639
MZI,120,180,0.996170,2.3782
MZI,119,181,0.813145,1.9412
MZI,118,182,1.080700,2.5800
MZI,117,183,1.289910,3.0794
MZI,116,184,1.020390,2.4360
MZI,115,185,0.778628,1.8588
MZI,114,186,0.171336,0.4090
MZI,113,187,-0.397111,-0.9480
MZI,112,188,-2.503668,-5.9771
MZI,111,189,-1.952989,-4.6624
MZI,110,190,-0.622100,-1.4852
MZI,109,191,0.337995,0.8069
MZI,108,192,0.926979,2.2130
MZI,107,193,2.206659,5.2680
MZI,106,194,1.140574,2.7229
MZI,105,195,1.194126,2.8508
MZI,104,196,0.632054,1.5089
MZI,103,197,0.625687,1.4937
MZI,102,198,0.913904,2.1818
MZI,101,199,1.096039,2.6166
MZI,100,200,1.081131,2.5810
MZI,99,201,0.977393,2.3334
MZI,98,202,0.848596,2.0259
MZI,97,203,0.760335,1.8152
MZI,96,204,0.732061,1.7477
MZI,95,205,0.805509,1.9230
MZI,94,206,0.909496,2.1713
MZI,93,207,0.839788,2.0048
MZI,92,208,0.356885,0.8520
MZI,91,209,0.413864,0.9880
MZI,90,210,0.441476,1.0539
MZI,89,211,0.173149,0.4134
MZI,88,212,1.203224,2.8725
MZI,87,213,0.921976,2.2011
MZI,86,214,0.934164,2.2302
MZI,85,215,1.048828,2.5039
MZI,84,216,1.194791,2.8524
MZI,83,217,1.246062,2.9748
MZI,82,218,1.193131,2.8484
MZI,81,219,1.219469,2.9113
MZI,80,220,1.171927,2.7978
MZI,79,221,1.137243,2.7150
MZI,78,222,1.184427,2.8276
MZI,77,223,1.134753,2.7090
MZI,76,224,1.020050,2.4352
MZI,75,225,1.198790,2.8619
MZI,74,226,1.116320,2.6650
MZI,73,227,1.153283,2.7533
MZI,72,228,0.843305,2.0132
MZI,71,229,0.772026,1.8431
MZI,70,230,0.373659,0.8920
MZI,69,231,0.983791,2.3486
MZI,68,232,0.944946,2.2559
MZI,67,233,0.714353,1.7054
MZI,66,234,1.056105,2.5213
MZI,65,235,0.988921,2.3609
MZI,64,236,0.968084,2.3111
MZI,63,237,0.824934,1.9694
MZI,62,238,0.887004,2.1176
MZI,61,239,1.007048,2.4042
MZI,60,240,0.847646,2.0236
MZI,59,241,0.798361,1.9059
MZI,58,242,0.581550,1.3883
MZI,57,243,0.676613,1.6153
MZI,56,244,0.629759,1.5034
MZI,55,245,0.757539,1.8085
MZI,54,246,0.622712,1.4866
MZI,53,247,0.531364,1.2685
MZI,52,248,0.611982,1.4610
MZI,51,249,0.547690,1.3075
MZI,50,250,0.469181,1.1201
MZI,49,251,0.514358,1.2279
MZI,48,252,0.518213,1.2371
MZI,47,253,0.499413,1.1923
MZI,46,254,0.493931,1.1792
MZI,45,255,0.556271,1.3280
MZI,254,48,0.246035,0.5874
MZI,253,49,1.532545,3.6587
MZI,252,50,-0.204827,-0.4890
MZI,251,51,-2.386952,-5.6984
MZI,250,52,-2.467488,-5.8907
MZI,249,53,-0.681288,-1.6265
MZI,248,54,-1.113349,-2.6579
MZI,247,55,-0.431017,-1.0290
MZI,246,56,1.812811,4.3278
MZI,245,57,-2.748700,-6.5620
MZI,244,58,2.744408,6.5518
MZI,243,59,0.834129,1.9913
MZI,242,60,-0.459731,-1.0975
MZI,241,61,0.058324,0.1392
MZI,240,62,1.978968,4.7244
MZI,239,63,0.342521,0.8177
MZI,238,64,1.745417,4.1669
MZI,237,65,-1.652305,-3.9446
MZI,236,66,1.703654,4.0672
MZI,235,67,2.078540,4.9621
MZI,234,68,-2.825617,-6.7457
MZI,233,69,-0.215879,-0.5154
MZI,232,70,0.611184,1.4591
MZI,231,71,1.731140,4.1328
MZI,230,72,2.397189,5.7229
MZI,229,73,2.569143,6.1334
MZI,228,74,2.811168,6.7112
MZI,227,75,1.590700,3.7975
MZI,226,76,2.254706,5.3827
MZI,225,77,-0.068378,-0.1632
MZI,224,78,1.941582,4.6352
MZI,223,79,-0.080712,-0.1927
MZI,222,80,1.036342,2.4741
MZI,221,81,1.279142,3.0537
MZI,220,82,1.372179,3.2758
MZI,219,83,1.833108,4.3762
MZI,218,84,1.846412,4.4080
MZI,217,85,1.949392,4.6538
MZI,216,86,0.509500,1.2163
MZI,215,87,2.521043,6.0185
MZI,214,88,1.706689,4.0744
MZI,213,89,0.991721,2.3676
MZI,212,90,0.950185,2.2684
MZI,211,91,-2.751481,-6.5687
MZI,210,92,1.591131,3.7985
MZI,209,93,-1.770410,-4.2265
MZI,208,94,-2.964851,-7.0781
MZI,207,95,1.701493,4.0620
MZI,206,96,-2.547454,-6.0816
MZI,205,97,1.924875,4.5953
MZI,204,98,3.017560,7.2039
MZI,203,99,1.107322,2.6435
MZI,202,100,-1.701802,-4.0628
MZI,201,101,2.204701,5.2633
MZI,200,102,-1.181369,-2.8203
MZI,199,103,-2.023613,-4.8310
MZI,198,104,-3.080361,-7.3538
MZI,197,105,2.876644,6.8675
MZI,196,106,-0.671227,-1.6024
MZI,195,107,2.486395,5.9358
MZI,194,108,2.629888,6.2784
MZI,193,109,-1.045526,-2.4960
MZI,192,110,3.127846,7.4672
MZI,191,111,-0.869043,-2.0747
MZI,190,112,2.000072,4.7748
MZI,189,113,0.097192,0.2320
MZI,188,114,2.288096,5.4624
MZI,187,115,2.252534,5.3775
MZI,186,116,-1.909832,-4.5594
MZI,185,117,0.138519,0.3307
MZI,184,118,-0.035174,-0.0840
MZI,183,119,2.916231,6.9620
MZI,182,120,-2.714280,-6.4799
MZI,181,121,2.435633,5.8146
MZI,180,122,0.967947,2.3108
MZI,179,123,2.671727,6.3783
MZI,178,124,1.498078,3.5764
MZI,177,125,-1.620004,-3.8675
MZI,176,126,1.049747,2.5061
MZI,175,127,0.355484,0.8487
MZI,174,128,0.808955,1.9312
MZI,173,129,-0.249249,-0.5950
MZI,172,130,1.584762,3.7833
MZI,171,131,-1.658164,-3.9586
MZI,170,132,-2.813582,-6.7169
MZI,169,133,0.109953,0.2625
MZI,168,134,0.785431,1.8751
MZI,167,135,0.633311,1.5119
MZI,166,136,1.730475,4.1312
MZI,165,137,1.505786,3.5948
MZI,164,138,1.171296,2.7963
MZI,163,139,2.663760,6.3593
MZI,162,140,0.613192,1.4639
MZI,161,141,1.174105,2.8030
MZI,160,142,1.980759,4.7287
MZI,159,143,1.833828,4.3779
MZI,158,144,1.323832,3.1604
MZI,157,145,-2.278835,-5.4403
MZI,156,146,0.989920,2.3633
MZI,155,147,1.354219,3.2330
MZI,154,148,1.804508,4.3079
MZI,153,149,2.034242,4.8564
MZI,152,150,2.196880,5.2447
MZI,151,151,2.314973,5.5266
MZI,150,152,2.416688,5.7694
MZI,149,153,1.535881,3.6666
MZI,148,154,1.249347,2.9826
MZI,147,155,1.426415,3.4053
MZI,146,156,1.927183,4.6008
MZI,145,157,2.216517,5.2915
MZI,144,158,1.001261,2.3903
MZI,143,159,2.642737,6.3091
MZI,142,160,2.339436,5.5850
MZI,141,161,-1.371118,-3.2733
MZI,140,162,2.177317,5.1980
MZI,139,163,1.114091,2.6597
MZI,138,164,-1.594277,-3.8061
MZI,137,165,2.078303,4.9616
MZI,136,166,-2.283410,-5.4512
MZI,135,167,1.910517,4.5610
MZI,134,168,1.340800,3.2009
MZI,133,169,0.487306,1.1634
MZI,132,170,1.312446,3.1332
MZI,131,171,0.947321,2.2616
MZI,130,172,0.939499,2.2429
MZI,129,173,2.229220,5.3219
MZI,128,174,2.276330,5.4343
MZI,127,175,1.781612,4.2533
MZI,126,176,1.619747,3.8669
MZI,125,177,-0.092593,-0.2210
MZI,124,178,0.831149,1.9842
MZI,123,179,2.035558,4.8595
MZI,122,180,2.799553,6.6834
MZI,121,181,2.781664,6.6407
MZI,120,182,2.650819,6.3284
MZI,119,183,1.869120,4.4622
MZI,118,184,1.658245,3.9588
MZI,117,185,1.736238,4.1450
MZI,116,186,1.823228,4.3526
MZI,115,187,0.881014,2.1033
MZI,114,188,0.139023,0.3319
MZI,113,189,1.931998,4.6123
MZI,112,190,1.996303,4.7658
MZI,111,191,2.007604,4.7928
MZI,110,192,1.992741,4.7573
MZI,109,193,1.698057,4.0538
MZI,108,194,2.398337,5.7256
MZI,107,195,1.797243,4.2906
MZI,106,196,2.288561,5.4635
MZI,105,197,2.442561,5.8312
MZI,104,198,2.506526,5.9839
MZI,103,199,2.539221,6.0619
MZI,102,200,2.470033,5.8968
MZI,101,201,2.301061,5.4934
MZI,100,202,2.114913,5.0490
MZI,99,203,1.999106,4.7725
MZI,98,204,1.977188,4.7202
MZI,97,205,2.004593,4.7856
MZI,96,206,2.134805,5.0965
MZI,95,207,2.352861,5.6170
MZI,94,208,2.404606,5.7406
MZI,93,209,1.613054,3.8509
MZI,92,210,1.918908,4.5811
MZI,91,211,2.082466,4.9715
MZI,90,212,2.241712,5.3517
MZI,89,213,2.860617,6.8292
MZI,88,214,2.556479,6.1031
MZI,87,215,2.493864,5.9537
MZI,86,216,2.529904,6.0397
MZI,85,217,2.609120,6.2288
MZI,84,218,2.676253,6.3891
MZI,83,219,2.648214,6.3221
MZI,82,220,2.654461,6.3371
MZI,81,221,2.634924,6.2904
MZI,80,222,2.595253,6.1957
MZI,79,223,2.609887,6.2306
MZI,78,224,2.557187,6.1048
MZI,77,225,2.457740,5.8674
MZI,76,226,2.553922,6.0970
MZI,75,227,2.466706,5.8888
MZI,74,228,2.489443,5.9431
MZI,73,229,2.173138,5.1880
MZI,72,230,2.144988,5.1208
MZI,71,231,2.130479,5.0861
MZI,70,232,2.353230,5.6179
MZI,69,233,2.319020,5.5363
MZI,68,234,2.109955,5.0371
MZI,67,235,2.380592,5.6832
MZI,66,236,2.334305,5.5727
MZI,65,237,2.285170,5.4554
MZI,64,238,2.166717,5.1727
MZI,63,239,2.200034,5.2522
MZI,62,240,2.303215,5.4985
MZI,61,241,2.176511,5.1960
MZI,60,242,2.153557,5.1412
MZI,59,243,1.947618,4.6496
MZI,58,244,2.003422,4.7828
MZI,57,245,1.972514,4.7090
MZI,56,246,2.118061,5.0565
MZI,55,247,1.948732,4.6523
MZI,54,248,1.863224,4.4481
MZI,53,249,1.931435,4.6110
MZI,52,250,1.858681,4.4373
MZI,51,251,1.778066,4.2448
MZI,50,252,1.809400,4.3196
MZI,49,253,1.804375,4.3076
MZI,48,254,1.770494,4.2267
MZI,47,255,1.726627,4.1220
MZI,254,50,-2.581957,-6.1640
MZI,253,51,0.326121,0.7786
MZI,252,52,1.704366,4.0689
MZI,251,53,-2.882166,-6.8807
MZI,250,54,-0.484668,-1.1571
MZI,249,55,-2.422293,-5.7828
MZI,248,56,-1.179885,-2.8168
MZI,247,57,1.074013,2.5640
MZI,246,58,2.726534,6.5091
MZI,245,59,-0.466768,-1.1143
MZI,244,60,0.120773,0.2883
MZI,243,61,-1.122097,-2.6788
MZI,242,62,0.794719,1.8973
MZI,241,63,-3.048408,-7.2775
MZI,240,64,-1.232391,-2.9421
MZI,239,65,0.206391,0.4927
MZI,238,66,1.408922,3.3636
MZI,237,67,0.185815,0.4436
MZI,236,68,0.434887,1.0382
MZI,235,69,0.786270,1.8771
MZI,234,70,2.046489,4.8856
MZI,233,71,-1.945692,-4.6450
MZI,232,72,0.531006,1.2677
MZI,231,73,2.377983,5.6770
MZI,230,74,-1.222484,-2.9185
MZI,229,75,1.086666,2.5942
MZI,228,76,-2.395059,-5.7178
MZI,227,77,-3.119024,-7.4461
MZI,226,78,-1.889223,-4.5102
MZI,225,79,1.098259,2.6219
MZI,224,80,2.656257,6.3413
MZI,223,81,-2.169204,-5.1786
MZI,222,82,1.439958,3.4376
MZI,221,83,2.006517,4.7902
MZI,220,84,2.250530,5.3727
MZI,219,85,-1.771626,-4.2294
MZI,218,86,-0.080129,-0.1913
MZI,217,87,-0.626375,-1.4954
MZI,216,88,-1.480091,-3.5335
MZI,215,89,1.994802,4.7622
MZI,214,90,-1.937090,-4.6245
MZI,213,91,-2.062431,-4.9237
MZI,212,92,-0.173113,-0.4133
MZI,211,93,1.154026,2.7550
MZI,210,94,-2.002210,-4.7799
MZI,209,95,-0.051492,-0.1229
MZI,208,96,0.710485,1.6962
MZI,207,97,-0.159785,-0.3815
MZI,206,98,-3.131620,-7.4762
MZI,205,99,-2.918865,-6.9683
MZI,204,100,-0.704774,-1.6825
MZI,203,101,-0.547974,-1.3082
MZI,202,102,0.043460,0.1038
MZI,201,103,3.114703,7.4358
MZI,200,104,-2.366248,-5.6490
MZI,199,105,-0.024001,-0.0573
MZI,198,106,0.426876,1.0191
MZI,197,107,-0.427644,-1.0209
MZI,196,108,-1.542426,-3.6823
MZI,195,109,-0.167108,-0.3989
MZI,194,110,-0.258129,-0.6162
MZI,193,111,-0.755213,-1.8029
MZI,192,112,2.416648,5.7693
MZI,191,113,-0.578840,-1.3819
MZI,190,114,-2.617284,-6.2483
MZI,189,115,-0.776687,-1.8542
MZI,188,116,1.618571,3.8641
MZI,187,117,-0.849817,-2.0288
MZI,186,118,-0.902655,-2.1549
MZI,185,119,-0.870528,-2.0782
MZI,184,120,1.616870,3.8600
MZI,183,121,0.779566,1.8611
MZI,182,122,-0.369649,-0.8825
MZI,181,123,0.011187,0.0267
MZI,180,124,2.858868,6.8250
MZI,179,125,-2.195949,-5.2424
MZI,178,126,-2.724317,-6.5038
MZI,177,127,-2.873062,-6.8589
MZI,176,128,-0.412072,-0.9838
MZI,175,129,-0.582367,-1.3903
MZI,174,130,0.032516,0.0776
MZI,173,131,2.893111,6.9068
MZI,172,132,0.720253,1.7195
MZI,171,133,1.156975,2.7621
MZI,170,134,0.713969,1.7045
MZI,169,135,1.090611,2.6036
MZI,168,136,-1.286757,-3.0719
MZI,167,137,1.633391,3.8994
MZI,166,138,1.959525,4.6780
MZI,165,139,0.019076,0.0455
MZI,164,140,1.352335,3.2285
MZI,163,141,-1.386677,-3.3104
MZI,162,142,0.605909,1.4465
MZI,161,143,-2.504760,-5.9797
MZI,160,144,2.343895,5.5956
MZI,159,145,1.186415,2.8324
MZI,158,146,1.052235,2.5120
MZI,157,147,1.989709,4.7501
MZI,156,148,1.201357,2.8680
MZI,155,149,0.011026,0.0263
MZI,154,150,-1.041342,-2.4860
MZI,153,151,-1.227995,-2.9316
MZI,152,152,-1.233383,-2.9445
MZI,151,153,-1.343038,-3.2063
MZI,150,154,-1.989314,-4.7491
MZI,149,155,-2.719514,-6.4924
MZI,148,156,3.139258,7.4944
MZI,147,157,1.873526,4.4727
MZI,146,158,0.782474,1.8680
MZI,145,159,1.102386,2.6318
MZI,144,160,2.467659,5.8911
MZI,143,161,-2.056369,-4.9092
MZI,142,162,2.303373,5.4989
MZI,141,163,0.953588,2.2765
MZI,140,164,0.523915,1.2508
MZI,139,165,1.704240,4.0686
MZI,138,166,3.049572,7.2803
MZI,137,167,0.380679,0.9088
MZI,136,168,0.152177,0.3633
MZI,135,169,0.632481,1.5099
MZI,134,170,1.112299,2.6554
MZI,133,171,1.898786,4.5330
MZI,132,172,1.500300,3.5817
MZI,131,173,1.054148,2.5166
MZI,130,174,0.952256,2.2733
MZI,129,175,-1.399241,-3.3404
MZI,128,176,0.084021,0.2006
MZI,127,177,1.036484,2.4744
MZI,126,178,1.280965,3.0581
MZI,125,179,-0.109316,-0.2610
MZI,124,180,2.324864,5.5502
MZI,123,181,2.197945,5.2472
MZI,122,182,2.214047,5.2856
MZI,121,183,2.580577,6.1607
MZI,120,184,0.210886,0.5035
MZI,119,185,1.279788,3.0553
MZI,118,186,1.885854,4.5021
MZI,117,187,2.813326,6.7163
MZI,116,188,-0.092086,-0.2198
MZI,115,189,1.564439,3.7348
MZI,114,190,1.810200,4.3215
MZI,113,191,1.874364,4.4747
MZI,112,192,1.895005,4.5240
MZI,111,193,1.870422,4.4653
MZI,110,194,1.680675,4.0123
MZI,109,195,-1.843608,-4.4013
MZI,108,196,0.959390,2.2904
MZI,107,197,3.129374,7.4708
MZI,106,198,2.262718,5.4018
MZI,105,199,2.349393,5.6088
MZI,104,200,2.524038,6.0257
MZI,103,201,2.668806,6.3713
MZI,102,202,2.481425,5.9240
MZI,101,203,1.748027,4.1731
MZI,100,204,1.591802,3.8001
MZI,99,205,1.679085,4.0085
MZI,98,206,1.810920,4.3233
MZI,97,207,2.051544,4.8977
MZI,96,208,2.468738,5.8937
MZI,95,209,-1.767632,-4.2199
MZI,94,210,1.612744,3.8501
MZI,93,211,2.030137,4.8466
MZI,92,212,2.308078,5.5101
MZI,91,213,2.386143,5.6965
MZI,90,214,2.791062,6.6632
MZI,89,215,2.704545,6.4566
MZI,88,216,2.552657,6.0940
MZI,87,217,2.510341,5.9930
MZI,86,218,2.501609,5.9722
MZI,85,219,2.520355,6.0169
MZI,84,220,2.508940,5.9897
MZI,83,221,2.495651,5.9579
MZI,82,222,2.449102,5.8468
MZI,81,223,2.451076,5.8515
MZI,80,224,2.459840,5.8724
MZI,79,225,2.403668,5.7383
MZI,78,226,2.334955,5.5743
MZI,77,227,2.388011,5.7010
MZI,76,228,2.311019,5.5172
MZI,75,229,2.322456,5.5445
MZI,74,230,2.003265,4.7824
MZI,73,231,2.034619,4.8573
MZI,72,232,2.118275,5.0570
MZI,71,233,2.228224,5.3195
MZI,70,234,2.205882,5.2662
MZI,69,235,2.023238,4.8301
MZI,68,236,2.233003,5.3309
MZI,67,237,2.192266,5.2336
MZI,66,238,2.127527,5.0791
MZI,65,239,2.033891,4.8556
MZI,64,240,2.053410,4.9022
MZI,63,241,2.130347,5.0858
MZI,62,242,2.037464,4.8641
MZI,61,243,2.034290,4.8565
MZI,60,244,1.834615,4.3798
MZI,59,245,1.859622,4.4395
MZI,58,246,1.862002,4.4452
MZI,57,247,2.025644,4.8359
MZI,56,248,1.828911,4.3662
MZI,55,249,1.757713,4.1962
MZI,54,250,1.818444,4.3412
MZI,53,251,1.753187,4.1854
MZI,52,252,1.685577,4.0240
MZI,51,253,1.725350,4.1190
MZI,50,254,1.737650,4.1483
MZI,49,255,1.734448,4.1407
MZI,254,52,2.321145,5.5413
MZI,253,53,0.511720,1.2216
MZI,252,54,0.915180,2.1848
MZI,251,55,-1.388484,-3.3148
MZI,250,56,0.613976,1.4658
MZI,249,57,2.557451,6.1055
MZI,248,58,-2.904044,-6.9329
MZI,247,59,-0.195301,-0.4662
MZI,246,60,-0.414661,-0.9899
MZI,245,61,-2.091716,-4.9936
MZI,244,62,-0.751954,-1.7952
MZI,243,63,2.792181,6.6658
MZI,242,64,2.234825,5.3353
MZI,241,65,-0.147088,-0.3511
MZI,240,66,-2.587724,-6.1777
MZI,239,67,-2.633464,-6.2869
MZI,238,68,2.786481,6.6522
MZI,237,69,1.346134,3.2137
MZI,236,70,-0.031841,-0.0760
MZI,235,71,-0.402875,-0.9618
MZI,234,72,-1.905739,-4.5496
MZI,233,73,1.295600,3.0930
MZI,232,74,0.638478,1.5243
MZI,231,75,-2.922091,-6.9760
MZI,230,76,-1.512050,-3.6098
MZI,229,77,-3.081112,-7.3556
MZI,228,78,-1.408542,-3.3626
MZI,227,79,-2.623302,-6.2627
MZI,226,80,2.684248,6.4082
MZI,225,81,-2.659332,-6.3487
MZI,224,82,-2.040126,-4.8704
MZI,223,83,2.869883,6.8513
MZI,222,84,2.659458,6.3490
MZI,221,85,-3.037401,-7.2513
MZI,220,86,-0.981254,-2.3426
MZI,219,87,-1.028613,-2.4556
MZI,218,88,-1.205813,-2.8787
MZI,217,89,-2.815302,-6.7210
MZI,216,90,2.715149,6.4819
MZI,215,91,0.106857,0.2551
MZI,214,92,0.302360,0.7218
MZI,213,93,-2.928716,-6.9918
MZI,212,94,2.640298,6.3032
MZI,211,95,2.357971,5.6292
MZI,210,96,0.480145,1.1463
MZI,209,97,-1.740380,-4.1549
MZI,208,98,-2.624694,-6.2660
MZI,207,99,-1.967863,-4.6979
MZI,206,100,-2.080363,-4.9665
MZI,205,101,-2.439738,-5.8244
MZI,204,102,2.303986,5.5004
MZI,203,103,-1.686730,-4.0268
MZI,202,104,-2.479644,-5.9197
MZI,201,105,-2.736528,-6.5330
MZI,200,106,-0.435836,-1.0405
MZI,199,107,-1.753319,-4.1857
MZI,198,108,-3.112436,-7.4304
MZI,197,109,-2.676099,-6.3887
MZI,196,110,-1.999263,-4.7729
MZI,195,111,-1.610203,-3.8441
MZI,194,112,2.637017,6.2954
MZI,193,113,-1.941334,-4.6346
MZI,192,114,-2.275892,-5.4333
MZI,191,115,2.696443,6.4373
MZI,190,116,1.999702,4.7739
MZI,189,117,-0.483994,-1.1555
MZI,188,118,1.689141,4.0325
MZI,187,119,-2.157836,-5.1515
MZI,186,120,2.415990,5.7678
MZI,185,121,1.362178,3.2520
MZI,184,122,0.330986,0.7902
MZI,183,123,-2.620352,-6.2556
MZI,182,124,2.960899,7.0686
MZI,181,125,-2.804952,-6.6963
MZI,180,126,1.394519,3.3292
MZI,179,127,-1.741885,-4.1584
MZI,178,128,-3.117900,-7.4434
MZI,177,129,2.927805,6.9896
MZI,176,130,0.706129,1.6858
MZI,175,131,-0.903407,-2.1567
MZI,174,132,-2.128353,-5.0811
MZI,173,133,2.153404,5.1409
MZI,172,134,2.390725,5.7074
MZI,171,135,1.051612,2.5105
MZI,170,136,0.447907,1.0693
MZI,169,137,2.615904,6.2450
MZI,168,138,-1.836017,-4.3832
MZI,167,139,-2.355428,-5.6232
MZI,166,140,-2.372486,-5.6639
MZI,165,141,2.176328,5.1956
MZI,164,142,-2.675682,-6.3877
MZI,163,143,2.073380,4.9498
MZI,162,144,-1.175197,-2.8056
MZI,161,145,-1.977352,-4.7206
MZI,160,146,2.840176,6.7804
MZI,159,147,0.899984,2.1486
MZI,158,148,-1.409336,-3.3645
MZI,157,149,-2.910678,-6.9487
MZI,156,150,2.684347,6.4084
MZI,155,151,-3.054792,-7.2928
MZI,154,152,-3.020405,-7.2107
MZI,153,153,-3.042221,-7.2628
MZI,152,154,-3.074989,-7.3410
MZI,151,155,3.119654,7.4476
MZI,150,156,3.002700,7.1684
MZI,149,157,3.082124,7.3580
MZI,148,158,1.795700,4.2869
MZI,147,159,1.726687,4.1222
MZI,146,160,-0.219430,-0.5238
MZI,145,161,-1.853703,-4.4254
MZI,144,162,-0.440021,-1.0505
MZI,143,163,-1.245008,-2.9722
MZI,142,164,0.556931,1.3296
MZI,141,165,-2.836919,-6.7726
MZI,140,166,-2.424973,-5.7892
MZI,139,167,-2.500508,-5.9695
MZI,138,168,1.890024,4.5121
MZI,137,169,2.462636,5.8791
MZI,136,170,2.983987,7.1237
MZI,135,171,-2.365030,-5.6461
MZI,134,172,-1.792107,-4.2783
MZI,133,173,-2.660567,-6.3516
MZI,132,174,3.126007,7.4628
MZI,131,175,1.297762,3.0982
MZI,130,176,-2.567561,-6.1296
MZI,129,177,3.111224,7.4275
MZI,128,178,2.396277,5.7207
MZI,127,179,-1.753525,-4.1862
MZI,126,180,-1.272589,-3.0381
MZI,125,181,-2.541969,-6.0685
MZI,124,182,-2.285219,-5.4556
MZI,123,183,-2.053066,-4.9013
MZI,122,184,-1.710795,-4.0842
MZI,121,185,3.010528,7.1871
MZI,120,186,-2.573196,-6.1431
MZI,119,187,-1.853348,-4.4245
MZI,118,188,-1.757513,-4.1958
MZI,117,189,2.254670,5.3826
MZI,116,190,2.141633,5.1128
MZI,115,191,-2.320773,-5.5404
MZI,114,192,-2.088588,-4.9861
MZI,113,193,-2.012459,-4.8044
MZI,112,194,-1.976696,-4.7190
MZI,111,195,-1.969743,-4.7024
MZI,110,196,-1.507610,-3.5992
MZI,109,197,2.943095,7.0261
MZI,108,198,-0.505883,-1.2077
MZI,107,199,-2.277011,-5.4360
MZI,106,200,-1.971297,-4.7061
MZI,105,201,-1.675164,-3.9992
MZI,104,202,-1.260914,-3.0102
MZI,103,203,-0.264598,-0.6317
MZI,102,204,1.923487,4.5920
MZI,101,205,-3.031941,-7.2382
MZI,100,206,-2.502893,-5.9752
MZI,99,207,-2.159050,-5.1544
MZI,98,208,-1.792684,-4.2797
MZI,97,209,-1.361731,-3.2509
MZI,96,210,-1.810781,-4.3229
MZI,95,211,-2.256118,-5.3861
MZI,94,212,-1.535887,-3.6667
MZI,93,213,-1.312353,-3.1330
MZI,92,214,-1.483706,-3.5421
MZI,91,215,-1.398564,-3.3388
MZI,90,216,-1.337547,-3.1932
MZI,89,217,-1.450455,-3.4627
MZI,88,218,-1.525167,-3.6411
MZI,87,219,-1.580353,-3.7728
MZI,86,220,-1.595719,-3.8095
MZI,85,221,-1.611012,-3.8460
MZI,84,222,-1.624589,-3.8784
MZI,83,223,-1.694759,-4.0459
MZI,82,224,-1.666947,-3.9795
MZI,81,225,-1.647504,-3.9331
MZI,80,226,-1.699044,-4.0562
MZI,79,227,-1.740609,-4.1554
MZI,78,228,-1.691307,-4.0377
MZI,77,229,-1.758008,-4.1969
MZI,76,230,-1.751248,-4.1808
MZI,75,231,-2.047613,-4.8883
MZI,74,232,-1.978311,-4.7229
MZI,73,233,-1.874353,-4.4747
MZI,72,234,-1.804451,-4.3078
MZI,71,235,-1.823604,-4.3535
MZI,70,236,-1.976490,-4.7185
MZI,69,237,-1.815395,-4.3339
MZI,68,238,-1.859795,-4.4399
MZI,67,239,-1.933794,-4.6166
MZI,66,240,-2.007580,-4.7927
MZI,65,241,-1.995185,-4.7632
MZI,64,242,-1.944007,-4.6410
MZI,63,243,-2.009836,-4.7981
MZI,62,244,-2.006043,-4.7891
MZI,61,245,-2.201865,-5.2566
MZI,60,246,-2.199724,-5.2515
MZI,59,247,-2.150772,-5.1346
MZI,58,248,-1.988034,-4.7461
MZI,57,249,-2.212493,-5.2819
MZI,56,250,-2.275045,-5.4313
MZI,55,251,-2.226246,-5.3148
MZI,54,252,-2.289895,-5.4667
MZI,53,253,-2.355497,-5.6233
MZI,52,254,-2.318733,-5.5356
MZI,51,255,-2.306062,-5.5053
MZI,254,54,-0.638990,-1.5255
MZI,253,55,0.014277,0.0341
MZI,252,56,-3.069294,-7.3274
MZI,251,57,-0.121723,-0.2906
MZI,250,58,-0.044575,-0.1064
MZI,249,59,0.211482,0.5049
MZI,248,60,-2.970543,-7.0916
MZI,247,61,-0.256921,-0.6134
MZI,246,62,3.122130,7.4535
MZI,245,63,-1.089499,-2.6010
MZI,244,64,1.314159,3.1373
MZI,243,65,0.979700,2.3389
MZI,242,66,-2.129147,-5.0830
MZI,241,67,-0.247062,-0.5898
MZI,240,68,2.176716,5.1965
MZI,239,69,0.904296,2.1588
MZI,238,70,0.121503,0.2901
MZI,237,71,0.472919,1.1290
MZI,236,72,1.471544,3.5131
MZI,235,73,-2.827747,-6.7507
MZI,234,74,-0.143585,-0.3428
MZI,233,75,1.078706,2.5752
MZI,232,76,-0.696005,-1.6616
MZI,231,77,-0.903766,-2.1576
MZI,230,78,1.330164,3.1755
MZI,229,79,-1.921433,-4.5871
MZI,228,80,-3.059327,-7.3036
MZI,227,81,-2.145603,-5.1222
MZI,226,82,0.628025,1.4993
MZI,225,83,-2.645745,-6.3163
MZI,224,84,-2.210466,-5.2771
MZI,223,85,-1.218166,-2.9082
MZI,222,86,-2.463557,-5.8813
MZI,221,87,-2.099896,-5.0131
MZI,220,88,2.635511,6.2918
MZI,219,89,-1.713347,-4.0903
MZI,218,90,-1.839023,-4.3903
MZI,217,91,0.360327,0.8602
MZI,216,92,-1.914369,-4.5702
MZI,215,93,-2.452660,-5.8553
MZI,214,94,-1.660691,-3.9646
MZI,213,95,-1.979917,-4.7267
MZI,212,96,-2.000304,-4.7754
MZI,211,97,3.064557,7.3161
MZI,210,98,0.379331,0.9056
MZI,209,99,-0.054360,-0.1298
MZI,208,100,-1.836484,-4.3843
MZI,207,101,-0.789556,-1.8849
MZI,206,102,-1.597117,-3.8128
MZI,205,103,2.899822,6.9228
MZI,204,104,-1.005691,-2.4009
MZI,203,105,0.786802,1.8784
MZI,202,106,1.411455,3.3696
MZI,201,107,1.768714,4.2225
MZI,200,108,-1.344801,-3.2105
MZI,199,109,-0.384638,-0.9183
MZI,198,110,1.805498,4.3103
MZI,197,111,-1.222441,-2.9184
MZI,196,112,-0.816197,-1.9485
MZI,195,113,1.304467,3.1142
MZI,194,114,3.087063,7.3698
MZI,193,115,-2.209295,-5.2743
MZI,192,116,-3.108823,-7.4218
MZI,191,117,-1.434926,-3.4256
MZI,190,118,-1.292674,-3.0860
MZI,189,119,-2.193824,-5.2374
MZI,188,120,0.182555,0.4358
MZI,187,121,3.039035,7.2552
MZI,186,122,-2.471288,-5.8998
MZI,185,123,-1.854803,-4.4280
MZI,184,124,2.583439,6.1675
MZI,183,125,-2.696609,-6.4377
MZI,182,126,-2.919862,-6.9707
MZI,181,127,1.834594,4.3798
MZI,180,128,-1.996376,-4.7660
MZI,179,129,-2.238238,-5.3434
MZI,178,130,-2.529046,-6.0377
MZI,177,131,2.905074,6.9354
MZI,176,132,-2.686931,-6.4146
MZI,175,133,-0.579089,-1.3825
MZI,174,134,2.095619,5.0029
MZI,173,135,-2.503709,-5.9772
MZI,172,136,3.009056,7.1836
MZI,171,137,-3.043096,-7.2649
MZI,170,138,0.350998,0.8379
MZI,169,139,-1.956507,-4.6708
MZI,168,140,1.165124,2.7815
MZI,167,141,-2.458208,-5.8685
MZI,166,142,2.281514,5.4467
MZI,165,143,1.908114,4.5553
MZI,164,144,0.607664,1.4507
MZI,163,145,3.090206,7.3773
MZI,162,146,1.306867,3.1199
MZI,161,147,1.354630,3.2339
MZI,160,148,2.201708,5.2562
MZI,159,149,-2.956438,-7.0580
MZI,158,150,-2.975102,-7.1025
MZI,157,151,2.471728,5.9008
MZI,156,152,2.567628,6.1298
MZI,155,153,2.572493,6.1414
MZI,154,154,2.581534,6.1630
MZI,153,155,2.557625,6.1059
MZI,152,156,2.473943,5.9061
MZI,151,157,2.365581,5.6474
MZI,150,158,1.832030,4.3736
MZI,149,159,2.637108,6.2956
MZI,148,160,2.939574,7.0177
MZI,147,161,-2.454961,-5.8608
MZI,146,162,-1.652309,-3.9446
MZI,145,163,-2.387926,-5.7008
MZI,144,164,-2.780308,-6.6375
MZI,143,165,2.150822,5.1347
MZI,142,166,-1.708368,-4.0784
MZI,141,167,-2.959347,-7.0649
MZI,140,168,2.989049,7.1358
MZI,139,169,2.968327,7.0864
MZI,138,170,2.836908,6.7726
MZI,137,171,2.169618,5.1796
MZI,136,172,-2.708297,-6.4656
MZI,135,173,-2.101129,-5.0161
MZI,134,174,0.649855,1.5514
MZI,133,175,1.862905,4.4474
MZI,132,176,2.913189,6.9547
MZI,131,177,-2.864472,-6.8384
MZI,130,178,-2.757718,-6.5836
MZI,129,179,-3.071906,-7.3336
MZI,128,180,-0.028107,-0.0671
MZI,127,181,-1.309993,-3.1274
MZI,126,182,2.387777,5.7004
MZI,125,183,3.046802,7.2737
MZI,124,184,-2.543196,-6.0714
MZI,123,185,-2.410253,-5.7541
MZI,122,186,-2.954159,-7.0525
MZI,121,187,2.609660,6.2301
MZI,120,188,-2.380792,-5.6837
MZI,119,189,-2.634243,-6.2888
MZI,118,190,-2.773473,-6.6212
MZI,117,191,2.936166,7.0096
MZI,116,192,1.002679,2.3937
MZI,115,193,-2.024113,-4.8322
MZI,114,194,-2.182199,-5.2096
MZI,113,195,-2.197269,-5.2456
MZI,112,196,-2.108588,-5.0339
MZI,111,197,-1.038458,-2.4791
MZI,110,198,-2.894789,-6.9108
MZI,109,199,-1.757126,-4.1948
MZI,108,200,2.586026,6.1737
MZI,107,201,-2.839504,-6.7788
MZI,106,202,-2.299502,-5.4897
MZI,105,203,-2.090834,-4.9915
MZI,104,204,-2.194579,-5.2392
MZI,103,205,-2.998058,-7.1573
MZI,102,206,2.741701,6.5453
MZI,101,207,2.978473,7.1106
MZI,100,208,-2.312164,-5.5199
MZI,99,209,-1.807077,-4.3141
MZI,98,210,-1.903067,-4.5432
MZI,97,211,-2.394559,-5.7166
MZI,96,212,-2.833470,-6.7644
MZI,95,213,-1.368325,-3.2666
MZI,94,214,-1.865566,-4.4537
MZI,93,215,-2.039515,-4.8690
MZI,92,216,-2.060747,-4.9197
MZI,91,217,-2.029874,-4.8460
MZI,90,218,-2.068766,-4.9388
MZI,89,219,-2.121118,-5.0638
MZI,88,220,-2.173197,-5.1881
MZI,87,221,-2.196066,-5.2427
MZI,86,222,-2.221364,-5.3031
MZI,85,223,-2.231115,-5.3264
MZI,84,224,-2.310868,-5.5168
MZI,83,225,-2.276298,-5.4343
MZI,82,226,-2.246509,-5.3631
MZI,81,227,-2.288481,-5.4633
MZI,80,228,-2.311945,-5.5194
MZI,79,229,-2.251846,-5.3759
MZI,78,230,-2.310741,-5.5165
MZI,77,231,-2.302699,-5.4973
MZI,76,232,-2.551428,-6.0911
MZI,75,233,-2.478022,-5.9158
MZI,74,234,-2.376380,-5.6732
MZI,73,235,-2.319690,-5.5379
MZI,72,236,-2.344813,-5.5978
MZI,71,237,-2.469564,-5.8956
MZI,70,238,-2.344308,-5.5966
MZI,69,239,-2.395609,-5.7191
MZI,68,240,-2.474434,-5.9073
MZI,67,241,-2.532955,-6.0470
MZI,66,242,-2.523144,-6.0236
MZI,65,243,-2.492683,-5.9508
MZI,64,244,-2.539509,-6.0626
MZI,63,245,-2.540170,-6.0642
MZI,62,246,-2.727407,-6.5112
MZI,61,247,-2.734166,-6.5273
MZI,60,248,-2.622034,-6.2596
MZI,59,249,-2.487768,-5.9391
MZI,58,250,-2.728443,-6.5137
MZI,57,251,-2.784652,-6.6479
MZI,56,252,-2.746204,-6.5561
MZI,55,253,-2.809910,-6.7082
MZI,54,254,-2.880560,-6.8768
MZI,53,255,-2.849809,-6.8034
MZI,254,56,-1.530202,-3.6531
MZI,253,57,-0.112684,-0.2690
MZI,252,58,2.227267,5.3172
MZI,251,59,0.788541,1.8825
MZI,250,60,-0.676979,-1.6162
MZI,249,61,2.063794,4.9269
MZI,248,62,1.652344,3.9447
MZI,247,63,-1.117611,-2.6681
MZI,246,64,-1.289139,-3.0776
MZI,245,65,-2.387079,-5.6987
MZI,244,66,-0.995125,-2.3757
MZI,243,67,-0.340826,-0.8137
MZI,242,68,3.008358,7.1819
MZI,241,69,-3.020716,-7.2114
MZI,240,70,2.047582,4.8882
MZI,239,71,-2.665462,-6.3633
MZI,238,72,0.249250,0.5950
MZI,237,73,2.658527,6.3468
MZI,236,74,-1.918023,-4.5789
MZI,235,75,-0.750550,-1.7918
MZI,234,76,-2.040631,-4.8716
MZI,233,77,2.876382,6.8669
MZI,232,78,-0.328995,-0.7854
MZI,231,79,-0.261016,-0.6231
MZI,230,80,0.660911,1.5778
MZI,229,81,-2.807026,-6.7013
MZI,228,82,-0.388050,-0.9264
MZI,227,83,-0.798508,-1.9063
MZI,226,84,-1.950184,-4.6557
MZI,225,85,-0.993137,-2.3709
MZI,224,86,-2.331557,-5.5662
MZI,223,87,-1.714322,-4.0926
MZI,222,88,-0.937223,-2.2375
MZI,221,89,-0.483088,-1.1533
MZI,220,90,-1.807966,-4.3162
MZI,219,91,-0.304120,-0.7260
MZI,218,92,-1.509543,-3.6038
MZI,217,93,-1.850945,-4.4188
MZI,216,94,1.106839,2.6424
MZI,215,95,-1.975583,-4.7164
MZI,214,96,2.009753,4.7979
MZI,213,97,1.046166,2.4975
MZI,212,98,0.972497,2.3217
MZI,211,99,-1.032005,-2.4637
MZI,210,100,2.610551,6.2322
MZI,209,101,0.735589,1.7561
MZI,208,102,-1.601256,-3.8227
MZI,207,103,1.166290,2.7843
MZI,206,104,-1.946360,-4.6466
MZI,205,105,0.974969,2.3276
MZI,204,106,-1.407292,-3.3597
MZI,203,107,0.511055,1.2201
MZI,202,108,-1.940120,-4.6317
MZI,201,109,-1.627994,-3.8865
MZI,200,110,2.535080,6.0521
MZI,199,111,0.384888,0.9189
MZI,198,112,-0.611189,-1.4591
MZI,197,113,-2.232526,-5.3298
MZI,196,114,-1.210516,-2.8899
MZI,195,115,0.508867,1.2148
MZI,194,116,0.443526,1.0588
MZI,193,117,1.448718,3.4586
MZI,192,118,-0.078304,-0.1869
MZI,191,119,1.226436,2.9279
MZI,190,120,-1.401814,-3.3466
MZI,189,121,-2.239476,-5.3464
MZI,188,122,1.445938,3.4519
MZI,187,123,0.781827,1.8665
MZI,186,124,0.977759,2.3342
MZI,185,125,1.581866,3.7764
MZI,184,126,-0.644065,-1.5376
MZI,183,127,1.536854,3.6690
MZI,182,128,0.875600,2.0903
MZI,181,129,1.720389,4.1071
MZI,180,130,-3.044502,-7.2682
MZI,179,131,-2.992021,-7.1429
MZI,178,132,-2.221095,-5.3025
MZI,177,133,-2.605914,-6.2212
MZI,176,134,-2.530714,-6.0416
MZI,175,135,2.853328,6.8118
MZI,174,136,-2.795373,-6.6735
MZI,173,137,2.331555,5.5662
MZI,172,138,2.281163,5.4459
MZI,171,139,-2.676643,-6.3900
MZI,170,140,-1.709415,-4.0809
MZI,169,141,2.563823,6.1207
MZI,168,142,-1.319437,-3.1499
MZI,167,143,2.141633,5.1128
MZI,166,144,1.081285,2.5814
MZI,165,145,1.981973,4.7316
MZI,164,146,2.989045,7.1358
MZI,163,147,2.604684,6.2182
MZI,162,148,-2.566651,-6.1274
MZI,161,149,2.063560,4.9264
MZI,160,150,-1.321844,-3.1557
MZI,159,151,-0.420182,-1.0031
MZI,158,152,1.359627,3.2459
MZI,157,153,1.543047,3.6838
MZI,156,154,2.418041,5.7726
MZI,155,155,-1.746462,-4.1694
MZI,154,156,-1.649215,-3.9372
MZI,153,157,-1.391189,-3.3212
MZI,152,158,-0.739258,-1.7648
MZI,151,159,0.762286,1.8198
MZI,150,160,-3.011532,-7.1895
MZI,149,161,-2.114702,-5.0485
MZI,148,162,-1.838698,-4.3896
MZI,147,163,-1.981435,-4.7303
MZI,146,164,-1.029432,-2.4576
MZI,145,165,-1.391557,-3.3221
MZI,144,166,-2.597041,-6.2000
MZI,143,167,-1.679907,-4.0105
MZI,142,168,-2.699086,-6.4436
MZI,141,169,-3.067898,-7.3241
MZI,140,170,-2.894905,-6.9111
MZI,139,171,-2.526297,-6.0311
MZI,138,172,-1.944156,-4.6413
MZI,137,173,-2.066924,-4.9344
MZI,136,174,-1.554687,-3.7115
MZI,135,175,-2.272763,-5.4258
MZI,134,176,-3.075854,-7.3431
MZI,133,177,-2.053218,-4.9017
MZI,132,178,-1.397443,-3.3361
MZI,131,179,-1.410480,-3.3673
MZI,130,180,-1.592404,-3.8016
MZI,129,181,-1.597296,-3.8133
MZI,128,182,-1.842820,-4.3994
MZI,127,183,-2.314175,-5.5247
MZI,126,184,-2.941960,-7.0234
MZI,125,185,-1.640814,-3.9172
MZI,124,186,-1.716905,-4.0988
MZI,123,187,-1.990504,-4.7520
MZI,122,188,-2.697422,-6.4396
MZI,121,189,-1.362465,-3.2526
MZI,120,190,-1.594023,-3.8054
MZI,119,191,-1.534063,-3.6623
MZI,118,192,-1.495333,-3.5698
MZI,117,193,-1.542516,-3.6825
MZI,116,194,0.328402,0.7840
MZI,115,195,-0.863261,-2.0609
MZI,114,196,-1.058739,-2.5276
MZI,113,197,-0.979967,-2.3395
MZI,112,198,-1.121744,-2.6780
MZI,111,199,-1.854449,-4.4272
MZI,110,200,-0.788457,-1.8823
MZI,109,201,-2.321426,-5.5420
MZI,108,202,3.008761,7.1829
MZI,107,203,-0.468368,-1.1181
MZI,106,204,-0.992535,-2.3695
MZI,105,205,-1.318974,-3.1488
MZI,104,206,-1.643942,-3.9246
MZI,103,207,-2.079157,-4.9636
MZI,102,208,-3.063038,-7.3125
MZI,101,209,0.514610,1.2285
MZI,100,210,-0.557217,-1.3303
MZI,99,211,-0.986621,-2.3554
MZI,98,212,-1.309434,-3.1260
MZI,97,213,-1.931583,-4.6113
MZI,96,214,-0.809132,-1.9317
MZI,95,215,-1.053916,-2.5160
MZI,94,216,-1.094555,-2.6131
MZI,93,217,-1.105423,-2.6390
MZI,92,218,-1.097747,-2.6207
MZI,91,219,-1.118641,-2.6706
MZI,90,220,-1.156492,-2.7609
MZI,89,221,-1.202917,-2.8718
MZI,88,222,-1.229890,-2.9361
MZI,87,223,-1.265958,-3.0223
MZI,86,224,-1.273185,-3.0395
MZI,85,225,-1.356467,-3.2383
MZI,84,226,-1.313573,-3.1359
MZI,83,227,-1.272446,-3.0377
MZI,82,228,-1.300190,-3.1040
MZI,81,229,-1.307767,-3.1221
MZI,80,230,-1.237826,-2.9551
MZI,79,231,-1.289534,-3.0785
MZI,78,232,-1.276232,-3.0468
MZI,77,233,-1.474680,-3.5205
MZI,76,234,-1.414123,-3.3760
MZI,75,235,-1.320442,-3.1523
MZI,74,236,-1.265995,-3.0223
MZI,73,237,-1.303027,-3.1107
MZI,72,238,-1.402867,-3.3491
MZI,71,239,-1.304192,-3.1135
MZI,70,240,-1.361955,-3.2514
MZI,69,241,-1.442650,-3.4441
MZI,68,242,-1.489206,-3.5552
MZI,67,243,-1.478858,-3.5305
MZI,66,244,-1.462468,-3.4914
MZI,65,245,-1.496565,-3.5728
MZI,64,246,-1.506971,-3.5976
MZI,63,247,-1.675599,-4.0002
MZI,62,248,-1.662809,-3.9697
MZI,61,249,-1.478089,-3.5287
MZI,60,250,-1.407122,-3.3593
MZI,59,251,-1.648167,-3.9347
MZI,58,252,-1.700515,-4.0597
MZI,57,253,-1.669977,-3.9868
MZI,56,254,-1.739324,-4.1523
MZI,55,255,-1.839951,-4.3926
MZI,254,58,-1.266713,-3.0241
MZI,253,59,2.524851,6.0276
MZI,252,60,-2.314263,-5.5249
MZI,251,61,1.348214,3.2186
MZI,250,62,2.221594,5.3037
MZI,249,63,0.006468,0.0154
MZI,248,64,2.782974,6.6439
MZI,247,65,-1.679174,-4.0087
MZI,246,66,-2.807407,-6.7022
MZI,245,67,2.751666,6.5691
MZI,244,68,-3.079574,-7.3519
MZI,243,69,2.435621,5.8146
MZI,242,70,2.865287,6.8404
MZI,241,71,1.419616,3.3891
MZI,240,72,-3.073971,-7.3386
MZI,239,73,1.212411,2.8944
MZI,238,74,-2.911476,-6.9506
MZI,237,75,2.610070,6.2311
MZI,236,76,2.242752,5.3542
MZI,235,77,2.974295,7.1006
MZI,234,78,-1.497278,-3.5745
MZI,233,79,-2.768287,-6.6088
MZI,232,80,2.052676,4.9004
MZI,231,81,-2.978071,-7.1096
MZI,230,82,0.112409,0.2684
MZI,229,83,-1.984214,-4.7370
MZI,228,84,-3.088503,-7.3733
MZI,227,85,1.020116,2.4353
MZI,226,86,2.292297,5.4725
MZI,225,87,-2.389713,-5.7050
MZI,224,88,1.523423,3.6369
MZI,223,89,0.428962,1.0241
MZI,222,90,0.781877,1.8666
MZI,221,91,-2.253386,-5.3796
MZI,220,92,-2.272094,-5.4242
MZI,219,93,-1.537542,-3.6706
MZI,218,94,0.626820,1.4964
MZI,217,95,-3.054739,-7.2927
MZI,216,96,0.472615,1.1283
MZI,215,97,-1.891461,-4.5155
MZI,214,98,-1.322948,-3.1583
MZI,213,99,-1.402123,-3.3473
MZI,212,100,2.565914,6.1257
MZI,211,101,-1.235338,-2.9492
MZI,210,102,-2.005890,-4.7887
MZI,209,103,-2.720468,-6.4946
MZI,208,104,-0.503168,-1.2012
MZI,207,105,-1.518742,-3.6257
MZI,206,106,0.528454,1.2616
MZI,205,107,1.971302,4.7061
MZI,204,108,0.874043,2.0866
MZI,203,109,-1.331888,-3.1796
MZI,202,110,-2.053448,-4.9022
MZI,201,111,1.063338,2.5385
MZI,200,112,2.557989,6.1067
MZI,199,113,-0.684301,-1.6336
MZI,198,114,-0.576110,-1.3754
MZI,197,115,-2.349816,-5.6098
MZI,196,116,-1.431598,-3.4177
MZI,195,117,-1.145956,-2.7358
MZI,194,118,-2.574054,-6.1451
MZI,193,119,2.121571,5.0649
MZI,192,120,-2.527355,-6.0336
MZI,191,121,2.768908,6.6103
MZI,190,122,-0.698704,-1.6680
MZI,189,123,-2.707107,-6.4627
MZI,188,124,-1.802008,-4.3020
MZI,187,125,2.676700,6.3902
MZI,186,126,0.020461,0.0488
MZI,185,127,2.428077,5.7966
MZI,184,128,-2.864352,-6.8381
MZI,183,129,0.290252,0.6929
MZI,182,130,-2.995506,-7.1512
MZI,181,131,2.267228,5.4126
MZI,180,132,2.541039,6.0663
MZI,179,133,2.491146,5.9472
MZI,178,134,2.996779,7.1543
MZI,177,135,2.342840,5.5931
MZI,176,136,1.159715,2.7686
MZI,175,137,-0.582341,-1.3902
MZI,174,138,2.443806,5.8342
MZI,173,139,1.780119,4.2497
MZI,172,140,1.163001,2.7765
MZI,171,141,1.707088,4.0754
MZI,170,142,1.796890,4.2898
MZI,169,143,1.364169,3.2567
MZI,168,144,3.009420,7.1845
MZI,167,145,0.061226,0.1462
MZI,166,146,2.143967,5.1183
MZI,165,147,2.901431,6.9267
MZI,164,148,0.570580,1.3622
MZI,163,149,2.074758,4.9531
MZI,162,150,1.117262,2.6673
MZI,161,151,2.564646,6.1226
MZI,160,152,2.357305,5.6277
MZI,159,153,2.009156,4.7965
MZI,158,154,1.728723,4.1270
MZI,157,155,0.784861,1.8737
MZI,156,156,-1.373121,-3.2781
MZI,155,157,-1.511456,-3.6083
MZI,154,158,-1.966747,-4.6953
MZI,153,159,-3.118121,-7.4440
MZI,152,160,2.163732,5.1655
MZI,151,161,1.452874,3.4685
MZI,150,162,-2.950965,-7.0449
MZI,149,163,-2.820188,-6.7327
MZI,148,164,-2.091327,-4.9927
MZI,147,165,3.051484,7.2849
MZI,146,166,2.907715,6.9417
MZI,145,167,-1.330161,-3.1755
MZI,144,168,-2.586392,-6.1746
MZI,143,169,-0.000199,-0.0005
MZI,142,170,1.551464,3.7038
MZI,141,171,2.399603,5.7286
MZI,140,172,3.015044,7.1979
MZI,139,173,-2.650717,-6.3281
MZI,138,174,-2.911433,-6.9505
MZI,137,175,-2.335131,-5.5747
MZI,136,176,-3.125048,-7.4605
MZI,135,177,3.070354,7.3299
MZI,134,178,-2.927636,-6.9892
MZI,133,179,-3.025073,-7.2218
MZI,132,180,2.998301,7.1579
MZI,131,181,3.051833,7.2857
MZI,130,182,3.122719,7.4549
MZI,129,183,2.532050,6.0448
MZI,128,184,2.617127,6.2479
MZI,127,185,2.803112,6.6919
MZI,126,186,2.405843,5.7435
MZI,125,187,2.741683,6.5453
MZI,124,188,2.841038,6.7825
MZI,123,189,3.010258,7.1865
MZI,122,190,-2.818647,-6.7290
MZI,121,191,-2.975352,-7.1031
MZI,120,192,-2.874489,-6.8623
MZI,119,193,-2.815285,-6.7210
MZI,118,194,-2.732926,-6.5244
MZI,117,195,-2.222152,-5.3050
MZI,116,196,-3.104435,-7.4113
MZI,115,197,-3.043351,-7.2655
MZI,114,198,-2.923640,-6.9797
MZI,113,199,3.081979,7.3577
MZI,112,200,2.659441,6.3489
MZI,111,201,-2.352499,-5.6162
MZI,110,202,2.941300,7.0218
MZI,109,203,2.600761,6.2089
MZI,108,204,-1.559657,-3.7234
MZI,107,205,-2.264185,-5.4053
MZI,106,206,-2.738620,-6.5380
MZI,105,207,-3.030214,-7.2341
MZI,104,208,3.029374,7.2321
MZI,103,209,2.843044,6.7873
MZI,102,210,-2.871890,-6.8561
MZI,101,211,-2.750468,-6.5663
MZI,100,212,-2.785824,-6.6507
MZI,99,213,-2.905918,-6.9374
MZI,98,214,3.053601,7.2899
MZI,97,215,-2.715912,-6.4838
MZI,96,216,-2.771242,-6.6159
MZI,95,217,-2.778958,-6.6343
MZI,94,218,-2.781355,-6.6400
MZI,93,219,-2.783448,-6.6450
MZI,92,220,-2.809174,-6.7064
MZI,91,221,-2.854035,-6.8135
MZI,90,222,-2.914098,-6.9569
MZI,89,223,-2.957555,-7.0606
MZI,88,224,-3.009294,-7.1842
MZI,87,225,-3.011288,-7.1889
MZI,86,226,-3.089275,-7.3751
MZI,85,227,-3.027774,-7.2283
MZI,84,228,-2.971569,-7.0941
MZI,83,229,-2.980782,-7.1161
MZI,82,230,-2.975495,-7.1035
MZI,81,231,-2.904156,-6.9332
MZI,80,232,-2.950142,-7.0429
MZI,79,233,-2.932107,-6.9999
MZI,78,234,-3.094388,-7.3873
MZI,77,235,-3.048641,-7.2781
MZI,76,236,-2.967351,-7.0840
MZI,75,237,-2.915536,-6.9603
MZI,74,238,-2.967135,-7.0835
MZI,73,239,-3.046043,-7.2719
MZI,72,240,-2.970626,-7.0918
MZI,71,241,-3.032873,-7.2405
MZI,70,242,-3.112714,-7.4311
MZI,69,243,3.134224,7.4824
MZI,68,244,-3.135916,-7.4864
MZI,67,245,-3.126300,-7.4635
MZI,66,246,3.134541,7.4832
MZI,65,247,3.121404,7.4518
MZI,64,248,2.999906,7.1617
MZI,63,249,3.071750,7.3333
MZI,62,250,-2.984505,-7.1250
MZI,61,251,-3.005914,-7.1761
MZI,60,252,3.065739,7.3189
MZI,59,253,3.038771,7.2545
MZI,58,254,3.101265,7.4037
MZI,57,255,3.092346,7.3824
MZI,254,60,2.801864,6.6890
MZI,253,61,2.569010,6.1331
MZI,252,62,-0.177341,-0.4234
MZI,251,63,1.817201,4.3382
MZI,250,64,-0.171485,-0.4094
MZI,249,65,-2.141385,-5.1122
MZI,248,66,2.418922,5.7748
MZI,247,67,-1.339749,-3.1984
MZI,246,68,-0.981572,-2.3433
MZI,245,69,-2.270783,-5.4211
MZI,244,70,-2.508821,-5.9894
MZI,243,71,-1.711002,-4.0847
MZI,242,72,0.788441,1.8823
MZI,241,73,-2.635555,-6.2919
MZI,240,74,-3.080228,-7.3535
MZI,239,75,0.494881,1.1814
MZI,238,76,-1.722803,-4.1129
MZI,237,77,1.932294,4.6130
MZI,236,78,1.830027,4.3689
MZI,235,79,-3.022136,-7.2148
MZI,234,80,-1.630952,-3.8936
MZI,233,81,-1.600667,-3.8213
MZI,232,82,-2.838478,-6.7764
MZI,231,83,2.521150,6.0188
MZI,230,84,2.663913,6.3596
MZI,229,85,0.760941,1.8166
MZI,228,86,1.716725,4.0984
MZI,227,87,-3.121701,-7.4525
MZI,226,88,3.106600,7.4165
MZI,225,89,-1.608971,-3.8411
MZI,224,90,2.562500,6.1175
MZI,223,91,0.048517,0.1158
MZI,222,92,-1.086969,-2.5949
MZI,221,93,-1.629124,-3.8892
MZI,220,94,-2.873446,-6.8598
MZI,219,95,1.831155,4.3716
MZI,218,96,-1.901624,-4.5398
MZI,217,97,1.222833,2.9193
MZI,216,98,-2.271587,-5.4230
MZI,215,99,2.828499,6.7525
MZI,214,100,1.004641,2.3984
MZI,213,101,0.457026,1.0911
MZI,212,102,2.422095,5.7823
MZI,211,103,-2.869900,-6.8514
MZI,210,104,-2.466232,-5.8877
MZI,209,105,2.643011,6.3097
MZI,208,106,-2.935668,-7.0084
MZI,207,107,2.806771,6.7007
MZI,206,108,-3.067667,-7.3235
MZI,205,109,1.220866,2.9146
MZI,204,110,2.900793,6.9251
MZI,203,111,-3.015921,-7.2000
MZI,202,112,2.243926,5.3570
MZI,201,113,-2.113598,-5.0458
MZI,200,114,-2.886880,-6.8919
MZI,199,115,3.046720,7.2735
MZI,198,116,-1.956762,-4.6714
MZI,197,117,2.421556,5.7810
MZI,196,118,0.758583,1.8110
MZI,195,119,1.785906,4.2635
MZI,194,120,-0.894193,-2.1347
MZI,193,121,2.213163,5.2835
MZI,192,122,0.660909,1.5778
MZI,191,123,2.863505,6.8361
MZI,190,124,-2.597182,-6.2003
MZI,189,125,-2.956491,-7.0581
MZI,188,126,2.916042,6.9615
MZI,187,127,-0.485309,-1.1586
MZI,186,128,-0.050882,-0.1215
MZI,185,129,-2.785304,-6.6494
MZI,184,130,2.181342,5.2076
MZI,183,131,-3.007806,-7.1806
MZI,182,132,-0.209719,-0.5007
MZI,181,133,-2.340209,-5.5868
MZI,180,134,-1.760932,-4.2039
MZI,179,135,0.321800,0.7682
MZI,178,136,-0.315839,-0.7540
MZI,177,137,2.972657,7.0967
MZI,176,138,-3.054350,-7.2917
MZI,175,139,2.938132,7.0143
MZI,174,140,0.608350,1.4523
MZI,173,141,2.237058,5.3406
MZI,172,142,-1.693273,-4.0424
MZI,171,143,-0.749601,-1.7895
MZI,170,144,2.759791,6.5885
MZI,169,145,3.035633,7.2470
MZI,168,146,2.285531,5.4563
MZI,167,147,-1.418789,-3.3871
MZI,166,148,-1.604025,-3.8293
MZI,165,149,2.569515,6.1343
MZI,164,150,0.599061,1.4302
MZI,163,151,1.058469,2.5269
MZI,162,152,-1.988532,-4.7473
MZI,161,153,-2.809368,-6.7069
MZI,160,154,-2.959521,-7.0653
MZI,159,155,-2.870174,-6.8520
MZI,158,156,-2.760290,-6.5897
MZI,157,157,-2.693733,-6.4308
MZI,156,158,-2.648146,-6.3220
MZI,155,159,-2.494135,-5.9543
MZI,154,160,-2.147908,-5.1278
MZI,153,161,-2.264296,-5.4056
MZI,152,162,-3.065816,-7.3191
MZI,151,163,-0.534240,-1.2754
MZI,150,164,-1.456682,-3.4776
MZI,149,165,-2.127816,-5.0798
MZI,148,166,3.118212,7.4442
MZI,147,167,-2.676210,-6.3890
MZI,146,168,-2.335799,-5.5763
MZI,145,169,-0.757482,-1.8084
MZI,144,170,-2.449930,-5.8488
MZI,143,171,2.824390,6.7427
MZI,142,172,-0.607896,-1.4512
MZI,141,173,-0.747896,-1.7855
MZI,140,174,-0.477017,-1.1388
MZI,139,175,-1.189298,-2.8392
MZI,138,176,0.463458,1.1064
MZI,137,177,-0.173090,-0.4132
MZI,136,178,-1.631430,-3.8948
MZI,135,179,-2.155119,-5.1450
MZI,134,180,-2.926707,-6.9870
MZI,133,181,-2.684197,-6.4080
MZI,132,182,-2.065428,-4.9308
MZI,131,183,-1.206379,-2.8800
MZI,130,184,2.410188,5.7539
MZI,129,185,-2.451898,-5.8535
MZI,128,186,-1.768087,-4.2210
MZI,127,187,-2.416472,-5.7689
MZI,126,188,-2.416087,-5.7680
MZI,125,189,-1.953285,-4.6631
MZI,124,190,-1.607748,-3.8382
MZI,123,191,-1.578888,-3.7693
MZI,122,192,-1.644687,-3.9264
MZI,121,193,-1.592611,-3.8021
MZI,120,194,-1.586242,-3.7869
MZI,119,195,-1.471840,-3.5138
MZI,118,196,-0.721204,-1.7217
MZI,117,197,2.697209,6.4391
MZI,116,198,-2.493855,-5.9536
MZI,115,199,-2.081670,-4.9696
MZI,114,200,-2.171277,-5.1835
MZI,113,201,-2.532955,-6.0470
MZI,112,202,-1.482776,-3.5399
MZI,111,203,-1.886365,-4.5034
MZI,110,204,-1.906456,-4.5513
MZI,109,205,-1.639106,-3.9131
MZI,108,206,-1.355481,-3.2360
MZI,107,207,-1.477792,-3.5280
MZI,106,208,-1.704765,-4.0698
MZI,105,209,-1.860698,-4.4421
MZI,104,210,-2.096471,-5.0050
MZI,103,211,-2.095545,-5.0027
MZI,102,212,-1.886679,-4.5041
MZI,101,213,-1.808073,-4.3165
MZI,100,214,-1.819751,-4.3443
MZI,99,215,-1.837609,-4.3870
MZI,98,216,-1.632374,-3.8970
MZI,97,217,-1.679919,-4.0105
MZI,96,218,-1.692864,-4.0414
MZI,95,219,-1.696816,-4.0508
MZI,94,220,-1.705173,-4.0708
MZI,93,221,-1.746875,-4.1704
MZI,92,222,-1.828290,-4.3647
MZI,91,223,-1.946995,-4.6481
MZI,90,224,-2.031842,-4.8507
MZI,89,225,-2.093333,-4.9975
MZI,88,226,-2.059841,-4.9175
MZI,87,227,-2.098850,-5.0106
MZI,86,228,-1.998108,-4.7701
MZI,85,229,-1.917207,-4.5770
MZI,84,230,-1.902878,-4.5428
MZI,83,231,-1.888013,-4.5073
MZI,82,232,-1.824058,-4.3546
MZI,81,233,-1.863334,-4.4484
MZI,80,234,-1.842402,-4.3984
MZI,79,235,-1.980497,-4.7281
MZI,78,236,-1.945545,-4.6446
MZI,77,237,-1.877029,-4.4811
MZI,76,238,-1.831636,-4.3727
MZI,75,239,-1.891626,-4.5159
MZI,74,240,-1.952083,-4.6603
MZI,73,241,-1.895445,-4.5250
MZI,72,242,-1.955516,-4.6685
MZI,71,243,-2.027955,-4.8414
MZI,70,244,-2.049747,-4.8934
MZI,69,245,-2.027372,-4.8400
MZI,68,246,-2.012310,-4.8040
MZI,67,247,-2.016300,-4.8136
MZI,66,248,-2.015694,-4.8121
MZI,65,249,-2.069401,-4.9403
MZI,64,250,-1.959575,-4.6781
MZI,63,251,-1.786819,-4.2657
MZI,62,252,-1.898427,-4.5322
MZI,61,253,-2.083762,-4.9746
MZI,60,254,-2.115324,-5.0500
MZI,59,255,-2.053726,-4.9029
MZI,254,62,1.602735,3.8262
MZI,253,63,0.323894,0.7732
MZI,252,64,0.402418,0.9607
MZI,251,65,1.655330,3.9518
MZI,250,66,-2.614988,-6.2428
MZI,249,67,2.477127,5.9137
MZI,248,68,0.262913,0.6277
MZI,247,69,-0.283476,-0.6767
MZI,246,70,-1.206785,-2.8810
MZI,245,71,-0.575760,-1.3745
MZI,244,72,2.775063,6.6250
MZI,243,73,-2.346618,-5.6021
MZI,242,74,2.315523,5.5279
MZI,241,75,-0.596072,-1.4230
MZI,240,76,-1.303475,-3.1118
MZI,239,77,-1.103216,-2.6337
MZI,238,78,-0.929341,-2.2186
MZI,237,79,-1.044570,-2.4937
MZI,236,80,0.282454,0.6743
MZI,235,81,2.845069,6.7921
MZI,234,82,1.689568,4.0335
MZI,233,83,-0.718211,-1.7146
MZI,232,84,-1.131615,-2.7015
MZI,231,85,-1.235275,-2.9490
MZI,230,86,-1.117114,-2.6669
MZI,229,87,0.030115,0.0719
MZI,228,88,0.100634,0.2402
MZI,227,89,2.729192,6.5155
MZI,226,90,2.887589,6.8936
MZI,225,91,-1.632109,-3.8964
MZI,224,92,1.694383,4.0450
MZI,223,93,-0.604389,-1.4429
MZI,222,94,1.398104,3.3377
MZI,221,95,-2.848921,-6.8013
MZI,220,96,-2.670500,-6.3753
MZI,219,97,-0.785063,-1.8742
MZI,218,98,-1.905051,-4.5480
MZI,217,99,-1.221449,-2.9160
MZI,216,100,-0.370805,-0.8852
MZI,215,101,-0.819963,-1.9575
MZI,214,102,0.537913,1.2842
MZI,213,103,0.062339,0.1488
MZI,212,104,2.321107,5.5412
MZI,211,105,2.900363,6.9241
MZI,210,106,0.323315,0.7719
MZI,209,107,2.774428,6.6235
MZI,208,108,1.661581,3.9667
MZI,207,109,-1.570349,-3.7489
MZI,206,110,0.513539,1.2260
MZI,205,111,-2.438082,-5.8205
MZI,204,112,-2.970963,-7.0927
MZI,203,113,1.311173,3.1302
MZI,202,114,-1.243567,-2.9688
MZI,201,115,-0.352978,-0.8427
MZI,200,116,2.240588,5.3490
MZI,199,117,2.110522,5.0385
MZI,198,118,2.687384,6.4157
MZI,197,119,-0.602820,-1.4391
MZI,196,120,-1.551250,-3.7033
MZI,195,121,-1.396398,-3.3337
MZI,194,122,1.917467,4.5776
MZI,193,123,-0.647566,-1.5460
MZI,192,124,1.097561,2.6202
MZI,191,125,2.362235,5.6394
MZI,190,126,1.505904,3.5951
MZI,189,127,-0.476640,-1.1379
MZI,188,128,-0.326387,-0.7792
MZI,187,129,-0.799877,-1.9096
MZI,186,130,-1.404939,-3.3540
MZI,185,131,-1.021762,-2.4393
MZI,184,132,0.255205,0.6093
MZI,183,133,-1.254751,-2.9955
MZI,182,134,-1.187110,-2.8340
MZI,181,135,-1.150724,-2.7472
MZI,180,136,-0.602530,-1.4384
MZI,179,137,-0.534276,-1.2755
MZI,178,138,-1.416030,-3.3805
MZI,177,139,1.874738,4.4756
MZI,176,140,-2.631932,-6.2833
MZI,175,141,-0.868305,-2.0729
MZI,174,142,3.097072,7.3937
MZI,173,143,-0.529258,-1.2635
MZI,172,144,0.467994,1.1173
MZI,171,145,2.694085,6.4317
MZI,170,146,-0.674386,-1.6100
MZI,169,147,-2.023100,-4.8298
MZI,168,148,-0.705556,-1.6844
MZI,167,149,-0.743151,-1.7741
MZI,166,150,-1.152053,-2.7503
MZI,165,151,-0.880268,-2.1015
MZI,164,152,-0.414099,-0.9886
MZI,163,153,1.840900,4.3948
MZI,162,154,-1.787762,-4.2680
MZI,161,155,-1.407880,-3.3611
MZI,160,156,-0.987974,-2.3586
MZI,159,157,-0.627218,-1.4974
MZI,158,158,-0.466623,-1.1140
MZI,157,159,-0.397033,-0.9478
MZI,156,160,-0.348231,-0.8313
MZI,155,161,-0.206844,-0.4938
MZI,154,162,0.275992,0.6589
MZI,153,163,1.172713,2.7996
MZI,152,164,0.540180,1.2896
MZI,151,165,-0.085395,-0.2039
MZI,150,166,-0.363239,-0.8672
MZI,149,167,-0.798348,-1.9059
MZI,148,168,-0.431395,-1.0299
MZI,147,169,-0.306613,-0.7320
MZI,146,170,-0.231100,-0.5517
MZI,145,171,1.753453,4.1861
MZI,144,172,-2.937745,-7.0133
MZI,143,173,0.457914,1.0932
MZI,142,174,1.019274,2.4333
MZI,141,175,0.561999,1.3417
MZI,140,176,-0.370190,-0.8838
MZI,139,177,0.328712,0.7847
MZI,138,178,0.223933,0.5346
MZI,137,179,-0.659506,-1.5745
MZI,136,180,-0.950035,-2.2680
MZI,135,181,-1.383409,-3.3026
MZI,134,182,-2.053604,-4.9026
MZI,133,183,2.034697,4.8575
MZI,132,184,0.905726,2.1623
MZI,131,185,-1.378717,-3.2914
MZI,130,186,-1.403392,-3.3504
MZI,129,187,0.263308,0.6286
MZI,128,188,-0.507380,-1.2113
MZI,127,189,-1.211500,-2.8922
MZI,126,190,0.824324,1.9679
MZI,125,191,0.418730,0.9996
MZI,124,192,1.136382,2.7129
MZI,123,193,0.169755,0.4053
MZI,122,194,0.045104,0.1077
MZI,121,195,-0.188653,-0.4504
MZI,120,196,-0.359204,-0.8575
MZI,119,197,-0.571245,-1.3637
MZI,118,198,-1.480793,-3.5351
MZI,117,199,-1.883360,-4.4962
MZI,116,200,-0.446757,-1.0666
MZI,115,201,-0.468821,-1.1192
MZI,114,202,-0.718911,-1.7163
MZI,113,203,-0.041820,-0.0998
MZI,112,204,-0.131649,-0.3143
MZI,111,205,-0.188712,-0.4505
MZI,110,206,-0.144595,-0.3452
MZI,109,207,-0.048877,-0.1167
MZI,108,208,-0.009186,-0.0219
MZI,107,209,-0.089879,-0.2146
MZI,106,210,-0.174246,-0.4160
MZI,105,211,-1.012243,-2.4166
MZI,104,212,-0.709783,-1.6945
MZI,103,213,-0.422099,-1.0077
MZI,102,214,-0.287372,-0.6860
MZI,101,215,-0.257949,-0.6158
MZI,100,216,-0.188933,-0.4510
MZI,99,217,-0.006312,-0.0151
MZI,98,218,-0.062047,-0.1481
MZI,97,219,-0.072121,-0.1722
MZI,96,220,-0.060781,-0.1451
MZI,95,221,-0.051526,-0.1230
MZI,94,222,-0.138360,-0.3303
MZI,93,223,-0.457191,-1.0915
MZI,92,224,-0.854690,-2.0404
MZI,91,225,-0.853180,-2.0368
MZI,90,226,-0.749576,-1.7895
MZI,89,227,-0.572634,-1.3671
MZI,88,228,-0.489880,-1.1695
MZI,87,229,-0.321668,-0.7679
MZI,86,230,-0.202766,-0.4841
MZI,85,231,-0.162250,-0.3873
MZI,84,232,-0.145378,-0.3471
MZI,83,233,-0.096054,-0.2293
MZI,82,234,-0.124586,-0.2974
MZI,81,235,-0.100548,-0.2400
MZI,80,236,-0.216868,-0.5177
MZI,79,237,-0.183820,-0.4388
MZI,78,238,-0.120995,-0.2889
MZI,77,239,-0.080007,-0.1910
MZI,76,240,-0.135455,-0.3234
MZI,75,241,-0.175329,-0.4186
MZI,74,242,-0.126231,-0.3014
MZI,73,243,-0.171599,-0.4097
MZI,72,244,-0.223497,-0.5336
MZI,71,245,-0.220247,-0.5258
MZI,70,246,-0.179655,-0.4289
MZI,69,247,-0.150524,-0.3593
MZI,68,248,-0.137855,-0.3291
MZI,67,249,-0.126863,-0.3029
MZI,66,250,-0.146229,-0.3491
MZI,65,251,-0.080368,-0.1919
MZI,64,252,-0.015983,-0.0382
MZI,63,253,-0.159132,-0.3799
MZI,62,254,-0.334070,-0.7975
MZI,61,255,-0.405585,-0.9683
MZI,254,64,-1.027931,-2.4540
MZI,253,65,-0.382621,-0.9134
MZI,252,66,1.181986,2.8218
MZI,251,67,0.369497,0.8821
MZI,250,68,-2.021062,-4.8249
MZI,249,69,2.517085,6.0091
MZI,248,70,-3.136925,-7.4889
MZI,247,71,-1.858567,-4.4370
MZI,246,72,-0.120166,-0.2869
MZI,245,73,-1.107114,-2.6430
MZI,244,74,-2.421021,-5.7798
MZI,243,75,-1.459461,-3.4842
MZI,242,76,-2.319019,-5.5362
MZI,241,77,2.251878,5.3760
MZI,240,78,0.191590,0.4574
MZI,239,79,-2.277389,-5.4369
MZI,238,80,-0.509354,-1.2160
MZI,237,81,-0.068848,-0.1644
MZI,236,82,0.910401,2.1734
MZI,235,83,0.623893,1.4894
MZI,234,84,-1.820538,-4.3462
MZI,233,85,-2.337607,-5.5806
MZI,232,86,-1.847456,-4.4105
MZI,231,87,-2.467664,-5.8911
MZI,230,88,0.047877,0.1143
MZI,229,89,-3.111770,-7.4288
MZI,228,90,1.360463,3.2479
MZI,227,91,-0.011711,-0.0280
MZI,226,92,-0.077031,-0.1839
MZI,225,93,1.126622,2.6896
MZI,224,94,-2.421128,-5.7800
MZI,223,95,1.293963,3.0891
MZI,222,96,2.389743,5.7051
MZI,221,97,-2.342457,-5.5922
MZI,220,98,2.715166,6.4820
MZI,219,99,0.378017,0.9024
MZI,218,100,1.190262,2.8415
MZI,217,101,2.971682,7.0944
MZI,216,102,0.413845,0.9880
MZI,215,103,1.636174,3.9061
MZI,214,104,-2.953206,-7.0503
MZI,213,105,0.920439,2.1974
MZI,212,106,0.147967,0.3532
MZI,211,107,-0.545766,-1.3029
MZI,210,108,1.802459,4.3031
MZI,209,109,2.133510,5.0934
MZI,208,110,0.422943,1.0097
MZI,207,111,0.685769,1.6372
MZI,206,112,-0.821176,-1.9604
MZI,205,113,2.634476,6.2893
MZI,204,114,0.067405,0.1609
MZI,203,115,-0.107961,-0.2577
MZI,202,116,-1.665531,-3.9762
MZI,201,117,0.973083,2.3231
MZI,200,118,0.136689,0.3263
MZI,199,119,-2.056128,-4.9086
MZI,198,120,2.805831,6.6984
MZI,197,121,-1.023345,-2.4431
MZI,196,122,-1.625225,-3.8799
MZI,195,123,1.254851,2.9957
MZI,194,124,-1.675686,-4.0004
MZI,193,125,2.039363,4.8686
MZI,192,126,-0.295195,-0.7047
MZI,191,127,1.512105,3.6099
MZI,190,128,-1.940623,-4.6329
MZI,189,129,-2.856952,-6.8205
MZI,188,130,-0.943101,-2.2515
MZI,187,131,-0.069826,-0.1667
MZI,186,132,1.012705,2.4177
MZI,185,133,1.441776,3.4420
MZI,184,134,0.443086,1.0578
MZI,183,135,-0.172080,-0.4108
MZI,182,136,-0.611998,-1.4610
MZI,181,137,0.015259,0.0364
MZI,180,138,0.723792,1.7279
MZI,179,139,-0.835543,-1.9947
MZI,178,140,0.734206,1.7528
MZI,177,141,0.225834,0.5391
MZI,176,142,2.334539,5.5733
MZI,175,143,0.374325,0.8936
MZI,174,144,-2.914018,-6.9567
MZI,173,145,1.504494,3.5917
MZI,172,146,0.492743,1.1763
MZI,171,147,1.126994,2.6905
MZI,170,148,0.284418,0.6790
MZI,169,149,-0.953215,-2.2756
MZI,168,150,0.575079,1.3729
MZI,167,151,-2.217778,-5.2946
MZI,166,152,1.007772,2.4059
MZI,165,153,1.263208,3.0157
MZI,164,154,2.226202,5.3147
MZI,163,155,-0.241994,-0.5777
MZI,162,156,-0.598446,-1.4287
MZI,161,157,-1.062426,-2.5364
MZI,160,158,-1.470627,-3.5109
MZI,159,159,-1.671830,-3.9912
MZI,158,160,-1.741437,-4.1574
MZI,157,161,-1.539393,-3.6750
MZI,156,162,1.064169,2.5405
MZI,155,163,1.484248,3.5434
MZI,154,164,1.980481,4.7280
MZI,153,165,-2.905906,-6.9373
MZI,152,166,-3.018316,-7.2057
MZI,151,167,1.906138,4.5506
MZI,150,168,1.242163,2.9654
MZI,149,169,0.983629,2.3482
MZI,148,170,-1.982209,-4.7322
MZI,147,171,-2.192437,-5.2341
MZI,146,172,2.260405,5.3963
MZI,145,173,-0.313744,-0.7490
MZI,144,174,-0.009312,-0.0222
MZI,143,175,0.441098,1.0530
MZI,142,176,0.200655,0.4790
MZI,141,177,-2.687385,-6.4157
MZI,140,178,-0.470824,-1.1240
MZI,139,179,-0.144781,-0.3456
MZI,138,180,-2.471215,-5.8996
MZI,137,181,-0.882527,-2.1069
MZI,136,182,-0.221071,-0.5278
MZI,135,183,-0.134748,-0.3217
MZI,134,184,0.033416,0.0798
MZI,133,185,-0.471582,-1.1258
MZI,132,186,-0.901197,-2.1514
MZI,131,187,-2.153629,-5.1414
MZI,130,188,0.754308,1.8008
MZI,129,189,-0.116121,-0.2772
MZI,128,190,-1.098942,-2.6235
MZI,127,191,1.228296,2.9323
MZI,126,192,0.709262,1.6932
MZI,125,193,-0.350203,-0.8360
MZI,124,194,1.105995,2.6404
MZI,123,195,0.486027,1.1603
MZI,122,196,-0.151685,-0.3621
MZI,121,197,0.136907,0.3268
MZI,120,198,0.341844,0.8161
MZI,119,199,0.335301,0.8005
MZI,118,200,-0.234195,-0.5591
MZI,117,201,-2.606327,-6.2221
MZI,116,202,2.203791,5.2612
MZI,115,203,1.493087,3.5645
MZI,114,204,1.712858,4.0891
MZI,113,205,1.759829,4.2013
MZI,112,206,1.700735,4.0602
MZI,111,207,1.681740,4.0149
MZI,110,208,1.670024,3.9869
MZI,109,209,1.628401,3.8875
MZI,108,210,1.593667,3.8046
MZI,107,211,1.678491,4.0071
MZI,106,212,0.476915,1.1385
MZI,105,213,1.267929,3.0270
MZI,104,214,1.548116,3.6959
MZI,103,215,1.736082,4.1446
MZI,102,216,1.760406,4.2027
MZI,101,217,1.811089,4.3237
MZI,100,218,2.020899,4.8245
MZI,99,219,2.006678,4.7906
MZI,98,220,2.049657,4.8932
MZI,97,221,2.175624,5.1939
MZI,96,222,2.511230,5.9951
MZI,95,223,-2.381077,-5.6844
MZI,94,224,-0.355258,-0.8481
MZI,93,225,0.610480,1.4574
MZI,92,226,1.146560,2.7372
MZI,91,227,1.468038,3.5047
MZI,90,228,1.737122,4.1471
MZI,89,229,1.919681,4.5829
MZI,88,230,2.116489,5.0527
MZI,87,231,2.189057,5.2260
MZI,86,232,2.191522,5.2319
MZI,85,233,2.140158,5.1093
MZI,84,234,2.124374,5.0716
MZI,83,235,2.086603,4.9814
MZI,82,236,2.089412,4.9881
MZI,81,237,1.981082,4.7295
MZI,80,238,1.994238,4.7609
MZI,79,239,2.027518,4.8403
MZI,78,240,2.046537,4.8857
MZI,77,241,1.988476,4.7471
MZI,76,242,1.952185,4.6605
MZI,75,243,1.983345,4.7349
MZI,74,244,1.939323,4.6298
MZI,73,245,1.888502,4.5085
MZI,72,246,1.885743,4.5019
MZI,71,247,1.909580,4.5588
MZI,70,248,1.917442,4.5776
MZI,69,249,1.906801,4.5522
MZI,68,250,1.891024,4.5145
MZI,67,251,1.854144,4.4264
MZI,66,252,1.855527,4.4297
MZI,65,253,1.891061,4.5146
MZI,64,254,1.804269,4.3074
MZI,63,255,1.700230,4.0590
MZI,254,66,-2.090967,-4.9918
MZI,253,67,1.682252,4.0161
MZI,252,68,1.413617,3.3748
MZI,251,69,2.939795,7.0182
MZI,250,70,-2.071998,-4.9465
MZI,249,71,-1.219538,-2.9114
MZI,248,72,-3.108153,-7.4202
MZI,247,73,-1.720261,-4.1068
MZI,246,74,2.027463,4.8402
MZI,245,75,-2.254445,-5.3821
MZI,244,76,2.896525,6.9149
MZI,243,77,-0.391592,-0.9349
MZI,242,78,0.144309,0.3445
MZI,241,79,2.703347,6.4538
MZI,240,80,2.762704,6.5955
MZI,239,81,1.458559,3.4821
MZI,238,82,-1.713230,-4.0900
MZI,237,83,1.904838,4.5475
MZI,236,84,-1.864282,-4.4506
MZI,235,85,1.205237,2.8773
MZI,234,86,1.440780,3.4396
MZI,233,87,-0.969117,-2.3136
MZI,232,88,-0.226517,-0.5408
MZI,231,89,1.249955,2.9840
MZI,230,90,-1.997260,-4.7681
MZI,229,91,3.139387,7.4947
MZI,228,92,-2.916873,-6.9635
MZI,227,93,2.770942,6.6151
MZI,226,94,-0.097506,-0.2328
MZI,225,95,2.741492,6.5448
MZI,224,96,-1.400747,-3.3440
MZI,223,97,-1.013342,-2.4192
MZI,222,98,-1.885653,-4.5017
MZI,221,99,-2.367451,-5.6519
MZI,220,100,-2.667861,-6.3690
MZI,219,101,1.589586,3.7949
MZI,218,102,-0.242322,-0.5785
MZI,217,103,-2.988123,-7.1336
MZI,216,104,2.792552,6.6667
MZI,215,105,-2.037553,-4.8643
MZI,214,106,-1.851110,-4.4192
MZI,213,107,-2.525846,-6.0300
MZI,212,108,2.217662,5.2943
MZI,211,109,2.613710,6.2398
MZI,210,110,-2.961713,-7.0706
MZI,209,111,-1.362837,-3.2535
MZI,208,112,-2.603353,-6.2150
MZI,207,113,-0.500672,-1.1953
MZI,206,114,1.337070,3.1920
MZI,205,115,1.364078,3.2565
MZI,204,116,-2.041469,-4.8736
MZI,203,117,-1.043352,-2.4908
MZI,202,118,-2.515462,-6.0052
MZI,201,119,-2.359589,-5.6331
MZI,200,120,1.466754,3.5016
MZI,199,121,-3.034593,-7.2446
MZI,198,122,-3.085387,-7.3658
MZI,197,123,0.630452,1.5051
MZI,196,124,2.548318,6.0837
MZI,195,125,2.880368,6.8764
MZI,194,126,-0.934073,-2.2299
MZI,193,127,2.450576,5.8503
MZI,192,128,-1.421982,-3.3947
MZI,191,129,-2.794232,-6.6707
MZI,190,130,-0.833930,-1.9909
MZI,189,131,2.453488,5.8573
MZI,188,132,-2.062827,-4.9246
MZI,187,133,-1.085729,-2.5920
MZI,186,134,2.494392,5.9549
MZI,185,135,-1.809510,-4.3199
MZI,184,136,2.359531,5.6330
MZI,183,137,-2.858966,-6.8253
MZI,182,138,1.305405,3.1164
MZI,181,139,-2.289915,-5.4668
MZI,180,140,1.543796,3.6855
MZI,179,141,2.672414,6.3799
MZI,178,142,0.339973,0.8116
MZI,177,143,-1.476392,-3.5246
MZI,176,144,-2.161674,-5.1606
MZI,175,145,-1.972922,-4.7100
MZI,174,146,-1.900941,-4.5382
MZI,173,147,-3.104339,-7.4111
MZI,172,148,-3.075554,-7.3423
MZI,171,149,-2.763267,-6.5968
MZI,170,150,2.518911,6.0135
MZI,169,151,2.977805,7.1090
MZI,168,152,2.951118,7.0453
MZI,167,153,-2.358645,-5.6308
MZI,166,154,2.927360,6.9886
MZI,165,155,2.941579,7.0225
MZI,164,156,3.029642,7.2327
MZI,163,157,3.029829,7.2332
MZI,162,158,3.023218,7.2174
MZI,161,159,-3.141377,-7.4995
MZI,160,160,-3.029109,-7.2315
MZI,159,161,-2.974140,-7.1002
MZI,158,162,-3.003292,-7.1698
MZI,157,163,1.264320,3.0183
MZI,156,164,1.629814,3.8909
MZI,155,165,1.481176,3.5360
MZI,154,166,0.317871,0.7589
MZI,153,167,-0.379657,-0.9064
MZI,152,168,0.112839,0.2694
MZI,151,169,-0.928201,-2.2159
MZI,150,170,-1.946216,-4.6462
MZI,149,171,-0.371455,-0.8868
MZI,148,172,-0.246919,-0.5895
MZI,147,173,1.859077,4.4382
MZI,146,174,-0.831390,-1.9848
MZI,145,175,-0.752449,-1.7963
MZI,144,176,-1.017953,-2.4302
MZI,143,177,-1.681643,-4.0146
MZI,142,178,0.287747,0.6869
MZI,141,179,0.583634,1.3933
MZI,140,180,1.390176,3.3188
MZI,139,181,0.953588,2.2765
MZI,138,182,1.384164,3.3044
MZI,137,183,1.922255,4.5890
MZI,136,184,2.284989,5.4550
MZI,135,185,-0.660285,-1.5763
MZI,134,186,1.033981,2.4684
MZI,133,187,1.479875,3.5329
MZI,132,188,2.163722,5.1655
MZI,131,189,2.887872,6.8943
MZI,130,190,2.867653,6.8460
MZI,129,191,1.952780,4.6619
MZI,128,192,2.431286,5.8043
MZI,127,193,-2.258028,-5.3906
MZI,126,194,2.311873,5.5192
MZI,125,195,2.878548,6.8720
MZI,124,196,-1.066531,-2.5462
MZI,123,197,1.263513,3.0164
MZI,122,198,2.154492,5.1435
MZI,121,199,2.467271,5.8902
MZI,120,200,2.370286,5.6586
MZI,119,201,2.140524,5.1101
MZI,118,202,2.292513,5.4730
MZI,117,203,2.943906,7.0281
MZI,116,204,3.124165,7.4584
MZI,115,205,2.953361,7.0506
MZI,114,206,2.983081,7.1216
MZI,113,207,3.027209,7.2269
MZI,112,208,3.079162,7.3510
MZI,111,209,3.116050,7.4390
MZI,110,210,2.823782,6.7413
MZI,109,211,2.404890,5.7413
MZI,108,212,-2.469960,-5.8966
MZI,107,213,2.193484,5.2366
MZI,106,214,2.373380,5.6660
MZI,105,215,2.597177,6.2003
MZI,104,216,2.646558,6.3182
MZI,103,217,2.546810,6.0801
MZI,102,218,2.469034,5.8944
MZI,101,219,2.584519,6.1701
MZI,100,220,2.662651,6.3566
MZI,99,221,2.793140,6.6681
MZI,98,222,3.003030,7.1692
MZI,97,223,-3.084944,-7.3648
MZI,96,224,2.488925,5.9419
MZI,95,225,1.367473,3.2646
MZI,94,226,1.428044,3.4092
MZI,93,227,1.652711,3.9456
MZI,92,228,2.196097,5.2428
MZI,91,229,2.636784,6.2949
MZI,90,230,2.489520,5.9433
MZI,89,231,2.438718,5.8220
MZI,88,232,2.309933,5.5146
MZI,87,233,2.235143,5.3360
MZI,86,234,2.131867,5.0895
MZI,85,235,2.054352,4.9044
MZI,84,236,2.006296,4.7897
MZI,83,237,1.980455,4.7280
MZI,82,238,1.882708,4.4946
MZI,81,239,1.859049,4.4382
MZI,80,240,1.852389,4.4223
MZI,79,241,1.840265,4.3933
MZI,78,242,1.772407,4.2313
MZI,77,243,1.722444,4.1120
MZI,76,244,1.723848,4.1154
MZI,75,245,1.664431,3.9735
MZI,74,246,1.591728,3.8000
MZI,73,247,1.557670,3.7187
MZI,72,248,1.544439,3.6871
MZI,71,249,1.518062,3.6241
MZI,70,250,1.475759,3.5231
MZI,69,251,1.433157,3.4214
MZI,68,252,1.378138,3.2901
MZI,67,253,1.355261,3.2354
MZI,66,254,1.413849,3.3753
MZI,65,255,1.376307,3.2857
MZI,254,68,-0.904824,-2.1601
MZI,253,69,-1.635768,-3.9051
MZI,252,70,0.878150,2.0964
MZI,251,71,-1.083824,-2.5874
MZI,250,72,1.668558,3.9834
MZI,249,73,-0.988013,-2.3587
MZI,248,74,1.356299,3.2379
MZI,247,75,-1.279229,-3.0539
MZI,246,76,-1.482443,-3.5391
MZI,245,77,2.139032,5.1066
MZI,244,78,-1.216280,-2.9037
MZI,243,79,-3.107377,-7.4183
MZI,242,80,-3.023145,-7.2172
MZI,241,81,2.066007,4.9322
MZI,240,82,3.132880,7.4792
MZI,239,83,-1.289862,-3.0793
MZI,238,84,0.184076,0.4394
MZI,237,85,-1.145307,-2.7342
MZI,236,86,2.597812,6.2018
MZI,235,87,-1.812896,-4.3280
MZI,234,88,0.747113,1.7836
MZI,233,89,-0.686310,-1.6384
MZI,232,90,-0.341322,-0.8148
MZI,231,91,0.064794,0.1547
MZI,230,92,3.064340,7.3156
MZI,229,93,1.644144,3.9251
MZI,228,94,-2.158450,-5.1529
MZI,227,95,-1.710036,-4.0824
MZI,226,96,2.598376,6.2032
MZI,225,97,3.074154,7.3390
MZI,224,98,1.439250,3.4360
MZI,223,99,1.094998,2.6141
MZI,222,100,-2.886973,-6.8921
MZI,221,101,0.130119,0.3106
MZI,220,102,1.919161,4.5817
MZI,219,103,1.681793,4.0150
MZI,218,104,-1.612093,-3.8486
MZI,217,105,-1.705247,-4.0710
MZI,216,106,-2.280145,-5.4434
MZI,215,107,-2.441376,-5.8284
MZI,214,108,-0.480229,-1.1465
MZI,213,109,-0.089208,-0.2130
MZI,212,110,1.255856,2.9981
MZI,211,111,-1.305566,-3.1168
MZI,210,112,1.214153,2.8986
MZI,209,113,1.488910,3.5545
MZI,208,114,-1.246374,-2.9755
MZI,207,115,2.985122,7.1265
MZI,206,116,0.440460,1.0515
MZI,205,117,0.515934,1.2317
MZI,204,118,0.872291,2.0824
MZI,203,119,-2.017882,-4.8173
MZI,202,120,-1.163743,-2.7782
MZI,201,121,0.333460,0.7961
MZI,200,122,1.183824,2.8262
MZI,199,123,-0.327061,-0.7808
MZI,198,124,-0.483276,-1.1537
MZI,197,125,2.264544,5.4062
MZI,196,126,-1.725382,-4.1190
MZI,195,127,0.747882,1.7854
MZI,194,128,-1.872707,-4.4708
MZI,193,129,0.173588,0.4144
MZI,192,130,1.484597,3.5442
MZI,191,131,0.862164,2.0583
MZI,190,132,-2.337533,-5.5804
MZI,189,133,0.259482,0.6195
MZI,188,134,-1.632402,-3.8971
MZI,187,135,-2.979944,-7.1141
MZI,186,136,-0.684101,-1.6332
MZI,185,137,-1.642852,-3.9220
MZI,184,138,-2.485524,-5.9338
MZI,183,139,0.349422,0.8342
MZI,182,140,-2.732041,-6.5223
MZI,181,141,2.919400,6.9696
MZI,180,142,1.297099,3.0966
MZI,179,143,0.204527,0.4883
MZI,178,144,0.483053,1.1532
MZI,177,145,2.683300,6.4059
MZI,176,146,2.715336,6.4824
MZI,175,147,0.511107,1.2202
MZI,174,148,0.128493,0.3068
MZI,173,149,-0.957404,-2.2856
MZI,172,150,2.732693,6.5238
MZI,171,151,1.053213,2.5144
MZI,170,152,-0.769708,-1.8375
MZI,169,153,0.256763,0.6130
MZI,168,154,1.431212,3.4168
MZI,167,155,1.155284,2.7580
MZI,166,156,1.865119,4.4526
MZI,165,157,2.173957,5.1899
MZI,164,158,1.963698,4.6880
MZI,163,159,2.062125,4.9230
MZI,162,160,2.273271,5.4270
MZI,161,161,2.364542,5.6449
MZI,160,162,2.427313,5.7948
MZI,159,163,2.580510,6.1605
MZI,158,164,2.803518,6.6929
MZI,157,165,2.797854,6.6794
MZI,156,166,2.286570,5.4588
MZI,155,167,2.687207,6.4152
MZI,154,168,-2.243836,-5.3568
MZI,153,169,1.534739,3.6639
MZI,152,170,-2.501813,-5.9726
MZI,151,171,-0.609683,-1.4555
MZI,150,172,0.419705,1.0020
MZI,149,173,0.673770,1.6085
MZI,148,174,0.590235,1.4091
MZI,147,175,-1.936751,-4.6237
MZI,146,176,0.626036,1.4946
MZI,145,177,-0.814277,-1.9439
MZI,144,178,-1.817638,-4.3393
MZI,143,179,-0.586165,-1.3994
MZI,142,180,1.413389,3.3742
MZI,141,181,0.695049,1.6593
MZI,140,182,0.235151,0.5614
MZI,139,183,1.269619,3.0310
MZI,138,184,0.516714,1.2336
MZI,137,185,0.527787,1.2600
MZI,136,186,-0.675204,-1.6119
MZI,135,187,-0.511772,-1.2218
MZI,134,188,0.220304,0.5259
MZI,133,189,0.381333,0.9104
MZI,132,190,0.485581,1.1592
MZI,131,191,0.987584,2.3577
MZI,130,192,0.127018,0.3032
MZI,129,193,0.328515,0.7843
MZI,128,194,1.613153,3.8511
MZI,127,195,0.442772,1.0570
MZI,126,196,1.170534,2.7944
MZI,125,197,0.603057,1.4397
MZI,124,198,-0.522049,-1.2463
MZI,123,199,0.217725,0.5198
MZI,122,200,0.852333,2.0348
MZI,121,201,0.711860,1.6994
MZI,120,202,0.649724,1.5511
MZI,119,203,0.710894,1.6971
MZI,118,204,0.771678,1.8422
MZI,117,205,0.927542,2.2143
MZI,116,206,1.126094,2.6884
MZI,115,207,1.236060,2.9509
MZI,114,208,1.461596,3.4893
MZI,113,209,1.893893,4.5213
MZI,112,210,2.693081,6.4293
MZI,111,211,-2.286836,-5.4594
MZI,110,212,-1.158555,-2.7658
MZI,109,213,-2.888370,-6.8955
MZI,108,214,0.892511,2.1307
MZI,107,215,0.696595,1.6630
MZI,106,216,1.083277,2.5861
MZI,105,217,1.869670,4.4635
MZI,104,218,1.771059,4.2281
MZI,103,219,1.507050,3.5978
MZI,102,220,1.169309,2.7915
MZI,101,221,1.094189,2.6122
MZI,100,222,1.001191,2.3902
MZI,99,223,0.823237,1.9653
MZI,98,224,0.537855,1.2840
MZI,97,225,0.247189,0.5901
MZI,96,226,-0.053886,-0.1286
MZI,95,227,-0.497657,-1.1881
MZI,94,228,-1.722244,-4.1116
MZI,93,229,2.672898,6.3811
MZI,92,230,1.757424,4.1955
MZI,91,231,1.212941,2.8957
MZI,90,232,1.028412,2.4552
MZI,89,233,0.917610,2.1906
MZI,88,234,0.869830,2.0766
MZI,87,235,0.812452,1.9396
MZI,86,236,0.752287,1.7960
MZI,85,237,0.725269,1.7315
MZI,84,238,0.711880,1.6995
MZI,83,239,0.641777,1.5321
MZI,82,240,0.626219,1.4950
MZI,81,241,0.635255,1.5166
MZI,80,242,0.631650,1.5080
MZI,79,243,0.578625,1.3814
MZI,78,244,0.543433,1.2974
MZI,77,245,0.552850,1.3198
MZI,76,246,0.511584,1.2213
MZI,75,247,0.457458,1.0921
MZI,74,248,0.445003,1.0624
MZI,73,249,0.449757,1.0737
MZI,72,250,0.442072,1.0554
MZI,71,251,0.419056,1.0004
MZI,70,252,0.398801,0.9521
MZI,69,253,0.369540,0.8822
MZI,68,254,0.370543,0.8846
MZI,67,255,0.499983,1.1936
MZI,254,70,2.679397,6.3966
MZI,253,71,1.660484,3.9641
MZI,252,72,1.282417,3.0615
MZI,251,73,-2.128424,-5.0812
MZI,250,74,1.985162,4.7392
MZI,249,75,-3.109110,-7.4225
MZI,248,76,-1.478420,-3.5295
MZI,247,77,-0.519378,-1.2399
MZI,246,78,-2.326617,-5.5544
MZI,245,79,-0.149694,-0.3574
MZI,244,80,2.764876,6.6007
MZI,243,81,2.364979,5.6460
MZI,242,82,-2.018634,-4.8191
MZI,241,83,0.414364,0.9892
MZI,240,84,-0.629302,-1.5023
MZI,239,85,-2.273774,-5.4282
MZI,238,86,0.445265,1.0630
MZI,237,87,2.108135,5.0328
MZI,236,88,0.691047,1.6498
MZI,235,89,1.032773,2.4656
MZI,234,90,-0.469452,-1.1207
MZI,233,91,-2.389264,-5.7039
MZI,232,92,-0.181779,-0.4340
MZI,231,93,2.530782,6.0418
MZI,230,94,0.123501,0.2948
MZI,229,95,-2.678212,-6.3938
MZI,228,96,0.283661,0.6772
MZI,227,97,2.835103,6.7683
MZI,226,98,-0.559704,-1.3362
MZI,225,99,2.652315,6.3319
MZI,224,100,-1.348137,-3.2184
MZI,223,101,1.484092,3.5430
MZI,222,102,-1.957692,-4.6736
MZI,221,103,-2.095930,-5.0037
MZI,220,104,0.889350,2.1232
MZI,219,105,0.548229,1.3088
MZI,218,106,0.286262,0.6834
MZI,217,107,0.739530,1.7655
MZI,216,108,2.864836,6.8393
MZI,215,109,2.646794,6.3188
MZI,214,110,-1.756092,-4.1924
MZI,213,111,-0.577901,-1.3796
MZI,212,112,0.274025,0.6542
MZI,211,113,0.402929,0.9619
MZI,210,114,-1.606234,-3.8346
MZI,209,115,2.628248,6.2745
MZI,208,116,1.678802,4.0078
MZI,207,117,-3.047723,-7.2759
MZI,206,118,-2.435333,-5.8139
MZI,205,119,1.560854,3.7263
MZI,204,120,1.503274,3.5888
MZI,203,121,1.663653,3.9717
MZI,202,122,2.466924,5.8893
MZI,201,123,-1.665509,-3.9761
MZI,200,124,-1.501962,-3.5857
MZI,199,125,-1.147694,-2.7399
MZI,198,126,1.106304,2.6411
MZI,197,127,0.464362,1.1086
MZI,196,128,3.035225,7.2461
MZI,195,129,1.638838,3.9124
MZI,194,130,-0.194163,-0.4635
MZI,193,131,1.691946,4.0392
MZI,192,132,1.006568,2.4030
MZI,191,133,1.943143,4.6389
MZI,190,134,0.747850,1.7854
MZI,189,135,-2.739854,-6.5409
MZI,188,136,-0.964093,-2.3016
MZI,187,137,-0.092772,-0.2215
MZI,186,138,0.521145,1.2441
MZI,185,139,-0.016694,-0.0399
MZI,184,140,-0.590823,-1.4105
MZI,183,141,-1.824811,-4.3564
MZI,182,142,0.681483,1.6269
MZI,181,143,-1.664886,-3.9746
MZI,180,144,2.139027,5.1066
MZI,179,145,-2.394623,-5.7167
MZI,178,146,-1.516540,-3.6205
MZI,177,147,1.486951,3.5498
MZI,176,148,-2.718166,-6.4891
MZI,175,149,1.070752,2.5562
MZI,174,150,-0.999308,-2.3857
MZI,173,151,1.581127,3.7747
MZI,172,152,0.942846,2.2509
MZI,171,153,0.721012,1.7213
MZI,170,154,0.345576,0.8250
MZI,169,155,-0.898057,-2.1440
MZI,168,156,1.151517,2.7490
MZI,167,157,1.667136,3.9800
MZI,166,158,2.904799,6.9347
MZI,165,159,-1.675067,-3.9989
MZI,164,160,-0.289496,-0.6911
MZI,163,161,0.767398,1.8320
MZI,162,162,1.101803,2.6304
MZI,161,163,1.290779,3.0815
MZI,160,164,1.457693,3.4800
MZI,159,165,1.226222,2.9274
MZI,158,166,0.558957,1.3344
MZI,157,167,-0.223153,-0.5327
MZI,156,168,-0.110694,-0.2643
MZI,155,169,1.221835,2.9169
MZI,154,170,-0.424902,-1.0144
MZI,153,171,-0.499614,-1.1927
MZI,152,172,0.609291,1.4546
MZI,151,173,0.202280,0.4829
MZI,150,174,0.387237,0.9245
MZI,149,175,0.406671,0.9709
MZI,148,176,0.547007,1.3059
MZI,147,177,-0.829331,-1.9799
MZI,146,178,-1.511162,-3.6076
MZI,145,179,-1.492083,-3.5621
MZI,144,180,-1.885265,-4.5007
MZI,143,181,1.409416,3.3647
MZI,142,182,-0.327721,-0.7824
MZI,141,183,-0.701828,-1.6755
MZI,140,184,0.407683,0.9733
MZI,139,185,0.133905,0.3197
MZI,138,186,0.216246,0.5162
MZI,137,187,-0.055419,-0.1323
MZI,136,188,-0.802164,-1.9150
MZI,135,189,1.228596,2.9331
MZI,134,190,0.892340,2.1303
MZI,133,191,0.966410,2.3071
MZI,132,192,1.224550,2.9234
MZI,131,193,-1.307227,-3.1208
MZI,130,194,0.764145,1.8243
MZI,129,195,0.899571,2.1476
MZI,128,196,0.733022,1.7500
MZI,127,197,1.797020,4.2901
MZI,126,198,0.638190,1.5236
MZI,125,199,0.161352,0.3852
MZI,124,200,-2.168191,-5.1762
MZI,123,201,1.332093,3.1801
MZI,122,202,0.968446,2.3120
MZI,121,203,0.873323,2.0849
MZI,120,204,0.907879,2.1674
MZI,119,205,0.895524,2.1379
MZI,118,206,0.973892,2.3250
MZI,117,207,1.231898,2.9409
MZI,116,208,1.350981,3.2252
MZI,115,209,1.387144,3.3116
MZI,114,210,1.272853,3.0387
MZI,113,211,0.868048,2.0723
MZI,112,212,0.398986,0.9525
MZI,111,213,0.162965,0.3891
MZI,110,214,0.520391,1.2423
MZI,109,215,0.784544,1.8730
MZI,108,216,-1.491187,-3.5599
MZI,107,217,-3.116303,-7.4396
MZI,106,218,1.619922,3.8673
MZI,105,219,1.528089,3.6480
MZI,104,220,1.854685,4.4277
MZI,103,221,2.218859,5.2971
MZI,102,222,1.134738,2.7090
MZI,101,223,0.173847,0.4150
MZI,100,224,-0.084330,-0.2013
MZI,99,225,-0.249569,-0.5958
MZI,98,226,-0.374741,-0.8946
MZI,97,227,-0.508753,-1.2146
MZI,96,228,-0.571289,-1.3639
MZI,95,229,-0.010268,-0.0245
MZI,94,230,0.795272,1.8986
MZI,93,231,0.874727,2.0883
MZI,92,232,0.857387,2.0469
MZI,91,233,0.784685,1.8733
MZI,90,234,0.734327,1.7531
MZI,89,235,0.704885,1.6828
MZI,88,236,0.668984,1.5971
MZI,87,237,0.607414,1.4501
MZI,86,238,0.577411,1.3785
MZI,85,239,0.557097,1.3300
MZI,84,240,0.488010,1.1650
MZI,83,241,0.462382,1.1039
MZI,82,242,0.462560,1.1043
MZI,81,243,0.447289,1.0678
MZI,80,244,0.385336,0.9199
MZI,79,245,0.343077,0.8190
MZI,78,246,0.341865,0.8161
MZI,77,247,0.292447,0.6982
MZI,76,248,0.227342,0.5427
MZI,75,249,0.203862,0.4867
MZI,74,250,0.192248,0.4590
MZI,73,251,0.164322,0.3923
MZI,72,252,0.116513,0.2782
MZI,71,253,0.064982,0.1551
MZI,70,254,-0.010729,-0.0256
MZI,69,255,-0.101219,-0.2416
MZI,254,72,-2.745649,-6.5548
MZI,253,73,0.336374,0.8030
MZI,252,74,-1.984385,-4.7374
MZI,251,75,2.181018,5.2068
MZI,250,76,2.964633,7.0775
MZI,249,77,0.645189,1.5403
MZI,248,78,-1.304461,-3.1142
MZI,247,79,1.484748,3.5446
MZI,246,80,-0.374518,-0.8941
MZI,245,81,3.039221,7.2556
MZI,244,82,0.856274,2.0442
MZI,243,83,1.257356,3.0017
MZI,242,84,1.137370,2.7153
MZI,241,85,1.203977,2.8743
MZI,240,86,2.851815,6.8082
MZI,239,87,-1.338083,-3.1944
MZI,238,88,-2.265008,-5.4073
MZI,237,89,-0.534814,-1.2768
MZI,236,90,-0.644780,-1.5393
MZI,235,91,-0.971528,-2.3194
MZI,234,92,-2.413687,-5.7623
MZI,233,93,1.579906,3.7717
MZI,232,94,-1.379901,-3.2943
MZI,231,95,1.890612,4.5135
MZI,230,96,-3.079881,-7.3527
MZI,229,97,0.703078,1.6785
MZI,228,98,-2.070576,-4.9431
MZI,227,99,0.305543,0.7294
MZI,226,100,-1.936739,-4.6236
MZI,225,101,-2.454162,-5.8589
MZI,224,102,-0.337964,-0.8068
MZI,223,103,-3.126130,-7.4631
MZI,222,104,-1.749006,-4.1754
MZI,221,105,2.621942,6.2594
MZI,220,106,2.412285,5.7589
MZI,219,107,-2.329629,-5.5616
MZI,218,108,1.519164,3.6267
MZI,217,109,2.700215,6.4463
MZI,216,110,2.157776,5.1513
MZI,215,111,-3.128857,-7.4696
MZI,214,112,3.138390,7.4924
MZI,213,113,-3.060087,-7.3054
MZI,212,114,1.037010,2.4757
MZI,211,115,-2.505313,-5.9810
MZI,210,116,-2.190430,-5.2293
MZI,209,117,2.193005,5.2354
MZI,208,118,2.668052,6.3695
MZI,207,119,-0.073868,-0.1763
MZI,206,120,1.550675,3.7020
MZI,205,121,-2.370521,-5.6592
MZI,204,122,-1.373267,-3.2784
MZI,203,123,-2.542534,-6.0699
MZI,202,124,-2.968361,-7.0864
MZI,201,125,2.453791,5.8580
MZI,200,126,-1.249682,-2.9834
MZI,199,127,-1.968632,-4.6998
MZI,198,128,0.717602,1.7131
MZI,197,129,1.557666,3.7187
MZI,196,130,-1.432576,-3.4200
MZI,195,131,-2.849977,-6.8038
MZI,194,132,-2.279761,-5.4425
MZI,193,133,-2.685780,-6.4118
MZI,192,134,0.492490,1.1757
MZI,191,135,-2.272967,-5.4263
MZI,190,136,-2.414493,-5.7642
MZI,189,137,2.120624,5.0626
MZI,188,138,-1.719771,-4.1057
MZI,187,139,1.574605,3.7591
MZI,186,140,2.521949,6.0207
MZI,185,141,-2.709955,-6.4695
MZI,184,142,-2.776962,-6.6295
MZI,183,143,0.592709,1.4150
MZI,182,144,-2.323051,-5.5459
MZI,181,145,0.991336,2.3666
MZI,180,146,-0.186018,-0.4441
MZI,179,147,2.731110,6.5200
MZI,178,148,0.379547,0.9061
MZI,177,149,-1.027320,-2.4525
MZI,176,150,2.155763,5.1465
MZI,175,151,2.182323,5.2099
MZI,174,152,-1.791392,-4.2766
MZI,173,153,0.854483,2.0399
MZI,172,154,3.085424,7.3659
MZI,171,155,-0.490859,-1.1718
MZI,170,156,2.494160,5.9544
MZI,169,157,-1.950627,-4.6568
MZI,168,158,-1.638296,-3.9111
MZI,167,159,-2.333826,-5.5716
MZI,166,160,2.880830,6.8775
MZI,165,161,1.347779,3.2176
MZI,164,162,-0.279628,-0.6676
MZI,163,163,-0.814380,-1.9442
MZI,162,164,-1.207776,-2.8834
MZI,161,165,-1.945422,-4.6444
MZI,160,166,-2.768464,-6.6092
MZI,159,167,2.532385,6.0456
MZI,158,168,2.603830,6.2162
MZI,157,169,-3.042413,-7.2632
MZI,156,170,-1.319206,-3.1494
MZI,155,171,-2.153652,-5.1415
MZI,154,172,-1.618451,-3.8638
MZI,153,173,-2.618230,-6.2506
MZI,152,174,-2.407588,-5.7477
MZI,151,175,-2.121061,-5.0637
MZI,150,176,-1.558766,-3.7213
MZI,149,177,-1.436739,-3.4300
MZI,148,178,2.465088,5.8850
MZI,147,179,3.073793,7.3381
MZI,146,180,-2.844825,-6.7915
MZI,145,181,-2.324354,-5.5490
MZI,144,182,-0.531253,-1.2683
MZI,143,183,1.354332,3.2332
MZI,142,184,2.649651,6.3256
MZI,141,185,-0.743197,-1.7743
MZI,140,186,-0.963926,-2.3012
MZI,139,187,-1.339705,-3.1983
MZI,138,188,-1.727465,-4.1240
MZI,137,189,-2.731793,-6.5217
MZI,136,190,-1.571031,-3.7506
MZI,135,191,-1.570424,-3.7491
MZI,134,192,-1.411875,-3.3706
MZI,133,193,-1.181774,-2.8213
MZI,132,194,-1.665237,-3.9755
MZI,131,195,-1.986303,-4.7419
MZI,130,196,-1.604353,-3.8301
MZI,129,197,-1.846139,-4.4073
MZI,128,198,-1.344772,-3.2104
MZI,127,199,-1.704526,-4.0693
MZI,126,200,-1.836503,-4.3843
MZI,125,201,-1.658186,-3.9586
MZI,124,202,-1.028863,-2.4562
MZI,123,203,-1.265151,-3.0203
MZI,122,204,-1.384072,-3.3042
MZI,121,205,-1.427047,-3.4068
MZI,120,206,-1.559155,-3.7222
MZI,119,207,-1.599165,-3.8177
MZI,118,208,-1.500385,-3.5819
MZI,117,209,-1.529582,-3.6516
MZI,116,210,-1.663501,-3.9713
MZI,115,211,-1.839477,-4.3914
MZI,114,212,-2.044090,-4.8799
MZI,113,213,-2.259118,-5.3932
MZI,112,214,-2.386853,-5.6982
MZI,111,215,-1.946195,-4.6462
MZI,110,216,0.391001,0.9334
MZI,109,217,-2.751153,-6.5679
MZI,108,218,-1.839119,-4.3906
MZI,107,219,-1.737753,-4.1486
MZI,106,220,-1.729783,-4.1296
MZI,105,221,-1.706896,-4.0749
MZI,104,222,-1.388390,-3.3145
MZI,103,223,0.013059,0.0312
MZI,102,224,1.580277,3.7726
MZI,101,225,2.901028,6.9257
MZI,100,226,-2.645909,-6.3166
MZI,99,227,-2.279411,-5.4417
MZI,98,228,-2.039057,-4.8679
MZI,97,229,-1.835426,-4.3818
MZI,96,230,-1.657476,-3.9569
MZI,95,231,-1.560050,-3.7243
MZI,94,232,-1.501610,-3.5848
MZI,93,233,-1.493682,-3.5659
MZI,92,234,-1.492640,-3.5634
MZI,91,235,-1.504374,-3.5914
MZI,90,236,-1.513780,-3.6139
MZI,89,237,-1.528790,-3.6497
MZI,88,238,-1.577526,-3.7661
MZI,87,239,-1.599272,-3.8180
MZI,86,240,-1.613876,-3.8528
MZI,85,241,-1.670631,-3.9883
MZI,84,242,-1.689771,-4.0340
MZI,83,243,-1.682358,-4.0163
MZI,82,244,-1.694783,-4.0460
MZI,81,245,-1.749432,-4.1765
MZI,80,246,-1.781512,-4.2530
MZI,79,247,-1.775703,-4.2392
MZI,78,248,-1.810151,-4.3214
MZI,77,249,-1.857534,-4.4345
MZI,76,250,-1.859957,-4.4403
MZI,75,251,-1.850606,-4.4180
MZI,74,252,-1.852596,-4.4227
MZI,73,253,-1.866300,-4.4555
MZI,72,254,-1.872016,-4.4691
MZI,71,255,-1.882844,-4.4950
MZI,254,74,1.081689,2.5823
MZI,253,75,-1.742857,-4.1608
MZI,252,76,0.219029,0.5229
MZI,251,77,0.653758,1.5607
MZI,250,78,-0.442739,-1.0570
MZI,249,79,2.202282,5.2576
MZI,248,80,0.944516,2.2549
MZI,247,81,1.134901,2.7094
MZI,246,82,1.113595,2.6585
MZI,245,83,1.431765,3.4181
MZI,244,84,0.814694,1.9449
MZI,243,85,2.475360,5.9095
MZI,242,86,-2.570204,-6.1359
MZI,241,87,0.229628,0.5482
MZI,240,88,2.942003,7.0235
MZI,239,89,1.303008,3.1107
MZI,238,90,0.903184,2.1562
MZI,237,91,2.274243,5.4294
MZI,236,92,2.704685,6.4570
MZI,235,93,1.336750,3.1913
MZI,234,94,0.498519,1.1901
MZI,233,95,-1.212663,-2.8950
MZI,232,96,0.815771,1.9475
MZI,231,97,0.310924,0.7423
MZI,230,98,2.746115,6.5559
MZI,229,99,-1.929508,-4.6064
MZI,228,100,2.950742,7.0444
MZI,227,101,-0.838640,-2.0021
MZI,226,102,-1.127401,-2.6915
MZI,225,103,1.088923,2.5996
MZI,224,104,0.390929,0.9333
MZI,223,105,0.152861,0.3649
MZI,222,106,0.111529,0.2663
MZI,221,107,0.094087,0.2246
MZI,220,108,1.397709,3.3368
MZI,219,109,2.010150,4.7989
MZI,218,110,0.185717,0.4434
MZI,217,111,0.366983,0.8761
MZI,216,112,-0.520126,-1.2417
MZI,215,113,1.205478,2.8779
MZI,214,114,-2.938663,-7.0155
MZI,213,115,0.172582,0.4120
MZI,212,116,-0.300683,-0.7178
MZI,211,117,0.804208,1.9199
MZI,210,118,0.528718,1.2622
MZI,209,119,-1.285413,-3.0687
MZI,208,120,0.460531,1.0994
MZI,207,121,0.395243,0.9436
MZI,206,122,-0.025671,-0.0613
MZI,205,123,-2.670015,-6.3742
MZI,204,124,1.499368,3.5795
MZI,203,125,-0.209763,-0.5008
MZI,202,126,0.210284,0.5020
MZI,201,127,0.531158,1.2680
MZI,200,128,2.224614,5.3109
MZI,199,129,0.902242,2.1539
MZI,198,130,-0.277851,-0.6633
MZI,197,131,1.638532,3.9117
MZI,196,132,1.544750,3.6878
MZI,195,133,0.997883,2.3823
MZI,194,134,2.334880,5.5741
MZI,193,135,2.217404,5.2937
MZI,192,136,2.880503,6.8767
MZI,191,137,2.433760,5.8102
MZI,190,138,0.491766,1.1740
MZI,189,139,2.740386,6.5422
MZI,188,140,2.385151,5.6941
MZI,187,141,1.177817,2.8118
MZI,186,142,2.847241,6.7973
MZI,185,143,-0.837416,-1.9992
MZI,184,144,2.011899,4.8031
MZI,183,145,-0.017732,-0.0423
MZI,182,146,1.784982,4.2613
MZI,181,147,1.271922,3.0365
MZI,180,148,2.685203,6.4105
MZI,179,149,1.486012,3.5476
MZI,178,150,-0.760354,-1.8152
MZI,177,151,0.658039,1.5710
MZI,176,152,0.427714,1.0211
MZI,175,153,-2.948261,-7.0385
MZI,174,154,-0.047599,-0.1136
MZI,173,155,-0.619500,-1.4789
MZI,172,156,1.035940,2.4731
MZI,171,157,-0.242323,-0.5785
MZI,170,158,1.451409,3.4650
MZI,169,159,0.627744,1.4986
MZI,168,160,-0.222460,-0.5311
MZI,167,161,-0.293103,-0.6997
MZI,166,162,0.211840,0.5057
MZI,165,163,0.866628,2.0689
MZI,164,164,1.088940,2.5997
MZI,163,165,1.290381,3.0806
MZI,162,166,1.819860,4.3446
MZI,161,167,-2.099637,-5.0125
MZI,160,168,0.089353,0.2133
MZI,159,169,1.005247,2.3998
MZI,158,170,-2.788198,-6.6563
MZI,157,171,1.445223,3.4502
MZI,156,172,2.001580,4.7784
MZI,155,173,1.745794,4.1678
MZI,154,174,0.880528,2.1021
MZI,153,175,1.613894,3.8529
MZI,152,176,-2.692431,-6.4277
MZI,151,177,2.438634,5.8218
MZI,150,178,1.226636,2.9284
MZI,149,179,0.811129,1.9364
MZI,148,180,0.635414,1.5169
MZI,147,181,-0.137412,-0.3280
MZI,146,182,-2.836721,-6.7722
MZI,145,183,1.868721,4.4612
MZI,144,184,1.993320,4.7587
MZI,143,185,1.578543,3.7685
MZI,142,186,1.131201,2.7005
MZI,141,187,1.153586,2.7540
MZI,140,188,1.389381,3.3169
MZI,139,189,1.470874,3.5115
MZI,138,190,0.732327,1.7483
MZI,137,191,1.582706,3.7784
MZI,136,192,1.842417,4.3984
MZI,135,193,2.166332,5.1717
MZI,134,194,2.311683,5.5187
MZI,133,195,1.896467,4.5275
MZI,132,196,1.159847,2.7689
MZI,131,197,1.742202,4.1592
MZI,130,198,0.856602,2.0450
MZI,129,199,1.849662,4.4157
MZI,128,200,1.687049,4.0275
MZI,127,201,1.670998,3.9892
MZI,126,202,1.808712,4.3180
MZI,125,203,2.194859,5.2398
MZI,124,204,2.186153,5.2191
MZI,123,205,2.031410,4.8496
MZI,122,206,1.861271,4.4435
MZI,121,207,1.666081,3.9775
MZI,120,208,1.622069,3.8724
MZI,119,209,1.691324,4.0377
MZI,118,210,1.665153,3.9753
MZI,117,211,1.573649,3.7568
MZI,116,212,1.475588,3.5227
MZI,115,213,1.392576,3.3245
MZI,114,214,1.378154,3.2901
MZI,113,215,1.493407,3.5652
MZI,112,216,1.801375,4.3005
MZI,111,217,1.466581,3.5012
MZI,110,218,1.592647,3.8022
MZI,109,219,1.742320,4.1595
MZI,108,220,1.766443,4.2171
MZI,107,221,1.772287,4.2310
MZI,106,222,1.732789,4.1367
MZI,105,223,1.709651,4.0815
MZI,104,224,1.621781,3.8717
MZI,103,225,1.154795,2.7569
MZI,102,226,0.215960,0.5156
MZI,101,227,0.440272,1.0511
MZI,100,228,2.023659,4.8311
MZI,99,229,2.047656,4.8884
MZI,98,230,2.022958,4.8295
MZI,97,231,2.016141,4.8132
MZI,96,232,1.997636,4.7690
MZI,95,233,2.007117,4.7916
MZI,94,234,1.978615,4.7236
MZI,93,235,1.984435,4.7375
MZI,92,236,1.976718,4.7191
MZI,91,237,1.971683,4.7070
MZI,90,238,1.961766,4.6834
MZI,89,239,1.917058,4.5766
MZI,88,240,1.898401,4.5321
MZI,87,241,1.885327,4.5009
MZI,86,242,1.834980,4.3807
MZI,85,243,1.818497,4.3413
MZI,84,244,1.825602,4.3583
MZI,83,245,1.809756,4.3205
MZI,82,246,1.755461,4.1909
MZI,81,247,1.725628,4.1196
MZI,80,248,1.730511,4.1313
MZI,79,249,1.698953,4.0560
MZI,78,250,1.653631,3.9478
MZI,77,251,1.652157,3.9442
MZI,76,252,1.660160,3.9633
MZI,75,253,1.657393,3.9567
MZI,74,254,1.644390,3.9257
MZI,73,255,1.641244,3.9182
MZI,254,76,-1.494196,-3.5671
MZI,253,77,0.982355,2.3452
MZI,252,78,1.196695,2.8569
MZI,251,79,2.193408,5.2364
MZI,250,80,2.671325,6.3773
MZI,249,81,1.604926,3.8315
MZI,248,82,-0.877007,-2.0937
MZI,247,83,-3.048830,-7.2785
MZI,246,84,2.817851,6.7271
MZI,245,85,1.608438,3.8399
MZI,244,86,-1.811548,-4.3248
MZI,243,87,-0.589798,-1.4080
MZI,242,88,1.456289,3.4766
MZI,241,89,2.709209,6.4678
MZI,240,90,-0.609008,-1.4539
MZI,239,91,-0.150216,-0.3586
MZI,238,92,0.716690,1.7110
MZI,237,93,0.049486,0.1181
MZI,236,94,-1.167315,-2.7868
MZI,235,95,-0.344219,-0.8218
MZI,234,96,0.696023,1.6616
MZI,233,97,0.513707,1.2264
MZI,232,98,2.358847,5.6313
MZI,231,99,-1.547994,-3.6956
MZI,230,100,0.732063,1.7477
MZI,229,101,-1.789007,-4.2709
MZI,228,102,-2.237358,-5.3413
MZI,227,103,-2.366087,-5.6486
MZI,226,104,0.247865,0.5917
MZI,225,105,-2.143191,-5.1165
MZI,224,106,-3.052997,-7.2885
MZI,223,107,1.454257,3.4718
MZI,222,108,1.249450,2.9828
MZI,221,109,-0.557465,-1.3308
MZI,220,110,-0.153501,-0.3665
MZI,219,111,1.822147,4.3501
MZI,218,112,1.486956,3.5498
MZI,217,113,-0.446931,-1.0670
MZI,216,114,1.309973,3.1273
MZI,215,115,-1.537109,-3.6696
MZI,214,116,-3.067725,-7.3237
MZI,213,117,-2.305161,-5.5032
MZI,212,118,0.543726,1.2980
MZI,211,119,1.988160,4.7464
MZI,210,120,-0.585922,-1.3988
MZI,209,121,2.759571,6.5880
MZI,208,122,-0.938160,-2.2397
MZI,207,123,-0.761117,-1.8170
MZI,206,124,2.779310,6.6351
MZI,205,125,-0.941844,-2.2485
MZI,204,126,-1.639994,-3.9152
MZI,203,127,-0.986481,-2.3551
MZI,202,128,3.076177,7.3438
MZI,201,129,-2.074912,-4.9535
MZI,200,130,-2.653124,-6.3339
MZI,199,131,-1.821440,-4.3484
MZI,198,132,-2.784027,-6.6464
MZI,197,133,1.913204,4.5674
MZI,196,134,-1.370855,-3.2727
MZI,195,135,-2.825285,-6.7449
MZI,194,136,0.524577,1.2523
MZI,193,137,-2.980279,-7.1149
MZI,192,138,-1.623255,-3.8752
MZI,191,139,-0.350372,-0.8365
MZI,190,140,-1.874114,-4.4741
MZI,189,141,-0.326022,-0.7783
MZI,188,142,-1.480592,-3.5347
MZI,187,143,-2.495164,-5.9568
MZI,186,144,-1.594558,-3.8067
MZI,185,145,-2.262482,-5.4013
MZI,184,146,-2.816659,-6.7243
MZI,183,147,-0.906025,-2.1630
MZI,182,148,3.113526,7.4330
MZI,181,149,-0.131016,-0.3128
MZI,180,150,0.733198,1.7504
MZI,179,151,-2.058175,-4.9135
MZI,178,152,1.574518,3.7589
MZI,177,153,-2.137935,-5.1039
MZI,176,154,-0.555163,-1.3254
MZI,175,155,-1.436255,-3.4288
MZI,174,156,-1.923244,-4.5914
MZI,173,157,1.202004,2.8696
MZI,172,158,-1.800447,-4.2983
MZI,171,159,-0.082628,-0.1973
MZI,170,160,-0.582521,-1.3907
MZI,169,161,-0.749619,-1.7896
MZI,168,162,-0.710968,-1.6973
MZI,167,163,-0.603836,-1.4416
MZI,166,164,-0.457517,-1.0922
MZI,165,165,-0.364012,-0.8690
MZI,164,166,-0.244407,-0.5835
MZI,163,167,0.130073,0.3105
MZI,162,168,-0.882464,-2.1067
MZI,161,169,-1.626768,-3.8836
MZI,160,170,2.100044,5.0135
MZI,159,171,-0.167460,-0.3998
MZI,158,172,-0.086146,-0.2057
MZI,157,173,0.597153,1.4256
MZI,156,174,-0.056612,-0.1352
MZI,155,175,-0.597500,-1.4264
MZI,154,176,2.064303,4.9282
MZI,153,177,0.152891,0.3650
MZI,152,178,0.041334,0.0987
MZI,151,179,-0.601122,-1.4351
MZI,150,180,-0.797286,-1.9034
MZI,149,181,-1.234622,-2.9474
MZI,148,182,-1.435133,-3.4261
MZI,147,183,0.499259,1.1919
MZI,146,184,0.554684,1.3242
MZI,145,185,0.651620,1.5556
MZI,144,186,-0.033559,-0.0801
MZI,143,187,-0.897468,-2.1425
MZI,142,188,-1.432632,-3.4202
MZI,141,189,-1.318928,-3.1487
MZI,140,190,-1.121791,-2.6781
MZI,139,191,-0.425160,-1.0150
MZI,138,192,0.447559,1.0685
MZI,137,193,0.870980,2.0793
MZI,136,194,1.093646,2.6109
MZI,135,195,0.758597,1.8110
MZI,134,196,0.380585,0.9086
MZI,133,197,-0.020647,-0.0493
MZI,132,198,0.083157,0.1985
MZI,131,199,-0.466644,-1.1140
MZI,130,200,0.049049,0.1171
MZI,129,201,0.074558,0.1780
MZI,128,202,0.162263,0.3874
MZI,127,203,0.293113,0.6998
MZI,126,204,0.507576,1.2117
MZI,125,205,0.577747,1.3793
MZI,124,206,0.431420,1.0299
MZI,123,207,0.187405,0.4474
MZI,122,208,0.039593,0.0945
MZI,121,209,0.094539,0.2257
MZI,120,210,0.209781,0.5008
MZI,119,211,0.232065,0.5540
MZI,118,212,0.212339,0.5069
MZI,117,213,0.210097,0.5016
MZI,116,214,0.236991,0.5658
MZI,115,215,0.305402,0.7291
MZI,114,216,0.398127,0.9505
MZI,113,217,0.365677,0.8730
MZI,112,218,-0.230555,-0.5504
MZI,111,219,0.284847,0.6800
MZI,110,220,0.438275,1.0463
MZI,109,221,0.410684,0.9804
MZI,108,222,0.395843,0.9450
MZI,107,223,0.326926,0.7805
MZI,106,224,0.266602,0.6365
MZI,105,225,0.180767,0.4315
MZI,104,226,-0.000281,-0.0007
MZI,103,227,-0.330610,-0.7893
MZI,102,228,-1.661269,-3.9660
MZI,101,229,1.849858,4.4162
MZI,100,230,1.127835,2.6925
MZI,99,231,0.849090,2.0271
MZI,98,232,0.726455,1.7343
MZI,97,233,0.650913,1.5539
MZI,96,234,0.626737,1.4962
MZI,95,235,0.575664,1.3743
MZI,94,236,0.572944,1.3678
MZI,93,237,0.561915,1.3415
MZI,92,238,0.557121,1.3300
MZI,91,239,0.548646,1.3098
MZI,90,240,0.505543,1.2069
MZI,89,241,0.490308,1.1705
MZI,88,242,0.479717,1.1452
MZI,87,243,0.436150,1.0412
MZI,86,244,0.424318,1.0130
MZI,85,245,0.432343,1.0321
MZI,84,246,0.415142,0.9911
MZI,83,247,0.363418,0.8676
MZI,82,248,0.338170,0.8073
MZI,81,249,0.345407,0.8246
MZI,80,250,0.319191,0.7620
MZI,79,251,0.278448,0.6647
MZI,78,252,0.281366,0.6717
MZI,77,253,0.292396,0.6980
MZI,76,254,0.293091,0.6997
MZI,75,255,0.282862,0.6753
MZI,254,78,1.587114,3.7890
MZI,253,79,-0.182923,-0.4367
MZI,252,80,0.152114,0.3631
MZI,251,81,1.934980,4.6194
MZI,250,82,0.703647,1.6798
MZI,249,83,-1.520387,-3.6297
MZI,248,84,0.212187,0.5066
MZI,247,85,2.112931,5.0443
MZI,246,86,-0.575944,-1.3750
MZI,245,87,2.438995,5.8227
MZI,244,88,0.003222,0.0077
MZI,243,89,-3.015640,-7.1993
MZI,242,90,-2.215581,-5.2893
MZI,241,91,2.585156,6.1716
MZI,240,92,-0.125925,-0.3006
MZI,239,93,1.140428,2.7226
MZI,238,94,-2.781030,-6.6392
MZI,237,95,-1.262794,-3.0147
MZI,236,96,1.699231,4.0566
MZI,235,97,1.672409,3.9926
MZI,234,98,0.041170,0.0983
MZI,233,99,0.499424,1.1923
MZI,232,100,-0.071606,-0.1709
MZI,231,101,0.610980,1.4586
MZI,230,102,0.755835,1.8044
MZI,229,103,1.453734,3.4705
MZI,228,104,1.733368,4.1381
MZI,227,105,0.225095,0.5374
MZI,226,106,1.376337,3.2858
MZI,225,107,-0.663015,-1.5828
MZI,224,108,-0.908846,-2.1697
MZI,223,109,0.100921,0.2409
MZI,222,110,-3.090379,-7.3777
MZI,221,111,-2.830852,-6.7582
MZI,220,112,0.559810,1.3364
MZI,219,113,-1.252714,-2.9906
MZI,218,114,-3.009889,-7.1856
MZI,217,115,-3.087304,-7.3704
MZI,216,116,-1.136482,-2.7132
MZI,215,117,-0.833880,-1.9907
MZI,214,118,0.623971,1.4896
MZI,213,119,2.772946,6.6199
MZI,212,120,-1.044105,-2.4926
MZI,211,121,2.140534,5.1101
MZI,210,122,2.284267,5.4533
MZI,209,123,1.388191,3.3141
MZI,208,124,0.415037,0.9908
MZI,207,125,-0.339344,-0.8101
MZI,206,126,-0.084709,-0.2022
MZI,205,127,-1.882245,-4.4935
MZI,204,128,0.149030,0.3558
MZI,203,129,0.082385,0.1967
MZI,202,130,-0.097943,-0.2338
MZI,201,131,0.365682,0.8730
MZI,200,132,2.565610,6.1249
MZI,199,133,0.892949,2.1318
MZI,198,134,2.604375,6.2175
MZI,197,135,-1.880432,-4.4892
MZI,196,136,0.674904,1.6112
MZI,195,137,1.213019,2.8959
MZI,194,138,0.476132,1.1367
MZI,193,139,-2.769657,-6.6121
MZI,192,140,1.039308,2.4812
MZI,191,141,-0.570369,-1.3617
MZI,190,142,1.733918,4.1394
MZI,189,143,0.387916,0.9261
MZI,188,144,1.050353,2.5075
MZI,187,145,1.686385,4.0259
MZI,186,146,2.031954,4.8509
MZI,185,147,0.860252,2.0537
MZI,184,148,1.796525,4.2889
MZI,183,149,-2.642720,-6.3090
MZI,182,150,3.119440,7.4471
MZI,181,151,0.396784,0.9473
MZI,180,152,-1.515507,-3.6180
MZI,179,153,1.696494,4.0501
MZI,178,154,-2.544279,-6.0740
MZI,177,155,3.083103,7.3604
MZI,176,156,1.665868,3.9770
MZI,175,157,1.199456,2.8635
MZI,174,158,1.876801,4.4805
MZI,173,159,-2.922272,-6.9764
MZI,172,160,1.150975,2.7477
MZI,171,161,1.504540,3.5918
MZI,170,162,1.500836,3.5830
MZI,169,163,1.276536,3.0475
MZI,168,164,1.113979,2.6594
MZI,167,165,1.034747,2.4703
MZI,166,166,1.008340,2.4072
MZI,165,167,1.022785,2.4417
MZI,164,168,1.192675,2.8473
MZI,163,169,1.011802,2.4155
MZI,162,170,0.376974,0.9000
MZI,161,171,2.060406,4.9189
MZI,160,172,1.723459,4.1145
MZI,159,173,1.474565,3.5203
MZI,158,174,2.356955,5.6268
MZI,157,175,1.918171,4.5793
MZI,156,176,1.718251,4.1020
MZI,155,177,1.556733,3.7164
MZI,154,178,1.726237,4.1211
MZI,153,179,1.607781,3.8383
MZI,152,180,1.067273,2.5479
MZI,151,181,1.420863,3.3921
MZI,150,182,1.091598,2.6060
MZI,149,183,1.628480,3.8877
MZI,148,184,2.265704,5.4090
MZI,147,185,2.681723,6.4021
MZI,146,186,2.161261,5.1596
MZI,145,187,1.680446,4.0118
MZI,144,188,1.069035,2.5521
MZI,143,189,1.460432,3.4865
MZI,142,190,1.175795,2.8070
MZI,141,191,1.029630,2.4581
MZI,140,192,2.092055,4.9944
MZI,139,193,2.730928,6.5196
MZI,138,194,3.115594,7.4379
MZI,137,195,2.792226,6.6659
MZI,136,196,2.479215,5.9187
MZI,135,197,2.207889,5.2709
MZI,134,198,2.143469,5.1172
MZI,133,199,1.093637,2.6109
MZI,132,200,-2.332893,-5.5694
MZI,131,201,1.496859,3.5735
MZI,130,202,1.848122,4.4121
MZI,129,203,2.048078,4.8894
MZI,128,204,2.182641,5.2107
MZI,127,205,2.296903,5.4835
MZI,126,206,2.343211,5.5940
MZI,125,207,2.201226,5.2550
MZI,124,208,1.926040,4.5981
MZI,123,209,1.921435,4.5871
MZI,122,210,2.065844,4.9318
MZI,121,211,2.199025,5.2498
MZI,120,212,2.241245,5.3506
MZI,119,213,2.247117,5.3646
MZI,118,214,2.261162,5.3981
MZI,117,215,2.283709,5.4520
MZI,116,216,2.312255,5.5201
MZI,115,217,2.310138,5.5150
MZI,114,218,2.144703,5.1201
MZI,113,219,1.610304,3.8443
MZI,112,220,2.579863,6.1590
MZI,111,221,2.429938,5.8010
MZI,110,222,2.330356,5.5633
MZI,109,223,2.290325,5.4677
MZI,108,224,2.209704,5.2753
MZI,107,225,2.155184,5.1451
MZI,106,226,2.101526,5.0170
MZI,105,227,2.012313,4.8040
MZI,104,228,1.940894,4.6335
MZI,103,229,2.050470,4.8951
MZI,102,230,2.557136,6.1047
MZI,101,231,2.751225,6.5681
MZI,100,232,2.703603,6.4544
MZI,99,233,2.627883,6.2736
MZI,98,234,2.556963,6.1043
MZI,97,235,2.523121,6.0235
MZI,96,236,2.466193,5.8876
MZI,95,237,2.456467,5.8644
MZI,94,238,2.442047,5.8300
MZI,93,239,2.435636,5.8147
MZI,92,240,2.426581,5.7930
MZI,91,241,2.382651,5.6882
MZI,90,242,2.368394,5.6541
MZI,89,243,2.358190,5.6298
MZI,88,244,2.319159,5.5366
MZI,87,245,2.309048,5.5124
MZI,86,246,2.314370,5.5252
MZI,85,247,2.293953,5.4764
MZI,84,248,2.243484,5.3559
MZI,83,249,2.221198,5.3027
MZI,82,250,2.229588,5.3227
MZI,81,251,2.206607,5.2679
MZI,80,252,2.168427,5.1767
MZI,79,253,2.174791,5.1919
MZI,78,254,2.189435,5.2269
MZI,77,255,2.196205,5.2431
MZI,254,80,-0.343080,-0.8190
MZI,253,81,0.243713,0.5818
MZI,252,82,-1.489285,-3.5554
MZI,251,83,-2.964102,-7.0763
MZI,250,84,2.543400,6.0719
MZI,249,85,-1.524341,-3.6391
MZI,248,86,-0.565891,-1.3510
MZI,247,87,1.764216,4.2118
MZI,246,88,0.502208,1.1989
MZI,245,89,-0.999870,-2.3870
MZI,244,90,-1.288850,-3.0769
MZI,243,91,-2.822331,-6.7378
MZI,242,92,3.069683,7.3283
MZI,241,93,-2.720899,-6.4957
MZI,240,94,2.504997,5.9802
MZI,239,95,0.007251,0.0173
MZI,238,96,1.096531,2.6178
MZI,237,97,2.660297,6.3510
MZI,236,98,-0.279362,-0.6669
MZI,235,99,1.982070,4.7318
MZI,234,100,0.395117,0.9433
MZI,233,101,2.010530,4.7998
MZI,232,102,2.606037,6.2215
MZI,231,103,1.816586,4.3368
MZI,230,104,0.178150,0.4253
MZI,229,105,3.024660,7.2208
MZI,228,106,2.793683,6.6694
MZI,227,107,1.660742,3.9647
MZI,226,108,-0.816164,-1.9484
MZI,225,109,-3.113408,-7.4327
MZI,224,110,1.790890,4.2754
MZI,223,111,0.616295,1.4713
MZI,222,112,-0.074386,-0.1776
MZI,221,113,0.994991,2.3754
MZI,220,114,-1.858619,-4.4371
MZI,219,115,-3.060618,-7.3067
MZI,218,116,-0.656285,-1.5668
MZI,217,117,-2.430269,-5.8018
MZI,216,118,2.973972,7.0998
MZI,215,119,-1.055017,-2.5187
MZI,214,120,-0.692581,-1.6534
MZI,213,121,-1.002564,-2.3934
MZI,212,122,2.079486,4.9644
MZI,211,123,-1.312198,-3.1326
MZI,210,124,-2.653537,-6.3349
MZI,209,125,-2.520821,-6.0180
MZI,208,126,-2.913807,-6.9562
MZI,207,127,2.867485,6.8456
MZI,206,128,1.296574,3.0953
MZI,205,129,-0.634538,-1.5148
MZI,204,130,2.060846,4.9199
MZI,203,131,1.589418,3.7945
MZI,202,132,-2.987900,-7.1331
MZI,201,133,0.786217,1.8770
MZI,200,134,-3.109128,-7.4225
MZI,199,135,2.933667,7.0036
MZI,198,136,-1.242140,-2.9654
MZI,197,137,2.077309,4.9592
MZI,196,138,2.009175,4.7966
MZI,195,139,-2.481715,-5.9247
MZI,194,140,-1.993950,-4.7602
MZI,193,141,2.857221,6.8211
MZI,192,142,-2.996206,-7.1529
MZI,191,143,0.778426,1.8584
MZI,190,144,-2.472735,-5.9032
MZI,189,145,-1.375424,-3.2836
MZI,188,146,1.628635,3.8881
MZI,187,147,0.425043,1.0147
MZI,186,148,-1.717023,-4.0991
MZI,185,149,2.530344,6.0408
MZI,184,150,0.919572,2.1953
MZI,183,151,1.033968,2.4684
MZI,182,152,-0.514757,-1.2289
MZI,181,153,-1.632974,-3.8984
MZI,180,154,0.293422,0.7005
MZI,179,155,-0.762939,-1.8214
MZI,178,156,1.080041,2.5784
MZI,177,157,-0.297225,-0.7096
MZI,176,158,0.279690,0.6677
MZI,175,159,0.248136,0.5924
MZI,174,160,-0.124743,-0.2978
MZI,173,161,-1.537468,-3.6704
MZI,172,162,-0.186637,-0.4456
MZI,171,163,-0.131012,-0.3128
MZI,170,164,-0.391063,-0.9336
MZI,169,165,-0.156306,-0.3732
MZI,168,166,0.038752,0.0925
MZI,167,167,0.114255,0.2728
MZI,166,168,0.114626,0.2737
MZI,165,169,-0.130756,-0.3122
MZI,164,170,-0.286347,-0.6836
MZI,163,171,-0.006536,-0.0156
MZI,162,172,0.261670,0.6247
MZI,161,173,0.185767,0.4435
MZI,160,174,-0.801769,-1.9141
MZI,159,175,0.705120,1.6833
MZI,158,176,0.425291,1.0153
MZI,157,177,0.261585,0.6245
MZI,156,178,-0.001637,-0.0039
MZI,155,179,-0.017793,-0.0425
MZI,154,180,-1.419717,-3.3893
MZI,153,181,-0.050209,-0.1199
MZI,152,182,0.397643,0.9493
MZI,151,183,-1.787441,-4.2672
MZI,150,184,0.097559,0.2329
MZI,149,185,0.701416,1.6745
MZI,148,186,0.859620,2.0522
MZI,147,187,0.513204,1.2252
MZI,146,188,-0.250893,-0.5990
MZI,145,189,0.142447,0.3401
MZI,144,190,0.426631,1.0185
MZI,143,191,0.565239,1.3494
MZI,142,192,0.648462,1.5481
MZI,141,193,0.541241,1.2921
MZI,140,194,0.505844,1.2076
MZI,139,195,1.047467,2.5006
MZI,138,196,0.895758,2.1385
MZI,137,197,0.727386,1.7365
MZI,136,198,0.555129,1.3253
MZI,135,199,0.681733,1.6275
MZI,134,200,-0.303241,-0.7239
MZI,133,201,1.046404,2.4981
MZI,132,202,-0.240528,-0.5742
MZI,131,203,0.271345,0.6478
MZI,130,204,0.635651,1.5175
MZI,129,205,0.742479,1.7725
MZI,128,206,0.778358,1.8582
MZI,127,207,0.778490,1.8585
MZI,126,208,0.550951,1.3153
MZI,125,209,0.307498,0.7341
MZI,124,210,0.476708,1.1381
MZI,123,211,0.655881,1.5658
MZI,122,212,0.775838,1.8522
MZI,121,213,0.805406,1.9228
MZI,120,214,0.803058,1.9172
MZI,119,215,0.802098,1.9149
MZI,118,216,0.799312,1.9082
MZI,117,217,0.785488,1.8752
MZI,116,218,0.722211,1.7242
MZI,115,219,0.541897,1.2937
MZI,114,220,0.144049,0.3439
MZI,113,221,2.440131,5.8254
MZI,112,222,1.004547,2.3982
MZI,111,223,0.846874,2.0218
MZI,110,224,0.790680,1.8876
MZI,109,225,0.711815,1.6993
MZI,108,226,0.677574,1.6176
MZI,107,227,0.659277,1.5739
MZI,106,228,0.630860,1.5061
MZI,105,229,0.637563,1.5221
MZI,104,230,0.717059,1.7119
MZI,103,231,0.866381,2.0683
MZI,102,232,0.990283,2.3641
MZI,101,233,1.046437,2.4982
MZI,100,234,1.049882,2.5064
MZI,99,235,1.014542,2.4220
MZI,98,236,0.994473,2.3741
MZI,97,237,0.945462,2.2571
MZI,96,238,0.936790,2.2364
MZI,95,239,0.923331,2.2043
MZI,94,240,0.917482,2.1903
MZI,93,241,0.909198,2.1705
MZI,92,242,0.865680,2.0667
MZI,91,243,0.852354,2.0348
MZI,90,244,0.842609,2.0116
MZI,89,245,0.807679,1.9282
MZI,88,246,0.797826,1.9047
MZI,87,247,0.799277,1.9081
MZI,86,248,0.775801,1.8521
MZI,85,249,0.726534,1.7345
MZI,84,250,0.705957,1.6853
MZI,83,251,0.713897,1.7043
MZI,82,252,0.690992,1.6496
MZI,81,253,0.649796,1.5513
MZI,80,254,0.653084,1.5591
MZI,79,255,0.663983,1.5851
MZI,254,82,0.270246,0.6452
MZI,253,83,2.937314,7.0123
MZI,252,84,3.140306,7.4969
MZI,251,85,1.944758,4.6428
MZI,250,86,-3.133901,-7.4816
MZI,249,87,0.716118,1.7096
MZI,248,88,1.070450,2.5555
MZI,247,89,-1.607811,-3.8384
MZI,246,90,1.153414,2.7536
MZI,245,91,-0.148107,-0.3536
MZI,244,92,0.220373,0.5261
MZI,243,93,2.827119,6.7492
MZI,242,94,-2.930443,-6.9959
MZI,241,95,2.886149,6.8902
MZI,240,96,3.093021,7.3840
MZI,239,97,-0.260767,-0.6225
MZI,238,98,-1.722891,-4.1131
MZI,237,99,-1.999392,-4.7732
MZI,236,100,-1.611655,-3.8475
MZI,235,101,-1.903196,-4.5435
MZI,234,102,1.725295,4.1188
MZI,233,103,-1.209439,-2.8873
MZI,232,104,0.620625,1.4816
MZI,231,105,-1.780130,-4.2497
MZI,230,106,1.255266,2.9967
MZI,229,107,-2.744929,-6.5530
MZI,228,108,-2.181060,-5.2069
MZI,227,109,0.086721,0.2070
MZI,226,110,0.453942,1.0837
MZI,225,111,1.419234,3.3882
MZI,224,112,0.279826,0.6680
MZI,223,113,-2.902809,-6.9299
MZI,222,114,0.759060,1.8121
MZI,221,115,-2.541219,-6.0667
MZI,220,116,-0.951418,-2.2713
MZI,219,117,-0.935028,-2.2322
MZI,218,118,1.649896,3.9388
MZI,217,119,1.617985,3.8627
MZI,216,120,0.169110,0.4037
MZI,215,121,-1.637712,-3.9098
MZI,214,122,0.232320,0.5546
MZI,213,123,1.896750,4.5282
MZI,212,124,-1.361621,-3.2506
MZI,211,125,-0.342767,-0.8183
MZI,210,126,0.122587,0.2927
MZI,209,127,2.387462,5.6996
MZI,208,128,-2.531934,-6.0445
MZI,207,129,1.269152,3.0299
MZI,206,130,0.355316,0.8483
MZI,205,131,0.825532,1.9708
MZI,204,132,1.720765,4.1080
MZI,203,133,0.750359,1.7914
MZI,202,134,1.027946,2.4540
MZI,201,135,0.458662,1.0950
MZI,200,136,0.190257,0.4542
MZI,199,137,-0.378839,-0.9044
MZI,198,138,0.352951,0.8426
MZI,197,139,3.048482,7.2777
MZI,196,140,0.178624,0.4264
MZI,195,141,-0.814332,-1.9441
MZI,194,142,2.645637,6.3160
MZI,193,143,1.343973,3.2085
MZI,192,144,-1.555214,-3.7128
MZI,191,145,2.035352,4.8590
MZI,190,146,0.684473,1.6341
MZI,189,147,-0.021290,-0.0508
MZI,188,148,1.353448,3.2311
MZI,187,149,0.384705,0.9184
MZI,186,150,2.771776,6.6171
MZI,185,151,1.074581,2.5654
MZI,184,152,1.165413,2.7822
MZI,183,153,1.431529,3.4175
MZI,182,154,2.936636,7.0107
MZI,181,155,-2.813101,-6.7158
MZI,180,156,0.464911,1.1099
MZI,179,157,1.140358,2.7224
MZI,178,158,2.733348,6.5254
MZI,177,159,2.004379,4.7851
MZI,176,160,2.893935,6.9088
MZI,175,161,1.378545,3.2910
MZI,174,162,0.530644,1.2668
MZI,173,163,0.437392,1.0442
MZI,172,164,0.286468,0.6839
MZI,171,165,1.453379,3.4697
MZI,170,166,1.973897,4.7123
MZI,169,167,2.091350,4.9927
MZI,168,168,2.089049,4.9872
MZI,167,169,2.023912,4.8317
MZI,166,170,1.767230,4.2190
MZI,165,171,1.479457,3.5319
MZI,164,172,1.327454,3.1691
MZI,163,173,1.017187,2.4284
MZI,162,174,1.003605,2.3959
MZI,161,175,1.494966,3.5690
MZI,160,176,-2.595143,-6.1954
MZI,159,177,-1.629934,-3.8912
MZI,158,178,-1.367284,-3.2642
MZI,157,179,1.097010,2.6189
MZI,156,180,0.343538,0.8201
MZI,155,181,0.992677,2.3698
MZI,154,182,1.494078,3.5668
MZI,153,183,2.514198,6.0022
MZI,152,184,0.881927,2.1054
MZI,151,185,0.904504,2.1593
MZI,150,186,1.819782,4.3444
MZI,149,187,1.879702,4.4875
MZI,148,188,2.017967,4.8175
MZI,147,189,0.541624,1.2930
MZI,146,190,1.386527,3.3101
MZI,145,191,1.646897,3.9317
MZI,144,192,1.799799,4.2967
MZI,143,193,1.720763,4.1080
MZI,142,194,1.462587,3.4917
MZI,141,195,0.851366,2.0325
MZI,140,196,2.361432,5.6375
MZI,139,197,1.903097,4.5433
MZI,138,198,1.724852,4.1178
MZI,137,199,1.641525,3.9189
MZI,136,200,1.702270,4.0639
MZI,135,201,1.264445,3.0186
MZI,134,202,1.603374,3.8278
MZI,133,203,1.015587,2.4245
MZI,132,204,1.227306,2.9300
MZI,131,205,2.058774,4.9150
MZI,130,206,1.982429,4.7327
MZI,129,207,1.960111,4.6794
MZI,128,208,1.943670,4.6402
MZI,127,209,0.225609,0.5386
MZI,126,210,1.316479,3.1429
MZI,125,211,1.652252,3.9445
MZI,124,212,1.850362,4.4174
MZI,123,213,1.935605,4.6209
MZI,122,214,1.936376,4.6228
MZI,121,215,1.918706,4.5806
MZI,120,216,1.902329,4.5415
MZI,119,217,1.880619,4.4896
MZI,118,218,1.842134,4.3978
MZI,117,219,1.756937,4.1944
MZI,116,220,1.598615,3.8164
MZI,115,221,1.396163,3.3331
MZI,114,222,2.053623,4.9027
MZI,113,223,2.146004,5.1232
MZI,112,224,2.002587,4.7808
MZI,111,225,1.938614,4.6281
MZI,110,226,1.863875,4.4497
MZI,109,227,1.845801,4.4065
MZI,108,228,1.848829,4.4138
MZI,107,229,1.845304,4.4053
MZI,106,230,1.861852,4.4448
MZI,105,231,1.903187,4.5435
MZI,104,232,1.969642,4.7022
MZI,103,233,2.029288,4.8446
MZI,102,234,2.070903,4.9439
MZI,101,235,2.091750,4.9937
MZI,100,236,2.074499,4.9525
MZI,99,237,2.069767,4.9412
MZI,98,238,2.029619,4.8454
MZI,97,239,2.026040,4.8368
MZI,96,240,2.015124,4.8108
MZI,95,241,2.010379,4.7994
MZI,94,242,2.002300,4.7801
MZI,93,243,1.958991,4.6767
MZI,92,244,1.945118,4.6436
MZI,91,245,1.934550,4.6184
MZI,90,246,1.901741,4.5401
MZI,89,247,1.889726,4.5114
MZI,88,248,1.886012,4.5025
MZI,87,249,1.859237,4.4386
MZI,86,250,1.810677,4.3227
MZI,85,251,1.790764,4.2751
MZI,84,252,1.797389,4.2910
MZI,83,253,1.772702,4.2320
MZI,82,254,1.724604,4.1172
MZI,81,255,1.721551,4.1099
MZI,254,84,-0.563858,-1.3461
MZI,253,85,1.548699,3.6972
MZI,252,86,2.568087,6.1309
MZI,251,87,2.021684,4.8264
MZI,250,88,0.108007,0.2578
MZI,249,89,0.859527,2.0520
MZI,248,90,0.774768,1.8496
MZI,247,91,1.257179,3.0013
MZI,246,92,1.257450,3.0019
MZI,245,93,-0.371097,-0.8859
MZI,244,94,-0.262492,-0.6267
MZI,243,95,-1.275400,-3.0448
MZI,242,96,2.486592,5.9363
MZI,241,97,2.225782,5.3137
MZI,240,98,1.306806,3.1198
MZI,239,99,-2.858687,-6.8246
MZI,238,100,0.980077,2.3398
MZI,237,101,2.082815,4.9724
MZI,236,102,1.021944,2.4397
MZI,235,103,2.531276,6.0430
MZI,234,104,0.358884,0.8568
MZI,233,105,1.596078,3.8104
MZI,232,106,-2.662708,-6.3567
MZI,231,107,-2.883100,-6.8829
MZI,230,108,1.204813,2.8763
MZI,229,109,2.465162,5.8851
MZI,228,110,-0.564216,-1.3470
MZI,227,111,2.876101,6.8662
MZI,226,112,-2.113598,-5.0458
MZI,225,113,1.212015,2.8935
MZI,224,114,1.600933,3.8219
MZI,223,115,-1.266132,-3.0227
MZI,222,116,3.049203,7.2794
MZI,221,117,-2.925862,-6.9850
MZI,220,118,1.196799,2.8571
MZI,219,119,2.560312,6.1123
MZI,218,120,1.218759,2.9096
MZI,217,121,1.298137,3.0991
MZI,216,122,2.075028,4.9538
MZI,215,123,1.279089,3.0536
MZI,214,124,0.466359,1.1134
MZI,213,125,1.636282,3.9063
MZI,212,126,1.364316,3.2571
MZI,211,127,2.289796,5.4665
MZI,210,128,-0.711908,-1.6996
MZI,209,129,1.112262,2.6553
MZI,208,130,-2.878062,-6.8709
MZI,207,131,-0.123550,-0.2950
MZI,206,132,-2.176936,-5.1971
MZI,205,133,-3.060361,-7.3061
MZI,204,134,-1.965055,-4.6912
MZI,203,135,-0.530225,-1.2658
MZI,202,136,0.835305,1.9941
MZI,201,137,-2.224331,-5.3102
MZI,200,138,0.279885,0.6682
MZI,199,139,1.992013,4.7556
MZI,198,140,0.662840,1.5824
MZI,197,141,0.446206,1.0652
MZI,196,142,0.276370,0.6598
MZI,195,143,1.603232,3.8274
MZI,194,144,1.511449,3.6083
MZI,193,145,-0.475320,-1.1347
MZI,192,146,2.498456,5.9646
MZI,191,147,1.180816,2.8190
MZI,190,148,-0.474635,-1.1331
MZI,189,149,-1.688558,-4.0311
MZI,188,150,0.614981,1.4682
MZI,187,151,2.056353,4.9092
MZI,186,152,-2.939374,-7.0172
MZI,185,153,2.025968,4.8366
MZI,184,154,2.630799,6.2806
MZI,183,155,0.491042,1.1723
MZI,182,156,0.803636,1.9185
MZI,181,157,1.836776,4.3850
MZI,180,158,2.074220,4.9518
MZI,179,159,1.705816,4.0723
MZI,178,160,2.347248,5.6036
MZI,177,161,-1.444372,-3.4482
MZI,176,162,2.392985,5.7128
MZI,175,163,2.251880,5.3760
MZI,174,164,1.062502,2.5365
MZI,173,165,1.456118,3.4762
MZI,172,166,2.052732,4.9005
MZI,171,167,2.547066,6.0807
MZI,170,168,2.717030,6.4864
MZI,169,169,2.751763,6.5694
MZI,168,170,2.766910,6.6055
MZI,167,171,2.802472,6.6904
MZI,166,172,2.945301,7.0314
MZI,165,173,-2.277820,-5.4379
MZI,164,174,-0.630164,-1.5044
MZI,163,175,-0.120103,-0.2867
MZI,162,176,0.965030,2.3038
MZI,161,177,2.430196,5.8017
MZI,160,178,1.773852,4.2348
MZI,159,179,1.779951,4.2493
MZI,158,180,0.832574,1.9876
MZI,157,181,1.070991,2.5568
MZI,156,182,2.051844,4.8984
MZI,155,183,2.622933,6.2618
MZI,154,184,2.967449,7.0843
MZI,153,185,1.515864,3.6189
MZI,152,186,0.876191,2.0918
MZI,151,187,2.123041,5.0684
MZI,150,188,2.447299,5.8425
MZI,149,189,3.112718,7.4311
MZI,148,190,0.715279,1.7076
MZI,147,191,1.856894,4.4330
MZI,146,192,2.234272,5.3339
MZI,145,193,2.318241,5.5344
MZI,144,194,2.152573,5.1389
MZI,143,195,1.902868,4.5428
MZI,142,196,1.478969,3.5308
MZI,141,197,-2.784462,-6.6474
MZI,140,198,2.618252,6.2506
MZI,139,199,2.405546,5.7428
MZI,138,200,2.339751,5.5857
MZI,137,201,2.184724,5.2156
MZI,136,202,1.843464,4.4009
MZI,135,203,2.215024,5.2880
MZI,134,204,1.851825,4.4209
MZI,133,205,0.609167,1.4543
MZI,132,206,2.864006,6.8373
MZI,131,207,2.598561,6.2036
MZI,130,208,2.686768,6.4142
MZI,129,209,-2.887180,-6.8926
MZI,128,210,0.912470,2.1784
MZI,127,211,1.746103,4.1685
MZI,126,212,2.327674,5.5569
MZI,125,213,2.524722,6.0273
MZI,124,214,2.539057,6.0616
MZI,123,215,2.509838,5.9918
MZI,122,216,2.483155,5.9281
MZI,121,217,2.460440,5.8739
MZI,120,218,2.432120,5.8063
MZI,119,219,2.387062,5.6987
MZI,118,220,2.303516,5.4992
MZI,117,221,2.185957,5.2186
MZI,116,222,2.140139,5.1092
MZI,115,223,2.439981,5.8250
MZI,114,224,2.681850,6.4024
MZI,113,225,2.622715,6.2613
MZI,112,226,2.565556,6.1248
MZI,111,227,2.495456,5.9575
MZI,110,228,2.484146,5.9305
MZI,109,229,2.494373,5.9549
MZI,108,230,2.495981,5.9587
MZI,107,231,2.507359,5.9859
MZI,106,232,2.526634,6.0319
MZI,105,233,2.561974,6.1163
MZI,104,234,2.592881,6.1900
MZI,103,235,2.616011,6.2453
MZI,102,236,2.632383,6.2844
MZI,101,237,2.618325,6.2508
MZI,100,238,2.623117,6.2622
MZI,99,239,2.588988,6.1808
MZI,98,240,2.592131,6.1883
MZI,97,241,2.585233,6.1718
MZI,96,242,2.583211,6.1670
MZI,95,243,2.576233,6.1503
MZI,94,244,2.534969,6.0518
MZI,93,245,2.521522,6.0197
MZI,92,246,2.511349,5.9954
MZI,91,247,2.481461,5.9241
MZI,90,248,2.468820,5.8939
MZI,89,249,2.463113,5.8803
MZI,88,250,2.436869,5.8176
MZI,87,251,2.392677,5.7121
MZI,86,252,2.377100,5.6749
MZI,85,253,2.387823,5.7005
MZI,84,254,2.367539,5.6521
MZI,83,255,2.315183,5.5271
MZI,254,86,-2.316011,-5.5291
MZI,253,87,0.300013,0.7162
MZI,252,88,1.171995,2.7979
MZI,251,89,0.796754,1.9021
MZI,250,90,-0.167132,-0.3990
MZI,249,91,1.520543,3.6300
MZI,248,92,1.488344,3.5532
MZI,247,93,1.320388,3.1522
MZI,246,94,2.196966,5.2449
MZI,245,95,-1.804001,-4.3067
MZI,244,96,-0.348504,-0.8320
MZI,243,97,0.435316,1.0392
MZI,242,98,0.242977,0.5801
MZI,241,99,-2.459067,-5.8706
MZI,240,100,-0.421199,-1.0055
MZI,239,101,0.012595,0.0301
MZI,238,102,-0.115363,-0.2754
MZI,237,103,-2.633774,-6.2877
MZI,236,104,1.650176,3.9395
MZI,235,105,1.865835,4.4544
MZI,234,106,2.692136,6.4270
MZI,233,107,0.017376,0.0415
MZI,232,108,2.377290,5.6754
MZI,231,109,1.686633,4.0265
MZI,230,110,1.659357,3.9614
MZI,229,111,-0.503486,-1.2020
MZI,228,112,0.027645,0.0660
MZI,227,113,1.253597,2.9927
MZI,226,114,-1.466635,-3.5013
MZI,225,115,-2.292250,-5.4723
MZI,224,116,1.524679,3.6399
MZI,223,117,0.826280,1.9726
MZI,222,118,1.189571,2.8399
MZI,221,119,2.685340,6.4108
MZI,220,120,-1.213788,-2.8977
MZI,219,121,0.871802,2.0813
MZI,218,122,0.507744,1.2122
MZI,217,123,-2.630086,-6.2789
MZI,216,124,0.448428,1.0705
MZI,215,125,-2.370037,-5.6580
MZI,214,126,-1.543808,-3.6856
MZI,213,127,0.431132,1.0293
MZI,212,128,2.901560,6.9270
MZI,211,129,-2.139439,-5.1075
MZI,210,130,-2.534215,-6.0500
MZI,209,131,1.752962,4.1849
MZI,208,132,0.740944,1.7689
MZI,207,133,1.609415,3.8422
MZI,206,134,2.304847,5.5024
MZI,205,135,1.017943,2.4302
MZI,204,136,1.970154,4.7034
MZI,203,137,-2.224901,-5.3116
MZI,202,138,1.408306,3.3621
MZI,201,139,0.070953,0.1694
MZI,200,140,0.435531,1.0398
MZI,199,141,2.073517,4.9502
MZI,198,142,1.119806,2.6733
MZI,197,143,1.021227,2.4380
MZI,196,144,2.788561,6.6572
MZI,195,145,1.179455,2.8157
MZI,194,146,-1.412622,-3.3724
MZI,193,147,1.215531,2.9019
MZI,192,148,2.033010,4.8535
MZI,191,149,1.149079,2.7432
MZI,190,150,1.663217,3.9706
MZI,189,151,0.718149,1.7145
MZI,188,152,2.658056,6.3456
MZI,187,153,0.951420,2.2713
MZI,186,154,2.642251,6.3079
MZI,185,155,-2.935958,-7.0091
MZI,184,156,0.347380,0.8293
MZI,183,157,0.490548,1.1711
MZI,182,158,1.111705,2.6540
MZI,181,159,1.100040,2.6262
MZI,180,160,1.718774,4.1033
MZI,179,161,1.693613,4.0432
MZI,178,162,0.611320,1.4594
MZI,177,163,0.807196,1.9270
MZI,176,164,1.105320,2.6388
MZI,175,165,0.498134,1.1892
MZI,174,166,0.325623,0.7774
MZI,173,167,-0.370082,-0.8835
MZI,172,168,2.513627,6.0008
MZI,171,169,1.761008,4.2041
MZI,170,170,1.636033,3.9057
MZI,169,171,1.520309,3.6295
MZI,168,172,1.259201,3.0061
MZI,167,173,0.852357,2.0349
MZI,166,174,-0.141847,-0.3386
MZI,165,175,-0.644918,-1.5396
MZI,164,176,-0.495684,-1.1834
MZI,163,177,-1.172689,-2.7996
MZI,162,178,-1.974526,-4.7138
MZI,161,179,-0.746473,-1.7821
MZI,160,180,-1.549430,-3.6990
MZI,159,181,-0.920500,-2.1975
MZI,158,182,0.773705,1.8471
MZI,157,183,1.243371,2.9683
MZI,156,184,2.494282,5.9547
MZI,155,185,0.497560,1.1878
MZI,154,186,0.340989,0.8141
MZI,153,187,0.670308,1.6002
MZI,152,188,-1.313210,-3.1351
MZI,151,189,1.232045,2.9413
MZI,150,190,1.119204,2.6719
MZI,149,191,0.081117,0.1937
MZI,148,192,0.045803,0.1093
MZI,147,193,1.423869,3.3992
MZI,146,194,1.236816,2.9527
MZI,145,195,0.986324,2.3547
MZI,144,196,0.801709,1.9139
MZI,143,197,0.854441,2.0398
MZI,142,198,1.555192,3.7127
MZI,141,199,1.757264,4.1952
MZI,140,200,1.700795,4.0603
MZI,139,201,1.936536,4.6231
MZI,138,202,0.956451,2.2834
MZI,137,203,0.592306,1.4140
MZI,136,204,1.474204,3.5194
MZI,135,205,1.472323,3.5149
MZI,134,206,1.993450,4.7590
MZI,133,207,0.452635,1.0806
MZI,132,208,1.240904,2.9624
MZI,131,209,1.917345,4.5773
MZI,130,210,2.177323,5.1980
MZI,129,211,0.599645,1.4315
MZI,128,212,0.209259,0.4996
MZI,127,213,1.793152,4.2808
MZI,126,214,1.586060,3.7864
MZI,125,215,1.463019,3.4927
MZI,124,216,1.395794,3.3322
MZI,123,217,1.351106,3.2255
MZI,122,218,1.313430,3.1356
MZI,121,219,1.271888,3.0364
MZI,120,220,1.215771,2.9024
MZI,119,221,1.129129,2.6956
MZI,118,222,1.040772,2.4847
MZI,117,223,1.057497,2.5246
MZI,116,224,1.221262,2.9155
MZI,115,225,1.394715,3.3296
MZI,114,226,1.401394,3.3456
MZI,113,227,1.364429,3.2573
MZI,112,228,1.301056,3.1060
MZI,111,229,1.290042,3.0797
MZI,110,230,1.298839,3.1007
MZI,109,231,1.297563,3.0977
MZI,108,232,1.301409,3.1069
MZI,107,233,1.306701,3.1195
MZI,106,234,1.325929,3.1654
MZI,105,235,1.341151,3.2018
MZI,104,236,1.350581,3.2243
MZI,103,237,1.357671,3.2412
MZI,102,238,1.339545,3.1979
MZI,101,239,1.346069,3.2135
MZI,100,240,1.312168,3.1326
MZI,99,241,1.318095,3.1467
MZI,98,242,1.311988,3.1321
MZI,97,243,1.309840,3.1270
MZI,96,244,1.300844,3.1055
MZI,95,245,1.259682,3.0073
MZI,94,246,1.244119,2.9701
MZI,93,247,1.232217,2.9417
MZI,92,248,1.203167,2.8723
MZI,91,249,1.189013,2.8386
MZI,90,250,1.181830,2.8214
MZI,89,251,1.157766,2.7640
MZI,88,252,1.120614,2.6753
MZI,87,253,1.113863,2.6592
MZI,86,254,1.138698,2.7184
MZI,85,255,1.143919,2.7309
MZI,254,88,1.298154,3.0991
MZI,253,89,2.379397,5.6804
MZI,252,90,3.028701,7.2305
MZI,251,91,-2.729802,-6.5169
MZI,250,92,-2.102839,-5.0202
MZI,249,93,-0.782488,-1.8681
MZI,248,94,1.828935,4.3663
MZI,247,95,1.639756,3.9146
MZI,246,96,-1.052137,-2.5118
MZI,245,97,0.150321,0.3589
MZI,244,98,-1.118410,-2.6700
MZI,243,99,1.667344,3.9805
MZI,242,100,0.936446,2.2356
MZI,241,101,-3.058611,-7.3019
MZI,240,102,-3.122125,-7.4535
MZI,239,103,-1.437533,-3.4319
MZI,238,104,-1.469471,-3.5081
MZI,237,105,0.994125,2.3733
MZI,236,106,2.009113,4.7964
MZI,235,107,0.861931,2.0577
MZI,234,108,2.286372,5.4583
MZI,233,109,-0.071865,-0.1716
MZI,232,110,2.096365,5.0047
MZI,231,111,0.831330,1.9847
MZI,230,112,0.323054,0.7712
MZI,229,113,-1.134359,-2.7081
MZI,228,114,0.683821,1.6325
MZI,227,115,-2.032969,-4.8534
MZI,226,116,0.527713,1.2598
MZI,225,117,-1.870635,-4.4658
MZI,224,118,0.125977,0.3007
MZI,223,119,-0.846152,-2.0200
MZI,222,120,1.977290,4.7204
MZI,221,121,-2.375010,-5.6699
MZI,220,122,-2.882930,-6.8825
MZI,219,123,-1.108687,-2.6468
MZI,218,124,0.339000,0.8093
MZI,217,125,-0.619967,-1.4801
MZI,216,126,-0.818619,-1.9543
MZI,215,127,-1.385070,-3.3066
MZI,214,128,1.079306,2.5767
MZI,213,129,1.084096,2.5881
MZI,212,130,-0.777167,-1.8553
MZI,211,131,0.098136,0.2343
MZI,210,132,0.004410,0.0105
MZI,209,133,-0.135092,-0.3225
MZI,208,134,0.214263,0.5115
MZI,207,135,0.367500,0.8773
MZI,206,136,0.683314,1.6313
MZI,205,137,0.588417,1.4047
MZI,204,138,-0.644785,-1.5393
MZI,203,139,0.833078,1.9888
MZI,202,140,-0.694979,-1.6591
MZI,201,141,-0.495625,-1.1832
MZI,200,142,-0.632047,-1.5089
MZI,199,143,0.226704,0.5412
MZI,198,144,0.873642,2.0857
MZI,197,145,0.277829,0.6633
MZI,196,146,0.161439,0.3854
MZI,195,147,0.365761,0.8732
MZI,194,148,-1.031442,-2.4624
MZI,193,149,-0.614414,-1.4668
MZI,192,150,1.636000,3.9057
MZI,191,151,0.393732,0.9400
MZI,190,152,-1.754044,-4.1875
MZI,189,153,1.001838,2.3917
MZI,188,154,-1.031251,-2.4619
MZI,187,155,-0.706620,-1.6869
MZI,186,156,-0.080556,-0.1923
MZI,185,157,-2.123511,-5.0695
MZI,184,158,-1.166878,-2.7857
MZI,183,159,0.912305,2.1780
MZI,182,160,-1.171072,-2.7957
MZI,181,161,0.941181,2.2469
MZI,180,162,0.366579,0.8751
MZI,179,163,-0.714672,-1.7062
MZI,178,164,1.755803,4.1917
MZI,177,165,0.977419,2.3334
MZI,176,166,-0.062204,-0.1485
MZI,175,167,-0.494224,-1.1799
MZI,174,168,-1.054245,-2.5168
MZI,173,169,0.711923,1.6996
MZI,172,170,0.605992,1.4467
MZI,171,171,0.455698,1.0879
MZI,170,172,0.347246,0.8290
MZI,169,173,0.022039,0.0526
MZI,168,174,-0.615945,-1.4705
MZI,167,175,-1.077024,-2.5712
MZI,166,176,-1.553347,-3.7083
MZI,165,177,-1.374382,-3.2811
MZI,164,178,-0.141080,-0.3368
MZI,163,179,-0.758581,-1.8110
MZI,162,180,-2.183261,-5.2122
MZI,161,181,-1.537536,-3.6706
MZI,160,182,0.239652,0.5721
MZI,159,183,0.831478,1.9850
MZI,158,184,0.392624,0.9373
MZI,157,185,2.268961,5.4167
MZI,156,186,-1.252032,-2.9890
MZI,155,187,-0.145979,-0.3485
MZI,154,188,0.334984,0.7997
MZI,153,189,0.311345,0.7433
MZI,152,190,0.395335,0.9438
MZI,151,191,0.230304,0.5498
MZI,150,192,-0.181284,-0.4328
MZI,149,193,-1.679622,-4.0098
MZI,148,194,1.576970,3.7647
MZI,147,195,0.787570,1.8802
MZI,146,196,0.430769,1.0284
MZI,145,197,0.307649,0.7345
MZI,144,198,0.439072,1.0482
MZI,143,199,0.697406,1.6649
MZI,142,200,0.969904,2.3155
MZI,141,201,1.006995,2.4040
MZI,140,202,1.284638,3.0668
MZI,139,203,2.776770,6.6290
MZI,138,204,-0.486342,-1.1611
MZI,137,205,0.986459,2.3550
MZI,136,206,0.899360,2.1471
MZI,135,207,0.463387,1.1063
MZI,134,208,-1.961872,-4.6836
MZI,133,209,-2.907331,-6.9407
MZI,132,210,0.737533,1.7607
MZI,131,211,-0.205935,-0.4916
MZI,130,212,-0.756070,-1.8050
MZI,129,213,-1.345057,-3.2111
MZI,128,214,1.413943,3.3755
MZI,127,215,1.018560,2.4316
MZI,126,216,0.891384,2.1280
MZI,125,217,0.812863,1.9406
MZI,124,218,0.748820,1.7877
MZI,123,219,0.690146,1.6476
MZI,122,220,0.629568,1.5030
MZI,121,221,0.556488,1.3285
MZI,120,222,0.456868,1.0907
MZI,119,223,0.377375,0.9009
MZI,118,224,0.404795,0.9664
MZI,117,225,0.496629,1.1856
MZI,116,226,0.598181,1.4281
MZI,115,227,0.623482,1.4885
MZI,114,228,0.609487,1.4550
MZI,113,229,0.559339,1.3353
MZI,112,230,0.552573,1.3192
MZI,111,231,0.560906,1.3391
MZI,110,232,0.558278,1.3328
MZI,109,233,0.558471,1.3333
MZI,108,234,0.556968,1.3297
MZI,107,235,0.568576,1.3574
MZI,106,236,0.576168,1.3755
MZI,105,237,0.578084,1.3801
MZI,104,238,0.578754,1.3817
MZI,103,239,0.557232,1.3303
MZI,102,240,0.563940,1.3463
MZI,101,241,0.529526,1.2642
MZI,100,242,0.537428,1.2830
MZI,99,243,0.532291,1.2708
MZI,98,244,0.530737,1.2670
MZI,97,245,0.520566,1.2428
MZI,96,246,0.480669,1.1475
MZI,95,247,0.463778,1.1072
MZI,94,248,0.450777,1.0762
MZI,93,249,0.422309,1.0082
MZI,92,250,0.406591,0.9707
MZI,91,251,0.397191,0.9482
MZI,90,252,0.372143,0.8884
MZI,89,253,0.333917,0.7972
MZI,88,254,0.322391,0.7697
MZI,87,255,0.344593,0.8227
MZI,254,90,0.736844,1.7591
MZI,253,91,0.878624,2.0976
MZI,252,92,-1.237052,-2.9532
MZI,251,93,2.964909,7.0782
MZI,250,94,2.394927,5.7175
MZI,249,95,-0.556413,-1.3283
MZI,248,96,1.474398,3.5199
MZI,247,97,0.469677,1.1213
MZI,246,98,1.330154,3.1755
MZI,245,99,-3.004532,-7.1728
MZI,244,100,-0.328713,-0.7847
MZI,243,101,-2.512849,-5.9990
MZI,242,102,-0.801041,-1.9123
MZI,241,103,2.736285,6.5324
MZI,240,104,-2.883494,-6.8838
MZI,239,105,-2.366385,-5.6493
MZI,238,106,2.546827,6.0801
MZI,237,107,2.534373,6.0504
MZI,236,108,-0.756950,-1.8071
MZI,235,109,0.713958,1.7044
MZI,234,110,-0.484990,-1.1578
MZI,233,111,1.579851,3.7716
MZI,232,112,-1.754526,-4.1886
MZI,231,113,3.129957,7.4722
MZI,230,114,-1.515936,-3.6190
MZI,229,115,2.531696,6.0440
MZI,228,116,2.560934,6.1138
MZI,227,117,-2.143690,-5.1177
MZI,226,118,2.713831,6.4788
MZI,225,119,-1.339328,-3.1974
MZI,224,120,1.217973,2.9077
MZI,223,121,2.463104,5.8802
MZI,222,122,1.405474,3.3553
MZI,221,123,2.208312,5.2720
MZI,220,124,-0.477750,-1.1405
MZI,219,125,1.787847,4.2682
MZI,218,126,-1.837785,-4.3874
MZI,217,127,-2.229239,-5.3219
MZI,216,128,-3.136961,-7.4889
MZI,215,129,2.013758,4.8075
MZI,214,130,0.576376,1.3760
MZI,213,131,0.673379,1.6076
MZI,212,132,-2.156745,-5.1489
MZI,211,133,-0.604439,-1.4430
MZI,210,134,2.795565,6.6739
MZI,209,135,0.133290,0.3182
MZI,208,136,-2.339495,-5.5851
MZI,207,137,0.903401,2.1567
MZI,206,138,2.874223,6.8617
MZI,205,139,2.392951,5.7127
MZI,204,140,0.911794,2.1767
MZI,203,141,1.581309,3.7751
MZI,202,142,-0.026538,-0.0634
MZI,201,143,0.371953,0.8880
MZI,200,144,1.827750,4.3634
MZI,199,145,0.830447,1.9825
MZI,198,146,-1.470105,-3.5096
MZI,197,147,-0.310674,-0.7417
MZI,196,148,1.916041,4.5742
MZI,195,149,2.757381,6.5828
MZI,194,150,2.960838,7.0685
MZI,193,151,-0.695220,-1.6597
MZI,192,152,2.323726,5.5475
MZI,191,153,3.057874,7.3001
MZI,190,154,-3.083180,-7.3606
MZI,189,155,1.960486,4.6803
MZI,188,156,2.027632,4.8406
MZI,187,157,-2.158769,-5.1537
MZI,186,158,-0.887151,-2.1179
MZI,185,159,1.683778,4.0197
MZI,184,160,2.565274,6.1241
MZI,183,161,1.869634,4.4634
MZI,182,162,2.156331,5.1479
MZI,181,163,1.796851,4.2897
MZI,180,164,1.588361,3.7919
MZI,179,165,1.998273,4.7705
MZI,178,166,2.194051,5.2379
MZI,177,167,2.954762,7.0540
MZI,176,168,1.572151,3.7532
MZI,175,169,1.400796,3.3442
MZI,174,170,1.825562,4.3582
MZI,173,171,2.089754,4.9889
MZI,172,172,2.153029,5.1400
MZI,171,173,2.192983,5.2354
MZI,170,174,2.160033,5.1567
MZI,169,175,1.459045,3.4832
MZI,168,176,1.505042,3.5930
MZI,167,177,1.362510,3.2528
MZI,166,178,0.429014,1.0242
MZI,165,179,-3.084204,-7.3630
MZI,164,180,2.339878,5.5860
MZI,163,181,1.910899,4.5619
MZI,162,182,1.879189,4.4862
MZI,161,183,-2.655270,-6.3390
MZI,160,184,2.594373,6.1936
MZI,159,185,1.830997,4.3712
MZI,158,186,-2.861069,-6.8303
MZI,157,187,2.334862,5.5741
MZI,156,188,2.417586,5.7716
MZI,155,189,2.902815,6.9300
MZI,154,190,2.753299,6.5730
MZI,153,191,-2.384748,-5.6932
MZI,152,192,2.838782,6.7771
MZI,151,193,2.513754,6.0011
MZI,150,194,2.563429,6.1197
MZI,149,195,-2.995901,-7.1522
MZI,148,196,-2.817964,-6.7274
MZI,147,197,-3.088561,-7.3734
MZI,146,198,2.596314,6.1982
MZI,145,199,2.340586,5.5877
MZI,144,200,2.227998,5.3190
MZI,143,201,2.155617,5.1462
MZI,142,202,1.999542,4.7736
MZI,141,203,1.821914,4.3495
MZI,140,204,1.907702,4.5543
MZI,139,205,-0.507724,-1.2121
MZI,138,206,2.370913,5.6601
MZI,137,207,1.981698,4.7310
MZI,136,208,1.581771,3.7762
MZI,135,209,1.583321,3.7799
MZI,134,210,1.943176,4.6390
MZI,133,211,-1.640637,-3.9167
MZI,132,212,0.031587,0.0754
MZI,131,213,0.879540,2.0997
MZI,130,214,2.209641,5.2751
MZI,129,215,2.876914,6.8681
MZI,128,216,2.945620,7.0321
MZI,127,217,2.942051,7.0236
MZI,126,218,2.912784,6.9538
MZI,125,219,2.875640,6.8651
MZI,124,220,2.834996,6.7681
MZI,123,221,2.787302,6.6542
MZI,122,222,2.721392,6.4968
MZI,121,223,2.621238,6.2577
MZI,120,224,2.553008,6.0949
MZI,119,225,2.587474,6.1771
MZI,118,226,2.646924,6.3191
MZI,117,227,2.705553,6.4590
MZI,116,228,2.726039,6.5079
MZI,115,229,2.723047,6.5008
MZI,114,230,2.682187,6.4033
MZI,113,231,2.679670,6.3972
MZI,112,232,2.687347,6.4156
MZI,111,233,2.682913,6.4050
MZI,110,234,2.680043,6.3981
MZI,109,235,2.673473,6.3824
MZI,108,236,2.679692,6.3973
MZI,107,237,2.681648,6.4020
MZI,106,238,2.677439,6.3919
MZI,105,239,2.671971,6.3789
MZI,104,240,2.645983,6.3168
MZI,103,241,2.650320,6.3272
MZI,102,242,2.612627,6.2372
MZI,101,243,2.619710,6.2541
MZI,100,244,2.613096,6.2383
MZI,99,245,2.610007,6.2309
MZI,98,246,2.596641,6.1990
MZI,97,247,2.555872,6.1017
MZI,96,248,2.536018,6.0543
MZI,95,249,2.520512,6.0173
MZI,94,250,2.490750,5.9462
MZI,93,251,2.472568,5.9028
MZI,92,252,2.459789,5.8723
MZI,91,253,2.431072,5.8038
MZI,90,254,2.385698,5.6954
MZI,89,255,2.358226,5.6298
MZI,254,92,1.794826,4.2848
MZI,253,93,-0.000360,-0.0009
MZI,252,94,-2.143784,-5.1179
MZI,251,95,0.047926,0.1144
MZI,250,96,-0.411466,-0.9823
MZI,249,97,-0.165411,-0.3949
MZI,248,98,2.223075,5.3072
MZI,247,99,-1.728836,-4.1273
MZI,246,100,-0.454959,-1.0861
MZI,245,101,-1.949091,-4.6531
MZI,244,102,0.777440,1.8560
MZI,243,103,-2.339177,-5.5844
MZI,242,104,-3.080010,-7.3530
MZI,241,105,2.530506,6.0411
MZI,240,106,-2.899794,-6.9227
MZI,239,107,-2.992564,-7.1442
MZI,238,108,2.685834,6.4120
MZI,237,109,2.321990,5.5433
MZI,236,110,-2.495665,-5.9580
MZI,235,111,1.050362,2.5076
MZI,234,112,-2.856526,-6.8195
MZI,233,113,1.439917,3.4375
MZI,232,114,1.934373,4.6180
MZI,231,115,-2.185734,-5.2181
MZI,230,116,2.030593,4.8477
MZI,229,117,2.978963,7.1117
MZI,228,118,1.985768,4.7407
MZI,227,119,-3.099960,-7.4006
MZI,226,120,1.063785,2.5396
MZI,225,121,-1.940147,-4.6318
MZI,224,122,-2.692433,-6.4277
MZI,223,123,1.056119,2.5213
MZI,222,124,2.650616,6.3279
MZI,221,125,1.568032,3.7434
MZI,220,126,1.517097,3.6218
MZI,219,127,0.512819,1.2243
MZI,218,128,1.463611,3.4941
MZI,217,129,-1.741182,-4.1568
MZI,216,130,-2.996196,-7.1529
MZI,215,131,1.927994,4.6027
MZI,214,132,0.726753,1.7350
MZI,213,133,-1.673418,-3.9950
MZI,212,134,0.778961,1.8596
MZI,211,135,1.990263,4.7514
MZI,210,136,-1.148414,-2.7416
MZI,209,137,-2.663641,-6.3590
MZI,208,138,-1.587402,-3.7896
MZI,207,139,1.346103,3.2136
MZI,206,140,-1.611444,-3.8470
MZI,205,141,1.706479,4.0739
MZI,204,142,0.198081,0.4729
MZI,203,143,0.589379,1.4070
MZI,202,144,0.243056,0.5803
MZI,201,145,-1.606736,-3.8358
MZI,200,146,1.587944,3.7909
MZI,199,147,-0.542848,-1.2960
MZI,198,148,0.322005,0.7687
MZI,197,149,1.535227,3.6651
MZI,196,150,-2.550458,-6.0888
MZI,195,151,-0.852718,-2.0357
MZI,194,152,1.337045,3.1920
MZI,193,153,-0.759902,-1.8141
MZI,192,154,-2.924661,-6.9821
MZI,191,155,2.003002,4.7818
MZI,190,156,1.201904,2.8693
MZI,189,157,0.244507,0.5837
MZI,188,158,1.103991,2.6356
MZI,187,159,-1.411194,-3.3690
MZI,186,160,0.172122,0.4109
MZI,185,161,-0.759520,-1.8132
MZI,184,162,-0.250641,-0.5984
MZI,183,163,0.352414,0.8413
MZI,182,164,0.314582,0.7510
MZI,181,165,0.994149,2.3734
MZI,180,166,1.081970,2.5830
MZI,179,167,2.108320,5.0332
MZI,178,168,2.687616,6.4162
MZI,177,169,-0.834103,-1.9913
MZI,176,170,0.939333,2.2425
MZI,175,171,1.528987,3.6502
MZI,174,172,1.816425,4.3364
MZI,173,173,1.945246,4.6439
MZI,172,174,2.056707,4.9100
MZI,171,175,2.506534,5.9839
MZI,170,176,3.140765,7.4980
MZI,169,177,1.713751,4.0913
MZI,168,178,2.116973,5.0539
MZI,167,179,3.131876,7.4768
MZI,166,180,-0.474822,-1.1336
MZI,165,181,0.045854,0.1095
MZI,164,182,-0.650479,-1.5529
MZI,163,183,-0.754450,-1.8011
MZI,162,184,-1.535415,-3.6655
MZI,161,185,-0.762834,-1.8211
MZI,160,186,-0.130889,-0.3125
MZI,159,187,2.918770,6.9680
MZI,158,188,2.323557,5.5471
MZI,157,189,1.874154,4.4742
MZI,156,190,-2.028486,-4.8427
MZI,155,191,-2.391880,-5.7102
MZI,154,192,1.949545,4.6542
MZI,153,193,-3.050470,-7.2825
MZI,152,194,-2.693341,-6.4299
MZI,151,195,2.912495,6.9531
MZI,150,196,2.044826,4.8817
MZI,149,197,2.189779,5.2277
MZI,148,198,2.900141,6.9236
MZI,147,199,-0.867281,-2.0705
MZI,146,200,0.338790,0.8088
MZI,145,201,0.713795,1.7041
MZI,144,202,0.930256,2.2208
MZI,143,203,0.983222,2.3473
MZI,142,204,1.311435,3.1308
MZI,141,205,1.718070,4.1016
MZI,140,206,1.269080,3.0297
MZI,139,207,-2.878701,-6.8724
MZI,138,208,3.044036,7.2671
MZI,137,209,2.562380,6.1172
MZI,136,210,2.464356,5.8832
MZI,135,211,2.522283,6.0215
MZI,134,212,2.290099,5.4672
MZI,133,213,1.506213,3.5958
MZI,132,214,2.293184,5.4746
MZI,131,215,2.813726,6.7173
MZI,130,216,2.704860,6.4574
MZI,129,217,2.706394,6.4610
MZI,128,218,2.706402,6.4611
MZI,127,219,2.696483,6.4374
MZI,126,220,2.684537,6.4089
MZI,125,221,2.671102,6.3768
MZI,124,222,2.649810,6.3260
MZI,123,223,2.604680,6.2182
MZI,122,224,2.515525,6.0054
MZI,121,225,2.479931,5.9204
MZI,120,226,2.541204,6.0667
MZI,119,227,2.598032,6.2023
MZI,118,228,2.640365,6.3034
MZI,117,229,2.656877,6.3428
MZI,116,230,2.660184,6.3507
MZI,115,231,2.627717,6.2732
MZI,114,232,2.632527,6.2847
MZI,113,233,2.643679,6.3113
MZI,112,234,2.641791,6.3068
MZI,111,235,2.640966,6.3048
MZI,110,236,2.635181,6.2910
MZI,109,237,2.642115,6.3076
MZI,108,238,2.644698,6.3138
MZI,107,239,2.640897,6.3047
MZI,106,240,2.635821,6.2926
MZI,105,241,2.611452,6.2344
MZI,104,242,2.619151,6.2528
MZI,103,243,2.584153,6.1692
MZI,102,244,2.596411,6.1985
MZI,101,245,2.595216,6.1956
MZI,100,246,2.598396,6.2032
MZI,99,247,2.590501,6.1844
MZI,98,248,2.558740,6.1085
MZI,97,249,2.547200,6.0810
MZI,96,250,2.541892,6.0683
MZI,95,251,2.525427,6.0290
MZI,94,252,2.524245,6.0262
MZI,93,253,2.528778,6.0370
MZI,92,254,2.521133,6.0188
MZI,91,255,2.497924,5.9634
MZI,254,94,-1.365838,-3.2607
MZI,253,95,-1.690675,-4.0362
MZI,252,96,3.032290,7.2391
MZI,251,97,1.733357,4.1381
MZI,250,98,-1.076217,-2.5693
MZI,249,99,2.411813,5.7578
MZI,248,100,1.172220,2.7985
MZI,247,101,0.332528,0.7939
MZI,246,102,1.842663,4.3990
MZI,245,103,-0.223922,-0.5346
MZI,244,104,-0.526819,-1.2577
MZI,243,105,0.323948,0.7734
MZI,242,106,-1.036284,-2.4739
MZI,241,107,1.972066,4.7080
MZI,240,108,-0.478103,-1.1414
MZI,239,109,-0.318645,-0.7607
MZI,238,110,-0.175135,-0.4181
MZI,237,111,-2.650751,-6.3282
MZI,236,112,-0.016669,-0.0398
MZI,235,113,1.687034,4.0275
MZI,234,114,-2.023629,-4.8311
MZI,233,115,1.569328,3.7465
MZI,232,116,1.920327,4.5844
MZI,231,117,-1.567163,-3.7413
MZI,230,118,1.349864,3.2226
MZI,229,119,-1.545655,-3.6900
MZI,228,120,2.489985,5.9444
MZI,227,121,1.720018,4.1062
MZI,226,122,-1.746806,-4.1702
MZI,225,123,0.858525,2.0496
MZI,224,124,-1.747857,-4.1727
MZI,223,125,1.489059,3.5549
MZI,222,126,0.691326,1.6504
MZI,221,127,-2.460943,-5.8751
MZI,220,128,-1.029826,-2.4585
MZI,219,129,1.553488,3.7087
MZI,218,130,0.445440,1.0634
MZI,217,131,2.409189,5.7515
MZI,216,132,1.183462,2.8253
MZI,215,133,-0.716073,-1.7095
MZI,214,134,0.853093,2.0366
MZI,213,135,2.246327,5.3627
MZI,212,136,-1.134818,-2.7092
MZI,211,137,0.935468,2.2333
MZI,210,138,1.836254,4.3837
MZI,209,139,-3.074965,-7.3409
MZI,208,140,2.356857,5.6266
MZI,207,141,2.580769,6.1611
MZI,206,142,-0.812091,-1.9387
MZI,205,143,0.388133,0.9266
MZI,204,144,-1.015791,-2.4250
MZI,203,145,0.406015,0.9693
MZI,202,146,1.570642,3.7496
MZI,201,147,0.227461,0.5430
MZI,200,148,-2.859141,-6.8257
MZI,199,149,1.308627,3.1241
MZI,198,150,-0.188936,-0.4511
MZI,197,151,-1.637721,-3.9098
MZI,196,152,1.740093,4.1542
MZI,195,153,0.654345,1.5621
MZI,194,154,0.167658,0.4003
MZI,193,155,1.213373,2.8967
MZI,192,156,1.408597,3.3628
MZI,191,157,2.089777,4.9890
MZI,190,158,0.233635,0.5578
MZI,189,159,1.648495,3.9355
MZI,188,160,0.572753,1.3673
MZI,187,161,0.080616,0.1925
MZI,186,162,-0.171594,-0.4097
MZI,185,163,-0.190844,-0.4556
MZI,184,164,-1.676241,-4.0017
MZI,183,165,0.558794,1.3340
MZI,182,166,1.641792,3.9195
MZI,181,167,-0.422803,-1.0094
MZI,180,168,2.510175,5.9926
MZI,179,169,1.884215,4.4982
MZI,178,170,0.795583,1.8993
MZI,177,171,-0.269556,-0.6435
MZI,176,172,0.583978,1.3941
MZI,175,173,1.131047,2.7002
MZI,174,174,1.240162,2.9607
MZI,173,175,1.255437,2.9971
MZI,172,176,1.188719,2.8379
MZI,171,177,1.784458,4.2601
MZI,170,178,-3.084800,-7.3644
MZI,169,179,2.521923,6.0206
MZI,168,180,1.426363,3.4052
MZI,167,181,0.284301,0.6787
MZI,166,182,0.055365,0.1322
MZI,165,183,0.452145,1.0794
MZI,164,184,0.496569,1.1855
MZI,163,185,0.687012,1.6401
MZI,162,186,0.234131,0.5589
MZI,161,187,-0.304251,-0.7263
MZI,160,188,2.509916,5.9920
MZI,159,189,2.925320,6.9837
MZI,158,190,-1.699760,-4.0579
MZI,157,191,0.957558,2.2860
MZI,156,192,0.861775,2.0573
MZI,155,193,-0.790231,-1.8865
MZI,154,194,0.816342,1.9489
MZI,153,195,1.210084,2.8889
MZI,152,196,2.292649,5.4733
MZI,151,197,-2.778982,-6.6343
MZI,150,198,-2.758677,-6.5859
MZI,149,199,2.077098,4.9587
MZI,148,200,0.015517,0.0370
MZI,147,201,-0.726960,-1.7355
MZI,146,202,-0.986536,-2.3552
MZI,145,203,2.526501,6.0316
MZI,144,204,1.522335,3.6343
MZI,143,205,1.748686,4.1747
MZI,142,206,1.517644,3.6231
MZI,141,207,1.007447,2.4051
MZI,140,208,1.175171,2.8055
MZI,139,209,1.439720,3.4371
MZI,138,210,1.953775,4.6643
MZI,137,211,1.973396,4.7111
MZI,136,212,1.832689,4.3752
MZI,135,213,1.584675,3.7831
MZI,134,214,1.225038,2.9246
MZI,133,215,2.255038,5.3835
MZI,132,216,1.872464,4.4702
MZI,131,217,1.746259,4.1689
MZI,130,218,1.727009,4.1229
MZI,129,219,1.719342,4.1046
MZI,128,220,1.707429,4.0762
MZI,127,221,1.697065,4.0514
MZI,126,222,1.687720,4.0291
MZI,125,223,1.671490,3.9904
MZI,124,224,1.624745,3.8788
MZI,123,225,1.522545,3.6348
MZI,122,226,1.517901,3.6237
MZI,121,227,1.603425,3.8279
MZI,120,228,1.658311,3.9589
MZI,119,229,1.688961,4.0321
MZI,118,230,1.699778,4.0579
MZI,117,231,1.703284,4.0663
MZI,116,232,1.672345,3.9924
MZI,115,233,1.678866,4.0080
MZI,114,234,1.689436,4.0332
MZI,113,235,1.685679,4.0243
MZI,112,236,1.682646,4.0170
MZI,111,237,1.673358,3.9948
MZI,110,238,1.676828,4.0031
MZI,109,239,1.675682,4.0004
MZI,108,240,1.667560,3.9810
MZI,107,241,1.657862,3.9579
MZI,106,242,1.629706,3.8906
MZI,105,243,1.634345,3.9017
MZI,104,244,1.595141,3.8081
MZI,103,245,1.605186,3.8321
MZI,102,246,1.601327,3.8229
MZI,101,247,1.602003,3.8245
MZI,100,248,1.590238,3.7964
MZI,99,249,1.557573,3.7184
MZI,98,250,1.543412,3.6846
MZI,97,251,1.537262,3.6699
MZI,96,252,1.522416,3.6345
MZI,95,253,1.526985,3.6454
MZI,94,254,1.534444,3.6632
MZI,93,255,1.538385,3.6726
MZI,254,96,2.746821,6.5576
MZI,253,97,-2.153404,-5.1409
MZI,252,98,-2.683481,-6.4063
MZI,251,99,0.575854,1.3748
MZI,250,100,-2.206541,-5.2677
MZI,249,101,-2.009577,-4.7975
MZI,248,102,-1.271323,-3.0351
MZI,247,103,1.313607,3.1360
MZI,246,104,-0.263277,-0.6285
MZI,245,105,3.085824,7.3669
MZI,244,106,1.256147,2.9988
MZI,243,107,1.093113,2.6096
MZI,242,108,2.321741,5.5427
MZI,241,109,-0.301964,-0.7209
MZI,240,110,0.742231,1.7719
MZI,239,111,-2.987339,-7.1317
MZI,238,112,1.537245,3.6699
MZI,237,113,1.726820,4.1225
MZI,236,114,1.619717,3.8668
MZI,235,115,-0.078059,-0.1864
MZI,234,116,-0.188743,-0.4506
MZI,233,117,-1.091179,-2.6050
MZI,232,118,-2.849929,-6.8037
MZI,231,119,3.034984,7.2455
MZI,230,120,2.649212,6.3245
MZI,229,121,0.926566,2.2120
MZI,228,122,1.429409,3.4125
MZI,227,123,-2.237716,-5.3422
MZI,226,124,-1.586210,-3.7868
MZI,225,125,-3.121316,-7.4516
MZI,224,126,-0.325090,-0.7761
MZI,223,127,3.130834,7.4743
MZI,222,128,2.087157,4.9827
MZI,221,129,3.139020,7.4939
MZI,220,130,-1.646637,-3.9311
MZI,219,131,2.024878,4.8340
MZI,218,132,0.454099,1.0841
MZI,217,133,2.633946,6.2881
MZI,216,134,-0.408620,-0.9755
MZI,215,135,0.768869,1.8355
MZI,214,136,0.693070,1.6546
MZI,213,137,-2.114268,-5.0474
MZI,212,138,0.480122,1.1462
MZI,211,139,2.718483,6.4899
MZI,210,140,2.572388,6.1411
MZI,209,141,1.848131,4.4121
MZI,208,142,1.947245,4.6487
MZI,207,143,2.621206,6.2577
MZI,206,144,-0.501015,-1.1961
MZI,205,145,-1.492208,-3.5624
MZI,204,146,2.333327,5.5704
MZI,203,147,-2.960339,-7.0673
MZI,202,148,2.858006,6.8230
MZI,201,149,-2.359203,-5.6322
MZI,200,150,-0.923855,-2.2055
MZI,199,151,0.674555,1.6104
MZI,198,152,-1.097264,-2.6195
MZI,197,153,1.880506,4.4894
MZI,196,154,2.086489,4.9811
MZI,195,155,0.127194,0.3037
MZI,194,156,1.278842,3.0530
MZI,193,157,0.979186,2.3376
MZI,192,158,2.649677,6.3256
MZI,191,159,2.523308,6.0240
MZI,190,160,-2.572157,-6.1406
MZI,189,161,1.175226,2.8056
MZI,188,162,-3.038243,-7.2533
MZI,187,163,0.949611,2.2670
MZI,186,164,0.009324,0.0223
MZI,185,165,1.596769,3.8120
MZI,184,166,1.729147,4.1280
MZI,183,167,1.348902,3.2203
MZI,182,168,0.914971,2.1843
MZI,181,169,2.761990,6.5938
MZI,180,170,2.597832,6.2019
MZI,179,171,1.619931,3.8673
MZI,178,172,1.138749,2.7186
MZI,177,173,0.173502,0.4142
MZI,176,174,-0.268653,-0.6414
MZI,175,175,-0.281027,-0.6709
MZI,174,176,-0.132601,-0.3166
MZI,173,177,0.671151,1.6023
MZI,172,178,1.629505,3.8902
MZI,171,179,2.030734,4.8480
MZI,170,180,1.986963,4.7435
MZI,169,181,1.727113,4.1232
MZI,168,182,1.624747,3.8788
MZI,167,183,1.915147,4.5721
MZI,166,184,-1.808496,-4.3175
MZI,165,185,-0.291725,-0.6964
MZI,164,186,1.920704,4.5853
MZI,163,187,0.403006,0.9621
MZI,162,188,0.868768,2.0740
MZI,161,189,3.049568,7.2803
MZI,160,190,-3.090919,-7.3790
MZI,159,191,2.707976,6.4648
MZI,158,192,2.734637,6.5285
MZI,157,193,2.579460,6.1580
MZI,156,194,2.038738,4.8671
MZI,155,195,-2.565364,-6.1244
MZI,154,196,2.788355,6.6567
MZI,153,197,2.649338,6.3248
MZI,152,198,2.531832,6.0443
MZI,151,199,2.492023,5.9493
MZI,150,200,-2.837165,-6.7732
MZI,149,201,-2.826523,-6.7478
MZI,148,202,1.665595,3.9763
MZI,147,203,0.980147,2.3399
MZI,146,204,-2.665317,-6.3630
MZI,145,205,-2.360959,-5.6364
MZI,144,206,-2.819060,-6.7300
MZI,143,207,-3.007227,-7.1792
MZI,142,208,3.051507,7.2849
MZI,141,209,3.133572,7.4809
MZI,140,210,-3.057870,-7.3001
MZI,139,211,-2.890780,-6.9012
MZI,138,212,-2.775034,-6.6249
MZI,137,213,-2.775753,-6.6266
MZI,136,214,-2.879191,-6.8736
MZI,135,215,3.132463,7.4782
MZI,134,216,-2.316278,-5.5297
MZI,133,217,-2.683182,-6.4056
MZI,132,218,-2.752971,-6.5722
MZI,131,219,-2.765823,-6.6029
MZI,130,220,-2.770612,-6.6143
MZI,129,221,-2.780024,-6.6368
MZI,128,222,-2.787152,-6.6538
MZI,127,223,-2.792445,-6.6665
MZI,126,224,-2.805399,-6.6974
MZI,125,225,-2.863948,-6.8372
MZI,124,226,-2.993884,-7.1474
MZI,123,227,-2.948853,-7.0399
MZI,122,228,-2.833981,-6.7656
MZI,121,229,-2.778667,-6.6336
MZI,120,230,-2.753838,-6.5743
MZI,119,231,-2.743956,-6.5507
MZI,118,232,-2.737510,-6.5353
MZI,117,233,-2.764771,-6.6004
MZI,116,234,-2.753150,-6.5727
MZI,115,235,-2.739381,-6.5398
MZI,114,236,-2.741236,-6.5442
MZI,113,237,-2.742384,-6.5470
MZI,112,238,-2.750886,-6.5673
MZI,111,239,-2.746366,-6.5565
MZI,110,240,-2.746648,-6.5571
MZI,109,241,-2.754320,-6.5755
MZI,108,242,-2.763751,-6.5980
MZI,107,243,-2.791218,-6.6635
MZI,106,244,-2.785126,-6.6490
MZI,105,245,-2.824430,-6.7428
MZI,104,246,-2.812607,-6.7146
MZI,103,247,-2.815173,-6.7207
MZI,102,248,-2.813147,-6.7159
MZI,101,249,-2.825216,-6.7447
MZI,100,250,-2.855954,-6.8181
MZI,99,251,-2.870962,-6.8539
MZI,98,252,-2.877214,-6.8688
MZI,97,253,-2.891661,-6.9033
MZI,96,254,-2.882531,-6.8815
MZI,95,255,-2.882013,-6.8803
MZI,254,98,-1.230776,-2.9383
MZI,253,99,-0.982147,-2.3447
MZI,252,100,-2.688087,-6.4173
MZI,251,101,1.823923,4.3543
MZI,250,102,1.588170,3.7915
MZI,249,103,2.505245,5.9808
MZI,248,104,-1.288922,-3.0771
MZI,247,105,2.269582,5.4182
MZI,246,106,3.092284,7.3823
MZI,245,107,0.460097,1.0984
MZI,244,108,0.728135,1.7383
MZI,243,109,-0.610915,-1.4585
MZI,242,110,-1.093754,-2.6111
MZI,241,111,1.010922,2.4134
MZI,240,112,-1.157198,-2.7626
MZI,239,113,-2.364427,-5.6447
MZI,238,114,2.922921,6.9780
MZI,237,115,1.999259,4.7729
MZI,236,116,1.827593,4.3631
MZI,235,117,-0.566290,-1.3519
MZI,234,118,-0.481764,-1.1501
MZI,233,119,2.626714,6.2708
MZI,232,120,1.237648,2.9547
MZI,231,121,-2.705167,-6.4581
MZI,230,122,1.456673,3.4776
MZI,229,123,0.455834,1.0882
MZI,228,124,-3.068040,-7.3244
MZI,227,125,-2.600784,-6.2089
MZI,226,126,-0.439188,-1.0485
MZI,225,127,0.208071,0.4967
MZI,224,128,-2.764664,-6.6001
MZI,223,129,1.352209,3.2282
MZI,222,130,-0.620441,-1.4812
MZI,221,131,2.817260,6.7257
MZI,220,132,-0.073243,-0.1749
MZI,219,133,2.213790,5.2850
MZI,218,134,-3.088349,-7.3729
MZI,217,135,-1.498800,-3.5781
MZI,216,136,1.426980,3.4067
MZI,215,137,1.427606,3.4082
MZI,214,138,1.093757,2.6112
MZI,213,139,-1.529641,-3.6517
MZI,212,140,-2.217251,-5.2933
MZI,211,141,-1.898568,-4.5325
MZI,210,142,-2.174328,-5.1908
MZI,209,143,-1.738446,-4.1502
MZI,208,144,-0.762454,-1.8202
MZI,207,145,2.044138,4.8800
MZI,206,146,2.215343,5.2887
MZI,205,147,0.066180,0.1580
MZI,204,148,1.106067,2.6405
MZI,203,149,-1.974584,-4.7140
MZI,202,150,-1.684031,-4.0203
MZI,201,151,1.772175,4.2308
MZI,200,152,0.578926,1.3821
MZI,199,153,1.666170,3.9777
MZI,198,154,-0.221224,-0.5281
MZI,197,155,0.926366,2.2115
MZI,196,156,1.121786,2.6781
MZI,195,157,1.233710,2.9453
MZI,194,158,1.202061,2.8697
MZI,193,159,0.289570,0.6913
MZI,192,160,-1.067174,-2.5477
MZI,191,161,2.683079,6.4054
MZI,190,162,2.993834,7.1473
MZI,189,163,-2.789465,-6.6594
MZI,188,164,1.252642,2.9905
MZI,187,165,2.483009,5.9277
MZI,186,166,2.050592,4.8954
MZI,185,167,2.115029,5.0493
MZI,184,168,1.658453,3.9593
MZI,183,169,-0.285057,-0.6805
MZI,182,170,-2.097062,-5.0064
MZI,181,171,-2.222091,-5.3049
MZI,180,172,1.965843,4.6931
MZI,179,173,2.727540,6.5115
MZI,178,174,2.706196,6.4606
MZI,177,175,2.566678,6.1275
MZI,176,176,2.456675,5.8649
MZI,175,177,2.282041,5.4480
MZI,174,178,1.501664,3.5850
MZI,173,179,-1.738039,-4.1493
MZI,172,180,-2.197291,-5.2456
MZI,171,181,-2.131982,-5.0897
MZI,170,182,-2.560001,-6.1116
MZI,169,183,-2.483696,-5.9294
MZI,168,184,-2.127569,-5.0792
MZI,167,185,2.870416,6.8526
MZI,166,186,2.120333,5.0619
MZI,165,187,2.942388,7.0244
MZI,164,188,3.043772,7.2665
MZI,163,189,-2.767892,-6.6079
MZI,162,190,3.037563,7.2516
MZI,161,191,2.479498,5.9194
MZI,160,192,-2.580001,-6.1593
MZI,159,193,-2.916118,-6.9617
MZI,158,194,-2.981753,-7.1184
MZI,157,195,-3.121605,-7.4523
MZI,156,196,-1.727055,-4.1230
MZI,155,197,-2.462817,-5.8795
MZI,154,198,-2.580461,-6.1604
MZI,153,199,-2.622164,-6.2600
MZI,152,200,-2.608098,-6.2264
MZI,151,201,-2.380570,-5.6832
MZI,150,202,-1.773458,-4.2338
MZI,149,203,0.437076,1.0434
MZI,148,204,-2.572412,-6.1412
MZI,147,205,-1.975664,-4.7166
MZI,146,206,-2.524851,-6.0276
MZI,145,207,-2.381803,-5.6861
MZI,144,208,-2.375601,-5.6713
MZI,143,209,-2.354498,-5.6209
MZI,142,210,-2.181876,-5.2088
MZI,141,211,-2.112467,-5.0431
MZI,140,212,-2.030015,-4.8463
MZI,139,213,-1.976751,-4.7191
MZI,138,214,-1.991105,-4.7534
MZI,137,215,-2.084514,-4.9764
MZI,136,216,-2.282149,-5.4482
MZI,135,217,-1.445870,-3.4518
MZI,134,218,-1.811707,-4.3251
MZI,133,219,-1.873970,-4.4738
MZI,132,220,-1.881447,-4.4916
MZI,131,221,-1.879865,-4.4878
MZI,130,222,-1.882434,-4.4940
MZI,129,223,-1.881515,-4.4918
MZI,128,224,-1.877732,-4.4828
MZI,127,225,-1.884054,-4.4978
MZI,126,226,-1.972145,-4.7081
MZI,125,227,-2.132073,-5.0899
MZI,124,228,-1.994891,-4.7625
MZI,123,229,-1.840348,-4.3935
MZI,122,230,-1.784888,-4.2611
MZI,121,231,-1.762428,-4.2075
MZI,120,232,-1.749381,-4.1763
MZI,119,233,-1.736500,-4.1456
MZI,118,234,-1.757397,-4.1955
MZI,117,235,-1.736424,-4.1454
MZI,116,236,-1.714797,-4.0938
MZI,115,237,-1.710462,-4.0834
MZI,114,238,-1.704885,-4.0701
MZI,113,239,-1.707678,-4.0768
MZI,112,240,-1.696351,-4.0497
MZI,111,241,-1.689683,-4.0338
MZI,110,242,-1.690483,-4.0357
MZI,109,243,-1.692822,-4.0413
MZI,108,244,-1.713031,-4.0896
MZI,107,245,-1.697176,-4.0517
MZI,106,246,-1.729673,-4.1293
MZI,105,247,-1.706657,-4.0743
MZI,104,248,-1.698167,-4.0541
MZI,103,249,-1.683880,-4.0200
MZI,102,250,-1.685039,-4.0227
MZI,101,251,-1.701808,-4.0628
MZI,100,252,-1.705025,-4.0704
MZI,99,253,-1.696397,-4.0498
MZI,98,254,-1.692140,-4.0397
MZI,97,255,-1.641847,-3.9196
MZI,254,100,-1.381261,-3.2975
MZI,253,101,0.857810,2.0479
MZI,252,102,-2.457497,-5.8668
MZI,251,103,-1.786386,-4.2647
MZI,250,104,0.339857,0.8113
MZI,249,105,0.449355,1.0728
MZI,248,106,-0.443118,-1.0579
MZI,247,107,-1.185894,-2.8311
MZI,246,108,0.318483,0.7603
MZI,245,109,1.412676,3.3725
MZI,244,110,-1.552537,-3.7064
MZI,243,111,-2.385939,-5.6960
MZI,242,112,-1.799300,-4.2955
MZI,241,113,0.722422,1.7247
MZI,240,114,-0.457766,-1.0928
MZI,239,115,-2.778062,-6.6321
MZI,238,116,2.398624,5.7263
MZI,237,117,1.722209,4.1115
MZI,236,118,1.238504,2.9567
MZI,235,119,-1.354317,-3.2332
MZI,234,120,-3.084318,-7.3633
MZI,233,121,-1.684896,-4.0224
MZI,232,122,1.644344,3.9256
MZI,231,123,-1.530971,-3.6549
MZI,230,124,0.031369,0.0749
MZI,229,125,-2.938452,-7.0150
MZI,228,126,1.608404,3.8398
MZI,227,127,1.288821,3.0768
MZI,226,128,-1.758881,-4.1990
MZI,225,129,2.020289,4.8231
MZI,224,130,0.095955,0.2291
MZI,223,131,1.436158,3.4286
MZI,222,132,2.647421,6.3203
MZI,221,133,-0.606257,-1.4473
MZI,220,134,-2.972951,-7.0974
MZI,219,135,2.701756,6.4500
MZI,218,136,-3.125011,-7.4604
MZI,217,137,2.198355,5.2482
MZI,216,138,2.177838,5.1992
MZI,215,139,-1.860267,-4.4411
MZI,214,140,-1.272041,-3.0368
MZI,213,141,1.513649,3.6136
MZI,212,142,2.190486,5.2294
MZI,211,143,0.125274,0.2991
MZI,210,144,-1.441330,-3.4409
MZI,209,145,1.050053,2.5068
MZI,208,146,-2.480142,-5.9209
MZI,207,147,1.066540,2.5462
MZI,206,148,0.157926,0.3770
MZI,205,149,2.448620,5.8456
MZI,204,150,1.057417,2.5244
MZI,203,151,0.006302,0.0150
MZI,202,152,1.019694,2.4343
MZI,201,153,-0.152868,-0.3649
MZI,200,154,2.647452,6.3203
MZI,199,155,2.237820,5.3424
MZI,198,156,-0.160164,-0.3824
MZI,197,157,-0.123101,-0.2939
MZI,196,158,-2.659069,-6.3481
MZI,195,159,-0.703422,-1.6793
MZI,194,160,3.079275,7.3512
MZI,193,161,0.911084,2.1751
MZI,192,162,1.913869,4.5690
MZI,191,163,2.987174,7.1314
MZI,190,164,2.100256,5.0140
MZI,189,165,1.609908,3.8434
MZI,188,166,2.760391,6.5899
MZI,187,167,-2.574614,-6.1464
MZI,186,168,-2.903983,-6.9327
MZI,185,169,2.940047,7.0188
MZI,184,170,1.755061,4.1899
MZI,183,171,2.432050,5.8061
MZI,182,172,2.007156,4.7917
MZI,181,173,0.591473,1.4120
MZI,180,174,1.235654,2.9499
MZI,179,175,1.299510,3.1024
MZI,178,176,1.296671,3.0956
MZI,177,177,1.290389,3.0806
MZI,176,178,1.264038,3.0177
MZI,175,179,1.117098,2.6669
MZI,174,180,2.628739,6.2757
MZI,173,181,2.057671,4.9123
MZI,172,182,1.896344,4.5272
MZI,171,183,2.097390,5.0071
MZI,170,184,1.759309,4.2000
MZI,169,185,1.270999,3.0343
MZI,168,186,0.766922,1.8309
MZI,167,187,-0.407561,-0.9730
MZI,166,188,0.588201,1.4042
MZI,165,189,-2.739038,-6.5390
MZI,164,190,2.342056,5.5912
MZI,163,191,0.155026,0.3701
MZI,162,192,-1.248998,-2.9818
MZI,161,193,1.470966,3.5117
MZI,160,194,1.110992,2.6523
MZI,159,195,1.083446,2.5865
MZI,158,196,1.010335,2.4120
MZI,157,197,1.343190,3.2066
MZI,156,198,1.631040,3.8938
MZI,155,199,1.469253,3.5076
MZI,154,200,1.338124,3.1945
MZI,153,201,1.187390,2.8347
MZI,152,202,1.031745,2.4631
MZI,151,203,0.850125,2.0295
MZI,150,204,0.273355,0.6526
MZI,149,205,3.133336,7.4803
MZI,148,206,2.231423,5.3271
MZI,147,207,-1.943993,-4.6409
MZI,146,208,1.273535,3.0403
MZI,145,209,1.238333,2.9563
MZI,144,210,1.291568,3.0834
MZI,143,211,1.446674,3.4537
MZI,142,212,1.491957,3.5618
MZI,141,213,1.526801,3.6450
MZI,140,214,1.537344,3.6701
MZI,139,215,1.498137,3.5765
MZI,138,216,1.403240,3.3500
MZI,137,217,1.288243,3.0755
MZI,136,218,1.787181,4.2666
MZI,135,219,1.635441,3.9043
MZI,134,220,1.583626,3.7806
MZI,133,221,1.568139,3.7437
MZI,132,222,1.562150,3.7294
MZI,131,223,1.552916,3.7073
MZI,130,224,1.549350,3.6988
MZI,129,225,1.551340,3.7036
MZI,128,226,1.543669,3.6852
MZI,127,227,1.382617,3.3008
MZI,126,228,1.219378,2.9111
MZI,125,229,1.437927,3.4328
MZI,124,230,1.598098,3.8152
MZI,123,231,1.613913,3.8529
MZI,122,232,1.610935,3.8458
MZI,121,233,1.608301,3.8395
MZI,120,234,1.609207,3.8417
MZI,119,235,1.575156,3.7604
MZI,118,236,1.584245,3.7821
MZI,117,237,1.594102,3.8056
MZI,116,238,1.584290,3.7822
MZI,115,239,1.575757,3.7618
MZI,114,240,1.557349,3.7179
MZI,113,241,1.553843,3.7095
MZI,112,242,1.545492,3.6896
MZI,111,243,1.528851,3.6499
MZI,110,244,1.510558,3.6062
MZI,109,245,1.475117,3.5216
MZI,108,246,1.475780,3.5232
MZI,107,247,1.426327,3.4051
MZI,106,248,1.434789,3.4253
MZI,105,249,1.426630,3.4058
MZI,104,250,1.423098,3.3974
MZI,103,251,1.401592,3.3461
MZI,102,252,1.366948,3.2633
MZI,101,253,1.341799,3.2033
MZI,100,254,1.328698,3.1720
MZI,99,255,1.304845,3.1151
MZI,254,102,-2.185205,-5.2168
MZI,253,103,0.042163,0.1007
MZI,252,104,-2.690279,-6.4226
MZI,251,105,2.105813,5.0273
MZI,250,106,-3.081144,-7.3557
MZI,249,107,2.846928,6.7965
MZI,248,108,-2.982652,-7.1206
MZI,247,109,-2.982395,-7.1199
MZI,246,110,1.377376,3.2882
MZI,245,111,-1.964600,-4.6901
MZI,244,112,-2.663803,-6.3594
MZI,243,113,-0.561650,-1.3408
MZI,242,114,-2.971695,-7.0944
MZI,241,115,-2.709284,-6.4679
MZI,240,116,-3.123655,-7.4572
MZI,239,117,-2.921909,-6.9755
MZI,238,118,1.530108,3.6529
MZI,237,119,0.719542,1.7178
MZI,236,120,2.233527,5.3322
MZI,235,121,2.453851,5.8581
MZI,234,122,0.999223,2.3855
MZI,233,123,-0.690239,-1.6478
MZI,232,124,-2.080023,-4.9657
MZI,231,125,-0.187022,-0.4465
MZI,230,126,-2.357382,-5.6278
MZI,229,127,-0.226880,-0.5416
MZI,228,128,-0.714692,-1.7062
MZI,227,129,0.835969,1.9957
MZI,226,130,-0.133891,-0.3196
MZI,225,131,-0.838791,-2.0025
MZI,224,132,0.798851,1.9071
MZI,223,133,1.566724,3.7403
MZI,222,134,-0.896500,-2.1402
MZI,221,135,2.789308,6.6590
MZI,220,136,0.292486,0.6983
MZI,219,137,2.079977,4.9656
MZI,218,138,-0.017099,-0.0408
MZI,217,139,-2.050992,-4.8964
MZI,216,140,1.281647,3.0597
MZI,215,141,1.719084,4.1040
MZI,214,142,-0.456479,-1.0898
MZI,213,143,0.565753,1.3506
MZI,212,144,2.736230,6.5323
MZI,211,145,-2.216178,-5.2907
MZI,210,146,-0.034922,-0.0834
MZI,209,147,0.376488,0.8988
MZI,208,148,-0.785395,-1.8750
MZI,207,149,-0.031023,-0.0741
MZI,206,150,0.640028,1.5280
MZI,205,151,0.032888,0.0785
MZI,204,152,0.029187,0.0697
MZI,203,153,-2.844780,-6.7914
MZI,202,154,-0.436144,-1.0412
MZI,201,155,-1.104863,-2.6377
MZI,200,156,0.716497,1.7105
MZI,199,157,-2.084192,-4.9756
MZI,198,158,-0.655919,-1.5659
MZI,197,159,-0.437510,-1.0445
MZI,196,160,0.771541,1.8419
MZI,195,161,0.826230,1.9725
MZI,194,162,1.372456,3.2765
MZI,193,163,-0.291783,-0.6966
MZI,192,164,0.386957,0.9238
MZI,191,165,2.173450,5.1887
MZI,190,166,1.571243,3.7511
MZI,189,167,0.081540,0.1947
MZI,188,168,0.153227,0.3658
MZI,187,169,-0.321489,-0.7675
MZI,186,170,-2.740246,-6.5419
MZI,185,171,-0.227443,-0.5430
MZI,184,172,0.966735,2.3079
MZI,183,173,0.390764,0.9329
MZI,182,174,-0.457812,-1.0929
MZI,181,175,-0.813754,-1.9427
MZI,180,176,-0.750578,-1.7919
MZI,179,177,-0.648039,-1.5471
MZI,178,178,-0.588611,-1.4052
MZI,177,179,-0.534576,-1.2762
MZI,176,180,-0.371536,-0.8870
MZI,175,181,0.257324,0.6143
MZI,174,182,0.369037,0.8810
MZI,173,183,0.324048,0.7736
MZI,172,184,0.402832,0.9617
MZI,171,185,-0.116332,-0.2777
MZI,170,186,-0.338078,-0.8071
MZI,169,187,-0.534839,-1.2768
MZI,168,188,-0.731389,-1.7461
MZI,167,189,-0.281030,-0.6709
MZI,166,190,0.364558,0.8703
MZI,165,191,0.978267,2.3354
MZI,164,192,-0.332857,-0.7946
MZI,163,193,0.524878,1.2531
MZI,162,194,0.879334,2.0993
MZI,161,195,0.570368,1.3617
MZI,160,196,0.401206,0.9578
MZI,159,197,0.182204,0.4350
MZI,158,198,0.186093,0.4443
MZI,157,199,0.431538,1.0302
MZI,156,200,0.427231,1.0199
MZI,155,201,0.327225,0.7812
MZI,154,202,0.160186,0.3824
MZI,153,203,0.027517,0.0657
MZI,152,204,-0.022195,-0.0530
MZI,151,205,0.000034,0.0001
MZI,150,206,0.603434,1.4406
MZI,149,207,0.874846,2.0885
MZI,148,208,0.523424,1.2496
MZI,147,209,0.982842,2.3464
MZI,146,210,0.623705,1.4890
MZI,145,211,0.660274,1.5763
MZI,144,212,0.756949,1.8071
MZI,143,213,0.787015,1.8789
MZI,142,214,0.800425,1.9109
MZI,141,215,0.795550,1.8992
MZI,140,216,0.758115,1.8099
MZI,139,217,0.688881,1.6446
MZI,138,218,0.647671,1.5462
MZI,137,219,0.871827,2.0813
MZI,136,220,0.862802,2.0598
MZI,135,221,0.831209,1.9844
MZI,134,222,0.821612,1.9615
MZI,133,223,0.822180,1.9628
MZI,132,224,0.821420,1.9610
MZI,131,225,0.828997,1.9791
MZI,130,226,0.845565,2.0186
MZI,129,227,0.853276,2.0370
MZI,128,228,0.513389,1.2256
MZI,127,229,0.542489,1.2951
MZI,126,230,0.833801,1.9906
MZI,125,231,0.993464,2.3717
MZI,124,232,0.978800,2.3367
MZI,123,233,0.970285,2.3164
MZI,122,234,0.968677,2.3125
MZI,121,235,0.972471,2.3216
MZI,120,236,0.942879,2.2510
MZI,119,237,0.957174,2.2851
MZI,118,238,0.971822,2.3201
MZI,117,239,0.966747,2.3079
MZI,116,240,0.963659,2.3006
MZI,115,241,0.950475,2.2691
MZI,114,242,0.952550,2.2740
MZI,113,243,0.950454,2.2690
MZI,112,244,0.940683,2.2457
MZI,111,245,0.929806,2.2197
MZI,110,246,0.902794,2.1553
MZI,109,247,0.911893,2.1770
MZI,108,248,0.871133,2.0797
MZI,107,249,0.889279,2.1230
MZI,106,250,0.892008,2.1295
MZI,105,251,0.900839,2.1506
MZI,104,252,0.891980,2.1294
MZI,103,253,0.874267,2.0872
MZI,102,254,0.861745,2.0573
MZI,101,255,0.866096,2.0677
MZI,254,104,-1.206230,-2.8797
MZI,253,105,1.974848,4.7146
MZI,252,106,1.687725,4.0291
MZI,251,107,0.369708,0.8826
MZI,250,108,1.924399,4.5942
MZI,249,109,-1.556680,-3.7163
MZI,248,110,0.174481,0.4165
MZI,247,111,-0.256711,-0.6129
MZI,246,112,2.178511,5.2008
MZI,245,113,1.473479,3.5177
MZI,244,114,-1.011264,-2.4142
MZI,243,115,-0.378822,-0.9044
MZI,242,116,2.093406,4.9976
MZI,241,117,-0.143417,-0.3424
MZI,240,118,-2.664080,-6.3600
MZI,239,119,2.322613,5.5448
MZI,238,120,-2.209254,-5.2742
MZI,237,121,1.937983,4.6266
MZI,236,122,-3.030855,-7.2356
MZI,235,123,-2.717643,-6.4879
MZI,234,124,2.927541,6.9890
MZI,233,125,-1.552070,-3.7053
MZI,232,126,0.097342,0.2324
MZI,231,127,-3.050249,-7.2819
MZI,230,128,2.284224,5.4532
MZI,229,129,1.983669,4.7357
MZI,228,130,2.711873,6.4741
MZI,227,131,1.527876,3.6475
MZI,226,132,2.098701,5.0103
MZI,225,133,-0.422982,-1.0098
MZI,224,134,2.081262,4.9686
MZI,223,135,-2.812827,-6.7151
MZI,222,136,1.922136,4.5888
MZI,221,137,1.685065,4.0228
MZI,220,138,-1.614285,-3.8538
MZI,219,139,-1.222267,-2.9179
MZI,218,140,2.908828,6.9443
MZI,217,141,0.719971,1.7188
MZI,216,142,2.766263,6.6040
MZI,215,143,0.669369,1.5980
MZI,214,144,1.318273,3.1471
MZI,213,145,1.405603,3.3556
MZI,212,146,-3.087155,-7.3700
MZI,211,147,1.500021,3.5810
MZI,210,148,2.685950,6.4122
MZI,209,149,-1.159117,-2.7672
MZI,208,150,2.046881,4.8866
MZI,207,151,0.397022,0.9478
MZI,206,152,-0.205395,-0.4903
MZI,205,153,-2.777738,-6.6314
MZI,204,154,2.053750,4.9030
MZI,203,155,-2.691966,-6.4266
MZI,202,156,-0.694934,-1.6590
MZI,201,157,-0.718943,-1.7163
MZI,200,158,-1.290530,-3.0809
MZI,199,159,-1.145315,-2.7342
MZI,198,160,-0.641699,-1.5319
MZI,197,161,-0.862959,-2.0602
MZI,196,162,-0.312975,-0.7472
MZI,195,163,-0.460730,-1.0999
MZI,194,164,1.575436,3.7611
MZI,193,165,2.280126,5.4434
MZI,192,166,-1.094194,-2.6122
MZI,191,167,0.193459,0.4618
MZI,190,168,-1.715065,-4.0944
MZI,189,169,1.351599,3.2267
MZI,188,170,-2.423690,-5.7861
MZI,187,171,-0.031922,-0.0762
MZI,186,172,-2.591701,-6.1872
MZI,185,173,0.314622,0.7511
MZI,184,174,1.730010,4.1301
MZI,183,175,-1.154817,-2.7569
MZI,182,176,-1.512149,-3.6100
MZI,181,177,-1.805861,-4.3112
MZI,180,178,-2.141176,-5.1117
MZI,179,179,-2.343284,-5.5942
MZI,178,180,-2.519437,-6.0147
MZI,177,181,3.095803,7.3907
MZI,176,182,2.302423,5.4966
MZI,175,183,2.835517,6.7693
MZI,174,184,2.872598,6.8578
MZI,173,185,2.385263,5.6944
MZI,172,186,-1.394834,-3.3299
MZI,171,187,-0.874253,-2.0871
MZI,170,188,-0.903374,-2.1566
MZI,169,189,-0.394986,-0.9430
MZI,168,190,0.358995,0.8570
MZI,167,191,-0.129154,-0.3083
MZI,166,192,0.333037,0.7951
MZI,165,193,0.465156,1.1105
MZI,164,194,0.630578,1.5054
MZI,163,195,1.375590,3.2840
MZI,162,196,2.503545,5.9768
MZI,161,197,-2.764627,-6.6001
MZI,160,198,-1.313309,-3.1353
MZI,159,199,-0.465332,-1.1109
MZI,158,200,-0.016149,-0.0386
MZI,157,201,0.109493,0.2614
MZI,156,202,0.069532,0.1660
MZI,155,203,-0.032284,-0.0771
MZI,154,204,0.017211,0.0411
MZI,153,205,0.180134,0.4300
MZI,152,206,0.377355,0.9009
MZI,151,207,0.636486,1.5195
MZI,150,208,0.822430,1.9634
MZI,149,209,0.800760,1.9117
MZI,148,210,2.481044,5.9231
MZI,147,211,0.885415,2.1138
MZI,146,212,0.900056,2.1487
MZI,145,213,0.943716,2.2530
MZI,144,214,0.952117,2.2730
MZI,143,215,0.944437,2.2547
MZI,142,216,0.922473,2.2022
MZI,141,217,0.878073,2.0962
MZI,140,218,0.814299,1.9440
MZI,139,219,0.785029,1.8741
MZI,138,220,0.865781,2.0669
MZI,137,221,0.912999,2.1796
MZI,136,222,0.892273,2.1301
MZI,135,223,0.890070,2.1249
MZI,134,224,0.901494,2.1522
MZI,133,225,0.914503,2.1832
MZI,132,226,0.939403,2.2427
MZI,131,227,0.978058,2.3349
MZI,130,228,1.013502,2.4196
MZI,129,229,0.178583,0.4263
MZI,128,230,0.763132,1.8218
MZI,127,231,1.115354,2.6627
MZI,126,232,1.224160,2.9225
MZI,125,233,1.169445,2.7918
MZI,124,234,1.154142,2.7553
MZI,123,235,1.150759,2.7472
MZI,122,236,1.154231,2.7555
MZI,121,237,1.124112,2.6836
MZI,120,238,1.139952,2.7214
MZI,119,239,1.156698,2.7614
MZI,118,240,1.152774,2.7520
MZI,117,241,1.151596,2.7492
MZI,116,242,1.139483,2.7203
MZI,115,243,1.143484,2.7299
MZI,114,244,1.143683,2.7303
MZI,113,245,1.136195,2.7125
MZI,112,246,1.127735,2.6923
MZI,111,247,1.103370,2.6341
MZI,110,248,1.115974,2.6642
MZI,109,249,1.076418,2.5698
MZI,108,250,1.099047,2.6238
MZI,107,251,1.105831,2.6400
MZI,106,252,1.119592,2.6728
MZI,105,253,1.113636,2.6586
MZI,104,254,1.101296,2.6292
MZI,103,255,1.082274,2.5837
MZI,254,106,-1.956516,-4.6708
MZI,253,107,0.791117,1.8887
MZI,252,108,-2.615490,-6.2440
MZI,251,109,1.372898,3.2776
MZI,250,110,-1.169670,-2.7924
MZI,249,111,2.424989,5.7892
MZI,248,112,2.296388,5.4822
MZI,247,113,1.438595,3.4344
MZI,246,114,2.943825,7.0279
MZI,245,115,-2.952264,-7.0480
MZI,244,116,2.260975,5.3977
MZI,243,117,-0.250117,-0.5971
MZI,242,118,1.450279,3.4623
MZI,241,119,-2.354833,-5.6217
MZI,240,120,0.662112,1.5807
MZI,239,121,0.093496,0.2232
MZI,238,122,1.256601,2.9999
MZI,237,123,-2.973650,-7.0991
MZI,236,124,-1.929237,-4.6057
MZI,235,125,1.320351,3.1521
MZI,234,126,-0.184274,-0.4399
MZI,233,127,-0.373735,-0.8922
MZI,232,128,1.650260,3.9397
MZI,231,129,3.014468,7.1965
MZI,230,130,-2.175076,-5.1926
MZI,229,131,-0.322989,-0.7711
MZI,228,132,1.388361,3.3145
MZI,227,133,1.530661,3.6542
MZI,226,134,0.587079,1.4015
MZI,225,135,-0.668780,-1.5966
MZI,224,136,-0.548231,-1.3088
MZI,223,137,1.334400,3.1856
MZI,222,138,0.397714,0.9495
MZI,221,139,1.751416,4.1812
MZI,220,140,0.881631,2.1047
MZI,219,141,0.385567,0.9205
MZI,218,142,-3.021463,-7.2132
MZI,217,143,1.060187,2.5310
MZI,216,144,1.993786,4.7598
MZI,215,145,2.083040,4.9729
MZI,214,146,2.156081,5.1473
MZI,213,147,0.527775,1.2600
MZI,212,148,0.923881,2.2056
MZI,211,149,-0.841986,-2.0101
MZI,210,150,1.924416,4.5942
MZI,209,151,-1.071062,-2.5570
MZI,208,152,0.329107,0.7857
MZI,207,153,-1.266509,-3.0236
MZI,206,154,0.989488,2.3622
MZI,205,155,1.498458,3.5773
MZI,204,156,-1.492967,-3.5642
MZI,203,157,-2.801786,-6.6888
MZI,202,158,2.193805,5.2373
MZI,201,159,-3.083167,-7.3605
MZI,200,160,2.580165,6.1597
MZI,199,161,1.618255,3.8633
MZI,198,162,2.319497,5.5374
MZI,197,163,2.908012,6.9424
MZI,196,164,2.296993,5.4837
MZI,195,165,-0.079078,-0.1888
MZI,194,166,-1.144202,-2.7316
MZI,193,167,2.476164,5.9114
MZI,192,168,1.705965,4.0727
MZI,191,169,1.914642,4.5709
MZI,190,170,-0.105834,-0.2527
MZI,189,171,-1.745751,-4.1677
MZI,188,172,0.472020,1.1269
MZI,187,173,0.286865,0.6848
MZI,186,174,-0.336584,-0.8035
MZI,185,175,-0.764514,-1.8251
MZI,184,176,0.843134,2.0128
MZI,183,177,0.603594,1.4410
MZI,182,178,0.015503,0.0370
MZI,181,179,-0.620692,-1.4818
MZI,180,180,-0.664878,-1.5873
MZI,179,181,-0.681099,-1.6260
MZI,178,182,-0.365705,-0.8731
MZI,177,183,0.450693,1.0760
MZI,176,184,0.599084,1.4302
MZI,175,185,0.798786,1.9070
MZI,174,186,1.825421,4.3579
MZI,173,187,0.497814,1.1884
MZI,172,188,0.203424,0.4856
MZI,171,189,0.019186,0.0458
MZI,170,190,0.624791,1.4916
MZI,169,191,1.191251,2.8439
MZI,168,192,-0.400493,-0.9561
MZI,167,193,-1.856414,-4.4319
MZI,166,194,1.308812,3.1246
MZI,165,195,1.299190,3.1016
MZI,164,196,1.453669,3.4704
MZI,163,197,1.374659,3.2818
MZI,162,198,0.988080,2.3589
MZI,161,199,0.074968,0.1790
MZI,160,200,-0.207819,-0.4961
MZI,159,201,-0.218819,-0.5224
MZI,158,202,0.351042,0.8381
MZI,157,203,0.754292,1.8007
MZI,156,204,0.937155,2.2373
MZI,155,205,1.246067,2.9748
MZI,154,206,1.496775,3.5733
MZI,153,207,1.627296,3.8849
MZI,152,208,1.719504,4.1050
MZI,151,209,1.806303,4.3122
MZI,150,210,1.895973,4.5263
MZI,149,211,3.044636,7.2685
MZI,148,212,1.834549,4.3797
MZI,147,213,1.954418,4.6658
MZI,146,214,1.973151,4.7105
MZI,145,215,1.962047,4.6840
MZI,144,216,1.933119,4.6150
MZI,143,217,1.885632,4.5016
MZI,142,218,1.811228,4.3240
MZI,141,219,1.707572,4.0765
MZI,140,220,1.625061,3.8795
MZI,139,221,1.577307,3.7655
MZI,138,222,1.688662,4.0314
MZI,137,223,1.693203,4.0422
MZI,136,224,1.721009,4.1086
MZI,135,225,1.765716,4.2153
MZI,134,226,1.811424,4.3245
MZI,133,227,1.868340,4.4603
MZI,132,228,1.943180,4.6390
MZI,131,229,2.061590,4.9217
MZI,130,230,1.174101,2.8030
MZI,129,231,1.845521,4.4059
MZI,128,232,2.304829,5.5024
MZI,127,233,2.239597,5.3466
MZI,126,234,2.155075,5.1449
MZI,125,235,2.134065,5.0947
MZI,124,236,2.126873,5.0775
MZI,123,237,2.127585,5.0792
MZI,122,238,2.093961,4.9990
MZI,121,239,2.109110,5.0351
MZI,120,240,2.126477,5.0766
MZI,119,241,2.122181,5.0663
MZI,118,242,2.121713,5.0652
MZI,117,243,2.109549,5.0362
MZI,116,244,2.114840,5.0488
MZI,115,245,2.117001,5.0540
MZI,114,246,2.111782,5.0415
MZI,113,247,2.106159,5.0281
MZI,112,248,2.085488,4.9787
MZI,111,249,2.103758,5.0224
MZI,110,250,2.067921,4.9368
MZI,109,251,2.099933,5.0132
MZI,108,252,2.116987,5.0539
MZI,107,253,2.144852,5.1205
MZI,106,254,2.154388,5.1432
MZI,105,255,2.170549,5.1818
MZI,254,108,-2.871382,-6.8549
MZI,253,109,-0.428281,-1.0224
MZI,252,110,-2.129948,-5.0849
MZI,251,111,-0.587262,-1.4020
MZI,250,112,-2.939687,-7.0180
MZI,249,113,-2.272131,-5.4243
MZI,248,114,2.455466,5.8620
MZI,247,115,1.802550,4.3033
MZI,246,116,1.916606,4.5756
MZI,245,117,-0.443580,-1.0590
MZI,244,118,0.845088,2.0175
MZI,243,119,-1.892418,-4.5178
MZI,242,120,2.359804,5.6336
MZI,241,121,3.007488,7.1798
MZI,240,122,0.670753,1.6013
MZI,239,123,2.960333,7.0673
MZI,238,124,2.334125,5.5723
MZI,237,125,-2.654438,-6.3370
MZI,236,126,-1.551367,-3.7036
MZI,235,127,-1.312332,-3.1330
MZI,234,128,3.097008,7.3936
MZI,233,129,1.217946,2.9076
MZI,232,130,-2.584794,-6.1707
MZI,231,131,2.249398,5.3700
MZI,230,132,-2.318608,-5.5353
MZI,229,133,2.527855,6.0348
MZI,228,134,-1.947718,-4.6498
MZI,227,135,2.810006,6.7084
MZI,226,136,-2.504123,-5.9782
MZI,225,137,0.324357,0.7743
MZI,224,138,2.125516,5.0743
MZI,223,139,-0.203976,-0.4870
MZI,222,140,2.824707,6.7435
MZI,221,141,-0.859192,-2.0512
MZI,220,142,0.915531,2.1857
MZI,219,143,-2.307974,-5.5099
MZI,218,144,1.061558,2.5343
MZI,217,145,1.756488,4.1933
MZI,216,146,-1.635817,-3.9052
MZI,215,147,-0.521309,-1.2445
MZI,214,148,2.701775,6.4500
MZI,213,149,1.925341,4.5964
MZI,212,150,0.266151,0.6354
MZI,211,151,-1.156116,-2.7600
MZI,210,152,1.998876,4.7720
MZI,209,153,-2.819738,-6.7316
MZI,208,154,2.854731,6.8152
MZI,207,155,-2.374963,-5.6698
MZI,206,156,2.528048,6.0353
MZI,205,157,-1.587446,-3.7897
MZI,204,158,-2.990805,-7.1400
MZI,203,159,-3.041046,-7.2600
MZI,202,160,2.751038,6.5676
MZI,201,161,-2.719063,-6.4913
MZI,200,162,2.474914,5.9084
MZI,199,163,-2.893118,-6.9068
MZI,198,164,1.699758,4.0579
MZI,197,165,2.631275,6.2817
MZI,196,166,3.035283,7.2462
MZI,195,167,0.667838,1.5943
MZI,194,168,2.800830,6.6865
MZI,193,169,2.336369,5.5777
MZI,192,170,1.163867,2.7785
MZI,191,171,2.708923,6.4671
MZI,190,172,-3.006350,-7.1771
MZI,189,173,1.991213,4.7537
MZI,188,174,2.507796,5.9869
MZI,187,175,1.993356,4.7588
MZI,186,176,-2.910830,-6.9491
MZI,185,177,-1.719072,-4.1040
MZI,184,178,-2.625776,-6.2686
MZI,183,179,2.777417,6.6306
MZI,182,180,3.110909,7.4267
MZI,181,181,-3.103652,-7.4094
MZI,180,182,-3.106974,-7.4174
MZI,179,183,3.060900,7.3074
MZI,178,184,2.823517,6.7407
MZI,177,185,2.635109,6.2909
MZI,176,186,2.537784,6.0585
MZI,175,187,2.454622,5.8600
MZI,174,188,2.303761,5.4998
MZI,173,189,2.149612,5.1318
MZI,172,190,2.135303,5.0977
MZI,171,191,2.785115,6.6490
MZI,170,192,-3.068826,-7.3263
MZI,169,193,1.439510,3.4366
MZI,168,194,2.357872,5.6290
MZI,167,195,2.591585,6.1870
MZI,166,196,2.692602,6.4281
MZI,165,197,2.423074,5.7847
MZI,164,198,2.365288,5.6467
MZI,163,199,2.277767,5.4378
MZI,162,200,2.008690,4.7954
MZI,161,201,1.521054,3.6312
MZI,160,202,0.908137,2.1680
MZI,159,203,0.011708,0.0280
MZI,158,204,-0.376640,-0.8992
MZI,157,205,2.667583,6.3684
MZI,156,206,2.865897,6.8418
MZI,155,207,2.875463,6.8647
MZI,154,208,2.851596,6.8077
MZI,153,209,2.854052,6.8135
MZI,152,210,2.879522,6.8744
MZI,151,211,2.968349,7.0864
MZI,150,212,-2.570664,-6.1370
MZI,149,213,2.761040,6.5915
MZI,148,214,3.063426,7.3134
MZI,147,215,3.108046,7.4199
MZI,146,216,3.100367,7.4016
MZI,145,217,3.064558,7.3161
MZI,144,218,2.973304,7.0982
MZI,143,219,2.751413,6.5685
MZI,142,220,2.337715,5.5809
MZI,141,221,2.120145,5.0615
MZI,140,222,2.115145,5.0495
MZI,139,223,2.412043,5.7583
MZI,138,224,2.530038,6.0400
MZI,137,225,2.638208,6.2983
MZI,136,226,2.745532,6.5545
MZI,135,227,2.838471,6.7764
MZI,134,228,2.931633,6.9988
MZI,133,229,3.054346,7.2917
MZI,132,230,-2.494490,-5.9552
MZI,131,231,2.657519,6.3444
MZI,130,232,3.023623,7.2184
MZI,129,233,-2.802847,-6.6913
MZI,128,234,-3.079691,-7.3522
MZI,127,235,3.118103,7.4439
MZI,126,236,3.090941,7.3791
MZI,125,237,3.075002,7.3410
MZI,124,238,3.066923,7.3217
MZI,123,239,3.022742,7.2163
MZI,122,240,3.029291,7.2319
MZI,121,241,3.039469,7.2562
MZI,120,242,3.026689,7.2257
MZI,119,243,3.018038,7.2050
MZI,118,244,2.996246,7.1530
MZI,117,245,2.992335,7.1437
MZI,116,246,2.985103,7.1264
MZI,115,247,2.969706,7.0897
MZI,114,248,2.953341,7.0506
MZI,113,249,2.921766,6.9752
MZI,112,250,2.928628,6.9916
MZI,111,251,2.878450,6.8718
MZI,110,252,2.898709,6.9202
MZI,109,253,2.901456,6.9267
MZI,108,254,2.914898,6.9588
MZI,107,255,2.904031,6.9329
MZI,254,110,-0.593028,-1.4158
MZI,253,111,-2.163208,-5.1643
MZI,252,112,-1.899666,-4.5351
MZI,251,113,0.832051,1.9864
MZI,250,114,-2.935603,-7.0082
MZI,249,115,-2.622011,-6.2596
MZI,248,116,-2.834251,-6.7663
MZI,247,117,2.369829,5.6575
MZI,246,118,0.723422,1.7270
MZI,245,119,3.130943,7.4746
MZI,244,120,-1.078491,-2.5747
MZI,243,121,-3.107390,-7.4183
MZI,242,122,2.670546,6.3755
MZI,241,123,-2.882387,-6.8812
MZI,240,124,-3.016477,-7.2013
MZI,239,125,0.976963,2.3323
MZI,238,126,1.230022,2.9365
MZI,237,127,1.805071,4.3093
MZI,236,128,0.926157,2.2110
MZI,235,129,0.154720,0.3694
MZI,234,130,-1.239592,-2.9593
MZI,233,131,2.445338,5.8378
MZI,232,132,-3.100259,-7.4013
MZI,231,133,-1.497367,-3.5747
MZI,230,134,1.483114,3.5407
MZI,229,135,-3.118517,-7.4449
MZI,228,136,-0.560429,-1.3379
MZI,227,137,1.253433,2.9924
MZI,226,138,0.466441,1.1135
MZI,225,139,1.114383,2.6604
MZI,224,140,-3.032153,-7.2387
MZI,223,141,1.871783,4.4686
MZI,222,142,-1.447845,-3.4565
MZI,221,143,2.771530,6.6165
MZI,220,144,1.900208,4.5364
MZI,219,145,1.939757,4.6308
MZI,218,146,-1.844671,-4.4038
MZI,217,147,2.157576,5.1508
MZI,216,148,1.086944,2.5949
MZI,215,149,2.361490,5.6376
MZI,214,150,2.458487,5.8692
MZI,213,151,-2.340834,-5.5883
MZI,212,152,0.965547,2.3051
MZI,211,153,1.878063,4.4835
MZI,210,154,-0.717321,-1.7125
MZI,209,155,-2.050686,-4.8957
MZI,208,156,0.750916,1.7927
MZI,207,157,-0.581335,-1.3878
MZI,206,158,2.293364,5.4750
MZI,205,159,-1.734587,-4.1410
MZI,204,160,-1.276425,-3.0472
MZI,203,161,0.289129,0.6902
MZI,202,162,-2.734449,-6.5280
MZI,201,163,0.437723,1.0450
MZI,200,164,-2.144047,-5.1185
MZI,199,165,2.273264,5.4270
MZI,198,166,-2.934522,-7.0057
MZI,197,167,2.299935,5.4907
MZI,196,168,3.049817,7.2809
MZI,195,169,-2.128146,-5.0806
MZI,194,170,0.356685,0.8515
MZI,193,171,3.056885,7.2978
MZI,192,172,-1.332544,-3.1812
MZI,191,173,3.019358,7.2082
MZI,190,174,2.322997,5.5457
MZI,189,175,0.303782,0.7252
MZI,188,176,2.531660,6.0439
MZI,187,177,-0.722041,-1.7237
MZI,186,178,-1.005928,-2.4015
MZI,185,179,0.024412,0.0583
MZI,184,180,1.284217,3.0658
MZI,183,181,1.485667,3.5468
MZI,182,182,1.515451,3.6179
MZI,181,183,1.615169,3.8559
MZI,180,184,1.988740,4.7478
MZI,179,185,2.738701,6.5382
MZI,178,186,-2.784340,-6.6471
MZI,177,187,-2.270602,-5.4207
MZI,176,188,-2.020543,-4.8237
MZI,175,189,-2.065507,-4.9310
MZI,174,190,-2.325558,-5.5519
MZI,173,191,-2.459398,-5.8714
MZI,172,192,-0.681296,-1.6265
MZI,171,193,-1.403730,-3.3512
MZI,170,194,-1.667851,-3.9817
MZI,169,195,-1.473233,-3.5171
MZI,168,196,-1.596424,-3.8112
MZI,167,197,-2.501758,-5.9725
MZI,166,198,-1.932106,-4.6126
MZI,165,199,-1.408224,-3.3619
MZI,164,200,-1.354424,-3.2334
MZI,163,201,-1.432283,-3.4193
MZI,162,202,-1.474919,-3.5211
MZI,161,203,-1.353722,-3.2318
MZI,160,204,-1.217771,-2.9072
MZI,159,205,-1.005732,-2.4010
MZI,158,206,-1.934121,-4.6174
MZI,157,207,-1.255868,-2.9982
MZI,156,208,-1.090638,-2.6037
MZI,155,209,-0.992755,-2.3700
MZI,154,210,-0.922654,-2.2027
MZI,153,211,-0.859552,-2.0520
MZI,152,212,-0.727676,-1.7372
MZI,151,213,-0.559432,-1.3355
MZI,150,214,-1.190395,-2.8419
MZI,149,215,-0.421655,-1.0066
MZI,148,216,-0.207291,-0.4949
MZI,147,217,-0.001781,-0.0043
MZI,146,218,0.439601,1.0495
MZI,145,219,1.473361,3.5174
MZI,144,220,2.565866,6.1256
MZI,143,221,-2.799757,-6.6839
MZI,142,222,-2.074630,-4.9528
MZI,141,223,-1.605874,-3.8337
MZI,140,224,-1.382319,-3.3000
MZI,139,225,-1.102796,-2.6327
MZI,138,226,-0.886473,-2.1163
MZI,137,227,-0.700368,-1.6720
MZI,136,228,-0.568761,-1.3578
MZI,135,229,-0.457339,-1.0918
MZI,134,230,-0.259426,-0.6193
MZI,133,231,0.696883,1.6637
MZI,132,232,-0.772057,-1.8432
MZI,131,233,-0.140902,-0.3364
MZI,130,234,-0.243221,-0.5806
MZI,129,235,-0.463470,-1.1065
MZI,128,236,-0.519564,-1.2404
MZI,127,237,-0.537290,-1.2827
MZI,126,238,-0.548290,-1.3089
MZI,125,239,-0.551953,-1.3177
MZI,124,240,-0.593136,-1.4160
MZI,123,241,-0.580413,-1.3856
MZI,122,242,-0.563761,-1.3459
MZI,121,243,-0.570849,-1.3628
MZI,120,244,-0.572985,-1.3679
MZI,119,245,-0.589364,-1.4070
MZI,118,246,-0.587131,-1.4017
MZI,117,247,-0.587998,-1.4037
MZI,116,248,-0.597201,-1.4257
MZI,115,249,-0.607649,-1.4507
MZI,114,250,-0.633650,-1.5127
MZI,113,251,-0.620290,-1.4808
MZI,112,252,-0.668050,-1.5949
MZI,111,253,-0.640416,-1.5289
MZI,110,254,-0.630035,-1.5041
MZI,109,255,-0.600995,-1.4348
MZI,254,112,-0.024525,-0.0585
MZI,253,113,-0.159565,-0.3809
MZI,252,114,-1.891505,-4.5156
MZI,251,115,-0.051210,-0.1223
MZI,250,116,-2.584218,-6.1694
MZI,249,117,1.130956,2.7000
MZI,248,118,-2.833810,-6.7652
MZI,247,119,2.289563,5.4659
MZI,246,120,3.054916,7.2931
MZI,245,121,0.814844,1.9453
MZI,244,122,2.547558,6.0818
MZI,243,123,2.740262,6.5419
MZI,242,124,2.998067,7.1574
MZI,241,125,-0.320860,-0.7660
MZI,240,126,-0.217365,-0.5189
MZI,239,127,2.628800,6.2758
MZI,238,128,-1.408995,-3.3637
MZI,237,129,1.163776,2.7783
MZI,236,130,0.420997,1.0051
MZI,235,131,-1.913797,-4.5689
MZI,234,132,-1.311884,-3.1319
MZI,233,133,-0.137989,-0.3294
MZI,232,134,2.034094,4.8560
MZI,231,135,0.247712,0.5914
MZI,230,136,-2.363679,-5.6429
MZI,229,137,2.340943,5.5886
MZI,228,138,-1.808567,-4.3176
MZI,227,139,0.610223,1.4568
MZI,226,140,-0.115807,-0.2765
MZI,225,141,0.842904,2.0123
MZI,224,142,-1.837537,-4.3868
MZI,223,143,1.439520,3.4366
MZI,222,144,1.304317,3.1138
MZI,221,145,-0.103863,-0.2480
MZI,220,146,-0.392357,-0.9367
MZI,219,147,1.610201,3.8441
MZI,218,148,-0.769228,-1.8364
MZI,217,149,-2.340794,-5.5882
MZI,216,150,1.479871,3.5329
MZI,215,151,1.286642,3.0716
MZI,214,152,0.279374,0.6670
MZI,213,153,-2.446937,-5.8416
MZI,212,154,0.634423,1.5146
MZI,211,155,0.202069,0.4824
MZI,210,156,1.608647,3.8404
MZI,209,157,-0.337526,-0.8058
MZI,208,158,0.445908,1.0645
MZI,207,159,-0.850182,-2.0297
MZI,206,160,1.820787,4.3468
MZI,205,161,1.125641,2.6873
MZI,204,162,-0.693886,-1.6565
MZI,203,163,1.680561,4.0120
MZI,202,164,0.028552,0.0682
MZI,201,165,0.790047,1.8861
MZI,200,166,-0.786254,-1.8770
MZI,199,167,-1.783348,-4.2574
MZI,198,168,-2.602197,-6.2123
MZI,197,169,1.861104,4.4431
MZI,196,170,2.788116,6.6561
MZI,195,171,0.461916,1.1027
MZI,194,172,-0.576895,-1.3772
MZI,193,173,0.459647,1.0973
MZI,192,174,0.929971,2.2201
MZI,191,175,-0.409476,-0.9776
MZI,190,176,-1.068333,-2.5505
MZI,189,177,2.983725,7.1231
MZI,188,178,-0.060454,-0.1443
MZI,187,179,0.262175,0.6259
MZI,186,180,0.286103,0.6830
MZI,185,181,-1.991709,-4.7549
MZI,184,182,-1.972861,-4.7099
MZI,183,183,-1.889866,-4.5117
MZI,182,184,-1.892208,-4.5173
MZI,181,185,-2.010520,-4.7998
MZI,180,186,-2.517452,-6.0100
MZI,179,187,2.856379,6.8191
MZI,178,188,1.251538,2.9878
MZI,177,189,0.419630,1.0018
MZI,176,190,0.128662,0.3072
MZI,175,191,-0.132420,-0.3161
MZI,174,192,-0.176509,-0.4214
MZI,173,193,-1.317848,-3.1461
MZI,172,194,-0.982582,-2.3457
MZI,171,195,-0.709464,-1.6937
MZI,170,196,-0.729281,-1.7410
MZI,169,197,-0.923357,-2.2044
MZI,168,198,-1.129102,-2.6955
MZI,167,199,-1.391502,-3.3220
MZI,166,200,-0.647386,-1.5455
MZI,165,201,-0.605268,-1.4450
MZI,164,202,-0.714392,-1.7055
MZI,163,203,-0.757397,-1.8082
MZI,162,204,-0.665969,-1.5899
MZI,161,205,-0.503011,-1.2009
MZI,160,206,-0.137514,-0.3283
MZI,159,207,-0.742338,-1.7722
MZI,158,208,-0.764074,-1.8241
MZI,157,209,-0.467912,-1.1171
MZI,156,210,-0.265133,-0.6330
MZI,155,211,-0.161058,-0.3845
MZI,154,212,-0.104328,-0.2491
MZI,153,213,-0.006990,-0.0167
MZI,152,214,-0.155462,-0.3711
MZI,151,215,-1.551935,-3.7050
MZI,150,216,0.834222,1.9916
MZI,149,217,0.801045,1.9124
MZI,148,218,0.757884,1.8093
MZI,147,219,0.534728,1.2766
MZI,146,220,-0.191643,-0.4575
MZI,145,221,-0.829571,-1.9805
MZI,144,222,-1.052841,-2.5135
MZI,143,223,-1.172034,-2.7980
MZI,142,224,-0.997696,-2.3818
MZI,141,225,-2.796382,-6.6759
MZI,140,226,1.386137,3.3092
MZI,139,227,1.086430,2.5937
MZI,138,228,0.844818,2.0169
MZI,137,229,0.655068,1.5639
MZI,136,230,0.568665,1.3576
MZI,135,231,0.663898,1.5849
MZI,134,232,0.150400,0.3591
MZI,133,233,-0.192312,-0.4591
MZI,132,234,1.174433,2.8038
MZI,131,235,0.084779,0.2024
MZI,130,236,-0.025601,-0.0611
MZI,129,237,-0.067593,-0.1614
MZI,128,238,-0.086293,-0.2060
MZI,127,239,-0.102384,-0.2444
MZI,126,240,-0.111789,-0.2669
MZI,125,241,-0.163249,-0.3897
MZI,124,242,-0.156386,-0.3733
MZI,123,243,-0.144978,-0.3461
MZI,122,244,-0.159708,-0.3813
MZI,121,245,-0.169074,-0.4036
MZI,120,246,-0.194877,-0.4652
MZI,119,247,-0.201160,-0.4802
MZI,118,248,-0.211042,-0.5038
MZI,117,249,-0.230538,-0.5504
MZI,116,250,-0.252329,-0.6024
MZI,115,251,-0.290996,-0.6947
MZI,114,252,-0.289872,-0.6920
MZI,113,253,-0.358333,-0.8555
MZI,112,254,-0.346305,-0.8267
MZI,111,255,-0.360842,-0.8614
MZI,254,114,-1.986430,-4.7423
MZI,253,115,-2.617363,-6.2485
MZI,252,116,3.016382,7.2011
MZI,251,117,-2.093200,-4.9971
MZI,250,118,-2.665039,-6.3623
MZI,249,119,-0.377539,-0.9013
MZI,248,120,-2.057751,-4.9125
MZI,247,121,-2.292307,-5.4725
MZI,246,122,-2.247269,-5.3650
MZI,245,123,0.978617,2.3363
MZI,244,124,0.005455,0.0130
MZI,243,125,1.721101,4.1088
MZI,242,126,2.984643,7.1253
MZI,241,127,0.846310,2.0204
MZI,240,128,2.921075,6.9736
MZI,239,129,-0.375533,-0.8965
MZI,238,130,1.639670,3.9144
MZI,237,131,2.558583,6.1082
MZI,236,132,-1.686374,-4.0259
MZI,235,133,-0.715834,-1.7089
MZI,234,134,-0.553850,-1.3222
MZI,233,135,0.214236,0.5115
MZI,232,136,1.189513,2.8398
MZI,231,137,0.909143,2.1704
MZI,230,138,0.822333,1.9632
MZI,229,139,-2.399715,-5.7289
MZI,228,140,-1.356721,-3.2389
MZI,227,141,-1.979461,-4.7256
MZI,226,142,-2.798019,-6.6798
MZI,225,143,0.277786,0.6632
MZI,224,144,1.441935,3.4424
MZI,223,145,0.379575,0.9062
MZI,222,146,0.183011,0.4369
MZI,221,147,-1.341948,-3.2037
MZI,220,148,0.479229,1.1441
MZI,219,149,0.858651,2.0499
MZI,218,150,2.693625,6.4306
MZI,217,151,-2.104284,-5.0236
MZI,216,152,-2.233891,-5.3330
MZI,215,153,-1.847180,-4.4098
MZI,214,154,0.421990,1.0074
MZI,213,155,0.728414,1.7390
MZI,212,156,2.781944,6.6414
MZI,211,157,-1.913684,-4.5686
MZI,210,158,-2.592386,-6.1889
MZI,209,159,-1.924157,-4.5936
MZI,208,160,2.378387,5.6780
MZI,207,161,2.612127,6.2360
MZI,206,162,-2.807564,-6.7026
MZI,205,163,-2.484070,-5.9303
MZI,204,164,0.865018,2.0651
MZI,203,165,-1.483190,-3.5409
MZI,202,166,1.112680,2.6563
MZI,201,167,-1.210238,-2.8892
MZI,200,168,0.383492,0.9155
MZI,199,169,1.000616,2.3888
MZI,198,170,-1.613788,-3.8526
MZI,197,171,0.165816,0.3959
MZI,196,172,-0.541125,-1.2918
MZI,195,173,-1.227701,-2.9309
MZI,194,174,-0.523301,-1.2493
MZI,193,175,-1.772192,-4.2308
MZI,192,176,-1.517749,-3.6234
MZI,191,177,-0.629196,-1.5021
MZI,190,178,-2.827315,-6.7497
MZI,189,179,-0.805864,-1.9239
MZI,188,180,-1.125124,-2.6860
MZI,187,181,-2.563102,-6.1190
MZI,186,182,-1.057076,-2.5236
MZI,185,183,-0.846764,-2.0215
MZI,184,184,-0.832614,-1.9877
MZI,183,185,-0.811397,-1.9371
MZI,182,186,-0.767959,-1.8334
MZI,181,187,-0.688755,-1.6443
MZI,180,188,-0.420131,-1.0030
MZI,179,189,0.051785,0.1236
MZI,178,190,-1.002229,-2.3926
MZI,177,191,-1.043918,-2.4922
MZI,176,192,-0.992958,-2.3705
MZI,175,193,-1.189625,-2.8400
MZI,174,194,-1.693485,-4.0429
MZI,173,195,-1.734258,-4.1402
MZI,172,196,-1.123253,-2.6816
MZI,171,197,-1.101476,-2.6296
MZI,170,198,-1.264257,-3.0182
MZI,169,199,-1.189736,-2.8403
MZI,168,200,-1.661878,-3.9674
MZI,167,201,-0.655799,-1.5656
MZI,166,202,-0.844062,-2.0150
MZI,165,203,-1.001414,-2.3907
MZI,164,204,-0.955212,-2.2804
MZI,163,205,-0.766308,-1.8294
MZI,162,206,-0.492899,-1.1767
MZI,161,207,-0.205435,-0.4904
MZI,160,208,-0.708330,-1.6910
MZI,159,209,-0.923579,-2.2049
MZI,158,210,-0.405702,-0.9685
MZI,157,211,-0.076546,-0.1827
MZI,156,212,-0.108494,-0.2590
MZI,155,213,-0.229489,-0.5479
MZI,154,214,-0.340846,-0.8137
MZI,153,215,-0.623794,-1.4892
MZI,152,216,-1.663639,-3.9716
MZI,151,217,-0.100843,-0.2407
MZI,150,218,-0.365107,-0.8716
MZI,149,219,-0.547818,-1.3078
MZI,148,220,-0.755620,-1.8039
MZI,147,221,-0.998429,-2.3836
MZI,146,222,-1.301462,-3.1070
MZI,145,223,-1.717620,-4.1005
MZI,144,224,-2.178371,-5.2005
MZI,143,225,-3.008633,-7.1826
MZI,142,226,-1.213650,-2.8974
MZI,141,227,0.392733,0.9376
MZI,140,228,0.348334,0.8316
MZI,139,229,0.286725,0.6845
MZI,138,230,0.242453,0.5788
MZI,137,231,0.234549,0.5599
MZI,136,232,0.246015,0.5873
MZI,135,233,-0.140809,-0.3362
MZI,134,234,-0.449753,-1.0737
MZI,133,235,0.354833,0.8471
MZI,132,236,-0.072566,-0.1732
MZI,131,237,-0.134271,-0.3205
MZI,130,238,-0.163355,-0.3900
MZI,129,239,-0.175122,-0.4181
MZI,128,240,-0.186869,-0.4461
MZI,127,241,-0.192223,-0.4589
MZI,126,242,-0.243465,-0.5812
MZI,125,243,-0.230715,-0.5508
MZI,124,244,-0.213896,-0.5106
MZI,123,245,-0.224940,-0.5370
MZI,122,246,-0.229370,-0.5476
MZI,121,247,-0.251584,-0.6006
MZI,120,248,-0.252647,-0.6032
MZI,119,249,-0.256822,-0.6131
MZI,118,250,-0.270471,-0.6457
MZI,117,251,-0.286226,-0.6833
MZI,116,252,-0.318695,-0.7608
MZI,115,253,-0.307733,-0.7347
MZI,114,254,-0.376362,-0.8985
MZI,113,255,-0.349064,-0.8333
MZI,254,116,1.865870,4.4544
MZI,253,117,-2.544794,-6.0752
MZI,252,118,2.884188,6.8855
MZI,251,119,2.285912,5.4572
MZI,250,120,0.768676,1.8351
MZI,249,121,1.490797,3.5590
MZI,248,122,-2.313801,-5.5238
MZI,247,123,1.532378,3.6583
MZI,246,124,2.504634,5.9794
MZI,245,125,-2.931466,-6.9984
MZI,244,126,-1.201058,-2.8673
MZI,243,127,-0.691443,-1.6507
MZI,242,128,-2.555219,-6.1001
MZI,241,129,2.202823,5.2589
MZI,240,130,-2.957338,-7.0601
MZI,239,131,-1.645715,-3.9289
MZI,238,132,1.256911,3.0007
MZI,237,133,2.085875,4.9797
MZI,236,134,-2.147464,-5.1267
MZI,235,135,0.667793,1.5942
MZI,234,136,-2.885123,-6.8877
MZI,233,137,-2.054128,-4.9039
MZI,232,138,-2.658153,-6.3459
MZI,231,139,-2.401999,-5.7343
MZI,230,140,-1.625327,-3.8802
MZI,229,141,-0.644863,-1.5395
MZI,228,142,1.574931,3.7599
MZI,227,143,2.563814,6.1207
MZI,226,144,-0.402199,-0.9602
MZI,225,145,2.257403,5.3892
MZI,224,146,-0.331277,-0.7909
MZI,223,147,2.767278,6.6064
MZI,222,148,2.054182,4.9040
MZI,221,149,-3.077948,-7.3481
MZI,220,150,2.349727,5.6096
MZI,219,151,2.514314,6.0025
MZI,218,152,1.847481,4.4105
MZI,217,153,1.743699,4.1628
MZI,216,154,1.533248,3.6604
MZI,215,155,-0.194783,-0.4650
MZI,214,156,2.822631,6.7385
MZI,213,157,-2.916782,-6.9633
MZI,212,158,-0.581642,-1.3886
MZI,211,159,1.143324,2.7295
MZI,210,160,-0.321014,-0.7664
MZI,209,161,-1.316541,-3.1430
MZI,208,162,1.512818,3.6116
MZI,207,163,-1.468930,-3.5068
MZI,206,164,-2.719625,-6.4926
MZI,205,165,3.094918,7.3886
MZI,204,166,-1.080788,-2.5802
MZI,203,167,1.710349,4.0832
MZI,202,168,2.337966,5.5815
MZI,201,169,-0.777622,-1.8564
MZI,200,170,-1.029056,-2.4567
MZI,199,171,0.765171,1.8267
MZI,198,172,-0.072036,-0.1720
MZI,197,173,-2.586716,-6.1753
MZI,196,174,2.085048,4.9777
MZI,195,175,-2.991009,-7.1405
MZI,194,176,-1.138933,-2.7190
MZI,193,177,2.078645,4.9624
MZI,192,178,0.191044,0.4561
MZI,191,179,-3.044834,-7.2690
MZI,190,180,2.649852,6.3261
MZI,189,181,-2.995957,-7.1523
MZI,188,182,0.709050,1.6927
MZI,187,183,2.389671,5.7049
MZI,186,184,2.585634,6.1727
MZI,185,185,2.635889,6.2927
MZI,184,186,2.671218,6.3771
MZI,183,187,2.744560,6.5522
MZI,182,188,2.841912,6.7846
MZI,181,189,2.978425,7.1105
MZI,180,190,-2.611887,-6.2354
MZI,179,191,-1.797433,-4.2911
MZI,178,192,-2.913584,-6.9557
MZI,177,193,-2.931739,-6.9990
MZI,176,194,2.933421,7.0030
MZI,175,195,2.917986,6.9662
MZI,174,196,2.553149,6.0952
MZI,173,197,2.174799,5.1920
MZI,172,198,2.513251,5.9999
MZI,171,199,2.525027,6.0281
MZI,170,200,2.434673,5.8124
MZI,169,201,2.008263,4.7944
MZI,168,202,-1.058223,-2.5263
MZI,167,203,-3.136325,-7.4874
MZI,166,204,3.023541,7.2182
MZI,165,205,-2.978707,-7.1111
MZI,164,206,-2.633922,-6.2880
MZI,163,207,-2.293801,-5.4760
MZI,162,208,-2.329112,-5.5603
MZI,161,209,-2.705967,-6.4600
MZI,160,210,3.012143,7.1910
MZI,159,211,-0.847031,-2.0221
MZI,158,212,-1.810957,-4.3233
MZI,157,213,-2.200658,-5.2537
MZI,156,214,-2.501903,-5.9729
MZI,155,215,-2.679471,-6.3968
MZI,154,216,-2.871903,-6.8562
MZI,153,217,-2.983643,-7.1229
MZI,152,218,-2.517808,-6.0108
MZI,151,219,-2.638977,-6.3001
MZI,150,220,-2.740411,-6.5422
MZI,149,221,-2.852036,-6.8087
MZI,148,222,-2.954130,-7.0525
MZI,147,223,-3.000129,-7.1623
MZI,146,224,-2.911223,-6.9500
MZI,145,225,-2.677708,-6.3926
MZI,144,226,-2.504643,-5.9794
MZI,143,227,-2.335222,-5.5749
MZI,142,228,-2.238472,-5.3440
MZI,141,229,-2.163436,-5.1648
MZI,140,230,-2.098564,-5.0100
MZI,139,231,-2.041678,-4.8741
MZI,138,232,-1.977868,-4.7218
MZI,137,233,-1.986678,-4.7428
MZI,136,234,-2.274536,-5.4301
MZI,135,235,-2.800035,-6.6846
MZI,134,236,-1.914883,-4.5714
MZI,133,237,-2.076052,-4.9562
MZI,132,238,-2.120920,-5.0633
MZI,131,239,-2.144344,-5.1192
MZI,130,240,-2.152738,-5.1393
MZI,129,241,-2.163096,-5.1640
MZI,128,242,-2.167329,-5.1741
MZI,127,243,-2.223033,-5.3071
MZI,126,244,-2.208722,-5.2729
MZI,125,245,-2.191101,-5.2309
MZI,124,246,-2.204101,-5.2619
MZI,123,247,-2.209730,-5.2753
MZI,122,248,-2.235552,-5.3370
MZI,121,249,-2.239058,-5.3454
MZI,120,250,-2.245870,-5.3616
MZI,119,251,-2.263106,-5.4028
MZI,118,252,-2.283625,-5.4518
MZI,117,253,-2.322528,-5.5446
MZI,116,254,-2.314865,-5.5263
MZI,115,255,-2.418126,-5.7729
MZI,254,118,-2.657879,-6.3452
MZI,253,119,3.091257,7.3798
MZI,252,120,0.387162,0.9243
MZI,251,121,1.222780,2.9192
MZI,250,122,1.974251,4.7132
MZI,249,123,3.093618,7.3855
MZI,248,124,1.213322,2.8966
MZI,247,125,2.243562,5.3561
MZI,246,126,-3.031204,-7.2365
MZI,245,127,2.484653,5.9317
MZI,244,128,-2.244123,-5.3575
MZI,243,129,-0.848899,-2.0266
MZI,242,130,-0.417875,-0.9976
MZI,241,131,0.964009,2.3014
MZI,240,132,2.183188,5.2120
MZI,239,133,0.988314,2.3594
MZI,238,134,-2.156792,-5.1490
MZI,237,135,-1.520905,-3.6309
MZI,236,136,-1.236865,-2.9528
MZI,235,137,0.959498,2.2906
MZI,234,138,0.423255,1.0104
MZI,233,139,1.923838,4.5928
MZI,232,140,-1.320321,-3.1520
MZI,231,141,-2.042834,-4.8769
MZI,230,142,1.407081,3.3592
MZI,229,143,3.119603,7.4475
MZI,228,144,-0.856947,-2.0458
MZI,227,145,-2.579272,-6.1576
MZI,226,146,-2.385354,-5.6946
MZI,225,147,-0.568747,-1.3578
MZI,224,148,-3.053011,-7.2885
MZI,223,149,-1.449604,-3.4607
MZI,222,150,-2.119247,-5.0593
MZI,221,151,2.987213,7.1314
MZI,220,152,-1.887515,-4.5061
MZI,219,153,-3.021379,-7.2130
MZI,218,154,-1.334159,-3.1851
MZI,217,155,-1.642435,-3.9210
MZI,216,156,2.042852,4.8769
MZI,215,157,-0.959729,-2.2912
MZI,214,158,2.545749,6.0775
MZI,213,159,0.203751,0.4864
MZI,212,160,-0.030199,-0.0721
MZI,211,161,-3.132625,-7.4786
MZI,210,162,0.188439,0.4499
MZI,209,163,-3.066907,-7.3217
MZI,208,164,-0.206063,-0.4919
MZI,207,165,-2.951705,-7.0467
MZI,206,166,-2.771033,-6.6154
MZI,205,167,-1.526463,-3.6442
MZI,204,168,-2.937135,-7.0119
MZI,203,169,0.583927,1.3940
MZI,202,170,2.550314,6.0884
MZI,201,171,-3.132231,-7.4777
MZI,200,172,-0.573115,-1.3682
MZI,199,173,0.513783,1.2266
MZI,198,174,-2.971472,-7.0939
MZI,197,175,2.461335,5.8760
MZI,196,176,2.433163,5.8087
MZI,195,177,-2.320708,-5.5403
MZI,194,178,-1.552358,-3.7060
MZI,193,179,0.945130,2.2563
MZI,192,180,-1.274014,-3.0415
MZI,191,181,-2.113145,-5.0448
MZI,190,182,-2.590339,-6.1840
MZI,189,183,0.978724,2.3365
MZI,188,184,-0.654462,-1.5624
MZI,187,185,-1.126242,-2.6887
MZI,186,186,-1.247508,-2.9782
MZI,185,187,-1.330605,-3.1766
MZI,184,188,-1.518910,-3.6261
MZI,183,189,-1.925592,-4.5970
MZI,182,190,2.552662,6.0940
MZI,181,191,1.996795,4.7670
MZI,180,192,2.711765,6.4739
MZI,179,193,-2.262014,-5.4002
MZI,178,194,-1.959979,-4.6791
MZI,177,195,-1.559056,-3.7220
MZI,176,196,-2.216050,-5.2904
MZI,175,197,-2.040453,-4.8712
MZI,174,198,-2.020304,-4.8231
MZI,173,199,-2.811945,-6.7130
MZI,172,200,2.773909,6.6222
MZI,171,201,2.996727,7.1542
MZI,170,202,-2.767859,-6.6078
MZI,169,203,-2.005532,-4.7879
MZI,168,204,2.931413,6.9982
MZI,167,205,-2.667547,-6.3683
MZI,166,206,-2.248594,-5.3681
MZI,165,207,-1.807418,-4.3149
MZI,164,208,-1.716500,-4.0978
MZI,163,209,-2.015409,-4.8114
MZI,162,210,-2.462886,-5.8797
MZI,161,211,2.826522,6.7478
MZI,160,212,-1.669605,-3.9859
MZI,159,213,-1.876768,-4.4805
MZI,158,214,-2.112868,-5.0441
MZI,157,215,-2.347650,-5.6046
MZI,156,216,-2.356537,-5.6258
MZI,155,217,-2.340400,-5.5873
MZI,154,218,-2.206105,-5.2667
MZI,153,219,-1.992470,-4.7567
MZI,152,220,-2.026764,-4.8385
MZI,151,221,-2.046921,-4.8867
MZI,150,222,-2.054194,-4.9040
MZI,149,223,-2.032434,-4.8521
MZI,148,224,-1.977154,-4.7201
MZI,147,225,-1.897801,-4.5307
MZI,146,226,-1.813535,-4.3295
MZI,145,227,-1.813476,-4.3294
MZI,144,228,-1.675418,-3.9998
MZI,143,229,-1.649604,-3.9381
MZI,142,230,-1.603030,-3.8270
MZI,141,231,-1.551412,-3.7037
MZI,140,232,-1.501050,-3.5835
MZI,139,233,-1.458143,-3.4811
MZI,138,234,-1.532642,-3.6589
MZI,137,235,-1.792573,-4.2795
MZI,136,236,-2.213882,-5.2853
MZI,135,237,-1.416947,-3.3827
MZI,134,238,-1.465308,-3.4982
MZI,133,239,-1.489513,-3.5560
MZI,132,240,-1.500548,-3.5823
MZI,131,241,-1.497237,-3.5744
MZI,130,242,-1.496377,-3.5723
MZI,129,243,-1.488170,-3.5527
MZI,128,244,-1.533695,-3.6614
MZI,127,245,-1.501613,-3.5848
MZI,126,246,-1.466346,-3.5006
MZI,125,247,-1.462082,-3.4905
MZI,124,248,-1.446479,-3.4532
MZI,123,249,-1.449997,-3.4616
MZI,122,250,-1.426343,-3.4051
MZI,121,251,-1.401068,-3.3448
MZI,120,252,-1.380336,-3.2953
MZI,119,253,-1.356319,-3.2380
MZI,118,254,-1.339067,-3.1968
MZI,117,255,-1.234704,-2.9476
MZI,254,120,1.924159,4.5936
MZI,253,121,0.713045,1.7023
MZI,252,122,1.813342,4.3290
MZI,251,123,-1.747411,-4.1716
MZI,250,124,2.972289,7.0958
MZI,249,125,2.643094,6.3099
MZI,248,126,1.791068,4.2759
MZI,247,127,2.701272,6.4488
MZI,246,128,2.516613,6.0080
MZI,245,129,-2.038557,-4.8667
MZI,244,130,0.630018,1.5041
MZI,243,131,-1.620989,-3.8698
MZI,242,132,-2.629544,-6.2776
MZI,241,133,-1.595058,-3.8079
MZI,240,134,2.848824,6.8011
MZI,239,135,-2.330963,-5.5648
MZI,238,136,-2.975562,-7.1036
MZI,237,137,2.734663,6.5285
MZI,236,138,-1.882414,-4.4939
MZI,235,139,0.222272,0.5306
MZI,234,140,0.390639,0.9326
MZI,233,141,1.554939,3.7121
MZI,232,142,0.128863,0.3076
MZI,231,143,2.688696,6.4188
MZI,230,144,2.007332,4.7922
MZI,229,145,-0.136238,-0.3252
MZI,228,146,0.946672,2.2600
MZI,227,147,0.079004,0.1886
MZI,226,148,-0.516700,-1.2335
MZI,225,149,-0.444366,-1.0608
MZI,224,150,-0.359207,-0.8575
MZI,223,151,2.606735,6.2231
MZI,222,152,1.398105,3.3377
MZI,221,153,2.273164,5.4268
MZI,220,154,0.859288,2.0514
MZI,219,155,0.888255,2.1206
MZI,218,156,0.464445,1.1088
MZI,217,157,1.184126,2.8269
MZI,216,158,0.193344,0.4616
MZI,215,159,-1.789950,-4.2732
MZI,214,160,0.145154,0.3465
MZI,213,161,0.277653,0.6628
MZI,212,162,0.251049,0.5993
MZI,211,163,0.832076,1.9864
MZI,210,164,-2.451881,-5.8534
MZI,209,165,2.235717,5.3374
MZI,208,166,-2.658656,-6.3471
MZI,207,167,1.720692,4.1078
MZI,206,168,0.439917,1.0502
MZI,205,169,3.025507,7.2229
MZI,204,170,-1.596358,-3.8110
MZI,203,171,2.269599,5.4183
MZI,202,172,0.041463,0.0990
MZI,201,173,0.861141,2.0558
MZI,200,174,1.814012,4.3306
MZI,199,175,1.255728,2.9978
MZI,198,176,-0.373925,-0.8927
MZI,197,177,-0.967347,-2.3094
MZI,196,178,-2.579047,-6.1570
MZI,195,179,2.050655,4.8956
MZI,194,180,-1.077139,-2.5715
MZI,193,181,-2.951494,-7.0462
MZI,192,182,1.825155,4.3572
MZI,191,183,-1.372060,-3.2756
MZI,190,184,-0.260503,-0.6219
MZI,189,185,1.230000,2.9364
MZI,188,186,1.780599,4.2509
MZI,187,187,1.926696,4.5996
MZI,186,188,2.026832,4.8387
MZI,185,189,2.250173,5.3719
MZI,184,190,2.721300,6.4966
MZI,183,191,-1.597144,-3.8129
MZI,182,192,-0.523151,-1.2489
MZI,181,193,0.339166,0.8097
MZI,180,194,0.786810,1.8784
MZI,179,195,1.083253,2.5861
MZI,178,196,2.311862,5.5192
MZI,177,197,-3.097092,-7.3938
MZI,176,198,2.101299,5.0165
MZI,175,199,0.767734,1.8328
MZI,174,200,0.876514,2.0925
MZI,173,201,0.852132,2.0343
MZI,172,202,0.949537,2.2669
MZI,171,203,1.286277,3.0708
MZI,170,204,1.782052,4.2543
MZI,169,205,-0.757246,-1.8078
MZI,168,206,-1.947945,-4.6504
MZI,167,207,2.855868,6.8179
MZI,166,208,2.220329,5.3006
MZI,165,209,1.665042,3.9750
MZI,164,210,1.231323,2.9396
MZI,163,211,0.637232,1.5213
MZI,162,212,0.567209,1.3541
MZI,161,213,0.938429,2.2403
MZI,160,214,0.935257,2.2328
MZI,159,215,0.790203,1.8865
MZI,158,216,0.695844,1.6612
MZI,157,217,0.836747,1.9976
MZI,156,218,0.931059,2.2227
MZI,155,219,1.019704,2.4344
MZI,154,220,1.142929,2.7285
MZI,153,221,1.140973,2.7239
MZI,152,222,1.139488,2.7203
MZI,151,223,1.144260,2.7317
MZI,150,224,1.159974,2.7692
MZI,149,225,1.183582,2.8256
MZI,148,226,1.211867,2.8931
MZI,147,227,1.246176,2.9750
MZI,146,228,1.196945,2.8575
MZI,145,229,1.325806,3.1651
MZI,144,230,1.318940,3.1487
MZI,143,231,1.347327,3.2165
MZI,142,232,1.380879,3.2966
MZI,141,233,1.401733,3.3464
MZI,140,234,1.382113,3.2996
MZI,139,235,1.244828,2.9718
MZI,138,236,1.000804,2.3892
MZI,137,237,0.924930,2.2081
MZI,136,238,1.348886,3.2202
MZI,135,239,1.352566,3.2290
MZI,134,240,1.335322,3.1878
MZI,133,241,1.318578,3.1479
MZI,132,242,1.312556,3.1335
MZI,131,243,1.301384,3.1068
MZI,130,244,1.296851,3.0960
MZI,129,245,1.228275,2.9323
MZI,128,246,1.242798,2.9670
MZI,127,247,1.259721,3.0074
MZI,126,248,1.240049,2.9604
MZI,125,249,1.230007,2.9364
MZI,124,250,1.194065,2.8506
MZI,123,251,1.182868,2.8239
MZI,122,252,1.168473,2.7895
MZI,121,253,1.140673,2.7232
MZI,120,254,1.102646,2.6324
MZI,119,255,1.029276,2.4572
MZI,254,122,-1.761408,-4.2051
MZI,253,123,2.161741,5.1608
MZI,252,124,0.235823,0.5630
MZI,251,125,1.679097,4.0085
MZI,250,126,-2.195513,-5.2414
MZI,249,127,1.394770,3.3298
MZI,248,128,-2.390535,-5.7070
MZI,247,129,-2.214480,-5.2867
MZI,246,130,-3.008957,-7.1834
MZI,245,131,0.275490,0.6577
MZI,244,132,-1.404959,-3.3541
MZI,243,133,-1.211314,-2.8918
MZI,242,134,-1.972953,-4.7101
MZI,241,135,0.934131,2.2301
MZI,240,136,-3.040711,-7.2592
MZI,239,137,3.029852,7.2332
MZI,238,138,-2.268565,-5.4158
MZI,237,139,-0.458567,-1.0947
MZI,236,140,-2.699386,-6.4443
MZI,235,141,-2.622935,-6.2618
MZI,234,142,0.102432,0.2445
MZI,233,143,-0.880618,-2.1023
MZI,232,144,-0.179226,-0.4279
MZI,231,145,1.210673,2.8903
MZI,230,146,1.213779,2.8977
MZI,229,147,-0.988943,-2.3609
MZI,228,148,-0.958981,-2.2894
MZI,227,149,-2.831789,-6.7604
MZI,226,150,-1.974821,-4.7145
MZI,225,151,-2.941228,-7.0217
MZI,224,152,3.027844,7.2284
MZI,223,153,-2.694155,-6.4318
MZI,222,154,-0.583056,-1.3919
MZI,221,155,1.172300,2.7987
MZI,220,156,-3.024613,-7.2207
MZI,219,157,2.971833,7.0947
MZI,218,158,-0.620392,-1.4811
MZI,217,159,2.639151,6.3005
MZI,216,160,-2.901070,-6.9258
MZI,215,161,2.036513,4.8618
MZI,214,162,-0.229438,-0.5477
MZI,213,163,-2.932395,-7.0006
MZI,212,164,2.854172,6.8138
MZI,211,165,1.513285,3.6127
MZI,210,166,-2.451099,-5.8516
MZI,209,167,-2.935295,-7.0075
MZI,208,168,-3.106712,-7.4167
MZI,207,169,-1.718234,-4.1020
MZI,206,170,1.931629,4.6114
MZI,205,171,-2.046579,-4.8858
MZI,204,172,-0.790965,-1.8883
MZI,203,173,1.360866,3.2488
MZI,202,174,2.082058,4.9705
MZI,201,175,-1.249300,-2.9825
MZI,200,176,-1.345963,-3.2132
MZI,199,177,0.688624,1.6440
MZI,198,178,-2.784311,-6.6471
MZI,197,179,-1.537548,-3.6706
MZI,196,180,2.855337,6.8166
MZI,195,181,3.007340,7.1795
MZI,194,182,-1.370410,-3.2716
MZI,193,183,-2.541438,-6.0672
MZI,192,184,0.467476,1.1160
MZI,191,185,-1.987079,-4.7438
MZI,190,186,-2.367426,-5.6518
MZI,189,187,-2.353865,-5.6194
MZI,188,188,-2.332137,-5.5676
MZI,187,189,-2.305025,-5.5028
MZI,186,190,-2.229253,-5.3219
MZI,185,191,-2.118862,-5.0584
MZI,184,192,-2.047586,-4.8883
MZI,183,193,-2.233015,-5.3309
MZI,182,194,-2.783199,-6.6444
MZI,181,195,-3.082508,-7.3589
MZI,180,196,-2.756648,-6.5810
MZI,179,197,-1.745997,-4.1683
MZI,178,198,-1.761871,-4.2062
MZI,177,199,-1.615733,-3.8573
MZI,176,200,-2.606567,-6.2227
MZI,175,201,-2.879324,-6.8739
MZI,174,202,3.118146,7.4440
MZI,173,203,3.133096,7.4797
MZI,172,204,1.988804,4.7479
MZI,171,205,-0.627227,-1.4974
MZI,170,206,-1.687362,-4.0283
MZI,169,207,-1.403394,-3.3504
MZI,168,208,-0.740536,-1.7679
MZI,167,209,-0.973494,-2.3240
MZI,166,210,-1.193123,-2.8484
MZI,165,211,-1.478249,-3.5291
MZI,164,212,-1.711782,-4.0866
MZI,163,213,-1.517303,-3.6223
MZI,162,214,-1.488372,-3.5532
MZI,161,215,-1.532880,-3.6595
MZI,160,216,-1.645763,-3.9290
MZI,159,217,-1.522207,-3.6340
MZI,158,218,-1.299478,-3.1023
MZI,157,219,-1.171990,-2.7979
MZI,156,220,-1.111099,-2.6526
MZI,155,221,-1.021954,-2.4397
MZI,154,222,-1.009414,-2.4098
MZI,153,223,-1.000941,-2.3896
MZI,152,224,-0.989454,-2.3621
MZI,151,225,-0.972329,-2.3213
MZI,150,226,-0.952654,-2.2743
MZI,149,227,-0.931198,-2.2231
MZI,148,228,-0.902585,-2.1548
MZI,147,229,-0.959907,-2.2916
MZI,146,230,-0.822303,-1.9631
MZI,145,231,-0.835409,-1.9944
MZI,144,232,-0.807254,-1.9272
MZI,143,233,-0.778829,-1.8593
MZI,142,234,-0.779735,-1.8615
MZI,141,235,-0.837312,-1.9989
MZI,140,236,-0.978232,-2.3354
MZI,139,237,-1.148824,-2.7426
MZI,138,238,-1.024056,-2.4448
MZI,137,239,-0.794871,-1.8976
MZI,136,240,-0.768085,-1.8337
MZI,135,241,-0.765996,-1.8287
MZI,134,242,-0.768904,-1.8356
MZI,133,243,-0.761355,-1.8176
MZI,132,244,-0.759262,-1.8126
MZI,131,245,-0.748281,-1.7864
MZI,130,246,-0.806638,-1.9257
MZI,129,247,-0.769159,-1.8362
MZI,128,248,-0.730297,-1.7435
MZI,127,249,-0.729071,-1.7405
MZI,126,250,-0.713372,-1.7030
MZI,125,251,-0.723167,-1.7264
MZI,124,252,-0.701917,-1.6757
MZI,123,253,-0.677539,-1.6175
MZI,122,254,-0.658682,-1.5725
MZI,121,255,-0.639657,-1.5271
MZI,254,124,2.594696,6.1944
MZI,253,125,-1.280977,-3.0581
MZI,252,126,-1.608335,-3.8396
MZI,251,127,-2.409528,-5.7523
MZI,250,128,-0.485495,-1.1590
MZI,249,129,-0.109930,-0.2624
MZI,248,130,-1.538453,-3.6728
MZI,247,131,-0.993468,-2.3717
MZI,246,132,-2.589151,-6.1811
MZI,245,133,-2.938576,-7.0153
MZI,244,134,2.502845,5.9751
MZI,243,135,2.948368,7.0387
MZI,242,136,-0.059312,-0.1416
MZI,241,137,-1.201611,-2.8686
MZI,240,138,-0.871546,-2.0807
MZI,239,139,-2.441039,-5.8276
MZI,238,140,-2.323417,-5.5468
MZI,237,141,-2.607433,-6.2248
MZI,236,142,2.247966,5.3666
MZI,235,143,2.797139,6.6777
MZI,234,144,-3.002127,-7.1671
MZI,233,145,-1.132162,-2.7028
MZI,232,146,-1.864061,-4.4501
MZI,231,147,-2.887907,-6.8944
MZI,230,148,-2.975130,-7.1026
MZI,229,149,0.523916,1.2508
MZI,228,150,-2.827072,-6.7491
MZI,227,151,-1.416357,-3.3813
MZI,226,152,2.476325,5.9118
MZI,225,153,0.641815,1.5322
MZI,224,154,-0.144428,-0.3448
MZI,223,155,3.011192,7.1887
MZI,222,156,-0.535358,-1.2781
MZI,221,157,1.825156,4.3572
MZI,220,158,2.821725,6.7364
MZI,219,159,0.958215,2.2876
MZI,218,160,-2.202347,-5.2577
MZI,217,161,0.422589,1.0089
MZI,216,162,-1.317665,-3.1457
MZI,215,163,-0.681956,-1.6280
MZI,214,164,-2.547111,-6.0808
MZI,213,165,1.968649,4.6998
MZI,212,166,0.537065,1.2821
MZI,211,167,0.796825,1.9023
MZI,210,168,0.153337,0.3661
MZI,209,169,-0.811054,-1.9362
MZI,208,170,1.218140,2.9081
MZI,207,171,0.761343,1.8176
MZI,206,172,-1.977782,-4.7216
MZI,205,173,2.884977,6.8874
MZI,204,174,-2.090846,-4.9915
MZI,203,175,1.704337,4.0688
MZI,202,176,-1.907430,-4.5537
MZI,201,177,-0.376024,-0.8977
MZI,200,178,-0.858054,-2.0485
MZI,199,179,-2.594187,-6.1932
MZI,198,180,0.680743,1.6252
MZI,197,181,1.447652,3.4560
MZI,196,182,-1.211211,-2.8916
MZI,195,183,2.365513,5.6472
MZI,194,184,1.876838,4.4806
MZI,193,185,0.647082,1.5448
MZI,192,186,2.043106,4.8776
MZI,191,187,2.103245,5.0211
MZI,190,188,2.093268,4.9973
MZI,189,189,2.097893,5.0084
MZI,188,190,2.126062,5.0756
MZI,187,191,2.252169,5.3767
MZI,186,192,2.501889,5.9728
MZI,185,193,2.685820,6.4119
MZI,184,194,2.612906,6.2379
MZI,183,195,2.337556,5.5805
MZI,182,196,1.963005,4.6863
MZI,181,197,1.461511,3.4891
MZI,180,198,0.986793,2.3558
MZI,179,199,1.962479,4.6851
MZI,178,200,-2.683292,-6.4059
MZI,177,201,0.666159,1.5903
MZI,176,202,1.255964,2.9984
MZI,175,203,2.146079,5.1234
MZI,174,204,2.330111,5.5627
MZI,173,205,2.665072,6.3624
MZI,172,206,-2.678996,-6.3956
MZI,171,207,2.964101,7.0763
MZI,170,208,2.997447,7.1559
MZI,169,209,-3.102790,-7.4074
MZI,168,210,-2.971148,-7.0931
MZI,167,211,-2.861982,-6.8325
MZI,166,212,-2.727032,-6.5103
MZI,165,213,-2.744358,-6.5517
MZI,164,214,-2.984329,-7.1246
MZI,163,215,-3.038808,-7.2546
MZI,162,216,-3.055885,-7.2954
MZI,161,217,-3.064890,-7.3169
MZI,160,218,-2.823301,-6.7401
MZI,159,219,-2.594441,-6.1938
MZI,158,220,-2.506313,-5.9834
MZI,157,221,-2.501507,-5.9719
MZI,156,222,-2.438494,-5.8215
MZI,155,223,-2.420100,-5.7776
MZI,154,224,-2.407965,-5.7486
MZI,153,225,-2.394428,-5.7163
MZI,152,226,-2.376630,-5.6738
MZI,151,227,-2.357088,-5.6271
MZI,150,228,-2.335689,-5.5760
MZI,149,229,-2.305486,-5.5039
MZI,148,230,-2.365907,-5.6482
MZI,147,231,-2.215386,-5.2888
MZI,146,232,-2.234041,-5.3334
MZI,145,233,-2.207629,-5.2703
MZI,144,234,-2.189883,-5.2280
MZI,143,235,-2.216854,-5.2923
MZI,142,236,-2.297289,-5.4844
MZI,141,237,-2.418621,-5.7740
MZI,140,238,-2.488346,-5.9405
MZI,139,239,-2.335254,-5.5750
MZI,138,240,-2.196979,-5.2449
MZI,137,241,-2.161552,-5.1603
MZI,136,242,-2.147713,-5.1273
MZI,135,243,-2.143797,-5.1179
MZI,134,244,-2.130813,-5.0869
MZI,133,245,-2.125206,-5.0736
MZI,132,246,-2.109473,-5.0360
MZI,131,247,-2.175708,-5.1941
MZI,130,248,-2.133610,-5.0936
MZI,129,249,-2.091101,-4.9921
MZI,128,250,-2.091673,-4.9935
MZI,127,251,-2.076340,-4.9569
MZI,126,252,-2.092908,-4.9964
MZI,125,253,-2.076936,-4.9583
MZI,124,254,-2.057367,-4.9116
MZI,123,255,-2.045803,-4.8840
MZI,254,126,0.237892,0.5679
MZI,253,127,-1.194171,-2.8509
MZI,252,128,3.027237,7.2270
MZI,251,129,0.776309,1.8533
MZI,250,130,2.355013,5.6222
MZI,249,131,-1.071101,-2.5571
MZI,248,132,-2.477585,-5.9148
MZI,247,133,2.335342,5.5752
MZI,246,134,-2.478542,-5.9171
MZI,245,135,-0.112026,-0.2674
MZI,244,136,-3.018886,-7.2071
MZI,243,137,2.617748,6.2494
MZI,242,138,1.334987,3.1870
MZI,241,139,1.762661,4.2080
MZI,240,140,-2.187430,-5.2221
MZI,239,141,-2.942117,-7.0238
MZI,238,142,2.159913,5.1564
MZI,237,143,-2.824521,-6.7430
MZI,236,144,2.495345,5.9572
MZI,235,145,2.224808,5.3113
MZI,234,146,-1.665906,-3.9771
MZI,233,147,-0.845324,-2.0181
MZI,232,148,-0.218055,-0.5206
MZI,231,149,0.800263,1.9105
MZI,230,150,-3.065318,-7.3179
MZI,229,151,-1.593730,-3.8048
MZI,228,152,2.856397,6.8191
MZI,227,153,-1.853340,-4.4245
MZI,226,154,-1.852190,-4.4218
MZI,225,155,-2.227805,-5.3185
MZI,224,156,-1.955202,-4.6677
MZI,223,157,-3.070961,-7.3314
MZI,222,158,2.579552,6.1582
MZI,221,159,0.130802,0.3123
MZI,220,160,1.817965,4.3401
MZI,219,161,2.345183,5.5987
MZI,218,162,1.471678,3.5134
MZI,217,163,1.670033,3.9869
MZI,216,164,-0.796095,-1.9005
MZI,215,165,1.574865,3.7597
MZI,214,166,-1.480295,-3.5339
MZI,213,167,2.284541,5.4539
MZI,212,168,1.141951,2.7262
MZI,211,169,-2.060905,-4.9200
MZI,210,170,-1.354499,-3.2336
MZI,209,171,0.214029,0.5110
MZI,208,172,-2.016004,-4.8129
MZI,207,173,-1.023389,-2.4432
MZI,206,174,-3.064728,-7.3165
MZI,205,175,-0.207526,-0.4954
MZI,204,176,-0.305595,-0.7296
MZI,203,177,2.003039,4.7819
MZI,202,178,-2.571961,-6.1401
MZI,201,179,-0.484841,-1.1575
MZI,200,180,-1.705867,-4.0725
MZI,199,181,-0.592206,-1.4138
MZI,198,182,-0.039706,-0.0948
MZI,197,183,0.054927,0.1311
MZI,196,184,-1.301654,-3.1075
MZI,195,185,0.831234,1.9844
MZI,194,186,-2.056077,-4.9085
MZI,193,187,-0.501816,-1.1980
MZI,192,188,-0.038269,-0.0914
MZI,191,189,0.084733,0.2023
MZI,190,190,0.108712,0.2595
MZI,189,191,0.108339,0.2586
MZI,188,192,0.062506,0.1492
MZI,187,193,-0.052715,-0.1258
MZI,186,194,-0.074702,-0.1783
MZI,185,195,0.127295,0.3039
MZI,184,196,0.373238,0.8910
MZI,183,197,0.430424,1.0276
MZI,182,198,0.438801,1.0476
MZI,181,199,0.312186,0.7453
MZI,180,200,0.009004,0.0215
MZI,179,201,0.080415,0.1920
MZI,178,202,-0.440593,-1.0518
MZI,177,203,0.035942,0.0858
MZI,176,204,0.518794,1.2385
MZI,175,205,0.760316,1.8151
MZI,174,206,0.907315,2.1661
MZI,173,207,-0.357836,-0.8543
MZI,172,208,0.012471,0.0298
MZI,171,209,0.300394,0.7171
MZI,170,210,0.431191,1.0294
MZI,169,211,0.531979,1.2700
MZI,168,212,0.643459,1.5361
MZI,167,213,0.852290,2.0347
MZI,166,214,1.312596,3.1336
MZI,165,215,0.545229,1.3016
MZI,164,216,0.369944,0.8832
MZI,163,217,0.391475,0.9346
MZI,162,218,0.487519,1.1639
MZI,161,219,0.736465,1.7582
MZI,160,220,0.951373,2.2712
MZI,159,221,0.921899,2.2009
MZI,158,222,0.867136,2.0701
MZI,157,223,0.900724,2.1503
MZI,156,224,0.912575,2.1786
MZI,155,225,0.917753,2.1910
MZI,154,226,0.922734,2.2029
MZI,153,227,0.931027,2.2227
MZI,152,228,0.940478,2.2452
MZI,151,229,0.951408,2.2713
MZI,150,230,0.972860,2.3225
MZI,149,231,0.891767,2.1289
MZI,148,232,1.043708,2.4917
MZI,147,233,0.997816,2.3821
MZI,146,234,1.001506,2.3909
MZI,145,235,0.987103,2.3565
MZI,144,236,0.923728,2.2052
MZI,143,237,0.827775,1.9762
MZI,142,238,0.737026,1.7595
MZI,141,239,0.740277,1.7673
MZI,140,240,0.862753,2.0597
MZI,139,241,0.949486,2.2667
MZI,138,242,0.977640,2.3339
MZI,137,243,0.988802,2.3606
MZI,136,244,0.986894,2.3560
MZI,135,245,0.993411,2.3716
MZI,134,246,0.990877,2.3655
MZI,133,247,1.000807,2.3892
MZI,132,248,0.911831,2.1768
MZI,131,249,0.950746,2.2697
MZI,130,250,0.987529,2.3576
MZI,129,251,0.975177,2.3281
MZI,128,252,0.981387,2.3429
MZI,127,253,0.949328,2.2664
MZI,126,254,0.953813,2.2771
MZI,125,255,0.964233,2.3019
MZI,254,128,1.945751,4.6451
MZI,253,129,-0.871328,-2.0801
MZI,252,130,-2.673663,-6.3829
MZI,251,131,2.437891,5.8200
MZI,250,132,1.283505,3.0641
MZI,249,133,-0.182040,-0.4346
MZI,248,134,-0.030380,-0.0725
MZI,247,135,2.575837,6.1494
MZI,246,136,-1.574130,-3.7580
MZI,245,137,-1.733227,-4.1378
MZI,244,138,1.987750,4.7454
MZI,243,139,-2.501443,-5.9718
MZI,242,140,-2.007427,-4.7924
MZI,241,141,-2.595490,-6.1963
MZI,240,142,1.933159,4.6151
MZI,239,143,2.967099,7.0834
MZI,238,144,-1.514799,-3.6163
MZI,237,145,1.196111,2.8555
MZI,236,146,1.587028,3.7888
MZI,235,147,0.423547,1.0111
MZI,234,148,0.635243,1.5165
MZI,233,149,2.973958,7.0998
MZI,232,150,0.135172,0.3227
MZI,231,151,2.852781,6.8105
MZI,230,152,-0.891167,-2.1275
MZI,229,153,-1.536947,-3.6692
MZI,228,154,1.521818,3.6331
MZI,227,155,0.672103,1.6045
MZI,226,156,0.880786,2.1027
MZI,225,157,-2.384249,-5.6920
MZI,224,158,-1.697878,-4.0534
MZI,223,159,0.827861,1.9764
MZI,222,160,-0.353617,-0.8442
MZI,221,161,0.546693,1.3051
MZI,220,162,0.228901,0.5465
MZI,219,163,1.901522,4.5395
MZI,218,164,2.724499,6.5043
MZI,217,165,0.083648,0.1997
MZI,216,166,-0.876862,-2.0934
MZI,215,167,-0.703491,-1.6795
MZI,214,168,0.587866,1.4034
MZI,213,169,-2.151897,-5.1373
MZI,212,170,-2.394631,-5.7168
MZI,211,171,3.134327,7.4827
MZI,210,172,-2.299748,-5.4902
MZI,209,173,2.383264,5.6896
MZI,208,174,-1.700113,-4.0587
MZI,207,175,1.435335,3.4266
MZI,206,176,0.013883,0.0331
MZI,205,177,0.512002,1.2223
MZI,204,178,-1.220282,-2.9132
MZI,203,179,-3.010939,-7.1881
MZI,202,180,-0.336899,-0.8043
MZI,201,181,-1.986710,-4.7429
MZI,200,182,0.460449,1.0992
MZI,199,183,-0.702316,-1.6767
MZI,198,184,-0.140053,-0.3344
MZI,197,185,1.131576,2.7014
MZI,196,186,-2.148913,-5.1302
MZI,195,187,0.651451,1.5552
MZI,194,188,-0.590295,-1.4092
MZI,193,189,-1.183836,-2.8262
MZI,192,190,-1.452079,-3.4666
MZI,191,191,-1.543602,-3.6851
MZI,190,192,-1.605493,-3.8328
MZI,189,193,-1.728230,-4.1258
MZI,188,194,-1.742998,-4.1611
MZI,187,195,-0.586008,-1.3990
MZI,186,196,-0.552958,-1.3201
MZI,185,197,-0.792847,-1.8928
MZI,184,198,-0.676767,-1.6157
MZI,183,199,-0.541950,-1.2938
MZI,182,200,-1.034475,-2.4696
MZI,181,201,-2.969449,-7.0890
MZI,180,202,0.424107,1.0125
MZI,179,203,0.218686,0.5221
MZI,178,204,0.234300,0.5594
MZI,177,205,0.389615,0.9301
MZI,176,206,0.522823,1.2481
MZI,175,207,0.938953,2.2416
MZI,174,208,-1.678599,-4.0074
MZI,173,209,-0.457192,-1.0915
MZI,172,210,-0.202461,-0.4833
MZI,171,211,-0.067364,-0.1608
MZI,170,212,0.038054,0.0908
MZI,169,213,0.148020,0.3534
MZI,168,214,0.330527,0.7891
MZI,167,215,0.929505,2.2190
MZI,166,216,-2.116465,-5.0527
MZI,165,217,-0.645268,-1.5405
MZI,164,218,-0.361186,-0.8623
MZI,163,219,-0.116966,-0.2792
MZI,162,220,0.136475,0.3258
MZI,161,221,0.341434,0.8151
MZI,160,222,0.250488,0.5980
MZI,159,223,0.205415,0.4904
MZI,158,224,0.236107,0.5637
MZI,157,225,0.253104,0.6042
MZI,156,226,0.264833,0.6322
MZI,155,227,0.275475,0.6576
MZI,154,228,0.288523,0.6888
MZI,153,229,0.301800,0.7205
MZI,152,230,0.315672,0.7536
MZI,151,231,0.340549,0.8130
MZI,150,232,0.252473,0.6027
MZI,149,233,0.409969,0.9787
MZI,148,234,0.348162,0.8312
MZI,147,235,0.338494,0.8081
MZI,146,236,0.308713,0.7370
MZI,145,237,0.239657,0.5721
MZI,144,238,0.165755,0.3957
MZI,143,239,0.131425,0.3138
MZI,142,240,0.176334,0.4210
MZI,141,241,0.264544,0.6316
MZI,140,242,0.322080,0.7689
MZI,139,243,0.346918,0.8282
MZI,138,244,0.361399,0.8628
MZI,137,245,0.362035,0.8643
MZI,136,246,0.371275,0.8864
MZI,135,247,0.370042,0.8834
MZI,134,248,0.384797,0.9186
MZI,133,249,0.276505,0.6601
MZI,132,250,0.322842,0.7707
MZI,131,251,0.362255,0.8648
MZI,130,252,0.346132,0.8263
MZI,129,253,0.351107,0.8382
MZI,128,254,0.306928,0.7327
MZI,127,255,0.301625,0.7201
MZI,254,130,0.281032,0.6709
MZI,253,131,-2.684428,-6.4086
MZI,252,132,-1.272223,-3.0372
MZI,251,133,2.640367,6.3034
MZI,250,134,-1.996788,-4.7670
MZI,249,135,-0.660589,-1.5770
MZI,248,136,2.284619,5.4541
MZI,247,137,0.643161,1.5354
MZI,246,138,-0.881543,-2.1045
MZI,245,139,-1.633332,-3.8993
MZI,244,140,-2.344015,-5.5959
MZI,243,141,0.260166,0.6211
MZI,242,142,-1.942136,-4.6365
MZI,241,143,-1.075504,-2.5676
MZI,240,144,-2.431557,-5.8049
MZI,239,145,0.822461,1.9635
MZI,238,146,0.148138,0.3537
MZI,237,147,0.313948,0.7495
MZI,236,148,1.762681,4.2081
MZI,235,149,1.659050,3.9607
MZI,234,150,2.043400,4.8783
MZI,233,151,1.402633,3.3485
MZI,232,152,-0.648032,-1.5471
MZI,231,153,0.469195,1.1201
MZI,230,154,-2.260757,-5.3972
MZI,229,155,1.852831,4.4233
MZI,228,156,-0.002921,-0.0070
MZI,227,157,-1.445557,-3.4510
MZI,226,158,1.339501,3.1978
MZI,225,159,1.329971,3.1751
MZI,224,160,-0.027916,-0.0666
MZI,223,161,1.463861,3.4947
MZI,222,162,-2.630305,-6.2794
MZI,221,163,0.519217,1.2395
MZI,220,164,0.491151,1.1725
MZI,219,165,2.722100,6.4985
MZI,218,166,1.638369,3.9113
MZI,217,167,2.774492,6.6236
MZI,216,168,-3.106110,-7.4153
MZI,215,169,0.496035,1.1842
MZI,214,170,-0.880525,-2.1021
MZI,213,171,2.315514,5.5279
MZI,212,172,-0.037141,-0.0887
MZI,211,173,-1.395176,-3.3307
MZI,210,174,-1.895867,-4.5261
MZI,209,175,1.996955,4.7674
MZI,208,176,0.589472,1.4073
MZI,207,177,1.769814,4.2251
MZI,206,178,1.172666,2.7995
MZI,205,179,1.971626,4.7069
MZI,204,180,1.133336,2.7056
MZI,203,181,-1.388307,-3.3143
MZI,202,182,-2.185235,-5.2169
MZI,201,183,-2.473079,-5.9040
MZI,200,184,-2.879796,-6.8750
MZI,199,185,2.786020,6.6511
MZI,198,186,1.776068,4.2401
MZI,197,187,-2.543862,-6.0730
MZI,196,188,2.975453,7.1034
MZI,195,189,2.991655,7.1420
MZI,194,190,-3.100268,-7.4013
MZI,193,191,-2.993239,-7.1458
MZI,192,192,-2.953684,-7.0514
MZI,191,193,-2.933143,-7.0024
MZI,190,194,-2.910065,-6.9473
MZI,189,195,-3.029804,-7.2331
MZI,188,196,2.109363,5.0357
MZI,187,197,2.918666,6.9678
MZI,186,198,-2.738331,-6.5373
MZI,185,199,-2.620413,-6.2558
MZI,184,200,-2.922859,-6.9778
MZI,183,201,2.594087,6.1929
MZI,182,202,1.490388,3.5580
MZI,181,203,1.942923,4.6384
MZI,180,204,1.317664,3.1457
MZI,179,205,-2.737269,-6.5347
MZI,178,206,2.983552,7.1227
MZI,177,207,3.021735,7.2139
MZI,176,208,-3.057343,-7.2989
MZI,175,209,2.145239,5.1214
MZI,174,210,1.887704,4.5066
MZI,173,211,2.008742,4.7955
MZI,172,212,2.270996,5.4216
MZI,171,213,2.575386,6.1483
MZI,170,214,2.846475,6.7955
MZI,169,215,3.115441,7.4376
MZI,168,216,-2.878060,-6.8709
MZI,167,217,2.450186,5.8494
MZI,166,218,2.095754,5.0032
MZI,165,219,2.344049,5.5960
MZI,164,220,2.673271,6.3820
MZI,163,221,3.031346,7.2368
MZI,162,222,-3.032382,-7.2393
MZI,161,223,3.116574,7.4403
MZI,160,224,3.091750,7.3810
MZI,159,225,3.132187,7.4775
MZI,158,226,-3.121876,-7.4529
MZI,157,227,-3.097128,-7.3938
MZI,156,228,-3.073873,-7.3383
MZI,155,229,-3.048822,-7.2785
MZI,154,230,-3.024657,-7.2208
MZI,153,231,-3.001158,-7.1647
MZI,152,232,-2.966067,-7.0810
MZI,151,233,-3.059925,-7.3050
MZI,150,234,-2.886328,-6.8906
MZI,149,235,-2.960928,-7.0687
MZI,148,236,-2.974040,-7.1000
MZI,147,237,-3.001766,-7.1662
MZI,146,238,-3.053507,-7.2897
MZI,145,239,-3.085978,-7.3672
MZI,144,240,-3.069158,-7.3271
MZI,143,241,-3.006301,-7.1770
MZI,142,242,-2.932034,-6.9997
MZI,141,243,-2.880916,-6.8777
MZI,140,244,-2.849399,-6.8024
MZI,139,245,-2.823188,-6.7399
MZI,138,246,-2.811028,-6.7108
MZI,137,247,-2.788881,-6.6580
MZI,136,248,-2.778131,-6.6323
MZI,135,249,-2.744189,-6.5513
MZI,134,250,-2.871075,-6.8542
MZI,133,251,-2.799179,-6.6825
MZI,132,252,-2.741994,-6.5460
MZI,131,253,-2.748371,-6.5613
MZI,130,254,-2.727072,-6.5104
MZI,129,255,-2.773914,-6.6222
MZI,254,132,-0.996124,-2.3781
MZI,253,133,-1.526037,-3.6431
MZI,252,134,-0.129137,-0.3083
MZI,251,135,-0.606966,-1.4490
MZI,250,136,0.821237,1.9606
MZI,249,137,1.068270,2.5503
MZI,248,138,1.248582,2.9808
MZI,247,139,-2.051633,-4.8979
MZI,246,140,-2.866450,-6.8431
MZI,245,141,-2.091047,-4.9920
MZI,244,142,-0.734002,-1.7523
MZI,243,143,-2.069362,-4.9402
MZI,242,144,0.570027,1.3608
MZI,241,145,-2.650722,-6.3281
MZI,240,146,0.683901,1.6327
MZI,239,147,0.805900,1.9239
MZI,238,148,3.127642,7.4667
MZI,237,149,-2.759214,-6.5871
MZI,236,150,2.765934,6.6032
MZI,235,151,-1.200541,-2.8661
MZI,234,152,1.935079,4.6197
MZI,233,153,1.679088,4.0085
MZI,232,154,1.958348,4.6752
MZI,231,155,-2.578501,-6.1557
MZI,230,156,1.742904,4.1609
MZI,229,157,-0.785902,-1.8762
MZI,228,158,0.056961,0.1360
MZI,227,159,-3.118027,-7.4437
MZI,226,160,-0.152896,-0.3650
MZI,225,161,-0.638211,-1.5236
MZI,224,162,-1.631285,-3.8944
MZI,223,163,2.848865,6.8012
MZI,222,164,-0.643642,-1.5366
MZI,221,165,-3.106779,-7.4169
MZI,220,166,1.991113,4.7534
MZI,219,167,-3.019392,-7.2083
MZI,218,168,-2.493681,-5.9532
MZI,217,169,1.307643,3.1218
MZI,216,170,-0.214626,-0.5124
MZI,215,171,0.196268,0.4686
MZI,214,172,1.897414,4.5297
MZI,213,173,-0.174263,-0.4160
MZI,212,174,0.023131,0.0552
MZI,211,175,1.249495,2.9829
MZI,210,176,-1.573164,-3.7557
MZI,209,177,-0.689750,-1.6467
MZI,208,178,2.314204,5.5248
MZI,207,179,-2.410759,-5.7553
MZI,206,180,-1.913367,-4.5678
MZI,205,181,1.645611,3.9286
MZI,204,182,0.174712,0.4171
MZI,203,183,0.919913,2.1961
MZI,202,184,2.035743,4.8600
MZI,201,185,2.268596,5.4159
MZI,200,186,0.992152,2.3686
MZI,199,187,-0.098683,-0.2356
MZI,198,188,0.828847,1.9787
MZI,197,189,-3.036478,-7.2491
MZI,196,190,0.867106,2.0701
MZI,195,191,0.733533,1.7512
MZI,194,192,0.658241,1.5714
MZI,193,193,0.628521,1.5005
MZI,192,194,0.600667,1.4340
MZI,191,195,0.531389,1.2686
MZI,190,196,0.424771,1.0141
MZI,189,197,1.107952,2.6450
MZI,188,198,1.556792,3.7166
MZI,187,199,1.048452,2.5030
MZI,186,200,1.085056,2.5904
MZI,185,201,0.485779,1.1597
MZI,184,202,0.025210,0.0602
MZI,183,203,1.879971,4.4881
MZI,182,204,-0.158480,-0.3783
MZI,181,205,-0.582179,-1.3899
MZI,180,206,1.649248,3.9373
MZI,179,207,0.984348,2.3500
MZI,178,208,0.863187,2.0607
MZI,177,209,0.730685,1.7444
MZI,176,210,0.506585,1.2094
MZI,175,211,0.343890,0.8210
MZI,174,212,0.223951,0.5346
MZI,173,213,0.662299,1.5811
MZI,172,214,1.408799,3.3633
MZI,171,215,1.416272,3.3811
MZI,170,216,1.294438,3.0902
MZI,169,217,1.067492,2.5485
MZI,168,218,0.732494,1.7487
MZI,167,219,0.500664,1.1952
MZI,166,220,0.509271,1.2158
MZI,165,221,0.842762,2.0119
MZI,164,222,1.399385,3.3408
MZI,163,223,1.284010,3.0653
MZI,162,224,1.119586,2.6728
MZI,161,225,1.091702,2.6062
MZI,160,226,1.120060,2.6739
MZI,159,227,1.142157,2.7267
MZI,158,228,1.160026,2.7694
MZI,157,229,1.175103,2.8054
MZI,156,230,1.190649,2.8425
MZI,155,231,1.204052,2.8745
MZI,154,232,1.215431,2.9016
MZI,153,233,1.240382,2.9612
MZI,152,234,1.119904,2.6736
MZI,151,235,1.285865,3.0698
MZI,150,236,1.187670,2.8354
MZI,149,237,1.164776,2.7807
MZI,148,238,1.138768,2.7186
MZI,147,239,1.104777,2.6375
MZI,146,240,1.101925,2.6307
MZI,145,241,1.138259,2.7174
MZI,144,242,1.195201,2.8533
MZI,143,243,1.253681,2.9929
MZI,142,244,1.294780,3.0911
MZI,141,245,1.323649,3.1600
MZI,140,246,1.350469,3.2240
MZI,139,247,1.363044,3.2540
MZI,138,248,1.387436,3.3123
MZI,137,249,1.400809,3.3442
MZI,136,250,1.450238,3.4622
MZI,135,251,1.282826,3.0625
MZI,134,252,1.382838,3.3013
MZI,133,253,1.456898,3.4781
MZI,132,254,1.462652,3.4918
MZI,131,255,1.522751,3.6353
MZI,254,134,-1.944012,-4.6410
MZI,253,135,1.574760,3.7595
MZI,252,136,-2.893861,-6.9086
MZI,251,137,0.932388,2.2259
MZI,250,138,-0.914324,-2.1828
MZI,249,139,1.023688,2.4439
MZI,248,140,1.901307,4.5390
MZI,247,141,2.601017,6.2095
MZI,246,142,1.939465,4.6301
MZI,245,143,0.932335,2.2258
MZI,244,144,1.544523,3.6873
MZI,243,145,1.186168,2.8318
MZI,242,146,0.588408,1.4047
MZI,241,147,-1.964966,-4.6910
MZI,240,148,-2.916956,-6.9637
MZI,239,149,-0.745226,-1.7791
MZI,238,150,2.872053,6.8565
MZI,237,151,-2.484897,-5.9323
MZI,236,152,2.138908,5.1063
MZI,235,153,2.817454,6.7262
MZI,234,154,-2.447239,-5.8424
MZI,233,155,-2.744731,-6.5526
MZI,232,156,-0.572493,-1.3667
MZI,231,157,3.121051,7.4510
MZI,230,158,2.771238,6.6158
MZI,229,159,-2.031280,-4.8493
MZI,228,160,-0.887393,-2.1185
MZI,227,161,-1.648876,-3.9364
MZI,226,162,2.531515,6.0435
MZI,225,163,0.372787,0.8900
MZI,224,164,-3.048256,-7.2772
MZI,223,165,-2.402383,-5.7353
MZI,222,166,-0.946402,-2.2594
MZI,221,167,-2.535624,-6.0534
MZI,220,168,-2.244426,-5.3582
MZI,219,169,-1.054956,-2.5185
MZI,218,170,-3.020525,-7.2110
MZI,217,171,-2.786041,-6.6512
MZI,216,172,2.936495,7.0104
MZI,215,173,-0.824686,-1.9688
MZI,214,174,-2.556212,-6.1025
MZI,213,175,-3.076562,-7.3448
MZI,212,176,0.235902,0.5632
MZI,211,177,2.114463,5.0479
MZI,210,178,-2.627533,-6.2728
MZI,209,179,-1.092253,-2.6076
MZI,208,180,-1.901083,-4.5385
MZI,207,181,-2.775670,-6.6264
MZI,206,182,0.524393,1.2519
MZI,205,183,2.535470,6.0530
MZI,204,184,-1.320863,-3.1533
MZI,203,185,2.179049,5.2021
MZI,202,186,0.423533,1.0111
MZI,201,187,0.293012,0.6995
MZI,200,188,-2.968945,-7.0878
MZI,199,189,2.219240,5.2980
MZI,198,190,1.276358,3.0471
MZI,197,191,-2.486222,-5.9354
MZI,196,192,-2.369122,-5.6559
MZI,195,193,-2.321961,-5.5433
MZI,194,194,-2.304743,-5.5022
MZI,193,195,-2.301820,-5.4952
MZI,192,196,-2.331008,-5.5649
MZI,191,197,-2.474097,-5.9065
MZI,190,198,2.486009,5.9349
MZI,189,199,0.289806,0.6919
MZI,188,200,-0.419642,-1.0018
MZI,187,201,-0.768399,-1.8344
MZI,186,202,0.289880,0.6920
MZI,185,203,-1.868162,-4.4599
MZI,184,204,-1.830188,-4.3693
MZI,183,205,0.711777,1.6992
MZI,182,206,0.330577,0.7892
MZI,181,207,-1.060665,-2.5322
MZI,180,208,-0.603163,-1.4399
MZI,179,209,-0.578974,-1.3822
MZI,178,210,-0.705345,-1.6839
MZI,177,211,-0.815616,-1.9471
MZI,176,212,-0.871527,-2.0806
MZI,175,213,-0.413789,-0.9878
MZI,174,214,0.416019,0.9932
MZI,173,215,-0.673598,-1.6081
MZI,172,216,-1.061785,-2.5348
MZI,171,217,-1.312296,-3.1329
MZI,170,218,-1.535981,-3.6669
MZI,169,219,-1.739439,-4.1526
MZI,168,220,-1.922580,-4.5898
MZI,167,221,-1.975518,-4.7162
MZI,166,222,-1.067136,-2.5476
MZI,165,223,-1.026814,-2.4513
MZI,164,224,-1.419212,-3.3881
MZI,163,225,-1.531073,-3.6552
MZI,162,226,-1.565116,-3.7364
MZI,161,227,-1.557081,-3.7173
MZI,160,228,-1.551651,-3.7043
MZI,159,229,-1.549543,-3.6993
MZI,158,230,-1.550984,-3.7027
MZI,157,231,-1.553087,-3.7077
MZI,156,232,-1.558183,-3.7199
MZI,155,233,-1.566052,-3.7387
MZI,154,234,-1.557340,-3.7179
MZI,153,235,-1.704395,-4.0689
MZI,152,236,-1.557989,-3.7194
MZI,151,237,-1.667951,-3.9819
MZI,150,238,-1.694436,-4.0452
MZI,149,239,-1.714474,-4.0930
MZI,148,240,-1.735345,-4.1428
MZI,147,241,-1.729521,-4.1289
MZI,146,242,-1.700806,-4.0604
MZI,145,243,-1.665360,-3.9758
MZI,144,244,-1.630496,-3.8925
MZI,143,245,-1.609488,-3.8424
MZI,142,246,-1.596665,-3.8118
MZI,141,247,-1.584494,-3.7827
MZI,140,248,-1.588243,-3.7917
MZI,139,249,-1.579762,-3.7714
MZI,138,250,-1.582417,-3.7777
MZI,137,251,-1.528443,-3.6489
MZI,136,252,-1.814647,-4.3321
MZI,135,253,-1.714817,-4.0938
MZI,134,254,-1.667159,-3.9800
MZI,133,255,-1.716823,-4.0986
MZI,254,136,-1.456669,-3.4775
MZI,253,137,-1.758669,-4.1985
MZI,252,138,-0.577484,-1.3786
MZI,251,139,2.318891,5.5359
MZI,250,140,0.720783,1.7207
MZI,249,141,2.396862,5.7221
MZI,248,142,-2.383220,-5.6895
MZI,247,143,-1.592174,-3.8010
MZI,246,144,2.254753,5.3828
MZI,245,145,-3.021236,-7.2127
MZI,244,146,-1.048656,-2.5035
MZI,243,147,-1.891781,-4.5163
MZI,242,148,-3.082505,-7.3589
MZI,241,149,-0.999331,-2.3857
MZI,240,150,-1.727387,-4.1238
MZI,239,151,-0.562026,-1.3417
MZI,238,152,-0.436616,-1.0423
MZI,237,153,-2.497332,-5.9619
MZI,236,154,-1.709625,-4.0814
MZI,235,155,0.016325,0.0390
MZI,234,156,-1.754672,-4.1890
MZI,233,157,-2.635375,-6.2915
MZI,232,158,0.376673,0.8992
MZI,231,159,-0.171742,-0.4100
MZI,230,160,-2.185159,-5.2167
MZI,229,161,2.508917,5.9896
MZI,228,162,-1.475478,-3.5224
MZI,227,163,0.897017,2.1415
MZI,226,164,0.879216,2.0990
MZI,225,165,-1.414556,-3.3770
MZI,224,166,-1.380240,-3.2951
MZI,223,167,0.223179,0.5328
MZI,222,168,-0.723723,-1.7278
MZI,221,169,-2.688680,-6.4188
MZI,220,170,-0.711010,-1.6974
MZI,219,171,2.188288,5.2242
MZI,218,172,-1.706246,-4.0734
MZI,217,173,-0.428124,-1.0221
MZI,216,174,2.747356,6.5588
MZI,215,175,0.528545,1.2618
MZI,214,176,-1.652586,-3.9453
MZI,213,177,2.511337,5.9954
MZI,212,178,2.536491,6.0554
MZI,211,179,1.320851,3.1533
MZI,210,180,2.515670,6.0057
MZI,209,181,2.853704,6.8127
MZI,208,182,0.515532,1.2307
MZI,207,183,-2.475730,-5.9104
MZI,206,184,-1.738014,-4.1492
MZI,205,185,-2.588342,-6.1792
MZI,204,186,-2.608441,-6.2272
MZI,203,187,1.427342,3.4075
MZI,202,188,3.033005,7.2408
MZI,201,189,2.210309,5.2767
MZI,200,190,-3.118870,-7.4458
MZI,199,191,0.795429,1.8989
MZI,198,192,1.574048,3.7578
MZI,197,193,1.884835,4.4997
MZI,196,194,2.047368,4.8877
MZI,195,195,2.106217,5.0282
MZI,194,196,2.163766,5.1656
MZI,193,197,2.334594,5.5734
MZI,192,198,2.677398,6.3918
MZI,191,199,-3.025282,-7.2223
MZI,190,200,-2.073890,-4.9510
MZI,189,201,-0.840002,-2.0054
MZI,188,202,-0.693117,-1.6547
MZI,187,203,-1.088941,-2.5997
MZI,186,204,2.489433,5.9431
MZI,185,205,2.344642,5.5974
MZI,184,206,0.578453,1.3810
MZI,183,207,1.547778,3.6950
MZI,182,208,-2.218520,-5.2963
MZI,181,209,1.595042,3.8079
MZI,180,210,2.052866,4.9009
MZI,179,211,2.323329,5.5465
MZI,178,212,2.257484,5.3893
MZI,177,213,2.018172,4.8180
MZI,176,214,1.095016,2.6142
MZI,175,215,-0.871818,-2.0813
MZI,174,216,-1.362181,-3.2520
MZI,173,217,-1.746342,-4.1691
MZI,172,218,-1.967104,-4.6961
MZI,171,219,-2.069272,-4.9400
MZI,170,220,-2.131498,-5.0886
MZI,169,221,-2.202338,-5.2577
MZI,168,222,-2.411483,-5.7570
MZI,167,223,0.241171,0.5758
MZI,166,224,-1.255554,-2.9974
MZI,165,225,-1.455052,-3.4737
MZI,164,226,-1.489593,-3.5561
MZI,163,227,-1.457946,-3.4806
MZI,162,228,-1.404641,-3.3533
MZI,161,229,-1.360579,-3.2481
MZI,160,230,-1.321106,-3.1539
MZI,159,231,-1.286932,-3.0723
MZI,158,232,-1.256072,-2.9987
MZI,157,233,-1.231535,-2.9401
MZI,156,234,-1.212046,-2.8935
MZI,155,235,-1.175053,-2.8052
MZI,154,236,-1.295863,-3.0936
MZI,153,237,-1.115381,-2.6628
MZI,152,238,-1.194498,-2.8517
MZI,151,239,-1.181993,-2.8218
MZI,150,240,-1.159911,-2.7691
MZI,149,241,-1.140644,-2.7231
MZI,148,242,-1.103818,-2.6352
MZI,147,243,-1.054785,-2.5181
MZI,146,244,-1.004720,-2.3986
MZI,145,245,-0.954914,-2.2797
MZI,144,246,-0.917509,-2.1904
MZI,143,247,-0.885471,-2.1139
MZI,142,248,-0.851645,-2.0332
MZI,141,249,-0.833194,-1.9891
MZI,140,250,-0.796733,-1.9021
MZI,139,251,-0.761807,-1.8187
MZI,138,252,-0.624198,-1.4902
MZI,137,253,-1.078522,-2.5748
MZI,136,254,-0.876395,-2.0922
MZI,135,255,-0.764547,-1.8252
MZI,254,138,-2.906577,-6.9389
MZI,253,139,-0.685471,-1.6364
MZI,252,140,1.055359,2.5195
MZI,251,141,2.754150,6.5750
MZI,250,142,0.419407,1.0013
MZI,249,143,0.567074,1.3538
MZI,248,144,0.413185,0.9864
MZI,247,145,-1.549588,-3.6994
MZI,246,146,2.573217,6.1431
MZI,245,147,-1.164422,-2.7799
MZI,244,148,-1.563349,-3.7322
MZI,243,149,-2.825170,-6.7446
MZI,242,150,0.444399,1.0609
MZI,241,151,2.075212,4.9542
MZI,240,152,-1.724304,-4.1165
MZI,239,153,1.810436,4.3221
MZI,238,154,-2.562382,-6.1172
MZI,237,155,-1.615808,-3.8575
MZI,236,156,1.325745,3.1650
MZI,235,157,-0.858632,-2.0498
MZI,234,158,2.633472,6.2870
MZI,233,159,1.269943,3.0318
MZI,232,160,-3.076198,-7.3439
MZI,231,161,2.572052,6.1403
MZI,230,162,-0.356948,-0.8522
MZI,229,163,1.366419,3.2621
MZI,228,164,1.750239,4.1784
MZI,227,165,-0.318242,-0.7597
MZI,226,166,-1.455413,-3.4745
MZI,225,167,2.021408,4.8258
MZI,224,168,-2.953030,-7.0498
MZI,223,169,1.810521,4.3223
MZI,222,170,0.774726,1.8495
MZI,221,171,2.529118,6.0378
MZI,220,172,2.739030,6.5390
MZI,219,173,-2.926565,-6.9867
MZI,218,174,2.590073,6.1833
MZI,217,175,0.171727,0.4100
MZI,216,176,-3.057283,-7.2987
MZI,215,177,-2.655034,-6.3384
MZI,214,178,0.626807,1.4964
MZI,213,179,0.849425,2.0279
MZI,212,180,2.447609,5.8432
MZI,211,181,0.972168,2.3209
MZI,210,182,2.150139,5.1331
MZI,209,183,2.488572,5.9410
MZI,208,184,-2.143751,-5.1178
MZI,207,185,2.341248,5.5893
MZI,206,186,2.666530,6.3659
MZI,205,187,3.004319,7.1723
MZI,204,188,-0.710294,-1.6957
MZI,203,189,-1.976277,-4.7180
MZI,202,190,3.140532,7.4975
MZI,201,191,-3.068998,-7.3267
MZI,200,192,-1.142043,-2.7264
MZI,199,193,-2.315565,-5.5280
MZI,198,194,-2.673323,-6.3821
MZI,197,195,-2.795779,-6.6744
MZI,196,196,-2.827945,-6.7512
MZI,195,197,-2.840149,-6.7804
MZI,194,198,-2.839407,-6.7786
MZI,193,199,-2.754523,-6.5759
MZI,192,200,-2.540590,-6.0652
MZI,191,201,-2.426428,-5.7927
MZI,190,202,-2.484111,-5.9304
MZI,189,203,-1.232575,-2.9426
MZI,188,204,2.008505,4.7950
MZI,187,205,2.822783,6.7389
MZI,186,206,-3.011520,-7.1895
MZI,185,207,-1.652092,-3.9441
MZI,184,208,-3.001667,-7.1660
MZI,183,209,2.852173,6.8091
MZI,182,210,-1.002799,-2.3940
MZI,181,211,-1.487992,-3.5523
MZI,180,212,-1.915758,-4.5735
MZI,179,213,-2.187802,-5.2230
MZI,178,214,-2.499031,-5.9660
MZI,177,215,-2.790697,-6.6623
MZI,176,216,-2.914277,-6.9573
MZI,175,217,-2.898965,-6.9208
MZI,174,218,-2.821143,-6.7350
MZI,173,219,-2.805518,-6.6977
MZI,172,220,-2.848190,-6.7996
MZI,171,221,-2.916967,-6.9637
MZI,170,222,-2.991033,-7.1406
MZI,169,223,-3.059500,-7.3040
MZI,168,224,3.028208,7.2293
MZI,167,225,-2.840028,-6.7801
MZI,166,226,-2.821780,-6.7365
MZI,165,227,-2.850947,-6.8061
MZI,164,228,-2.885371,-6.8883
MZI,163,229,-2.908167,-6.9427
MZI,162,230,-2.938885,-7.0161
MZI,161,231,-2.977639,-7.1086
MZI,160,232,-3.026737,-7.2258
MZI,159,233,-3.081918,-7.3575
MZI,158,234,3.141447,7.4997
MZI,157,235,3.080948,7.3552
MZI,156,236,3.050387,7.2823
MZI,155,237,2.844318,6.7903
MZI,154,238,2.967359,7.0840
MZI,153,239,2.844496,6.7907
MZI,152,240,2.816101,6.7229
MZI,151,241,2.799244,6.6827
MZI,150,242,2.776246,6.6278
MZI,149,243,2.765406,6.6019
MZI,148,244,2.761994,6.5938
MZI,147,245,2.756625,6.5810
MZI,146,246,2.749919,6.5649
MZI,145,247,2.729765,6.5168
MZI,144,248,2.705815,6.4597
MZI,143,249,2.687063,6.4149
MZI,142,250,2.657821,6.3451
MZI,141,251,2.662706,6.3567
MZI,140,252,2.688155,6.4175
MZI,139,253,2.732658,6.5237
MZI,138,254,1.825418,4.3579
MZI,137,255,2.091081,4.9921
MZI,254,140,-1.966340,-4.6943
MZI,253,141,-2.028179,-4.8419
MZI,252,142,1.395328,3.3311
MZI,251,143,-2.067354,-4.9354
MZI,250,144,0.173951,0.4153
MZI,249,145,1.533669,3.6614
MZI,248,146,1.097093,2.6191
MZI,247,147,1.472040,3.5142
MZI,246,148,-0.823594,-1.9662
MZI,245,149,-1.457688,-3.4800
MZI,244,150,2.606992,6.2237
MZI,243,151,0.786310,1.8772
MZI,242,152,-0.663959,-1.5851
MZI,241,153,0.289721,0.6917
MZI,240,154,2.046025,4.8845
MZI,239,155,-0.501012,-1.1961
MZI,238,156,0.311655,0.7440
MZI,237,157,2.096911,5.0060
MZI,236,158,-2.238543,-5.3441
MZI,235,159,-1.498099,-3.5764
MZI,234,160,0.114427,0.2732
MZI,233,161,-0.735216,-1.7552
MZI,232,162,-1.539133,-3.6744
MZI,231,163,-1.162172,-2.7745
MZI,230,164,-2.461786,-5.8771
MZI,229,165,-2.034893,-4.8579
MZI,228,166,1.890486,4.5132
MZI,227,167,3.085425,7.3659
MZI,226,168,1.725085,4.1183
MZI,225,169,1.349481,3.2216
MZI,224,170,0.892734,2.1312
MZI,223,171,1.135372,2.7105
MZI,222,172,-2.325195,-5.5510
MZI,221,173,2.533635,6.0486
MZI,220,174,1.939741,4.6308
MZI,219,175,-1.006809,-2.4036
MZI,218,176,-3.019024,-7.2074
MZI,217,177,1.759106,4.1996
MZI,216,178,-2.711842,-6.4740
MZI,215,179,0.661794,1.5799
MZI,214,180,2.495712,5.9581
MZI,213,181,-0.563287,-1.3447
MZI,212,182,2.815352,6.7212
MZI,211,183,0.188697,0.4505
MZI,210,184,1.797952,4.2923
MZI,209,185,-2.338234,-5.5821
MZI,208,186,-0.136660,-0.3263
MZI,207,187,-0.449074,-1.0721
MZI,206,188,-0.776688,-1.8542
MZI,205,189,-0.349721,-0.8349
MZI,204,190,-0.094485,-0.2256
MZI,203,191,3.016466,7.2013
MZI,202,192,-1.406994,-3.3590
MZI,201,193,1.116071,2.6644
MZI,200,194,-2.813851,-6.7176
MZI,199,195,-2.718628,-6.4902
MZI,198,196,-2.834920,-6.7679
MZI,197,197,-2.901629,-6.9271
MZI,196,198,-2.981993,-7.1190
MZI,195,199,3.024666,7.2209
MZI,194,200,2.254289,5.3817
MZI,193,201,0.695564,1.6605
MZI,192,202,-0.465690,-1.1118
MZI,191,203,-1.279692,-3.0550
MZI,190,204,-2.702390,-6.4515
MZI,189,205,0.122345,0.2921
MZI,188,206,-1.470756,-3.5112
MZI,187,207,3.086847,7.3693
MZI,186,208,-3.013378,-7.1939
MZI,185,209,-1.385144,-3.3068
MZI,184,210,0.050602,0.1208
MZI,183,211,0.569571,1.3597
MZI,182,212,0.225263,0.5378
MZI,181,213,-0.208440,-0.4976
MZI,180,214,-0.641498,-1.5315
MZI,179,215,-0.925594,-2.2097
MZI,178,216,-0.793973,-1.8955
MZI,177,217,-0.662325,-1.5812
MZI,176,218,-0.564255,-1.3471
MZI,175,219,-0.523568,-1.2499
MZI,174,220,-0.541621,-1.2930
MZI,173,221,-0.579640,-1.3838
MZI,172,222,-0.604901,-1.4441
MZI,171,223,-0.588841,-1.4058
MZI,170,224,-0.593763,-1.4175
MZI,169,225,-0.164275,-0.3922
MZI,168,226,-0.145065,-0.3463
MZI,167,227,-0.134334,-0.3207
MZI,166,228,-0.168045,-0.4012
MZI,165,229,-0.190188,-0.4540
MZI,164,230,-0.194864,-0.4652
MZI,163,231,-0.206412,-0.4928
MZI,162,232,-0.220326,-0.5260
MZI,161,233,-0.236597,-0.5648
MZI,160,234,-0.247699,-0.5913
MZI,159,235,-0.251937,-0.6015
MZI,158,236,-0.244506,-0.5837
MZI,157,237,-0.191664,-0.4576
MZI,156,238,-0.321640,-0.7679
MZI,155,239,-0.085969,-0.2052
MZI,154,240,-0.138333,-0.3302
MZI,153,241,-0.090188,-0.2153
MZI,152,242,-0.038867,-0.0928
MZI,151,243,-0.004553,-0.0109
MZI,150,244,0.034164,0.0816
MZI,149,245,0.076619,0.1829
MZI,148,246,0.115743,0.2763
MZI,147,247,0.154072,0.3678
MZI,146,248,0.174741,0.4172
MZI,145,249,0.185068,0.4418
MZI,144,250,0.186793,0.4459
MZI,143,251,0.139214,0.3324
MZI,142,252,0.056100,0.1339
MZI,141,253,-0.200781,-0.4793
MZI,140,254,-0.847211,-2.0226
MZI,139,255,-1.967308,-4.6966
MZI,254,142,1.055021,2.5187
MZI,253,143,-2.754988,-6.5770
MZI,252,144,2.593479,6.1915
MZI,251,145,-0.099636,-0.2379
MZI,250,146,-0.665788,-1.5895
MZI,249,147,-3.033671,-7.2424
MZI,248,148,-2.367047,-5.6509
MZI,247,149,-2.349816,-5.6098
MZI,246,150,0.654677,1.5629
MZI,245,151,2.359969,5.6340
MZI,244,152,-2.355294,-5.6228
MZI,243,153,2.619879,6.2545
MZI,242,154,1.959721,4.6785
MZI,241,155,-0.232399,-0.5548
MZI,240,156,-2.246781,-5.3638
MZI,239,157,-3.059963,-7.3051
MZI,238,158,-2.899572,-6.9222
MZI,237,159,-1.356607,-3.2387
MZI,236,160,0.646707,1.5439
MZI,235,161,2.559814,6.1111
MZI,234,162,-1.806059,-4.3116
MZI,233,163,1.832998,4.3760
MZI,232,164,-2.981608,-7.1181
MZI,231,165,2.551515,6.0913
MZI,230,166,2.791265,6.6637
MZI,229,167,-0.688430,-1.6435
MZI,228,168,1.285836,3.0697
MZI,227,169,-2.103174,-5.0210
MZI,226,170,-1.220946,-2.9148
MZI,225,171,-2.259657,-5.3945
MZI,224,172,-0.615804,-1.4701
MZI,223,173,-0.897975,-2.1438
MZI,222,174,0.381740,0.9113
MZI,221,175,0.612021,1.4611
MZI,220,176,1.640481,3.9164
MZI,219,177,-1.474251,-3.5195
MZI,218,178,-1.637597,-3.9095
MZI,217,179,2.352231,5.6155
MZI,216,180,1.632012,3.8961
MZI,215,181,1.410573,3.3675
MZI,214,182,-1.938621,-4.6281
MZI,213,183,-2.501812,-5.9726
MZI,212,184,-2.593217,-6.1908
MZI,211,185,-3.038824,-7.2547
MZI,210,186,-2.222647,-5.3062
MZI,209,187,-2.579809,-6.1588
MZI,208,188,-1.083363,-2.5863
MZI,207,189,-2.448740,-5.8459
MZI,206,190,2.590989,6.1855
MZI,205,191,1.718151,4.1018
MZI,204,192,-2.183476,-5.2127
MZI,203,193,3.020306,7.2104
MZI,202,194,0.175607,0.4192
MZI,201,195,-2.881722,-6.8796
MZI,200,196,3.066868,7.3216
MZI,199,197,2.964136,7.0764
MZI,198,198,2.939194,7.0168
MZI,197,199,2.917579,6.9652
MZI,196,200,2.869146,6.8496
MZI,195,201,2.920562,6.9723
MZI,194,202,-2.939676,-7.0180
MZI,193,203,-2.941994,-7.0235
MZI,192,204,3.000010,7.1620
MZI,191,205,2.732251,6.5228
MZI,190,206,3.061120,7.3079
MZI,189,207,-2.768044,-6.6082
MZI,188,208,2.166385,5.1719
MZI,187,209,3.094649,7.3879
MZI,186,210,-2.764960,-6.6009
MZI,185,211,3.003144,7.1695
MZI,184,212,2.532150,6.0451
MZI,183,213,2.550975,6.0900
MZI,182,214,2.693175,6.4295
MZI,181,215,2.837175,6.7733
MZI,180,216,2.873453,6.8599
MZI,179,217,2.755572,6.5784
MZI,178,218,2.641528,6.3062
MZI,177,219,2.552131,6.0928
MZI,176,220,2.500270,5.9690
MZI,175,221,2.478582,5.9172
MZI,174,222,2.491278,5.9475
MZI,173,223,2.535975,6.0542
MZI,172,224,2.616176,6.2457
MZI,171,225,2.717806,6.4883
MZI,170,226,2.548748,6.0847
MZI,169,227,2.780357,6.6376
MZI,168,228,2.862913,6.8347
MZI,167,229,2.848261,6.7997
MZI,166,230,2.833692,6.7649
MZI,165,231,2.832602,6.7623
MZI,164,232,2.830470,6.7572
MZI,163,233,2.832586,6.7623
MZI,162,234,2.838497,6.7764
MZI,161,235,2.854037,6.8135
MZI,160,236,2.878124,6.8710
MZI,159,237,2.912773,6.9537
MZI,158,238,2.990710,7.1398
MZI,157,239,2.883968,6.8850
MZI,156,240,3.114701,7.4358
MZI,155,241,3.071551,7.3328
MZI,154,242,3.117410,7.4423
MZI,153,243,-3.119914,-7.4482
MZI,152,244,-3.093280,-7.3847
MZI,151,245,-3.061106,-7.3079
MZI,150,246,-3.022562,-7.2158
MZI,149,247,-2.984294,-7.1245
MZI,148,248,-2.942168,-7.0239
MZI,147,249,-2.912233,-6.9524
MZI,146,250,-2.879221,-6.8736
MZI,145,251,-2.832854,-6.7629
MZI,144,252,-2.796056,-6.6751
MZI,143,253,-2.708934,-6.4671
MZI,142,254,-2.606364,-6.2222
MZI,141,255,-2.355484,-5.6233
MZI,254,144,2.055124,4.9062
MZI,253,145,-2.490226,-5.9450
MZI,252,146,1.853104,4.4240
MZI,251,147,2.933451,7.0031
MZI,250,148,-2.420538,-5.7786
MZI,249,149,-2.364718,-5.6453
MZI,248,150,2.638745,6.2995
MZI,247,151,1.046973,2.4995
MZI,246,152,1.515279,3.6175
MZI,245,153,1.498721,3.5779
MZI,244,154,2.572977,6.1425
MZI,243,155,2.374986,5.6699
MZI,242,156,-1.923238,-4.5914
MZI,241,157,1.520157,3.6291
MZI,240,158,2.050048,4.8941
MZI,239,159,0.481290,1.1490
MZI,238,160,2.943265,7.0265
MZI,237,161,0.109520,0.2615
MZI,236,162,-2.587567,-6.1774
MZI,235,163,0.712537,1.7011
MZI,234,164,-0.216093,-0.5159
MZI,233,165,-3.124440,-7.4591
MZI,232,166,2.109852,5.0369
MZI,231,167,1.004262,2.3975
MZI,230,168,3.105679,7.4143
MZI,229,169,3.080641,7.3545
MZI,228,170,3.046402,7.2727
MZI,227,171,1.009419,2.4098
MZI,226,172,2.172527,5.1865
MZI,225,173,3.040646,7.2590
MZI,224,174,0.619771,1.4796
MZI,223,175,-1.996588,-4.7665
MZI,222,176,-0.658956,-1.5731
MZI,221,177,-0.076157,-0.1818
MZI,220,178,-1.535606,-3.6660
MZI,219,179,0.530436,1.2663
MZI,218,180,1.007047,2.4041
MZI,217,181,-2.551875,-6.0922
MZI,216,182,2.829162,6.7541
MZI,215,183,0.011772,0.0281
MZI,214,184,-1.301408,-3.1069
MZI,213,185,-1.178051,-2.8124
MZI,212,186,-1.787240,-4.2667
MZI,211,187,-1.502009,-3.5858
MZI,210,188,-0.826860,-1.9740
MZI,209,189,-0.530631,-1.2668
MZI,208,190,-0.730907,-1.7449
MZI,207,191,-1.847410,-4.4104
MZI,206,192,-2.719004,-6.4911
MZI,205,193,1.125421,2.6867
MZI,204,194,0.463144,1.1057
MZI,203,195,-0.992906,-2.3704
MZI,202,196,0.670751,1.6013
MZI,201,197,1.306693,3.1195
MZI,200,198,1.703163,4.0660
MZI,199,199,1.847617,4.4109
MZI,198,200,1.976213,4.7179
MZI,197,201,2.332103,5.5675
MZI,196,202,3.009624,7.1849
MZI,195,203,-2.381080,-5.6844
MZI,194,204,-2.057620,-4.9122
MZI,193,205,-2.250358,-5.3723
MZI,192,206,-1.376424,-3.2860
MZI,191,207,-0.754394,-1.8010
MZI,190,208,-0.430949,-1.0288
MZI,189,209,1.019963,2.4350
MZI,188,210,-0.500062,-1.1938
MZI,187,211,-1.178589,-2.8137
MZI,186,212,-2.224094,-5.3096
MZI,185,213,2.962153,7.0716
MZI,184,214,3.134144,7.4822
MZI,183,215,-2.481199,-5.9234
MZI,182,216,-0.990073,-2.3636
MZI,181,217,0.186766,0.4459
MZI,180,218,0.745333,1.7794
MZI,179,219,0.921352,2.1996
MZI,178,220,0.965401,2.3047
MZI,177,221,0.917091,2.1894
MZI,176,222,0.841018,2.0078
MZI,175,223,0.812154,1.9389
MZI,174,224,0.834533,1.9923
MZI,173,225,0.892569,2.1309
MZI,172,226,1.046312,2.4979
MZI,171,227,0.679334,1.6218
MZI,170,228,0.884204,2.1109
MZI,169,229,0.966985,2.3085
MZI,168,230,0.970866,2.3178
MZI,167,231,0.976242,2.3306
MZI,166,232,0.985616,2.3530
MZI,165,233,0.993523,2.3719
MZI,164,234,1.003527,2.3957
MZI,163,235,1.014362,2.4216
MZI,162,236,1.029507,2.4578
MZI,161,237,1.048315,2.5027
MZI,160,238,1.073343,2.5624
MZI,159,239,1.140459,2.7226
MZI,158,240,1.020219,2.4356
MZI,157,241,1.195665,2.8544
MZI,156,242,1.153719,2.7543
MZI,155,243,1.180123,2.8173
MZI,154,244,1.207612,2.8830
MZI,153,245,1.216395,2.9039
MZI,152,246,1.230817,2.9384
MZI,151,247,1.252750,2.9907
MZI,150,248,1.275343,3.0447
MZI,149,249,1.302385,3.1092
MZI,148,250,1.314585,3.1383
MZI,147,251,1.326377,3.1665
MZI,146,252,1.344956,3.2108
MZI,145,253,1.338415,3.1952
MZI,144,254,1.361134,3.2495
MZI,143,255,1.339068,3.1968
MZI,254,146,-0.233054,-0.5564
MZI,253,147,0.933464,2.2285
MZI,252,148,-2.614676,-6.2421
MZI,251,149,0.192168,0.4588
MZI,250,150,-0.129021,-0.3080
MZI,249,151,-2.787049,-6.6536
MZI,248,152,-2.359709,-5.6334
MZI,247,153,-2.571314,-6.1386
MZI,246,154,-1.577453,-3.7659
MZI,245,155,0.246243,0.5879
MZI,244,156,-1.752802,-4.1845
MZI,243,157,-1.467894,-3.5043
MZI,242,158,-0.843284,-2.0132
MZI,241,159,1.403834,3.3514
MZI,240,160,-1.354413,-3.2334
MZI,239,161,-2.609861,-6.2306
MZI,238,162,-0.268502,-0.6410
MZI,237,163,1.452303,3.4671
MZI,236,164,-0.140001,-0.3342
MZI,235,165,-0.155879,-0.3721
MZI,234,166,-2.873468,-6.8599
MZI,233,167,3.064833,7.3167
MZI,232,168,-0.336888,-0.8043
MZI,231,169,0.892168,2.1299
MZI,230,170,2.556531,6.1033
MZI,229,171,2.490695,5.9461
MZI,228,172,-0.197954,-0.4726
MZI,227,173,2.242057,5.3525
MZI,226,174,-0.300796,-0.7181
MZI,225,175,2.077100,4.9587
MZI,224,176,0.100469,0.2399
MZI,223,177,-0.992518,-2.3695
MZI,222,178,0.303496,0.7245
MZI,221,179,-2.025422,-4.8353
MZI,220,180,0.341189,0.8145
MZI,219,181,-1.821331,-4.3481
MZI,218,182,1.806318,4.3123
MZI,217,183,-2.840929,-6.7822
MZI,216,184,-2.055538,-4.9072
MZI,215,185,2.381551,5.6855
MZI,214,186,-2.233875,-5.3330
MZI,213,187,0.471049,1.1245
MZI,212,188,-0.309752,-0.7395
MZI,211,189,-2.206828,-5.2684
MZI,210,190,1.294540,3.0905
MZI,209,191,-1.324168,-3.1612
MZI,208,192,1.587739,3.7904
MZI,207,193,0.729580,1.7417
MZI,206,194,-2.661008,-6.3527
MZI,205,195,-2.493873,-5.9537
MZI,204,196,1.319998,3.1513
MZI,203,197,-2.615946,-6.2451
MZI,202,198,-2.616387,-6.2462
MZI,201,199,-2.791477,-6.6642
MZI,200,200,-2.856601,-6.8196
MZI,199,201,-2.921325,-6.9741
MZI,198,202,-3.092272,-7.3823
MZI,197,203,2.917850,6.9659
MZI,196,204,2.674649,6.3853
MZI,195,205,-3.002588,-7.1682
MZI,194,206,-1.141496,-2.7251
MZI,193,207,-0.888087,-2.1202
MZI,192,208,-0.794512,-1.8968
MZI,191,209,0.842565,2.0115
MZI,190,210,2.171598,5.1843
MZI,189,211,2.717199,6.4868
MZI,188,212,1.762271,4.2071
MZI,187,213,1.600651,3.8213
MZI,186,214,2.485762,5.9343
MZI,185,215,2.508844,5.9894
MZI,184,216,2.053804,4.9031
MZI,183,217,0.796232,1.9009
MZI,182,218,-1.119476,-2.6726
MZI,181,219,-2.227052,-5.3167
MZI,180,220,-2.323589,-5.5472
MZI,179,221,-2.243745,-5.3565
MZI,178,222,-2.069193,-4.9398
MZI,177,223,-1.874507,-4.4751
MZI,176,224,-1.721850,-4.1106
MZI,175,225,-1.612200,-3.8488
MZI,174,226,-1.510789,-3.6067
MZI,173,227,-1.251915,-2.9887
MZI,172,228,-1.666709,-3.9790
MZI,171,229,-1.451973,-3.4663
MZI,170,230,-1.285954,-3.0700
MZI,169,231,-1.214317,-2.8990
MZI,168,232,-1.151934,-2.7500
MZI,167,233,-1.096924,-2.6187
MZI,166,234,-1.047501,-2.5007
MZI,165,235,-0.998830,-2.3845
MZI,164,236,-0.952062,-2.2729
MZI,163,237,-0.904387,-2.1591
MZI,162,238,-0.856817,-2.0455
MZI,161,239,-0.805542,-1.9231
MZI,160,240,-0.704623,-1.6822
MZI,159,241,-0.825298,-1.9703
MZI,158,242,-0.623972,-1.4896
MZI,157,243,-0.650364,-1.5526
MZI,156,244,-0.609207,-1.4544
MZI,155,245,-0.567583,-1.3550
MZI,154,246,-0.547491,-1.3070
MZI,153,247,-0.521270,-1.2444
MZI,152,248,-0.486442,-1.1613
MZI,151,249,-0.450735,-1.0761
MZI,150,250,-0.409426,-0.9774
MZI,149,251,-0.385565,-0.9205
MZI,148,252,-0.360775,-0.8613
MZI,147,253,-0.326410,-0.7792
MZI,146,254,-0.320444,-0.7650
MZI,145,255,-0.264951,-0.6325
MZI,254,148,2.293113,5.4744
MZI,253,149,-2.352640,-5.6165
MZI,252,150,1.940731,4.6332
MZI,251,151,1.995166,4.7631
MZI,250,152,-2.211718,-5.2801
MZI,249,153,2.887491,6.8934
MZI,248,154,2.515795,6.0060
MZI,247,155,-2.076646,-4.9576
MZI,246,156,0.065244,0.1558
MZI,245,157,-0.257858,-0.6156
MZI,244,158,0.404718,0.9662
MZI,243,159,3.066920,7.3217
MZI,242,160,-1.142779,-2.7282
MZI,241,161,0.627244,1.4974
MZI,240,162,1.545205,3.6889
MZI,239,163,2.368977,5.6555
MZI,238,164,-2.022268,-4.8278
MZI,237,165,0.819797,1.9571
MZI,236,166,-1.129761,-2.6971
MZI,235,167,2.687028,6.4148
MZI,234,168,-1.325652,-3.1648
MZI,233,169,-0.156753,-0.3742
MZI,232,170,1.312401,3.1331
MZI,231,171,-0.681030,-1.6258
MZI,230,172,2.397074,5.7226
MZI,229,173,2.134069,5.0947
MZI,228,174,2.430892,5.8033
MZI,227,175,-0.119028,-0.2842
MZI,226,176,-0.963590,-2.3004
MZI,225,177,-0.330732,-0.7896
MZI,224,178,-2.501993,-5.9731
MZI,223,179,-0.540374,-1.2900
MZI,222,180,-1.323863,-3.1605
MZI,221,181,0.016803,0.0401
MZI,220,182,1.984212,4.7370
MZI,219,183,2.059940,4.9177
MZI,218,184,-2.676938,-6.3907
MZI,217,185,-0.670061,-1.5997
MZI,216,186,3.102830,7.4075
MZI,215,187,-0.049416,-0.1180
MZI,214,188,0.695919,1.6614
MZI,213,189,-1.522314,-3.6343
MZI,212,190,0.079763,0.1904
MZI,211,191,1.788943,4.2708
MZI,210,192,-1.309842,-3.1270
MZI,209,193,-1.728937,-4.1275
MZI,208,194,-0.456389,-1.0895
MZI,207,195,0.935948,2.2344
MZI,206,196,-0.846442,-2.0207
MZI,205,197,-0.751203,-1.7934
MZI,204,198,-2.268591,-5.4159
MZI,203,199,-2.340782,-5.5882
MZI,202,200,-2.439865,-5.8247
MZI,201,201,-2.511828,-5.9965
MZI,200,202,-2.571809,-6.1397
MZI,199,203,-2.817691,-6.7267
MZI,198,204,1.787995,4.2685
MZI,197,205,0.931164,2.2230
MZI,196,206,0.309766,0.7395
MZI,195,207,-1.071006,-2.5568
MZI,194,208,-1.963811,-4.6883
MZI,193,209,-2.886469,-6.8909
MZI,192,210,-0.732100,-1.7478
MZI,191,211,-1.628588,-3.8880
MZI,190,212,-1.665783,-3.9768
MZI,189,213,-1.955108,-4.6675
MZI,188,214,-2.233174,-5.3313
MZI,187,215,-2.325436,-5.5516
MZI,186,216,-2.468577,-5.8933
MZI,185,217,-2.853488,-6.8122
MZI,184,218,2.490701,5.9461
MZI,183,219,-2.882625,-6.8818
MZI,182,220,-1.897107,-4.5290
MZI,181,221,-1.711308,-4.0854
MZI,180,222,-1.636389,-3.9066
MZI,179,223,-1.604367,-3.8301
MZI,178,224,-1.581183,-3.7748
MZI,177,225,-1.550460,-3.7015
MZI,176,226,-1.510498,-3.6060
MZI,175,227,-1.441811,-3.4421
MZI,174,228,-1.096879,-2.6186
MZI,173,229,-1.826467,-4.3604
MZI,172,230,-1.576842,-3.7644
MZI,171,231,-1.489893,-3.5569
MZI,170,232,-1.518886,-3.6261
MZI,169,233,-1.524213,-3.6388
MZI,168,234,-1.523653,-3.6375
MZI,167,235,-1.527715,-3.6472
MZI,166,236,-1.532995,-3.6598
MZI,165,237,-1.540697,-3.6781
MZI,164,238,-1.546184,-3.6912
MZI,163,239,-1.547991,-3.6956
MZI,162,240,-1.540903,-3.6786
MZI,161,241,-1.465868,-3.4995
MZI,160,242,-1.675247,-3.9994
MZI,159,243,-1.508935,-3.6023
MZI,158,244,-1.563659,-3.7330
MZI,157,245,-1.559326,-3.7226
MZI,156,246,-1.553304,-3.7082
MZI,155,247,-1.571596,-3.7519
MZI,154,248,-1.583035,-3.7792
MZI,153,249,-1.584404,-3.7825
MZI,152,250,-1.584995,-3.7839
MZI,151,251,-1.579586,-3.7710
MZI,150,252,-1.596594,-3.8116
MZI,149,253,-1.614368,-3.8540
MZI,148,254,-1.624121,-3.8773
MZI,147,255,-1.685270,-4.0233
MZI,254,150,-2.114745,-5.0486
MZI,253,151,-0.994728,-2.3747
MZI,252,152,1.528384,3.6487
MZI,251,153,1.709493,4.0811
MZI,250,154,0.220208,0.5257
MZI,249,155,-2.420287,-5.7780
MZI,248,156,-0.471743,-1.1262
MZI,247,157,2.128277,5.0809
MZI,246,158,2.664127,6.3601
MZI,245,159,1.326584,3.1670
MZI,244,160,1.598209,3.8154
MZI,243,161,-1.688316,-4.0306
MZI,242,162,-0.047312,-0.1129
MZI,241,163,-0.109560,-0.2616
MZI,240,164,2.609916,6.2307
MZI,239,165,-2.281304,-5.4462
MZI,238,166,1.510487,3.6060
MZI,237,167,-2.392860,-5.7125
MZI,236,168,1.473633,3.5180
MZI,235,169,1.384517,3.3053
MZI,234,170,-1.806553,-4.3128
MZI,233,171,-2.098046,-5.0087
MZI,232,172,-1.332138,-3.1802
MZI,231,173,3.045425,7.2704
MZI,230,174,1.789206,4.2714
MZI,229,175,-1.584540,-3.7828
MZI,228,176,2.270216,5.4197
MZI,227,177,1.367885,3.2656
MZI,226,178,1.109290,2.6482
MZI,225,179,2.284842,5.4547
MZI,224,180,-2.903988,-6.9328
MZI,223,181,0.543215,1.2968
MZI,222,182,2.345352,5.5991
MZI,221,183,2.509932,5.9920
MZI,220,184,2.720681,6.4951
MZI,219,185,2.922560,6.9771
MZI,218,186,2.098309,5.0093
MZI,217,187,0.883101,2.1082
MZI,216,188,3.011873,7.1903
MZI,215,189,2.664915,6.3620
MZI,214,190,2.861047,6.8302
MZI,213,191,-3.080480,-7.3541
MZI,212,192,2.385712,5.6955
MZI,211,193,-3.054359,-7.2917
MZI,210,194,2.145886,5.1229
MZI,209,195,2.512816,5.9989
MZI,208,196,-0.075817,-0.1810
MZI,207,197,2.574587,6.1464
MZI,206,198,2.276602,5.4350
MZI,205,199,1.475329,3.5221
MZI,204,200,-3.011209,-7.1887
MZI,203,201,-2.517543,-6.0102
MZI,202,202,-2.367956,-5.6531
MZI,201,203,-2.239154,-5.3456
MZI,200,204,-1.746583,-4.1697
MZI,199,205,0.511551,1.2212
MZI,198,206,1.879532,4.4871
MZI,197,207,2.384067,5.6915
MZI,196,208,2.771563,6.6166
MZI,195,209,-3.050376,-7.2822
MZI,194,210,-2.412994,-5.7606
MZI,193,211,2.188193,5.2239
MZI,192,212,-2.591618,-6.1870
MZI,191,213,-1.472298,-3.5149
MZI,190,214,2.414749,5.7648
MZI,189,215,-3.068913,-7.3265
MZI,188,216,-2.843977,-6.7895
MZI,187,217,-2.811705,-6.7125
MZI,186,218,-2.819180,-6.7303
MZI,185,219,-2.973022,-7.0976
MZI,184,220,-3.067864,-7.3240
MZI,183,221,-3.104890,-7.4124
MZI,182,222,-3.128424,-7.4686
MZI,181,223,-3.134117,-7.4822
MZI,180,224,-3.118283,-7.4444
MZI,179,225,-3.078796,-7.3501
MZI,178,226,-3.016112,-7.2004
MZI,177,227,-2.934700,-7.0061
MZI,176,228,-2.809443,-6.7071
MZI,175,229,-2.428310,-5.7972
MZI,174,230,-3.031908,-7.2381
MZI,173,231,-2.813929,-6.7178
MZI,172,232,-2.631700,-6.2827
MZI,171,233,-2.632300,-6.2842
MZI,170,234,-2.612185,-6.2361
MZI,169,235,-2.587200,-6.1765
MZI,168,236,-2.566548,-6.1272
MZI,167,237,-2.546365,-6.0790
MZI,166,238,-2.527789,-6.0347
MZI,165,239,-2.506064,-5.9828
MZI,164,240,-2.480411,-5.9215
MZI,163,241,-2.444537,-5.8359
MZI,162,242,-2.327657,-5.5569
MZI,161,243,-2.549458,-6.0864
MZI,160,244,-2.338080,-5.5818
MZI,159,245,-2.368886,-5.6553
MZI,158,246,-2.341465,-5.5898
MZI,157,247,-2.311995,-5.5195
MZI,156,248,-2.308561,-5.5113
MZI,155,249,-2.296011,-5.4813
MZI,154,250,-2.270463,-5.4203
MZI,153,251,-2.242298,-5.3531
MZI,152,252,-2.204354,-5.2625
MZI,151,253,-2.189760,-5.2277
MZI,150,254,-2.169282,-5.1788
MZI,149,255,-2.122826,-5.0679
MZI,254,152,-1.892287,-4.5175
MZI,253,153,1.205670,2.8783
MZI,252,154,-2.752771,-6.5718
MZI,251,155,-1.198649,-2.8616
MZI,250,156,-2.199789,-5.2516
MZI,249,157,-2.411831,-5.7578
MZI,248,158,-2.090993,-4.9919
MZI,247,159,-2.349131,-5.6081
MZI,246,160,-1.517935,-3.6238
MZI,245,161,0.788129,1.8815
MZI,244,162,0.702113,1.6762
MZI,243,163,-1.612533,-3.8496
MZI,242,164,0.598160,1.4280
MZI,241,165,-0.548571,-1.3096
MZI,240,166,2.156391,5.1480
MZI,239,167,1.027603,2.4532
MZI,238,168,1.621315,3.8706
MZI,237,169,-1.144320,-2.7319
MZI,236,170,1.944634,4.6425
MZI,235,171,2.159751,5.1560
MZI,234,172,0.040373,0.0964
MZI,233,173,-1.796315,-4.2884
MZI,232,174,-2.978969,-7.1118
MZI,231,175,-1.255246,-2.9967
MZI,230,176,0.981793,2.3439
MZI,229,177,0.914209,2.1825
MZI,228,178,1.818365,4.3410
MZI,227,179,1.551204,3.7032
MZI,226,180,0.785432,1.8751
MZI,225,181,-1.437262,-3.4312
MZI,224,182,2.615420,6.2439
MZI,223,183,1.918505,4.5801
MZI,222,184,-2.776288,-6.6279
MZI,221,185,-2.731816,-6.5217
MZI,220,186,1.314307,3.1377
MZI,219,187,-2.665107,-6.3625
MZI,218,188,2.494203,5.9545
MZI,217,189,2.482176,5.9258
MZI,216,190,-0.301850,-0.7206
MZI,215,191,0.290626,0.6938
MZI,214,192,0.780416,1.8631
MZI,213,193,3.052791,7.2880
MZI,212,194,0.636218,1.5189
MZI,211,195,1.597956,3.8148
MZI,210,196,0.737032,1.7595
MZI,209,197,-1.856176,-4.4313
MZI,208,198,0.804576,1.9208
MZI,207,199,0.971988,2.3204
MZI,206,200,1.826748,4.3610
MZI,205,201,0.123563,0.2950
MZI,204,202,-0.252406,-0.6026
MZI,203,203,-0.331771,-0.7920
MZI,202,204,-0.394275,-0.9413
MZI,201,205,-0.609603,-1.4553
MZI,200,206,-1.092220,-2.6075
MZI,199,207,-1.134128,-2.7075
MZI,198,208,-0.085763,-0.2047
MZI,197,209,0.178022,0.4250
MZI,196,210,0.336749,0.8039
MZI,195,211,0.621995,1.4849
MZI,194,212,-1.048641,-2.5034
MZI,193,213,-0.902548,-2.1547
MZI,192,214,2.432448,5.8070
MZI,191,215,0.737857,1.7615
MZI,190,216,1.318241,3.1471
MZI,189,217,1.818157,4.3405
MZI,188,218,2.313144,5.5222
MZI,187,219,3.030574,7.2350
MZI,186,220,-1.709870,-4.0820
MZI,185,221,-0.749611,-1.7896
MZI,184,222,-0.302701,-0.7226
MZI,183,223,-0.092708,-0.2213
MZI,182,224,0.008801,0.0210
MZI,181,225,0.059031,0.1409
MZI,180,226,0.090502,0.2161
MZI,179,227,0.125311,0.2992
MZI,178,228,0.174637,0.4169
MZI,177,229,0.277435,0.6623
MZI,176,230,0.330068,0.7880
MZI,175,231,-0.149789,-0.3576
MZI,174,232,0.178329,0.4257
MZI,173,233,0.243599,0.5815
MZI,172,234,0.180309,0.4305
MZI,171,235,0.173949,0.4153
MZI,170,236,0.178369,0.4258
MZI,169,237,0.178052,0.4251
MZI,168,238,0.176038,0.4203
MZI,167,239,0.171427,0.4093
MZI,166,240,0.169783,0.4053
MZI,165,241,0.173525,0.4143
MZI,164,242,0.190905,0.4558
MZI,163,243,0.296453,0.7077
MZI,162,244,0.011923,0.0285
MZI,161,245,0.204513,0.4882
MZI,160,246,0.165051,0.3940
MZI,159,247,0.170485,0.4070
MZI,158,248,0.178351,0.4258
MZI,157,249,0.156662,0.3740
MZI,156,250,0.143025,0.3414
MZI,155,251,0.142955,0.3413
MZI,154,252,0.144513,0.3450
MZI,153,253,0.156099,0.3727
MZI,152,254,0.134194,0.3204
MZI,151,255,0.109360,0.2611
MZI,254,154,-2.096414,-5.0048
MZI,253,155,-2.786403,-6.6520
MZI,252,156,-0.629579,-1.5030
MZI,251,157,-0.629503,-1.5028
MZI,250,158,-2.647215,-6.3198
MZI,249,159,2.813761,6.7174
MZI,248,160,-1.827652,-4.3632
MZI,247,161,-1.932248,-4.6129
MZI,246,162,2.578431,6.1556
MZI,245,163,-1.399788,-3.3417
MZI,244,164,1.771046,4.2281
MZI,243,165,-2.239989,-5.3476
MZI,242,166,-1.258524,-3.0045
MZI,241,167,2.666099,6.3648
MZI,240,168,-0.642892,-1.5348
MZI,239,169,2.600157,6.2074
MZI,238,170,-1.126633,-2.6896
MZI,237,171,0.092863,0.2217
MZI,236,172,-1.972619,-4.7093
MZI,235,173,-1.143363,-2.7296
MZI,234,174,0.864736,2.0644
MZI,233,175,1.216500,2.9042
MZI,232,176,-0.959908,-2.2916
MZI,231,177,0.912903,2.1794
MZI,230,178,2.132869,5.0918
MZI,229,179,-0.480894,-1.1480
MZI,228,180,1.419707,3.3893
MZI,227,181,-0.288640,-0.6891
MZI,226,182,0.677974,1.6185
MZI,225,183,3.140346,7.4970
MZI,224,184,0.858024,2.0484
MZI,223,185,0.739370,1.7651
MZI,222,186,2.899656,6.9224
MZI,221,187,1.851409,4.4199
MZI,220,188,-0.056032,-0.1338
MZI,219,189,2.397921,5.7246
MZI,218,190,2.131796,5.0893
MZI,217,191,0.231168,0.5519
MZI,216,192,-1.709822,-4.0819
MZI,215,193,-1.860030,-4.4405
MZI,214,194,2.595033,6.1952
MZI,213,195,-1.998947,-4.7721
MZI,212,196,1.061288,2.5336
MZI,211,197,-0.133889,-0.3196
MZI,210,198,-2.079961,-4.9655
MZI,209,199,-0.766532,-1.8300
MZI,208,200,1.208912,2.8861
MZI,207,201,0.160267,0.3826
MZI,206,202,-0.262899,-0.6276
MZI,205,203,-0.749917,-1.7903
MZI,204,204,-2.658113,-6.3458
MZI,203,205,3.037856,7.2523
MZI,202,206,2.679776,6.3975
MZI,201,207,2.413728,5.7624
MZI,200,208,1.741467,4.1574
MZI,199,209,0.268641,0.6413
MZI,198,210,-0.516370,-1.2327
MZI,197,211,-1.756897,-4.1943
MZI,196,212,-2.786482,-6.6522
MZI,195,213,2.231867,5.3282
MZI,194,214,0.001150,0.0027
MZI,193,215,2.027559,4.8404
MZI,192,216,0.827023,1.9744
MZI,191,217,-1.760156,-4.2021
MZI,190,218,-2.873809,-6.8607
MZI,189,219,2.864592,6.8387
MZI,188,220,2.134411,5.0955
MZI,187,221,1.128811,2.6948
MZI,186,222,0.266209,0.6355
MZI,185,223,-0.294163,-0.7023
MZI,184,224,-0.616435,-1.4716
MZI,183,225,-0.811054,-1.9362
MZI,182,226,-0.910362,-2.1733
MZI,181,227,-0.939099,-2.2419
MZI,180,228,-0.922401,-2.2021
MZI,179,229,-0.875086,-2.0891
MZI,178,230,-0.792229,-1.8913
MZI,177,231,-0.869076,-2.0748
MZI,176,232,-1.135180,-2.7100
MZI,175,233,-0.704007,-1.6807
MZI,174,234,-0.802887,-1.9168
MZI,173,235,-0.865477,-2.0662
MZI,172,236,-0.868531,-2.0735
MZI,171,237,-0.859047,-2.0508
MZI,170,238,-0.852985,-2.0364
MZI,169,239,-0.847216,-2.0226
MZI,168,240,-0.842151,-2.0105
MZI,167,241,-0.831764,-1.9857
MZI,166,242,-0.813626,-1.9424
MZI,165,243,-0.777383,-1.8559
MZI,164,244,-0.652712,-1.5582
MZI,163,245,-0.968447,-2.3120
MZI,162,246,-0.734048,-1.7524
MZI,161,247,-0.755434,-1.8035
MZI,160,248,-0.736418,-1.7581
MZI,159,249,-0.714148,-1.7049
MZI,158,250,-0.724325,-1.7292
MZI,157,251,-0.724862,-1.7305
MZI,156,252,-0.708266,-1.6909
MZI,155,253,-0.687898,-1.6422
MZI,154,254,-0.650623,-1.5532
MZI,153,255,-0.653401,-1.5599
MZI,254,156,1.201434,2.8682
MZI,253,157,-1.820323,-4.3457
MZI,252,158,1.510308,3.6056
MZI,251,159,0.554664,1.3242
MZI,250,160,2.190985,5.2306
MZI,249,161,-0.411615,-0.9827
MZI,248,162,0.529209,1.2634
MZI,247,163,1.963261,4.6869
MZI,246,164,-1.831595,-4.3726
MZI,245,165,-3.124353,-7.4588
MZI,244,166,-1.727078,-4.1231
MZI,243,167,-1.244199,-2.9703
MZI,242,168,-1.962415,-4.6849
MZI,241,169,-1.698561,-4.0550
MZI,240,170,-2.668121,-6.3697
MZI,239,171,-2.256612,-5.3873
MZI,238,172,0.871383,2.0803
MZI,237,173,0.137255,0.3277
MZI,236,174,-1.373617,-3.2793
MZI,235,175,-3.041549,-7.2612
MZI,234,176,-1.633836,-3.9005
MZI,233,177,-0.301326,-0.7194
MZI,232,178,1.356484,3.2384
MZI,231,179,0.137136,0.3274
MZI,230,180,1.674675,3.9980
MZI,229,181,0.897174,2.1418
MZI,228,182,2.249696,5.3708
MZI,227,183,-1.596869,-3.8122
MZI,226,184,-0.984077,-2.3493
MZI,225,185,1.132325,2.7032
MZI,224,186,0.747578,1.7847
MZI,223,187,-3.136791,-7.4885
MZI,222,188,0.361030,0.8619
MZI,221,189,0.136083,0.3249
MZI,220,190,-2.997944,-7.1571
MZI,219,191,1.318831,3.1485
MZI,218,192,-1.040514,-2.4840
MZI,217,193,1.412856,3.3729
MZI,216,194,2.816805,6.7246
MZI,215,195,-2.907973,-6.9423
MZI,214,196,-1.478390,-3.5294
MZI,213,197,-2.844550,-6.7909
MZI,212,198,-2.443991,-5.8346
MZI,211,199,-2.866078,-6.8423
MZI,210,200,-2.874283,-6.8618
MZI,209,201,2.027513,4.8403
MZI,208,202,2.636404,6.2940
MZI,207,203,-3.083579,-7.3615
MZI,206,204,-0.825874,-1.9716
MZI,205,205,1.782821,4.2562
MZI,204,206,2.519692,6.0153
MZI,203,207,2.981710,7.1183
MZI,202,208,-3.029011,-7.2312
MZI,201,209,-2.767144,-6.6061
MZI,200,210,-2.394476,-5.7164
MZI,199,211,-1.610923,-3.8458
MZI,198,212,0.100202,0.2392
MZI,197,213,1.437980,3.4329
MZI,196,214,2.204978,5.2640
MZI,195,215,2.307161,5.5079
MZI,194,216,1.998281,4.7705
MZI,193,217,2.175849,5.1945
MZI,192,218,1.447415,3.4554
MZI,191,219,2.066909,4.9344
MZI,190,220,2.333282,5.5703
MZI,189,221,2.777567,6.6310
MZI,188,222,-2.847523,-6.7980
MZI,187,223,-2.342557,-5.5924
MZI,186,224,-1.988048,-4.7461
MZI,185,225,-1.678620,-4.0074
MZI,184,226,-1.402141,-3.3474
MZI,183,227,-1.165855,-2.7833
MZI,182,228,-0.965715,-2.3055
MZI,181,229,-0.797534,-1.9040
MZI,180,230,-0.649913,-1.5516
MZI,179,231,-0.511234,-1.2205
MZI,178,232,-0.579683,-1.3839
MZI,177,233,-0.821866,-1.9621
MZI,176,234,-0.060520,-0.1445
MZI,175,235,-0.428103,-1.0220
MZI,174,236,-0.477627,-1.1403
MZI,173,237,-0.466483,-1.1136
MZI,172,238,-0.442323,-1.0560
MZI,171,239,-0.420699,-1.0043
MZI,170,240,-0.399068,-0.9527
MZI,169,241,-0.378155,-0.9028
MZI,168,242,-0.352454,-0.8414
MZI,167,243,-0.319215,-0.7621
MZI,166,244,-0.263922,-0.6301
MZI,165,245,-0.139592,-0.3333
MZI,164,246,-0.490462,-1.1709
MZI,163,247,-0.223426,-0.5334
MZI,162,248,-0.233083,-0.5564
MZI,161,249,-0.211210,-0.5042
MZI,160,250,-0.185875,-0.4437
MZI,159,251,-0.198081,-0.4729
MZI,158,252,-0.201105,-0.4801
MZI,157,253,-0.183863,-0.4389
MZI,156,254,-0.160897,-0.3841
MZI,155,255,-0.105935,-0.2529
MZI,254,158,-2.167849,-5.1754
MZI,253,159,1.406657,3.3581
MZI,252,160,-2.278043,-5.4384
MZI,251,161,-0.083913,-0.2003
MZI,250,162,-0.760516,-1.8156
MZI,249,163,1.230882,2.9385
MZI,248,164,0.754983,1.8024
MZI,247,165,-3.031252,-7.2366
MZI,246,166,-2.880690,-6.8771
MZI,245,167,-2.504355,-5.9787
MZI,244,168,0.779241,1.8603
MZI,243,169,1.089697,2.6015
MZI,242,170,-0.751796,-1.7948
MZI,241,171,-2.744846,-6.5528
MZI,240,172,-0.814320,-1.9440
MZI,239,173,-2.453528,-5.8574
MZI,238,174,2.825714,6.7459
MZI,237,175,0.375015,0.8953
MZI,236,176,0.275989,0.6589
MZI,235,177,1.634588,3.9023
MZI,234,178,1.902364,4.5416
MZI,233,179,2.350806,5.6121
MZI,232,180,2.552389,6.0934
MZI,231,181,2.393061,5.7130
MZI,230,182,-0.510218,-1.2181
MZI,229,183,1.491158,3.5599
MZI,228,184,0.563642,1.3456
MZI,227,185,1.742513,4.1599
MZI,226,186,2.443151,5.8326
MZI,225,187,2.151459,5.1362
MZI,224,188,1.424564,3.4009
MZI,223,189,2.676626,6.3900
MZI,222,190,-0.738273,-1.7625
MZI,221,191,1.628148,3.8869
MZI,220,192,2.705112,6.4580
MZI,219,193,-0.518644,-1.2382
MZI,218,194,3.036069,7.2481
MZI,217,195,1.765875,4.2157
MZI,216,196,0.706029,1.6855
MZI,215,197,-0.789271,-1.8842
MZI,214,198,-3.113274,-7.4324
MZI,213,199,0.052302,0.1249
MZI,212,200,2.111350,5.0405
MZI,211,201,1.700174,4.0589
MZI,210,202,-2.466857,-5.8892
MZI,209,203,-3.115773,-7.4384
MZI,208,204,-2.577748,-6.1539
MZI,207,205,2.543608,6.0724
MZI,206,206,1.954416,4.6658
MZI,205,207,1.831615,4.3727
MZI,204,208,1.698397,4.0546
MZI,203,209,1.526789,3.6449
MZI,202,210,1.303867,3.1128
MZI,201,211,1.031732,2.4631
MZI,200,212,0.714268,1.7052
MZI,199,213,2.230340,5.3245
MZI,198,214,1.667826,3.9816
MZI,197,215,0.836218,1.9963
MZI,196,216,0.815346,1.9465
MZI,195,217,1.038488,2.4792
MZI,194,218,0.211936,0.5060
MZI,193,219,1.283240,3.0635
MZI,192,220,1.012108,2.4162
MZI,191,221,0.759210,1.8125
MZI,190,222,0.473662,1.1308
MZI,189,223,0.002323,0.0055
MZI,188,224,-1.489562,-3.5561
MZI,187,225,-2.760907,-6.5912
MZI,186,226,2.933829,7.0040
MZI,185,227,2.530689,6.0416
MZI,184,228,2.231906,5.3283
MZI,183,229,1.999776,4.7741
MZI,182,230,1.820014,4.3450
MZI,181,231,1.671871,3.9913
MZI,180,232,1.499912,3.5808
MZI,179,233,1.205614,2.8782
MZI,178,234,0.918647,2.1931
MZI,177,235,1.872733,4.4708
MZI,176,236,1.204867,2.8764
MZI,175,237,1.098963,2.6236
MZI,174,238,1.053255,2.5145
MZI,173,239,1.024992,2.4470
MZI,172,240,0.996003,2.3778
MZI,171,241,0.969899,2.3155
MZI,170,242,0.946470,2.2595
MZI,169,243,0.932594,2.2264
MZI,168,244,0.932622,2.2265
MZI,167,245,0.964464,2.3025
MZI,166,246,1.003661,2.3961
MZI,165,247,0.591963,1.4132
MZI,164,248,0.866191,2.0679
MZI,163,249,0.833567,1.9900
MZI,162,250,0.822048,1.9625
MZI,161,251,0.814574,1.9447
MZI,160,252,0.762038,1.8192
MZI,159,253,0.715976,1.7093
MZI,158,254,0.689948,1.6471
MZI,157,255,0.659536,1.5745
MZI,254,160,-0.192351,-0.4592
MZI,253,161,-3.102929,-7.4077
MZI,252,162,2.156449,5.1481
MZI,251,163,0.332411,0.7936
MZI,250,164,-1.316444,-3.1428
MZI,249,165,-1.944329,-4.6417
MZI,248,166,-1.494777,-3.5685
MZI,247,167,-1.951138,-4.6580
MZI,246,168,1.730314,4.1308
MZI,245,169,-3.127791,-7.4671
MZI,244,170,-2.466316,-5.8879
MZI,243,171,-0.524057,-1.2511
MZI,242,172,-2.435095,-5.8134
MZI,241,173,1.500374,3.5819
MZI,240,174,1.470869,3.5114
MZI,239,175,-0.266884,-0.6371
MZI,238,176,1.915734,4.5735
MZI,237,177,1.830038,4.3689
MZI,236,178,-3.107637,-7.4189
MZI,235,179,-1.270181,-3.0323
MZI,234,180,2.750110,6.5654
MZI,233,181,2.345030,5.5983
MZI,232,182,2.830378,6.7570
MZI,231,183,2.179422,5.2030
MZI,230,184,1.712931,4.0893
MZI,229,185,2.784320,6.6471
MZI,228,186,1.559544,3.7231
MZI,227,187,1.411942,3.3708
MZI,226,188,-1.234982,-2.9483
MZI,225,189,-0.582012,-1.3895
MZI,224,190,2.846662,6.7959
MZI,223,191,1.237969,2.9554
MZI,222,192,0.225905,0.5393
MZI,221,193,0.224793,0.5367
MZI,220,194,1.424495,3.4007
MZI,219,195,1.622491,3.8734
MZI,218,196,1.741839,4.1583
MZI,217,197,2.406658,5.7455
MZI,216,198,2.957799,7.0612
MZI,215,199,-1.292005,-3.0844
MZI,214,200,-2.564321,-6.1219
MZI,213,201,-2.739142,-6.5392
MZI,212,202,0.991478,2.3670
MZI,211,203,-0.945195,-2.2565
MZI,210,204,0.569500,1.3596
MZI,209,205,-0.425107,-1.0149
MZI,208,206,-1.170561,-2.7945
MZI,207,207,-1.333174,-3.1827
MZI,206,208,-1.411063,-3.3687
MZI,205,209,-1.559926,-3.7240
MZI,204,210,-1.975952,-4.7172
MZI,203,211,-3.027341,-7.2272
MZI,202,212,2.689989,6.4219
MZI,201,213,2.410053,5.7536
MZI,200,214,-0.016623,-0.0397
MZI,199,215,-1.098296,-2.6220
MZI,198,216,-1.982556,-4.7330
MZI,197,217,-1.157319,-2.7629
MZI,196,218,-1.657185,-3.9562
MZI,195,219,-2.459448,-5.8715
MZI,194,220,-1.334808,-3.1866
MZI,193,221,-1.173728,-2.8021
MZI,192,222,-1.032409,-2.4647
MZI,191,223,-0.820477,-1.9587
MZI,190,224,-0.563430,-1.3451
MZI,189,225,0.503322,1.2016
MZI,188,226,1.623449,3.8757
MZI,187,227,2.133635,5.0937
MZI,186,228,2.461794,5.8771
MZI,185,229,2.725749,6.5072
MZI,184,230,2.960157,7.0669
MZI,183,231,-3.109266,-7.4228
MZI,182,232,-2.920679,-6.9726
MZI,181,233,-2.801699,-6.6886
MZI,180,234,-2.869970,-6.8515
MZI,179,235,3.130889,7.4744
MZI,178,236,-2.060539,-4.9192
MZI,177,237,-2.450645,-5.8505
MZI,176,238,-2.484745,-5.9319
MZI,175,239,-2.457414,-5.8666
MZI,174,240,-2.419250,-5.7755
MZI,173,241,-2.383993,-5.6914
MZI,172,242,-2.347905,-5.6052
MZI,171,243,-2.312186,-5.5199
MZI,170,244,-2.271404,-5.4226
MZI,169,245,-2.220404,-5.3008
MZI,168,246,-2.133575,-5.0935
MZI,167,247,-2.127492,-5.0790
MZI,166,248,-2.489122,-5.9423
MZI,165,249,-2.170212,-5.1810
MZI,164,250,-2.173608,-5.1891
MZI,163,251,-2.159363,-5.1551
MZI,162,252,-2.139610,-5.1079
MZI,161,253,-2.172232,-5.1858
MZI,160,254,-2.199258,-5.2503
MZI,159,255,-2.198174,-5.2478
MZI,254,162,2.697849,6.4406
MZI,253,163,-1.380971,-3.2968
MZI,252,164,1.742091,4.1589
MZI,251,165,-2.301438,-5.4943
MZI,250,166,-3.067409,-7.3229
MZI,249,167,-3.117636,-7.4428
MZI,248,168,2.293528,5.4754
MZI,247,169,-2.253813,-5.3806
MZI,246,170,1.669494,3.9856
MZI,245,171,2.959889,7.0662
MZI,244,172,-0.203557,-0.4860
MZI,243,173,0.724714,1.7301
MZI,242,174,-0.340667,-0.8133
MZI,241,175,-0.813364,-1.9418
MZI,240,176,0.999818,2.3869
MZI,239,177,-1.880490,-4.4893
MZI,238,178,1.181780,2.8213
MZI,237,179,1.543093,3.6839
MZI,236,180,1.274298,3.0422
MZI,235,181,-1.054768,-2.5181
MZI,234,182,1.357964,3.2419
MZI,233,183,1.053304,2.5146
MZI,232,184,2.149893,5.1325
MZI,231,185,2.587657,6.1776
MZI,230,186,0.264328,0.6310
MZI,229,187,2.477868,5.9155
MZI,228,188,-2.151260,-5.1358
MZI,227,189,-1.967155,-4.6962
MZI,226,190,2.510258,5.9928
MZI,225,191,-2.925897,-6.9851
MZI,224,192,2.330225,5.5630
MZI,223,193,0.371083,0.8859
MZI,222,194,-2.494784,-5.9559
MZI,221,195,2.557222,6.1049
MZI,220,196,2.760726,6.5907
MZI,219,197,-1.551211,-3.7032
MZI,218,198,-2.217281,-5.2934
MZI,217,199,2.102438,5.0192
MZI,216,200,0.449732,1.0737
MZI,215,201,-0.622512,-1.4861
MZI,214,202,2.467713,5.8912
MZI,213,203,2.207469,5.2699
MZI,212,204,1.454159,3.4715
MZI,211,205,0.836541,1.9971
MZI,210,206,1.644534,3.9260
MZI,209,207,1.743022,4.1612
MZI,208,208,1.767718,4.2201
MZI,207,209,1.769532,4.2244
MZI,206,210,1.759754,4.2011
MZI,205,211,1.861772,4.4447
MZI,204,212,2.442088,5.8301
MZI,203,213,2.624324,6.2651
MZI,202,214,2.597465,6.2010
MZI,201,215,2.518640,6.0128
MZI,200,216,2.721014,6.4959
MZI,199,217,-3.024118,-7.2195
MZI,198,218,2.850041,6.8040
MZI,197,219,2.567284,6.1289
MZI,196,220,2.313630,5.5234
MZI,195,221,2.279740,5.4425
MZI,194,222,2.190421,5.2292
MZI,193,223,2.056186,4.9088
MZI,192,224,1.929846,4.6072
MZI,191,225,1.963033,4.6864
MZI,190,226,2.251666,5.3755
MZI,189,227,2.277956,5.4382
MZI,188,228,2.250986,5.3738
MZI,187,229,2.281501,5.4467
MZI,186,230,2.392326,5.7113
MZI,185,231,2.728927,6.5148
MZI,184,232,-2.870418,-6.8526
MZI,183,233,-2.427863,-5.7961
MZI,182,234,-2.372112,-5.6630
MZI,181,235,-2.520121,-6.0163
MZI,180,236,-2.752677,-6.5715
MZI,179,237,-2.106339,-5.0285
MZI,178,238,-2.133802,-5.0941
MZI,177,239,-2.179843,-5.2040
MZI,176,240,-2.173540,-5.1889
MZI,175,241,-2.149200,-5.1308
MZI,174,242,-2.122880,-5.0680
MZI,173,243,-2.091830,-4.9939
MZI,172,244,-2.057405,-4.9117
MZI,171,245,-2.013952,-4.8080
MZI,170,246,-1.952403,-4.6610
MZI,169,247,-1.847167,-4.4098
MZI,168,248,-1.949036,-4.6530
MZI,167,249,-2.244869,-5.3592
MZI,166,250,-1.933318,-4.6155
MZI,165,251,-1.926503,-4.5992
MZI,164,252,-1.909475,-4.5585
MZI,163,253,-1.883065,-4.4955
MZI,162,254,-1.919396,-4.5822
MZI,161,255,-1.957657,-4.6736
MZI,254,164,0.012087,0.0289
MZI,253,165,-2.424657,-5.7884
MZI,252,166,-1.049858,-2.5064
MZI,251,167,2.596574,6.1989
MZI,250,168,-1.013708,-2.4201
MZI,249,169,2.065553,4.9311
MZI,248,170,-2.493301,-5.9523
MZI,247,171,-1.452627,-3.4679
MZI,246,172,-2.049156,-4.8920
MZI,245,173,-0.739759,-1.7660
MZI,244,174,0.907536,2.1666
MZI,243,175,-2.403988,-5.7391
MZI,242,176,1.558395,3.7204
MZI,241,177,-2.663384,-6.3584
MZI,240,178,-2.891672,-6.9034
MZI,239,179,1.593590,3.8044
MZI,238,180,-1.060891,-2.5327
MZI,237,181,1.936967,4.6242
MZI,236,182,1.182246,2.8224
MZI,235,183,1.829330,4.3672
MZI,234,184,-2.274386,-5.4297
MZI,233,185,0.815809,1.9476
MZI,232,186,-2.728217,-6.5131
MZI,231,187,0.129471,0.3091
MZI,230,188,-2.240546,-5.3489
MZI,229,189,0.536616,1.2811
MZI,228,190,-0.207327,-0.4950
MZI,227,191,2.730160,6.5178
MZI,226,192,2.413889,5.7627
MZI,225,193,0.070040,0.1672
MZI,224,194,-0.200143,-0.4778
MZI,223,195,-1.909551,-4.5587
MZI,222,196,1.105065,2.6381
MZI,221,197,-1.541594,-3.6803
MZI,220,198,-1.986278,-4.7419
MZI,219,199,1.399137,3.3402
MZI,218,200,-1.191048,-2.8434
MZI,217,201,-2.394824,-5.7172
MZI,216,202,-0.090857,-0.2169
MZI,215,203,1.468244,3.5052
MZI,214,204,0.879195,2.0989
MZI,213,205,2.093555,4.9980
MZI,212,206,1.950382,4.6562
MZI,211,207,1.586862,3.7884
MZI,210,208,1.867856,4.4592
MZI,209,209,2.002627,4.7809
MZI,208,210,2.144296,5.1191
MZI,207,211,2.544330,6.0741
MZI,206,212,-3.053021,-7.2886
MZI,205,213,-2.261248,-5.3983
MZI,204,214,-1.667063,-3.9798
MZI,203,215,-1.125321,-2.6865
MZI,202,216,1.869628,4.4634
MZI,201,217,2.516953,6.0088
MZI,200,218,2.915046,6.9592
MZI,199,219,1.824614,4.3559
MZI,198,220,2.914170,6.9571
MZI,197,221,-2.137559,-5.1030
MZI,196,222,-2.773050,-6.6202
MZI,195,223,-2.934428,-7.0054
MZI,194,224,-2.953491,-7.0509
MZI,193,225,-3.042310,-7.2630
MZI,192,226,3.026225,7.2246
MZI,191,227,2.791375,6.6639
MZI,190,228,2.602911,6.2140
MZI,189,229,2.409612,5.7525
MZI,188,230,2.179355,5.2028
MZI,187,231,1.867262,4.4578
MZI,186,232,1.307052,3.1204
MZI,185,233,0.332604,0.7940
MZI,184,234,-0.599258,-1.4306
MZI,183,235,-1.841302,-4.3958
MZI,182,236,-3.065977,-7.3195
MZI,181,237,2.858744,6.8247
MZI,180,238,-2.966859,-7.0829
MZI,179,239,-2.855860,-6.8179
MZI,178,240,-2.893520,-6.9078
MZI,177,241,-2.899666,-6.9224
MZI,176,242,-2.881123,-6.8782
MZI,175,243,-2.853152,-6.8114
MZI,174,244,-2.813839,-6.7175
MZI,173,245,-2.764334,-6.5994
MZI,172,246,-2.698854,-6.4430
MZI,171,247,-2.604413,-6.2176
MZI,170,248,-2.484211,-5.9306
MZI,169,249,-2.689976,-6.4218
MZI,168,250,-2.837137,-6.7732
MZI,167,251,-2.553351,-6.0957
MZI,166,252,-2.517405,-6.0099
MZI,165,253,-2.476406,-5.9120
MZI,164,254,-2.414191,-5.7635
MZI,163,255,-2.418065,-5.7727
MZI,254,166,-2.012909,-4.8055
MZI,253,167,2.677632,6.3924
MZI,252,168,0.823388,1.9657
MZI,251,169,-1.023138,-2.4426
MZI,250,170,2.468972,5.8942
MZI,249,171,-0.835002,-1.9934
MZI,248,172,1.848024,4.4118
MZI,247,173,-0.512609,-1.2238
MZI,246,174,-0.248981,-0.5944
MZI,245,175,2.169232,5.1787
MZI,244,176,-0.186438,-0.4451
MZI,243,177,0.121107,0.2891
MZI,242,178,-1.256933,-3.0007
MZI,241,179,1.772692,4.2320
MZI,240,180,-1.531558,-3.6563
MZI,239,181,-0.809392,-1.9323
MZI,238,182,0.987193,2.3567
MZI,237,183,-2.283342,-5.4511
MZI,236,184,-1.921727,-4.5878
MZI,235,185,0.283027,0.6757
MZI,234,186,1.294005,3.0892
MZI,233,187,0.867164,2.0702
MZI,232,188,2.956212,7.0574
MZI,231,189,2.777390,6.6305
MZI,230,190,-0.916236,-2.1874
MZI,229,191,0.739418,1.7652
MZI,228,192,-1.357013,-3.2396
MZI,227,193,1.103367,2.6341
MZI,226,194,-0.040851,-0.0975
MZI,225,195,0.073421,0.1753
MZI,224,196,0.015484,0.0370
MZI,223,197,-0.955032,-2.2800
MZI,222,198,1.489149,3.5551
MZI,221,199,-2.844625,-6.7910
MZI,220,200,0.499499,1.1925
MZI,219,201,-1.673041,-3.9941
MZI,218,202,-0.426084,-1.0172
MZI,217,203,2.740174,6.5417
MZI,216,204,-2.407227,-5.7468
MZI,215,205,0.184956,0.4415
MZI,214,206,-0.602889,-1.4393
MZI,213,207,0.053289,0.1272
MZI,212,208,0.252046,0.6017
MZI,211,209,0.097065,0.2317
MZI,210,210,0.017445,0.0416
MZI,209,211,-0.063159,-0.1508
MZI,208,212,-0.271312,-0.6477
MZI,207,213,-0.541331,-1.2923
MZI,206,214,-0.677869,-1.6183
MZI,205,215,2.160710,5.1583
MZI,204,216,2.014034,4.8082
MZI,203,217,-0.688891,-1.6446
MZI,202,218,-1.022547,-2.4412
MZI,201,219,-1.627973,-3.8865
MZI,200,220,-0.249456,-0.5955
MZI,199,221,-0.103637,-0.2474
MZI,198,222,0.214813,0.5128
MZI,197,223,0.524050,1.2511
MZI,196,224,0.477760,1.1406
MZI,195,225,0.665418,1.5886
MZI,194,226,0.879599,2.0999
MZI,193,227,1.137641,2.7159
MZI,192,228,1.447855,3.4565
MZI,191,229,1.677201,4.0040
MZI,190,230,1.856797,4.4328
MZI,189,231,2.062899,4.9248
MZI,188,232,2.335446,5.5755
MZI,187,233,2.702405,6.4515
MZI,186,234,-3.093822,-7.3860
MZI,185,235,-2.456976,-5.8656
MZI,184,236,-1.309540,-3.1263
MZI,183,237,-0.184364,-0.4401
MZI,182,238,0.071270,0.1701
MZI,181,239,-0.050247,-0.1200
MZI,180,240,0.054942,0.1312
MZI,179,241,0.231056,0.5516
MZI,178,242,0.400240,0.9555
MZI,177,243,0.560292,1.3376
MZI,176,244,0.707027,1.6879
MZI,175,245,0.841154,2.0081
MZI,174,246,0.966020,2.3062
MZI,173,247,1.091588,2.6060
MZI,172,248,1.232413,2.9422
MZI,171,249,1.287724,3.0742
MZI,170,250,0.977082,2.3326
MZI,169,251,0.971668,2.3197
MZI,168,252,1.182019,2.8219
MZI,167,253,1.215524,2.9018
MZI,166,254,1.243724,2.9692
MZI,165,255,1.316222,3.1422
MZI,254,168,3.005899,7.1761
MZI,253,169,2.792189,6.6659
MZI,252,170,-1.341405,-3.2024
MZI,251,171,-2.836248,-6.7710
MZI,250,172,0.210100,0.5016
MZI,249,173,-2.979931,-7.1141
MZI,248,174,-1.077614,-2.5726
MZI,247,175,-2.599002,-6.2047
MZI,246,176,0.742255,1.7720
MZI,245,177,2.010358,4.7994
MZI,244,178,-0.466133,-1.1128
MZI,243,179,-1.234070,-2.9461
MZI,242,180,2.532292,6.0454
MZI,241,181,0.814719,1.9450
MZI,240,182,-2.215100,-5.2882
MZI,239,183,-3.022231,-7.2150
MZI,238,184,-3.128416,-7.4685
MZI,237,185,2.863586,6.8363
MZI,236,186,-2.944067,-7.0284
MZI,235,187,2.765865,6.6030
MZI,234,188,-1.044877,-2.4945
MZI,233,189,0.834991,1.9934
MZI,232,190,1.207682,2.8831
MZI,231,191,1.802306,4.3027
MZI,230,192,2.406678,5.7455
MZI,229,193,-2.868372,-6.8477
MZI,228,194,-2.565033,-6.1236
MZI,227,195,0.541859,1.2936
MZI,226,196,0.768977,1.8358
MZI,225,197,0.043100,0.1029
MZI,224,198,1.813928,4.3304
MZI,223,199,1.563675,3.7330
MZI,222,200,-1.339972,-3.1989
MZI,221,201,-0.211490,-0.5049
MZI,220,202,-0.109255,-0.2608
MZI,219,203,0.820393,1.9585
MZI,218,204,1.085207,2.5907
MZI,217,205,1.574467,3.7588
MZI,216,206,1.121162,2.6766
MZI,215,207,0.653208,1.5594
MZI,214,208,-0.251188,-0.5997
MZI,213,209,0.285546,0.6817
MZI,212,210,0.288329,0.6883
MZI,211,211,0.242357,0.5786
MZI,210,212,0.183795,0.4388
MZI,209,213,-0.054114,-0.1292
MZI,208,214,-1.254705,-2.9954
MZI,207,215,-2.368680,-5.6548
MZI,206,216,0.641190,1.5307
MZI,205,217,0.229513,0.5479
MZI,204,218,-0.216575,-0.5170
MZI,203,219,-0.458683,-1.0950
MZI,202,220,-0.000639,-0.0015
MZI,201,221,-0.455326,-1.0870
MZI,200,222,-0.951829,-2.2723
MZI,199,223,-0.777352,-1.8558
MZI,198,224,0.183842,0.4389
MZI,197,225,1.094142,2.6121
MZI,196,226,1.616746,3.8597
MZI,195,227,1.926614,4.5995
MZI,194,228,2.094227,4.9996
MZI,193,229,0.566622,1.3527
MZI,192,230,-0.025701,-0.0614
MZI,191,231,-0.051698,-0.1234
MZI,190,232,-0.010587,-0.0253
MZI,189,233,0.036096,0.0862
MZI,188,234,0.014033,0.0335
MZI,187,235,-0.129866,-0.3100
MZI,186,236,-0.384480,-0.9179
MZI,185,237,-0.688476,-1.6436
MZI,184,238,-1.087160,-2.5954
MZI,183,239,-1.493547,-3.5656
MZI,182,240,-1.396526,-3.3340
MZI,181,241,-1.445981,-3.4520
MZI,180,242,-1.619729,-3.8668
MZI,179,243,-1.799373,-4.2957
MZI,178,244,-1.963180,-4.6867
MZI,177,245,-2.111538,-5.0409
MZI,176,246,-2.229122,-5.3216
MZI,175,247,-2.307235,-5.5081
MZI,174,248,-2.348976,-5.6078
MZI,173,249,-2.419282,-5.7756
MZI,172,250,-2.722141,-6.4986
MZI,171,251,3.131099,7.4749
MZI,170,252,-3.089818,-7.3764
MZI,169,253,-3.002130,-7.1671
MZI,168,254,-3.044551,-7.2683
MZI,167,255,-3.110246,-7.4252
MZI,254,170,-1.947280,-4.6488
MZI,253,171,-1.832357,-4.3744
MZI,252,172,-2.687945,-6.4170
MZI,251,173,1.030140,2.4593
MZI,250,174,1.127691,2.6922
MZI,249,175,-2.134724,-5.0963
MZI,248,176,-1.319196,-3.1493
MZI,247,177,2.053191,4.9016
MZI,246,178,2.277160,5.4363
MZI,245,179,-0.753359,-1.7985
MZI,244,180,-2.487890,-5.9394
MZI,243,181,0.104450,0.2494
MZI,242,182,-2.764365,-6.5994
MZI,241,183,0.190534,0.4549
MZI,240,184,-0.198596,-0.4741
MZI,239,185,-0.827678,-1.9759
MZI,238,186,-0.163412,-0.3901
MZI,237,187,1.902419,4.5417
MZI,236,188,-1.381341,-3.2977
MZI,235,189,-1.261098,-3.0106
MZI,234,190,1.642620,3.9215
MZI,233,191,1.387735,3.3130
MZI,232,192,-2.546221,-6.0787
MZI,231,193,-2.374024,-5.6676
MZI,230,194,0.053573,0.1279
MZI,229,195,0.091898,0.2194
MZI,228,196,-0.441958,-1.0551
MZI,227,197,2.111515,5.0409
MZI,226,198,2.693236,6.4296
MZI,225,199,2.776722,6.6289
MZI,224,200,1.628237,3.8871
MZI,223,201,-1.112590,-2.6561
MZI,222,202,-1.978235,-4.7227
MZI,221,203,0.910576,2.1738
MZI,220,204,-0.376571,-0.8990
MZI,219,205,2.140851,5.1109
MZI,218,206,0.192871,0.4604
MZI,217,207,-1.762595,-4.2079
MZI,216,208,-0.099473,-0.2375
MZI,215,209,-0.380494,-0.9084
MZI,214,210,-1.431977,-3.4186
MZI,213,211,-1.451243,-3.4646
MZI,212,212,-1.385374,-3.3073
MZI,211,213,-1.285531,-3.0690
MZI,210,214,-0.914042,-2.1821
MZI,209,215,0.482797,1.1526
MZI,208,216,1.578031,3.7673
MZI,207,217,1.666119,3.9776
MZI,206,218,1.706912,4.0750
MZI,205,219,1.949203,4.6534
MZI,204,220,2.147124,5.1259
MZI,203,221,1.990786,4.7527
MZI,202,222,2.322120,5.5437
MZI,201,223,-3.033190,-7.2412
MZI,200,224,-1.810789,-4.3229
MZI,199,225,-2.049083,-4.8918
MZI,198,226,1.566885,3.7407
MZI,197,227,1.236208,2.9512
MZI,196,228,1.181795,2.8213
MZI,195,229,1.558343,3.7203
MZI,194,230,-2.079020,-4.9633
MZI,193,231,-0.452548,-1.0804
MZI,192,232,-0.010605,-0.0253
MZI,191,233,0.214228,0.5114
MZI,190,234,0.366198,0.8742
MZI,189,235,0.460839,1.1002
MZI,188,236,0.492437,1.1756
MZI,187,237,0.472735,1.1286
MZI,186,238,0.455504,1.0874
MZI,185,239,0.576316,1.3759
MZI,184,240,1.027154,2.4521
MZI,183,241,1.341893,3.2035
MZI,182,242,1.498102,3.5765
MZI,181,243,1.673098,3.9942
MZI,180,244,1.876583,4.4800
MZI,179,245,2.093187,4.9971
MZI,178,246,2.307307,5.5083
MZI,177,247,2.503361,5.9763
MZI,176,248,2.638999,6.3001
MZI,175,249,2.630348,6.2795
MZI,174,250,2.418723,5.7743
MZI,173,251,2.085057,4.9777
MZI,172,252,1.987638,4.7451
MZI,171,253,2.214424,5.2865
MZI,170,254,2.311481,5.5183
MZI,169,255,2.339645,5.5855
MZI,254,172,2.773263,6.6207
MZI,253,173,-1.919628,-4.5828
MZI,252,174,-0.348187,-0.8312
MZI,251,175,2.158484,5.1530
MZI,250,176,-0.365556,-0.8727
MZI,249,177,-3.006202,-7.1768
MZI,248,178,0.890923,2.1269
MZI,247,179,2.667251,6.3676
MZI,246,180,-2.025005,-4.8343
MZI,245,181,0.753387,1.7986
MZI,244,182,1.641440,3.9186
MZI,243,183,1.798180,4.2928
MZI,242,184,0.631842,1.5084
MZI,241,185,0.737893,1.7616
MZI,240,186,-1.813264,-4.3288
MZI,239,187,-2.616055,-6.2454
MZI,238,188,-0.602327,-1.4379
MZI,237,189,2.375717,5.6716
MZI,236,190,1.278931,3.0532
MZI,235,191,-1.153762,-2.7544
MZI,234,192,0.846941,2.0219
MZI,233,193,-3.111406,-7.4279
MZI,232,194,-1.412130,-3.3712
MZI,231,195,-0.800197,-1.9103
MZI,230,196,-0.396935,-0.9476
MZI,229,197,1.195005,2.8529
MZI,228,198,-1.608470,-3.8399
MZI,227,199,-1.435516,-3.4270
MZI,226,200,-1.280692,-3.0574
MZI,225,201,1.252398,2.9899
MZI,224,202,0.317916,0.7590
MZI,223,203,-2.934520,-7.0056
MZI,222,204,0.368569,0.8799
MZI,221,205,-3.073834,-7.3382
MZI,220,206,-0.591767,-1.4127
MZI,219,207,-0.496918,-1.1863
MZI,218,208,-2.584083,-6.1690
MZI,217,209,-1.560849,-3.7263
MZI,216,210,-1.585247,-3.7845
MZI,215,211,-1.571820,-3.7524
MZI,214,212,-1.580593,-3.7734
MZI,213,213,-1.592044,-3.8007
MZI,212,214,-1.619078,-3.8653
MZI,211,215,-1.714930,-4.0941
MZI,210,216,-1.853778,-4.4256
MZI,209,217,-1.795703,-4.2869
MZI,208,218,-1.372721,-3.2771
MZI,207,219,-0.773937,-1.8476
MZI,206,220,-0.189988,-0.4536
MZI,205,221,-2.394961,-5.7175
MZI,204,222,-1.425241,-3.4025
MZI,203,223,-0.649331,-1.5502
MZI,202,224,-1.198540,-2.8613
MZI,201,225,-2.775586,-6.6262
MZI,200,226,-2.609844,-6.2305
MZI,199,227,0.085066,0.2031
MZI,198,228,0.880798,2.1028
MZI,197,229,1.300564,3.1049
MZI,196,230,1.179688,2.8163
MZI,195,231,0.363734,0.8683
MZI,194,232,-0.474740,-1.1334
MZI,193,233,-0.763253,-1.8221
MZI,192,234,2.442326,5.8306
MZI,191,235,2.278894,5.4405
MZI,190,236,2.183178,5.2120
MZI,189,237,2.095719,5.0032
MZI,188,238,2.021001,4.8248
MZI,187,239,1.986170,4.7416
MZI,186,240,2.015418,4.8115
MZI,185,241,2.099435,5.0120
MZI,184,242,2.152798,5.1394
MZI,183,243,2.158455,5.1529
MZI,182,244,2.132360,5.0906
MZI,181,245,2.071610,4.9456
MZI,180,246,1.966914,4.6957
MZI,179,247,1.797085,4.2902
MZI,178,248,1.561638,3.7281
MZI,177,249,1.261863,3.0125
MZI,176,250,0.946284,2.2591
MZI,175,251,0.737853,1.7615
MZI,174,252,0.757583,1.8086
MZI,173,253,0.978139,2.3351
MZI,172,254,1.175016,2.8051
MZI,171,255,1.215339,2.9014
MZI,254,174,-1.321482,-3.1548
MZI,253,175,-1.545535,-3.6897
MZI,252,176,-0.723102,-1.7263
MZI,251,177,-3.055480,-7.2944
MZI,250,178,-0.976506,-2.3312
MZI,249,179,3.010411,7.1868
MZI,248,180,-1.680192,-4.0112
MZI,247,181,1.929285,4.6058
MZI,246,182,-0.496388,-1.1850
MZI,245,183,1.342112,3.2041
MZI,244,184,-0.191185,-0.4564
MZI,243,185,-2.181650,-5.2083
MZI,242,186,-3.114562,-7.4355
MZI,241,187,0.961818,2.2962
MZI,240,188,0.168360,0.4019
MZI,239,189,-1.270271,-3.0325
MZI,238,190,-1.535000,-3.6645
MZI,237,191,1.760535,4.2030
MZI,236,192,-2.820333,-6.7330
MZI,235,193,-1.020163,-2.4355
MZI,234,194,0.537090,1.2822
MZI,233,195,-2.402537,-5.7356
MZI,232,196,-1.238592,-2.9569
MZI,231,197,1.463204,3.4931
MZI,230,198,0.915110,2.1847
MZI,229,199,1.426608,3.4058
MZI,228,200,0.987145,2.3566
MZI,227,201,1.338052,3.1944
MZI,226,202,-2.893482,-6.9077
MZI,225,203,-1.268309,-3.0279
MZI,224,204,-1.270664,-3.0335
MZI,223,205,-1.995815,-4.7647
MZI,222,206,1.481626,3.5371
MZI,221,207,1.756470,4.1933
MZI,220,208,0.674576,1.6104
MZI,219,209,1.559059,3.7220
MZI,218,210,3.000371,7.1629
MZI,217,211,2.606561,6.2227
MZI,216,212,2.507914,5.9872
MZI,215,213,2.432950,5.8082
MZI,214,214,2.406132,5.7442
MZI,213,215,2.376781,5.6741
MZI,212,216,2.294734,5.4783
MZI,211,217,2.159423,5.1552
MZI,210,218,1.993154,4.7583
MZI,209,219,1.796898,4.2898
MZI,208,220,1.571022,3.7505
MZI,207,221,1.540166,3.6769
MZI,206,222,-1.126164,-2.6885
MZI,205,223,-0.307273,-0.7336
MZI,204,224,0.287815,0.6871
MZI,203,225,1.941467,4.6349
MZI,202,226,-0.203393,-0.4856
MZI,201,227,1.205948,2.8790
MZI,200,228,1.377364,3.2882
MZI,199,229,0.790732,1.8877
MZI,198,230,0.378588,0.9038
MZI,197,231,0.230404,0.5500
MZI,196,232,0.144384,0.3447
MZI,195,233,0.054583,0.1303
MZI,194,234,-0.134088,-0.3201
MZI,193,235,2.320857,5.5406
MZI,192,236,1.789348,4.2718
MZI,191,237,1.394243,3.3285
MZI,190,238,1.145459,2.7346
MZI,189,239,1.046850,2.4992
MZI,188,240,1.126427,2.6891
MZI,187,241,1.321092,3.1539
MZI,186,242,1.534185,3.6626
MZI,185,243,1.695373,4.0474
MZI,184,244,1.819119,4.3428
MZI,183,245,1.921556,4.5874
MZI,182,246,2.013414,4.8067
MZI,181,247,2.112804,5.0439
MZI,180,248,2.227330,5.3174
MZI,179,249,2.381442,5.6853
MZI,178,250,2.590448,6.1842
MZI,177,251,2.852536,6.8099
MZI,176,252,3.138570,7.4928
MZI,175,253,-2.882450,-6.8813
MZI,174,254,-2.679319,-6.3964
MZI,173,255,-2.497234,-5.9617
MZI,254,176,1.158974,2.7668
MZI,253,177,-1.975589,-4.7164
MZI,252,178,0.936663,2.2361
MZI,251,179,-0.773449,-1.8465
MZI,250,180,0.669889,1.5992
MZI,249,181,0.440602,1.0519
MZI,248,182,2.473312,5.9046
MZI,247,183,-1.834290,-4.3790
MZI,246,184,-2.241375,-5.3509
MZI,245,185,-2.634928,-6.2904
MZI,244,186,-1.695577,-4.0479
MZI,243,187,1.907146,4.5530
MZI,242,188,0.444982,1.0623
MZI,241,189,3.059213,7.3033
MZI,240,190,-0.313929,-0.7495
MZI,239,191,-2.910410,-6.9481
MZI,238,192,-1.864398,-4.4509
MZI,237,193,0.450792,1.0762
MZI,236,194,1.911058,4.5623
MZI,235,195,0.168177,0.4015
MZI,234,196,0.652449,1.5576
MZI,233,197,-1.110733,-2.6517
MZI,232,198,1.719659,4.1054
MZI,231,199,-1.415555,-3.3794
MZI,230,200,1.458961,3.4830
MZI,229,201,2.613743,6.2399
MZI,228,202,-2.748303,-6.5611
MZI,227,203,2.152982,5.1399
MZI,226,204,1.035756,2.4727
MZI,225,205,-0.548333,-1.3090
MZI,224,206,-0.671789,-1.6038
MZI,223,207,2.936599,7.0106
MZI,222,208,3.130499,7.4735
MZI,221,209,2.574398,6.1459
MZI,220,210,2.486953,5.9372
MZI,219,211,1.304751,3.1149
MZI,218,212,1.502870,3.5878
MZI,217,213,1.442321,3.4433
MZI,216,214,1.435231,3.4264
MZI,215,215,1.436972,3.4305
MZI,214,216,1.458998,3.4831
MZI,213,217,1.562050,3.7291
MZI,212,218,1.844100,4.4025
MZI,211,219,2.324441,5.5492
MZI,210,220,2.662214,6.3556
MZI,209,221,2.693368,6.4299
MZI,208,222,2.500035,5.9684
MZI,207,223,1.925380,4.5965
MZI,206,224,1.555234,3.7128
MZI,205,225,1.356849,3.2392
MZI,204,226,-1.844402,-4.4032
MZI,203,227,0.532907,1.2722
MZI,202,228,-1.210653,-2.8902
MZI,201,229,-2.317525,-5.5327
MZI,200,230,3.092147,7.3820
MZI,199,231,2.152414,5.1385
MZI,198,232,1.290851,3.0817
MZI,197,233,0.887457,2.1186
MZI,196,234,0.691799,1.6515
MZI,195,235,0.686145,1.6381
MZI,194,236,1.005208,2.3998
MZI,193,237,1.458993,3.4831
MZI,192,238,1.618122,3.8630
MZI,191,239,0.824794,1.9690
MZI,190,240,0.122609,0.2927
MZI,189,241,0.048751,0.1164
MZI,188,242,0.005073,0.0121
MZI,187,243,-0.066723,-0.1593
MZI,186,244,-0.152532,-0.3641
MZI,185,245,-0.217286,-0.5187
MZI,184,246,-0.256851,-0.6132
MZI,183,247,-0.286126,-0.6831
MZI,182,248,-0.308534,-0.7366
MZI,181,249,-0.333049,-0.7951
MZI,180,250,-0.353937,-0.8450
MZI,179,251,-0.371826,-0.8877
MZI,178,252,-0.398942,-0.9524
MZI,177,253,-0.420798,-1.0046
MZI,176,254,-0.439713,-1.0497
MZI,175,255,-0.482834,-1.1527
MZI,254,178,-0.410483,-0.9800
MZI,253,179,2.582986,6.1664
MZI,252,180,1.632780,3.8980
MZI,251,181,1.160614,2.7708
MZI,250,182,-1.970663,-4.7046
MZI,249,183,1.726933,4.1227
MZI,248,184,0.390786,0.9329
MZI,247,185,-0.284801,-0.6799
MZI,246,186,-0.610185,-1.4567
MZI,245,187,0.912365,2.1781
MZI,244,188,1.048111,2.5022
MZI,243,189,-0.773969,-1.8477
MZI,242,190,2.958514,7.0629
MZI,241,191,0.528667,1.2621
MZI,240,192,3.095267,7.3894
MZI,239,193,-0.027772,-0.0663
MZI,238,194,-2.087131,-4.9827
MZI,237,195,-2.318989,-5.5362
MZI,236,196,-1.473175,-3.5169
MZI,235,197,3.050029,7.2814
MZI,234,198,1.485931,3.5474
MZI,233,199,0.129579,0.3093
MZI,232,200,-0.117409,-0.2803
MZI,231,201,-1.388113,-3.3139
MZI,230,202,-2.754368,-6.5756
MZI,229,203,0.587306,1.4021
MZI,228,204,-1.515532,-3.6181
MZI,227,205,1.825386,4.3578
MZI,226,206,2.890090,6.8996
MZI,225,207,1.998931,4.7721
MZI,224,208,-2.344151,-5.5962
MZI,223,209,1.823921,4.3543
MZI,222,210,0.364993,0.8714
MZI,221,211,-2.122433,-5.0669
MZI,220,212,1.723464,4.1145
MZI,219,213,1.830336,4.3696
MZI,218,214,1.390449,3.3195
MZI,217,215,0.953965,2.2774
MZI,216,216,0.825147,1.9699
MZI,215,217,0.705177,1.6835
MZI,214,218,0.389629,0.9302
MZI,213,219,-0.091846,-0.2193
MZI,212,220,-0.633273,-1.5118
MZI,211,221,-0.896861,-2.1411
MZI,210,222,-0.622656,-1.4865
MZI,209,223,0.121891,0.2910
MZI,208,224,-0.080808,-0.1929
MZI,207,225,-0.765446,-1.8274
MZI,206,226,-1.650172,-3.9395
MZI,205,227,-0.419088,-1.0005
MZI,204,228,-0.209976,-0.5013
MZI,203,229,2.506352,5.9835
MZI,202,230,-2.590619,-6.1846
MZI,201,231,-1.995460,-4.7638
MZI,200,232,-1.375381,-3.2835
MZI,199,233,-1.019241,-2.4333
MZI,198,234,-1.326154,-3.1660
MZI,197,235,-1.750752,-4.1796
MZI,196,236,-2.085703,-4.9792
MZI,195,237,-2.302774,-5.4975
MZI,194,238,-2.409943,-5.7533
MZI,193,239,-2.380690,-5.6835
MZI,192,240,-1.558682,-3.7211
MZI,191,241,-0.935280,-2.2328
MZI,190,242,-0.975239,-2.3282
MZI,189,243,-1.068164,-2.5501
MZI,188,244,-1.145997,-2.7359
MZI,187,245,-1.182274,-2.8225
MZI,186,246,-1.157209,-2.7626
MZI,185,247,-1.106116,-2.6407
MZI,184,248,-1.058177,-2.5262
MZI,183,249,-1.011747,-2.4154
MZI,182,250,-0.974973,-2.3276
MZI,181,251,-0.939699,-2.2434
MZI,180,252,-0.903493,-2.1569
MZI,179,253,-0.885248,-2.1134
MZI,178,254,-0.863001,-2.0603
MZI,177,255,-0.831697,-1.9855
MZI,254,180,-0.915817,-2.1864
MZI,253,181,1.984640,4.7380
MZI,252,182,-1.976089,-4.7176
MZI,251,183,-2.481772,-5.9248
MZI,250,184,1.862964,4.4475
MZI,249,185,-0.336022,-0.8022
MZI,248,186,-0.601761,-1.4366
MZI,247,187,1.090159,2.6026
MZI,246,188,-1.668391,-3.9830
MZI,245,189,2.851428,6.8073
MZI,244,190,1.886430,4.5035
MZI,243,191,-2.927593,-6.9891
MZI,242,192,2.950080,7.0428
MZI,241,193,-1.687362,-4.0283
MZI,240,194,-2.253939,-5.3809
MZI,239,195,0.749584,1.7895
MZI,238,196,2.745572,6.5546
MZI,237,197,1.011344,2.4144
MZI,236,198,0.375082,0.8954
MZI,235,199,-0.477160,-1.1391
MZI,234,200,0.013994,0.0334
MZI,233,201,2.909334,6.9455
MZI,232,202,-1.075009,-2.5664
MZI,231,203,0.633171,1.5116
MZI,230,204,-2.163568,-5.1651
MZI,229,205,-0.847415,-2.0231
MZI,228,206,0.803573,1.9184
MZI,227,207,-0.484475,-1.1566
MZI,226,208,0.369882,0.8830
MZI,225,209,0.840887,2.0075
MZI,224,210,1.394598,3.3294
MZI,223,211,0.080597,0.1924
MZI,222,212,0.449656,1.0735
MZI,221,213,0.304824,0.7277
MZI,220,214,0.098740,0.2357
MZI,219,215,0.212988,0.5085
MZI,218,216,0.422610,1.0089
MZI,217,217,0.471761,1.1262
MZI,216,218,0.510267,1.2182
MZI,215,219,0.581115,1.3873
MZI,214,220,0.591208,1.4114
MZI,213,221,0.550620,1.3145
MZI,212,222,0.534682,1.2765
MZI,211,223,0.360579,0.8608
MZI,210,224,-0.268822,-0.6418
MZI,209,225,-0.197030,-0.4704
MZI,208,226,0.789241,1.8842
MZI,207,227,2.185993,5.2187
MZI,206,228,2.523668,6.0248
MZI,205,229,1.986641,4.7428
MZI,204,230,-0.641995,-1.5326
MZI,203,231,-1.467341,-3.5030
MZI,202,232,-1.950383,-4.6562
MZI,201,233,-3.059096,-7.3031
MZI,200,234,3.068776,7.3262
MZI,199,235,-2.626999,-6.2715
MZI,198,236,-2.037036,-4.8631
MZI,197,237,-1.599770,-3.8192
MZI,196,238,-1.301540,-3.1072
MZI,195,239,-1.108046,-2.6453
MZI,194,240,-1.046226,-2.4977
MZI,193,241,-2.212763,-5.2826
MZI,192,242,-2.556276,-6.1027
MZI,191,243,-2.376802,-5.6742
MZI,190,244,-2.256208,-5.3863
MZI,189,245,-2.208074,-5.2714
MZI,188,246,-2.190826,-5.2302
MZI,187,247,-2.161093,-5.1592
MZI,186,248,-2.125325,-5.0738
MZI,185,249,-2.096714,-5.0055
MZI,184,250,-2.069219,-4.9399
MZI,183,251,-2.053850,-4.9032
MZI,182,252,-2.041295,-4.8732
MZI,181,253,-2.025521,-4.8356
MZI,180,254,-2.039072,-4.8679
MZI,179,255,-2.049975,-4.8940
MZI,254,182,1.848649,4.4133
MZI,253,183,1.906603,4.5517
MZI,252,184,-2.675141,-6.3864
MZI,251,185,-1.668850,-3.9841
MZI,250,186,1.123012,2.6810
MZI,249,187,-2.053999,-4.9036
MZI,248,188,-0.496936,-1.1863
MZI,247,189,-0.242050,-0.5779
MZI,246,190,-2.599609,-6.2061
MZI,245,191,-2.060634,-4.9194
MZI,244,192,0.513405,1.2257
MZI,243,193,-1.838182,-4.3883
MZI,242,194,-2.881470,-6.8790
MZI,241,195,3.054886,7.2930
MZI,240,196,-0.301543,-0.7199
MZI,239,197,-2.985063,-7.1263
MZI,238,198,2.958108,7.0620
MZI,237,199,-1.663905,-3.9723
MZI,236,200,2.765981,6.6033
MZI,235,201,1.042435,2.4886
MZI,234,202,0.461292,1.1013
MZI,233,203,1.031180,2.4618
MZI,232,204,1.121168,2.6766
MZI,231,205,2.556740,6.1038
MZI,230,206,1.926447,4.5991
MZI,229,207,0.117538,0.2806
MZI,228,208,-2.069982,-4.9417
MZI,227,209,-0.193812,-0.4627
MZI,226,210,0.076373,0.1823
MZI,225,211,-1.141104,-2.7242
MZI,224,212,2.301736,5.4950
MZI,223,213,2.807658,6.7028
MZI,222,214,1.560033,3.7243
MZI,221,215,1.132437,2.7035
MZI,220,216,1.155513,2.7586
MZI,219,217,1.273003,3.0391
MZI,218,218,1.326816,3.1675
MZI,217,219,1.380637,3.2960
MZI,216,220,1.528367,3.6487
MZI,215,221,1.770879,4.2277
MZI,214,222,2.012456,4.8044
MZI,213,223,2.176366,5.1957
MZI,212,224,2.315231,5.5272
MZI,211,225,2.600718,6.2088
MZI,210,226,3.001473,7.1655
MZI,209,227,-3.078200,-7.3487
MZI,208,228,-2.638138,-6.2981
MZI,207,229,-1.835768,-4.3826
MZI,206,230,-1.209720,-2.8880
MZI,205,231,-0.927618,-2.2145
MZI,204,232,-0.519339,-1.2398
MZI,203,233,0.246453,0.5884
MZI,202,234,1.789074,4.2711
MZI,201,235,2.660091,6.3505
MZI,200,236,-3.049931,-7.2812
MZI,199,237,-2.002127,-4.7797
MZI,198,238,-0.952016,-2.2728
MZI,197,239,-0.366527,-0.8750
MZI,196,240,0.095110,0.2271
MZI,195,241,0.621572,1.4839
MZI,194,242,2.354497,5.6209
MZI,193,243,-3.104014,-7.4103
MZI,192,244,-2.986880,-7.1307
MZI,191,245,-3.022111,-7.2148
MZI,190,246,-3.103641,-7.4094
MZI,189,247,-3.139632,-7.4953
MZI,188,248,-3.095542,-7.3901
MZI,187,249,-3.028086,-7.2290
MZI,186,250,-2.970543,-7.0916
MZI,185,251,-2.915003,-6.9591
MZI,184,252,-2.874720,-6.8629
MZI,183,253,-2.838046,-6.7753
MZI,182,254,-2.789760,-6.6601
MZI,181,255,-2.790509,-6.6618
MZI,254,184,2.725851,6.5075
MZI,253,185,-1.071181,-2.5573
MZI,252,186,1.494123,3.5670
MZI,251,187,2.428822,5.7984
MZI,250,188,-2.759755,-6.5884
MZI,249,189,1.629875,3.8910
MZI,248,190,-0.554759,-1.3244
MZI,247,191,1.925569,4.5970
MZI,246,192,1.093472,2.6105
MZI,245,193,-2.124900,-5.0728
MZI,244,194,1.850511,4.4178
MZI,243,195,1.932619,4.6138
MZI,242,196,-1.563333,-3.7322
MZI,241,197,-3.057757,-7.2999
MZI,240,198,-1.987724,-4.7453
MZI,239,199,0.109309,0.2610
MZI,238,200,-1.949391,-4.6538
MZI,237,201,0.785691,1.8757
MZI,236,202,-2.285194,-5.4555
MZI,235,203,0.474766,1.1334
MZI,234,204,-1.321061,-3.1538
MZI,233,205,0.863323,2.0610
MZI,232,206,-3.073119,-7.3365
MZI,231,207,0.022787,0.0544
MZI,230,208,0.269559,0.6435
MZI,229,209,-1.460431,-3.4865
MZI,228,210,-1.738188,-4.1496
MZI,227,211,-2.691890,-6.4264
MZI,226,212,2.622789,6.2614
MZI,225,213,1.695301,4.0472
MZI,224,214,2.056312,4.9091
MZI,223,215,1.898457,4.5322
MZI,222,216,1.320759,3.1531
MZI,221,217,1.403355,3.3503
MZI,220,218,1.452118,3.4667
MZI,219,219,1.460227,3.4860
MZI,218,220,1.454560,3.4725
MZI,217,221,1.427993,3.4091
MZI,216,222,1.369761,3.2701
MZI,215,223,1.287346,3.0733
MZI,214,224,1.265659,3.0215
MZI,213,225,1.617992,3.8627
MZI,212,226,2.492437,5.9503
MZI,211,227,-2.898026,-6.9185
MZI,210,228,-2.750686,-6.5668
MZI,209,229,2.546798,6.0800
MZI,208,230,2.113996,5.0468
MZI,207,231,1.802371,4.3028
MZI,206,232,1.688439,4.0309
MZI,205,233,1.678027,4.0060
MZI,204,234,1.917488,4.5777
MZI,203,235,2.646596,6.3183
MZI,202,236,-3.074349,-7.3395
MZI,201,237,-2.875892,-6.8657
MZI,200,238,2.913517,6.9555
MZI,199,239,2.318789,5.5357
MZI,198,240,2.172678,5.1869
MZI,197,241,2.153229,5.1405
MZI,196,242,2.105507,5.0265
MZI,195,243,1.987125,4.7439
MZI,194,244,1.811121,4.3237
MZI,193,245,1.606845,3.8361
MZI,192,246,1.422668,3.3964
MZI,191,247,1.373464,3.2789
MZI,190,248,1.460723,3.4872
MZI,189,249,1.580878,3.7741
MZI,188,250,1.669566,3.9858
MZI,187,251,1.725386,4.1191
MZI,186,252,1.777797,4.2442
MZI,185,253,1.814667,4.3322
MZI,184,254,1.852525,4.4226
MZI,183,255,1.930374,4.6084
MZI,254,186,0.128337,0.3064
MZI,253,187,1.595238,3.8083
MZI,252,188,3.091617,7.3807
MZI,251,189,1.290063,3.0798
MZI,250,190,-0.066664,-0.1591
MZI,249,191,2.433453,5.8094
MZI,248,192,2.297686,5.4853
MZI,247,193,1.955892,4.6693
MZI,246,194,1.947442,4.6492
MZI,245,195,-2.018549,-4.8189
MZI,244,196,0.475875,1.1361
MZI,243,197,-0.471579,-1.1258
MZI,242,198,-0.687922,-1.6423
MZI,241,199,1.764967,4.2135
MZI,240,200,1.762299,4.2072
MZI,239,201,1.428947,3.4114
MZI,238,202,-0.387422,-0.9249
MZI,237,203,2.107443,5.0312
MZI,236,204,0.571321,1.3639
MZI,235,205,2.760501,6.5902
MZI,234,206,-0.685463,-1.6364
MZI,233,207,1.566125,3.7388
MZI,232,208,0.100110,0.2390
MZI,231,209,0.170768,0.4077
MZI,230,210,2.333560,5.5710
MZI,229,211,2.566695,6.1275
MZI,228,212,1.948692,4.6522
MZI,227,213,1.184393,2.8275
MZI,226,214,0.376465,0.8987
MZI,225,215,0.927019,2.2131
MZI,224,216,-0.797271,-1.9033
MZI,223,217,0.416898,0.9953
MZI,222,218,1.375789,3.2845
MZI,221,219,1.797803,4.2919
MZI,220,220,1.898153,4.5315
MZI,219,221,1.952096,4.6603
MZI,218,222,2.040708,4.8718
MZI,217,223,2.120062,5.0613
MZI,216,224,2.135094,5.0972
MZI,215,225,1.994616,4.7618
MZI,214,226,-1.486055,-3.5477
MZI,213,227,-2.604130,-6.2169
MZI,212,228,2.617705,6.2493
MZI,211,229,2.065577,4.9312
MZI,210,230,2.557110,6.1047
MZI,209,231,2.931920,6.9994
MZI,208,232,2.993465,7.1464
MZI,207,233,3.068346,7.3251
MZI,206,234,-2.971871,-7.0948
MZI,205,235,-2.446280,-5.8401
MZI,204,236,-2.642822,-6.3093
MZI,203,237,3.113093,7.4320
MZI,202,238,2.718547,6.4901
MZI,201,239,2.383263,5.6896
MZI,200,240,2.111786,5.0415
MZI,199,241,1.883212,4.4958
MZI,198,242,1.668951,3.9843
MZI,197,243,1.433320,3.4218
MZI,196,244,1.168807,2.7903
MZI,195,245,0.935945,2.2344
MZI,194,246,0.848853,2.0265
MZI,193,247,0.931697,2.2243
MZI,192,248,1.105351,2.6388
MZI,191,249,1.247013,2.9770
MZI,190,250,1.344231,3.2091
MZI,189,251,1.396412,3.3337
MZI,188,252,1.411853,3.3706
MZI,187,253,1.424375,3.4004
MZI,186,254,1.412201,3.3714
MZI,185,255,1.385828,3.3084
MZI,254,188,1.002311,2.3928
MZI,253,189,2.567883,6.1304
MZI,252,190,-1.883963,-4.4976
MZI,251,191,-2.242854,-5.3544
MZI,250,192,-2.718037,-6.4888
MZI,249,193,-1.783783,-4.2585
MZI,248,194,0.222414,0.5310
MZI,247,195,-1.085598,-2.5917
MZI,246,196,3.032409,7.2393
MZI,245,197,-2.982552,-7.1203
MZI,244,198,2.073528,4.9502
MZI,243,199,-2.002110,-4.7797
MZI,242,200,-2.553870,-6.0969
MZI,241,201,-2.059543,-4.9168
MZI,240,202,-1.185916,-2.8312
MZI,239,203,-0.105221,-0.2512
MZI,238,204,3.021765,7.2139
MZI,237,205,-2.059713,-4.9172
MZI,236,206,1.553025,3.7076
MZI,235,207,2.306687,5.5068
MZI,234,208,-2.918883,-6.9683
MZI,233,209,1.495912,3.5712
MZI,232,210,3.126169,7.4632
MZI,231,211,0.996165,2.3782
MZI,230,212,-3.019603,-7.2088
MZI,229,213,-0.290435,-0.6934
MZI,228,214,-2.895086,-6.9115
MZI,227,215,-1.495801,-3.5710
MZI,226,216,-1.441916,-3.4423
MZI,225,217,0.390761,0.9329
MZI,224,218,-0.519253,-1.2396
MZI,223,219,-1.505504,-3.5941
MZI,222,220,-1.905281,-4.5485
MZI,221,221,-1.990887,-4.7529
MZI,220,222,-2.028101,-4.8417
MZI,219,223,-2.067480,-4.9357
MZI,218,224,-2.053957,-4.9035
MZI,217,225,-1.960980,-4.6815
MZI,216,226,-1.811506,-4.3247
MZI,215,227,1.251852,2.9886
MZI,214,228,1.431158,3.4166
MZI,213,229,1.621177,3.8703
MZI,212,230,1.805110,4.3094
MZI,211,231,1.526277,3.6437
MZI,210,232,1.082309,2.5838
MZI,209,233,1.023717,2.4439
MZI,208,234,1.686673,4.0266
MZI,207,235,2.151231,5.1357
MZI,206,236,1.633315,3.8993
MZI,205,237,1.169312,2.7915
MZI,204,238,1.311306,3.1305
MZI,203,239,2.019176,4.8204
MZI,202,240,2.781974,6.6415
MZI,201,241,-3.084382,-7.3634
MZI,200,242,-2.776758,-6.6290
MZI,199,243,-2.507381,-5.9859
MZI,198,244,-2.251825,-5.3758
MZI,197,245,-1.949291,-4.6536
MZI,196,246,-1.611874,-3.8481
MZI,195,247,-1.312483,-3.1333
MZI,194,248,-1.096649,-2.6181
MZI,193,249,-0.945597,-2.2574
MZI,192,250,-0.844905,-2.0171
MZI,191,251,-0.756524,-1.8061
MZI,190,252,-0.691970,-1.6520
MZI,189,253,-0.655854,-1.5657
MZI,188,254,-0.608227,-1.4520
MZI,187,255,-0.582864,-1.3915
MZI,254,190,-1.601020,-3.8222
MZI,253,191,0.594266,1.4187
MZI,252,192,-2.193040,-5.2355
MZI,251,193,2.338927,5.5838
MZI,250,194,-0.023000,-0.0549
MZI,249,195,-2.441903,-5.8296
MZI,248,196,2.707324,6.4633
MZI,247,197,1.806634,4.3130
MZI,246,198,-1.483431,-3.5414
MZI,245,199,-1.169790,-2.7927
MZI,244,200,2.525382,6.0289
MZI,243,201,2.608778,6.2280
MZI,242,202,-1.789868,-4.2730
MZI,241,203,0.458443,1.0945
MZI,240,204,-0.696945,-1.6638
MZI,239,205,-1.890318,-4.5128
MZI,238,206,1.060741,2.5323
MZI,237,207,-1.085227,-2.5908
MZI,236,208,-1.828615,-4.3655
MZI,235,209,-1.836037,-4.3832
MZI,234,210,-0.533325,-1.2732
MZI,233,211,-1.434232,-3.4240
MZI,232,212,-0.945697,-2.2577
MZI,231,213,-1.881009,-4.4906
MZI,230,214,2.847680,6.7983
MZI,229,215,-2.989842,-7.1377
MZI,228,216,2.253500,5.3798
MZI,227,217,-0.110973,-0.2649
MZI,226,218,1.225691,2.9261
MZI,225,219,2.420487,5.7785
MZI,224,220,2.982257,7.1196
MZI,223,221,3.041296,7.2606
MZI,222,222,3.026904,7.2262
MZI,221,223,2.995053,7.1502
MZI,220,224,2.858543,6.8243
MZI,219,225,2.509262,5.9904
MZI,218,226,1.998598,4.7713
MZI,217,227,1.476721,3.5254
MZI,216,228,0.897946,2.1437
MZI,215,229,0.154109,0.3679
MZI,214,230,-0.669455,-1.5982
MZI,213,231,-1.707897,-4.0773
MZI,212,232,2.037577,4.8644
MZI,211,233,0.228559,0.5456
MZI,210,234,-0.046762,-0.1116
MZI,209,235,-0.521034,-1.2439
MZI,208,236,-0.979601,-2.3386
MZI,207,237,-0.807791,-1.9285
MZI,206,238,-0.466368,-1.1134
MZI,205,239,-0.490582,-1.1712
MZI,204,240,-1.018360,-2.4312
MZI,203,241,-1.517226,-3.6221
MZI,202,242,-1.531718,-3.6567
MZI,201,243,-1.265467,-3.0211
MZI,200,244,-0.977111,-2.3327
MZI,199,245,-0.850037,-2.0293
MZI,198,246,-0.809380,-1.9323
MZI,197,247,-0.794729,-1.8973
MZI,196,248,-0.784304,-1.8724
MZI,195,249,-0.782444,-1.8679
MZI,194,250,-0.776437,-1.8536
MZI,193,251,-0.775077,-1.8504
MZI,192,252,-0.751373,-1.7938
MZI,191,253,-0.738972,-1.7642
MZI,190,254,-0.750111,-1.7908
MZI,189,255,-0.727698,-1.7373
MZI,254,192,-0.596885,-1.4250
MZI,253,193,0.870208,2.0775
MZI,252,194,0.056629,0.1352
MZI,251,195,0.318503,0.7604
MZI,250,196,-0.348012,-0.8308
MZI,249,197,-1.825191,-4.3573
MZI,248,198,0.422211,1.0080
MZI,247,199,1.234943,2.9482
MZI,246,200,-0.135639,-0.3238
MZI,245,201,-0.943394,-2.2522
MZI,244,202,0.803268,1.9177
MZI,243,203,-0.224508,-0.5360
MZI,242,204,0.938658,2.2409
MZI,241,205,-2.664751,-6.3616
MZI,240,206,2.215392,5.2889
MZI,239,207,-0.395921,-0.9452
MZI,238,208,-2.505313,-5.9810
MZI,237,209,-1.747809,-4.1726
MZI,236,210,1.362729,3.2533
MZI,235,211,2.683324,6.4060
MZI,234,212,2.175489,5.1936
MZI,233,213,-2.191972,-5.2329
MZI,232,214,2.082410,4.9714
MZI,231,215,1.734400,4.1406
MZI,230,216,2.180762,5.2062
MZI,229,217,-1.922127,-4.5887
MZI,228,218,3.072512,7.3351
MZI,227,219,-3.049736,-7.2807
MZI,226,220,-2.394205,-5.7157
MZI,225,221,-2.582323,-6.1648
MZI,224,222,-2.671981,-6.3789
MZI,223,223,-2.686905,-6.4145
MZI,222,224,-2.696946,-6.4385
MZI,221,225,-2.696631,-6.4377
MZI,220,226,-2.618053,-6.2501
MZI,219,227,-2.482412,-5.9263
MZI,218,228,-2.356303,-5.6253
MZI,217,229,-2.136878,-5.1014
MZI,216,230,-1.218802,-2.9097
MZI,215,231,1.369256,3.2689
MZI,214,232,1.594605,3.8068
MZI,213,233,2.462527,5.8788
MZI,212,234,2.790738,6.6624
MZI,211,235,2.929080,6.9927
MZI,210,236,2.518025,6.0113
MZI,209,237,1.868631,4.4610
MZI,208,238,0.940183,2.2445
MZI,207,239,-0.024700,-0.0590
MZI,206,240,-0.624269,-1.4903
MZI,205,241,-0.838253,-2.0012
MZI,204,242,-0.787017,-1.8789
MZI,203,243,-0.612192,-1.4615
MZI,202,244,-0.575429,-1.3737
MZI,201,245,-0.715421,-1.7079
MZI,200,246,-0.818547,-1.9541
MZI,199,247,-0.871954,-2.0816
MZI,198,248,-0.909540,-2.1714
MZI,197,249,-0.938228,-2.2399
MZI,196,250,-0.970672,-2.3173
MZI,195,251,-0.992661,-2.3698
MZI,194,252,-1.017368,-2.4288
MZI,193,253,-1.010077,-2.4114
MZI,192,254,-1.016829,-2.4275
MZI,191,255,-1.068111,-2.5499
MZI,254,194,0.078710,0.1879
MZI,253,195,-1.482676,-3.5396
MZI,252,196,1.327515,3.1692
MZI,251,197,1.289008,3.0773
MZI,250,198,1.916201,4.5746
MZI,249,199,-1.626568,-3.8831
MZI,248,200,2.416635,5.7693
MZI,247,201,1.238169,2.9559
MZI,246,202,-1.511702,-3.6089
MZI,245,203,-1.942307,-4.6369
MZI,244,204,0.275251,0.6571
MZI,243,205,0.962356,2.2975
MZI,242,206,1.180606,2.8185
MZI,241,207,-2.649325,-6.3248
MZI,240,208,0.512350,1.2231
MZI,239,209,2.570087,6.1356
MZI,238,210,-0.323072,-0.7713
MZI,237,211,-1.265760,-3.0218
MZI,236,212,1.648680,3.9359
MZI,235,213,1.945228,4.6439
MZI,234,214,1.559138,3.7222
MZI,233,215,1.446759,3.4539
MZI,232,216,1.145617,2.7350
MZI,231,217,0.131133,0.3131
MZI,230,218,2.728934,6.5148
MZI,229,219,2.606927,6.2236
MZI,228,220,2.272944,5.4263
MZI,227,221,-2.584633,-6.1704
MZI,226,222,-2.947562,-7.0368
MZI,225,223,-3.140935,-7.4984
MZI,224,224,3.054015,7.2909
MZI,223,225,2.985026,7.1262
MZI,222,226,2.759155,6.5870
MZI,221,227,2.251015,5.3739
MZI,220,228,1.930593,4.6090
MZI,219,229,1.884906,4.4999
MZI,218,230,1.841257,4.3957
MZI,217,231,1.003231,2.3950
MZI,216,232,-2.460022,-5.8729
MZI,215,233,2.392667,5.7121
MZI,214,234,0.998352,2.3834
MZI,213,235,1.980121,4.7272
MZI,212,236,2.332463,5.5683
MZI,211,237,2.659865,6.3500
MZI,210,238,2.921711,6.9751
MZI,209,239,1.382027,3.2993
MZI,208,240,0.961522,2.2955
MZI,207,241,1.282591,3.0620
MZI,206,242,1.515599,3.6182
MZI,205,243,1.504503,3.5917
MZI,204,244,1.324682,3.1624
MZI,203,245,1.177770,2.8117
MZI,202,246,1.233584,2.9450
MZI,201,247,1.364930,3.2585
MZI,200,248,1.467326,3.5030
MZI,199,249,1.532909,3.6596
MZI,198,250,1.581855,3.7764
MZI,197,251,1.611967,3.8483
MZI,196,252,1.648878,3.9364
MZI,195,253,1.674762,3.9982
MZI,194,254,1.745073,4.1661
MZI,193,255,1.806706,4.3132
MZI,254,196,-1.405772,-3.3560
MZI,253,197,3.116223,7.4394
MZI,252,198,-2.297477,-5.4848
MZI,251,199,-2.425742,-5.7910
MZI,250,200,-1.714114,-4.0921
MZI,249,201,-1.020445,-2.4361
MZI,248,202,-2.171516,-5.1841
MZI,247,203,0.311066,0.7426
MZI,246,204,-1.139781,-2.7210
MZI,245,205,0.348730,0.8325
MZI,244,206,0.849225,2.0274
MZI,243,207,-1.573386,-3.7562
MZI,242,208,0.437579,1.0446
MZI,241,209,-3.024252,-7.2199
MZI,240,210,-1.799154,-4.2952
MZI,239,211,-0.741313,-1.7698
MZI,238,212,-1.641176,-3.9180
MZI,237,213,-0.915818,-2.1864
MZI,236,214,-0.104408,-0.2493
MZI,235,215,-0.785119,-1.8743
MZI,234,216,-0.025476,-0.0608
MZI,233,217,-0.304163,-0.7261
MZI,232,218,-1.031542,-2.4626
MZI,231,219,0.672324,1.6051
MZI,230,220,1.110916,2.6521
MZI,229,221,1.909132,4.5577
MZI,228,222,0.701627,1.6750
MZI,227,223,1.513720,3.6137
MZI,226,224,1.979139,4.7248
MZI,225,225,2.155029,5.1448
MZI,224,226,2.298835,5.4881
MZI,223,227,2.700012,6.4458
MZI,222,228,-2.879191,-6.8736
MZI,221,229,-2.654343,-6.3368
MZI,220,230,3.137580,7.4904
MZI,219,231,3.098871,7.3980
MZI,218,232,-2.411641,-5.7574
MZI,217,233,-0.062228,-0.1486
MZI,216,234,2.017702,4.8169
MZI,215,235,-1.933761,-4.6165
MZI,214,236,-1.980051,-4.7270
MZI,213,237,2.971945,7.0950
MZI,212,238,2.190208,5.2287
MZI,211,239,1.931192,4.6104
MZI,210,240,-2.651193,-6.3293
MZI,209,241,-1.999365,-4.7731
MZI,208,242,-2.064720,-4.9292
MZI,207,243,-2.097087,-5.0064
MZI,206,244,-1.960724,-4.6809
MZI,205,245,-1.528955,-3.6501
MZI,204,246,-1.101370,-2.6293
MZI,203,247,-1.108362,-2.6460
MZI,202,248,-1.253104,-2.9916
MZI,201,249,-1.383491,-3.3028
MZI,200,250,-1.492772,-3.5637
MZI,199,251,-1.577724,-3.7665
MZI,198,252,-1.655397,-3.9520
MZI,197,253,-1.702040,-4.0633
MZI,196,254,-1.755257,-4.1904
MZI,195,255,-1.739934,-4.1538
MZI,254,198,-2.223692,-5.3087
MZI,253,199,-0.596895,-1.4250
MZI,252,200,0.020030,0.0478
MZI,251,201,2.945327,7.0314
MZI,250,202,1.629993,3.8913
MZI,249,203,-1.148218,-2.7412
MZI,248,204,1.248341,2.9802
MZI,247,205,1.096702,2.6182
MZI,246,206,1.338903,3.1964
MZI,245,207,1.719216,4.1043
MZI,244,208,-0.903939,-2.1580
MZI,243,209,0.466302,1.1132
MZI,242,210,-0.366147,-0.8741
MZI,241,211,-1.144879,-2.7332
MZI,240,212,-2.794948,-6.6724
MZI,239,213,-0.189524,-0.4525
MZI,238,214,-1.739027,-4.1516
MZI,237,215,-0.097078,-0.2318
MZI,236,216,-1.773074,-4.2329
MZI,235,217,3.063491,7.3135
MZI,234,218,-1.606383,-3.8350
MZI,233,219,-2.033839,-4.8554
MZI,232,220,1.635355,3.9041
MZI,231,221,-1.571132,-3.7508
MZI,230,222,-2.515303,-6.0048
MZI,229,223,1.948611,4.6520
MZI,228,224,0.952901,2.2749
MZI,227,225,0.562617,1.3432
MZI,226,226,0.449900,1.0741
MZI,225,227,0.365517,0.8726
MZI,224,228,0.183052,0.4370
MZI,223,229,0.000027,0.0001
MZI,222,230,0.112985,0.2697
MZI,221,231,0.566217,1.3517
MZI,220,232,0.429124,1.0245
MZI,219,233,-0.139137,-0.3322
MZI,218,234,-1.230920,-2.9386
MZI,217,235,-1.870984,-4.4666
MZI,216,236,2.890302,6.9001
MZI,215,237,2.923936,6.9804
MZI,214,238,-2.275718,-5.4329
MZI,213,239,-1.907584,-4.5540
MZI,212,240,-1.845551,-4.4059
MZI,211,241,-1.852160,-4.4217
MZI,210,242,-1.950567,-4.6566
MZI,209,243,-2.116065,-5.0517
MZI,208,244,-2.295012,-5.4789
MZI,207,245,-2.707040,-6.4626
MZI,206,246,2.781201,6.6396
MZI,205,247,1.849030,4.4142
MZI,204,248,1.294692,3.0909
MZI,203,249,0.932586,2.2264
MZI,202,250,0.649838,1.5514
MZI,201,251,0.424059,1.0124
MZI,200,252,0.272077,0.6495
MZI,199,253,0.158807,0.3791
MZI,198,254,0.099851,0.2384
MZI,197,255,0.007376,0.0176
MZI,254,200,0.199122,0.4754
MZI,253,201,0.354056,0.8452
MZI,252,202,0.097632,0.2331
MZI,251,203,-0.356800,-0.8518
MZI,250,204,2.663161,6.3578
MZI,249,205,-0.315718,-0.7537
MZI,248,206,-2.213337,-5.2840
MZI,247,207,-1.251472,-2.9877
MZI,246,208,0.865101,2.0653
MZI,245,209,1.269870,3.0316
MZI,244,210,-2.918856,-6.9683
MZI,243,211,0.414697,0.9900
MZI,242,212,-1.129004,-2.6953
MZI,241,213,0.814480,1.9444
MZI,240,214,-3.116166,-7.4393
MZI,239,215,0.509701,1.2168
MZI,238,216,-2.696078,-6.4364
MZI,237,217,-3.013032,-7.1931
MZI,236,218,1.052976,2.5138
MZI,235,219,-0.434193,-1.0366
MZI,234,220,-2.267785,-5.4139
MZI,233,221,-1.404268,-3.3524
MZI,232,222,-0.537493,-1.2832
MZI,231,223,1.690216,4.0351
MZI,230,224,1.726308,4.1213
MZI,229,225,1.576716,3.7641
MZI,228,226,1.335106,3.1873
MZI,227,227,1.236203,2.9512
MZI,226,228,1.159446,2.7680
MZI,225,229,0.956858,2.2843
MZI,224,230,0.664205,1.5857
MZI,223,231,0.515063,1.2296
MZI,222,232,0.722073,1.7238
MZI,221,233,2.001622,4.7785
MZI,220,234,3.106407,7.4160
MZI,219,235,-3.091889,-7.3813
MZI,218,236,3.049780,7.2808
MZI,217,237,2.243615,5.3562
MZI,216,238,2.203038,5.2594
MZI,215,239,2.056877,4.9104
MZI,214,240,2.039566,4.8691
MZI,213,241,1.940646,4.6330
MZI,212,242,1.755039,4.1898
MZI,211,243,1.518219,3.6245
MZI,210,244,1.398787,3.3394
MZI,209,245,1.471995,3.5141
MZI,208,246,1.567720,3.7427
MZI,207,247,1.689522,4.0334
MZI,206,248,1.840892,4.3948
MZI,205,249,2.036267,4.8612
MZI,204,250,2.246144,5.3623
MZI,203,251,2.453246,5.8567
MZI,202,252,2.638089,6.2980
MZI,201,253,2.812869,6.7152
MZI,200,254,2.943539,7.0272
MZI,199,255,3.090211,7.3773
MZI,254,202,-2.717956,-6.4886
MZI,253,203,-2.243736,-5.3565
MZI,252,204,-2.867198,-6.8449
MZI,251,205,2.664054,6.3600
MZI,250,206,-0.769038,-1.8359
MZI,249,207,1.695963,4.0488
MZI,248,208,-0.513932,-1.2269
MZI,247,209,2.606147,6.2217
MZI,246,210,-1.648171,-3.9347
MZI,245,211,1.670060,3.9870
MZI,244,212,0.977146,2.3328
MZI,243,213,2.221013,5.3023
MZI,242,214,0.862529,2.0591
MZI,241,215,2.372907,5.6649
MZI,240,216,-0.862594,-2.0593
MZI,239,217,2.410803,5.7554
MZI,238,218,2.979252,7.1124
MZI,237,219,0.919231,2.1945
MZI,236,220,-2.040572,-4.8715
MZI,235,221,-2.932362,-7.0005
MZI,234,222,-2.081806,-4.9699
MZI,233,223,1.442364,3.4434
MZI,232,224,0.630592,1.5054
MZI,231,225,0.950671,2.2696
MZI,230,226,0.810212,1.9342
MZI,229,227,0.479784,1.1454
MZI,228,228,0.415226,0.9913
MZI,227,229,0.365768,0.8732
MZI,226,230,0.316799,0.7563
MZI,225,231,0.428086,1.0220
MZI,224,232,0.555580,1.3264
MZI,223,233,0.488367,1.1659
MZI,222,234,-0.511802,-1.2218
MZI,221,235,-1.457311,-3.4791
MZI,220,236,0.922170,2.2015
MZI,219,237,1.549400,3.6989
MZI,218,238,-2.761105,-6.5917
MZI,217,239,2.218445,5.2961
MZI,216,240,2.368110,5.6534
MZI,215,241,2.876814,6.8679
MZI,214,242,-2.794952,-6.6725
MZI,213,243,-1.221397,-2.9159
MZI,212,244,0.346962,0.8283
MZI,211,245,1.032902,2.4659
MZI,210,246,1.390179,3.3188
MZI,209,247,1.542588,3.6827
MZI,208,248,1.614218,3.8537
MZI,207,249,1.639005,3.9128
MZI,206,250,1.657271,3.9564
MZI,205,251,1.658856,3.9602
MZI,204,252,1.640348,3.9160
MZI,203,253,1.602823,3.8265
MZI,202,254,1.578080,3.7674
MZI,201,255,1.517940,3.6238
MZI,254,204,-1.635455,-3.9044
MZI,253,205,-3.116977,-7.4412
MZI,252,206,0.768397,1.8344
MZI,251,207,0.683353,1.6314
MZI,250,208,1.357257,3.2402
MZI,249,209,-0.021773,-0.0520
MZI,248,210,0.077449,0.1849
MZI,247,211,1.108646,2.6467
MZI,246,212,2.266948,5.4119
MZI,245,213,-3.088810,-7.3740
MZI,244,214,1.862454,4.4463
MZI,243,215,0.385013,0.9192
MZI,242,216,-0.107396,-0.2564
MZI,241,217,-0.993008,-2.3706
MZI,240,218,0.266879,0.6371
MZI,239,219,0.236076,0.5636
MZI,238,220,1.306913,3.1200
MZI,237,221,-1.602788,-3.8264
MZI,236,222,2.382725,5.6883
MZI,235,223,1.145765,2.7353
MZI,234,224,0.824613,1.9686
MZI,233,225,0.725892,1.7329
MZI,232,226,1.169393,2.7917
MZI,231,227,1.717681,4.1007
MZI,230,228,2.312196,5.5200
MZI,229,229,2.464904,5.8845
MZI,228,230,2.582098,6.1643
MZI,227,231,2.793776,6.6696
MZI,226,232,2.828792,6.7532
MZI,225,233,2.545462,6.0768
MZI,224,234,1.644736,3.9265
MZI,223,235,0.371974,0.8880
MZI,222,236,0.025965,0.0620
MZI,221,237,-2.644910,-6.3143
MZI,220,238,2.535119,6.0521
MZI,219,239,1.132704,2.7041
MZI,218,240,2.700894,6.4479
MZI,217,241,2.840235,6.7806
MZI,216,242,0.163741,0.3909
MZI,215,243,-0.514863,-1.2291
MZI,214,244,-1.854667,-4.4277
MZI,213,245,-3.119734,-7.4478
MZI,212,246,2.778949,6.6343
MZI,211,247,2.617864,6.2497
MZI,210,248,2.503974,5.9778
MZI,209,249,2.414716,5.7647
MZI,208,250,2.347728,5.6048
MZI,207,251,2.341221,5.5893
MZI,206,252,2.353974,5.6197
MZI,205,253,2.363286,5.6419
MZI,204,254,2.362144,5.6392
MZI,203,255,2.388989,5.7033
MZI,254,206,2.854787,6.8153
MZI,253,207,-2.910394,-6.9481
MZI,252,208,-0.667907,-1.5945
MZI,251,209,-1.151591,-2.7492
MZI,250,210,2.120897,5.0633
MZI,249,211,0.579058,1.3824
MZI,248,212,1.980836,4.7289
MZI,247,213,1.896446,4.5274
MZI,246,214,0.123202,0.2941
MZI,245,215,-1.503186,-3.5886
MZI,244,216,0.477592,1.1402
MZI,243,217,-0.711872,-1.6995
MZI,242,218,-0.363014,-0.8666
MZI,241,219,-0.360441,-0.8605
MZI,240,220,1.250000,2.9842
MZI,239,221,1.192464,2.8468
MZI,238,222,-1.267862,-3.0268
MZI,237,223,1.214769,2.9000
MZI,236,224,2.457966,5.8680
MZI,235,225,-1.134459,-2.7083
MZI,234,226,-3.126477,-7.4639
MZI,233,227,2.425816,5.7912
MZI,232,228,2.413200,5.7611
MZI,231,229,2.522211,6.0213
MZI,230,230,2.577068,6.1523
MZI,229,231,2.644148,6.3124
MZI,228,232,2.886905,6.8920
MZI,227,233,-2.681491,-6.4016
MZI,226,234,-1.068787,-2.5515
MZI,225,235,0.652289,1.5572
MZI,224,236,2.371613,5.6618
MZI,223,237,3.081859,7.3574
MZI,222,238,-2.419790,-5.7768
MZI,221,239,0.174882,0.4175
MZI,220,240,2.458003,5.8681
MZI,219,241,2.898617,6.9199
MZI,218,242,3.056083,7.2959
MZI,217,243,-0.714801,-1.7065
MZI,216,244,-0.267635,-0.6389
MZI,215,245,-0.024764,-0.0591
MZI,214,246,0.206330,0.4926
MZI,213,247,0.488216,1.1655
MZI,212,248,0.767514,1.8323
MZI,211,249,0.929731,2.2196
MZI,210,250,1.055902,2.5208
MZI,209,251,1.149282,2.7437
MZI,208,252,1.255929,2.9983
MZI,207,253,1.339291,3.1973
MZI,206,254,1.375910,3.2847
MZI,205,255,1.365594,3.2601
MZI,254,208,-3.033476,-7.2419
MZI,253,209,-1.167668,-2.7876
MZI,252,210,-2.836799,-6.7724
MZI,251,211,1.768040,4.2209
MZI,250,212,-0.072949,-0.1742
MZI,249,213,0.816344,1.9489
MZI,248,214,1.405781,3.3561
MZI,247,215,1.918466,4.5800
MZI,246,216,-1.451204,-3.4645
MZI,245,217,0.630027,1.5041
MZI,244,218,-1.547674,-3.6948
MZI,243,219,2.433065,5.8085
MZI,242,220,-0.454118,-1.0841
MZI,241,221,1.244574,2.9712
MZI,240,222,2.840245,6.7806
MZI,239,223,-0.769693,-1.8375
MZI,238,224,2.533167,6.0475
MZI,237,225,-0.442400,-1.0562
MZI,236,226,2.703818,6.4549
MZI,235,227,3.065933,7.3194
MZI,234,228,2.565052,6.1236
MZI,233,229,1.717126,4.0993
MZI,232,230,1.098622,2.6228
MZI,231,231,0.783224,1.8698
MZI,230,232,0.453185,1.0819
MZI,229,233,-0.678818,-1.6206
MZI,228,234,-1.890829,-4.5140
MZI,227,235,3.009903,7.1856
MZI,226,236,2.221400,5.3032
MZI,225,237,1.791075,4.2759
MZI,224,238,1.251120,2.9868
MZI,223,239,-1.667311,-3.9804
MZI,222,240,2.183446,5.2126
MZI,221,241,1.246121,2.9749
MZI,220,242,0.017330,0.0414
MZI,219,243,-0.624914,-1.4919
MZI,218,244,-0.544706,-1.3004
MZI,217,245,-0.372594,-0.8895
MZI,216,246,0.854091,2.0390
MZI,215,247,2.189175,5.2263
MZI,214,248,2.421509,5.7809
MZI,213,249,2.517955,6.0112
MZI,212,250,2.509791,5.9917
MZI,211,251,2.528992,6.0375
MZI,210,252,2.537823,6.0586
MZI,209,253,2.605062,6.2191
MZI,208,254,2.674357,6.3846
MZI,207,255,2.701660,6.4497
MZI,254,210,-0.712189,-1.7002
MZI,253,211,3.123857,7.4577
MZI,252,212,0.062980,0.1504
MZI,251,213,1.568740,3.7451
MZI,250,214,-2.303880,-5.5001
MZI,249,215,-0.732582,-1.7489
MZI,248,216,0.534179,1.2753
MZI,247,217,-1.271890,-3.0364
MZI,246,218,0.493983,1.1793
MZI,245,219,2.083174,4.9732
MZI,244,220,3.080471,7.3541
MZI,243,221,0.296035,0.7067
MZI,242,222,1.702188,4.0637
MZI,241,223,-1.872579,-4.4705
MZI,240,224,-0.134171,-0.3203
MZI,239,225,-0.480051,-1.1460
MZI,238,226,-2.142919,-5.1158
MZI,237,227,0.914917,2.1842
MZI,236,228,0.411816,0.9831
MZI,235,229,1.070280,2.5551
MZI,234,230,2.220975,5.3022
MZI,233,231,3.000512,7.1632
MZI,232,232,-2.914139,-6.9570
MZI,231,233,-2.565489,-6.1247
MZI,230,234,-1.449682,-3.4609
MZI,229,235,-0.511213,-1.2204
MZI,228,236,-0.066902,-0.1597
MZI,227,237,0.276866,0.6610
MZI,226,238,0.723073,1.7262
MZI,225,239,1.619627,3.8666
MZI,224,240,-1.479380,-3.5318
MZI,223,241,-0.368385,-0.8795
MZI,222,242,0.145511,0.3474
MZI,221,243,0.278252,0.6643
MZI,220,244,0.395782,0.9449
MZI,219,245,0.480391,1.1468
MZI,218,246,0.442270,1.0558
MZI,217,247,-0.735031,-1.7548
MZI,216,248,-2.065931,-4.9320
MZI,215,249,-2.087666,-4.9839
MZI,214,250,-1.941766,-4.6356
MZI,213,251,-1.877509,-4.4822
MZI,212,252,-1.835156,-4.3811
MZI,211,253,-1.838152,-4.3883
MZI,210,254,-1.756222,-4.1927
MZI,209,255,-1.656629,-3.9549
MZI,254,212,-0.589232,-1.4067
MZI,253,213,0.045027,0.1075
MZI,252,214,-1.283600,-3.0644
MZI,251,215,1.338989,3.1966
MZI,250,216,-0.609366,-1.4548
MZI,249,217,2.322134,5.5437
MZI,248,218,0.452437,1.0801
MZI,247,219,0.658922,1.5731
MZI,246,220,2.300405,5.4918
MZI,245,221,0.960698,2.2935
MZI,244,222,0.458445,1.0945
MZI,243,223,0.406961,0.9715
MZI,242,224,-0.265450,-0.6337
MZI,241,225,-1.586017,-3.7863
MZI,240,226,3.103226,7.4084
MZI,239,227,0.696420,1.6626
MZI,238,228,-0.100095,-0.2390
MZI,237,229,0.606854,1.4488
MZI,236,230,1.799648,4.2963
MZI,235,231,1.654427,3.9497
MZI,234,232,1.511169,3.6077
MZI,233,233,1.459273,3.4838
MZI,232,234,1.411287,3.3692
MZI,231,235,1.286807,3.0720
MZI,230,236,1.090539,2.6035
MZI,229,237,0.861211,2.0560
MZI,228,238,0.597318,1.4260
MZI,227,239,0.207151,0.4945
MZI,226,240,-0.738678,-1.7635
MZI,225,241,2.110709,5.0389
MZI,224,242,1.298616,3.1002
MZI,223,243,0.933196,2.2278
MZI,222,244,1.558691,3.7211
MZI,221,245,1.142149,2.7267
MZI,220,246,0.374926,0.8951
MZI,219,247,0.139070,0.3320
MZI,218,248,-0.035988,-0.0859
MZI,217,249,-0.166321,-0.3971
MZI,216,250,-0.008184,-0.0195
MZI,215,251,0.022559,0.0539
MZI,214,252,-0.099527,-0.2376
MZI,213,253,-0.195264,-0.4662
MZI,212,254,-0.360712,-0.8611
MZI,211,255,-0.370633,-0.8848
MZI,254,214,-3.134574,-7.4832
MZI,253,215,2.121399,5.0645
MZI,252,216,-0.808569,-1.9303
MZI,251,217,-2.718709,-6.4904
MZI,250,218,0.356729,0.8516
MZI,249,219,-2.302805,-5.4975
MZI,248,220,1.703812,4.0676
MZI,247,221,-0.786264,-1.8771
MZI,246,222,0.801259,1.9129
MZI,245,223,1.990815,4.7527
MZI,244,224,1.108853,2.6472
MZI,243,225,0.041186,0.0983
MZI,242,226,-0.622231,-1.4855
MZI,241,227,-1.524428,-3.6393
MZI,240,228,2.991862,7.1425
MZI,239,229,-0.662541,-1.5817
MZI,238,230,0.352403,0.8413
MZI,237,231,-0.762303,-1.8199
MZI,236,232,-1.131372,-2.7010
MZI,235,233,-1.283207,-3.0634
MZI,234,234,-1.324019,-3.1609
MZI,233,235,-1.354227,-3.2330
MZI,232,236,-1.426425,-3.4053
MZI,231,237,-1.519745,-3.6281
MZI,230,238,-1.589263,-3.7941
MZI,229,239,-1.633270,-3.8991
MZI,228,240,-1.644021,-3.9248
MZI,227,241,-1.403171,-3.3498
MZI,226,242,1.091687,2.6062
MZI,225,243,-1.147606,-2.7397
MZI,224,244,-1.491548,-3.5608
MZI,223,245,-1.369374,-3.2691
MZI,222,246,-0.465232,-1.1107
MZI,221,247,0.246677,0.5889
MZI,220,248,0.227359,0.5428
MZI,219,249,-0.128529,-0.3068
MZI,218,250,-0.036906,-0.0881
MZI,217,251,0.367068,0.8763
MZI,216,252,0.388852,0.9283
MZI,215,253,0.234174,0.5590
MZI,214,254,0.069748,0.1665
MZI,213,255,-0.254516,-0.6076
MZI,254,216,0.991175,2.3663
MZI,253,217,-2.317292,-5.5321
MZI,252,218,-2.488640,-5.9412
MZI,251,219,1.937328,4.6250
MZI,250,220,-1.133103,-2.7051
MZI,249,221,2.172738,5.1870
MZI,248,222,1.532363,3.6582
MZI,247,223,-0.588858,-1.4058
MZI,246,224,-2.038841,-4.8674
MZI,245,225,2.678922,6.3955
MZI,244,226,-0.629920,-1.5038
MZI,243,227,-2.980538,-7.1155
MZI,242,228,1.431494,3.4174
MZI,241,229,2.633676,6.2874
MZI,240,230,-2.887541,-6.8935
MZI,239,231,2.959774,7.0659
MZI,238,232,-3.121049,-7.4510
MZI,237,233,-2.702181,-6.4510
MZI,236,234,-2.493870,-5.9537
MZI,235,235,-2.433220,-5.8089
MZI,234,236,-2.377991,-5.6770
MZI,233,237,-2.230769,-5.3256
MZI,232,238,-2.002645,-4.7810
MZI,231,239,-1.735831,-4.1440
MZI,230,240,-1.251268,-2.9872
MZI,229,241,1.557300,3.7178
MZI,228,242,1.894184,4.5220
MZI,227,243,2.117991,5.0563
MZI,226,244,-1.655595,-3.9524
MZI,225,245,-1.056291,-2.5217
MZI,224,246,-0.589426,-1.4072
MZI,223,247,-0.123515,-0.2949
MZI,222,248,0.025312,0.0604
MZI,221,249,0.100939,0.2410
MZI,220,250,0.838739,2.0023
MZI,219,251,1.808315,4.3170
MZI,218,252,2.442504,5.8310
MZI,217,253,2.254594,5.3824
MZI,216,254,2.213415,5.2841
MZI,215,255,2.293317,5.4749
MZI,254,218,1.979641,4.7260
MZI,253,219,-1.153292,-2.7533
MZI,252,220,2.938119,7.0142
MZI,251,221,-0.039417,-0.0941
MZI,250,222,-1.016404,-2.4265
MZI,249,223,-2.441087,-5.8277
MZI,248,224,2.802116,6.6896
MZI,247,225,-1.690986,-4.0369
MZI,246,226,0.576918,1.3773
MZI,245,227,-0.738068,-1.7620
MZI,244,228,-0.413711,-0.9877
MZI,243,229,0.511769,1.2218
MZI,242,230,0.687359,1.6409
MZI,241,231,1.247231,2.9775
MZI,240,232,0.664093,1.5854
MZI,239,233,0.028916,0.0690
MZI,238,234,0.002671,0.0064
MZI,237,235,0.218605,0.5219
MZI,236,236,0.305959,0.7304
MZI,235,237,0.366817,0.8757
MZI,234,238,0.473626,1.1307
MZI,233,239,0.554939,1.3248
MZI,232,240,0.535383,1.2781
MZI,231,241,0.207972,0.4965
MZI,230,242,-2.548694,-6.0846
MZI,229,243,-2.995785,-7.1519
MZI,228,244,2.702038,6.4506
MZI,227,245,1.785663,4.2630
MZI,226,246,1.387804,3.3131
MZI,225,247,1.225005,2.9245
MZI,224,248,1.214162,2.8986
MZI,223,249,1.587015,3.7887
MZI,222,250,2.251327,5.3746
MZI,221,251,2.983687,7.1230
MZI,220,252,-2.538701,-6.0607
MZI,219,253,-2.947760,-7.0373
MZI,218,254,3.114540,7.4354
MZI,217,255,3.081930,7.3576
MZI,254,220,-0.911630,-2.1764
MZI,253,221,-1.484868,-3.5449
MZI,252,222,-2.346389,-5.6016
MZI,251,223,-1.803002,-4.3044
MZI,250,224,-1.939181,-4.6295
MZI,249,225,-1.320918,-3.1535
MZI,248,226,-1.189558,-2.8399
MZI,247,227,3.107297,7.4181
MZI,246,228,2.978082,7.1096
MZI,245,229,-0.992019,-2.3683
MZI,244,230,1.842359,4.3983
MZI,243,231,-2.079128,-4.9636
MZI,242,232,-0.860964,-2.0554
MZI,241,233,-1.132298,-2.7032
MZI,240,234,-2.919894,-6.9707
MZI,239,235,-3.030287,-7.2343
MZI,238,236,3.009858,7.1855
MZI,237,237,2.917926,6.9660
MZI,236,238,2.845332,6.7927
MZI,235,239,2.695414,6.4348
MZI,234,240,2.519379,6.0146
MZI,233,241,2.347509,5.6043
MZI,232,242,2.174483,5.1912
MZI,231,243,2.054082,4.9038
MZI,230,244,2.088217,4.9853
MZI,229,245,2.465626,5.8862
MZI,228,246,-2.923034,-6.9782
MZI,227,247,-2.390426,-5.7067
MZI,226,248,-2.213006,-5.2832
MZI,225,249,-2.173145,-5.1880
MZI,224,250,-2.239053,-5.3453
MZI,223,251,-2.443793,-5.8341
MZI,222,252,-3.018786,-7.2068
MZI,221,253,2.049576,4.8930
MZI,220,254,1.513216,3.6125
MZI,219,255,1.248871,2.9815
MZI,254,222,-2.354640,-5.6213
MZI,253,223,-1.474310,-3.5197
MZI,252,224,1.274216,3.0420
MZI,251,225,0.873469,2.0853
MZI,250,226,-0.148716,-0.3550
MZI,249,227,1.355277,3.2355
MZI,248,228,0.784839,1.8737
MZI,247,229,-0.706588,-1.6869
MZI,246,230,2.162965,5.1637
MZI,245,231,-0.339569,-0.8107
MZI,244,232,2.254867,5.3831
MZI,243,233,2.687136,6.4151
MZI,242,234,-2.905836,-6.9372
MZI,241,235,1.531128,3.6553
MZI,240,236,1.649381,3.9376
MZI,239,237,1.645583,3.9285
MZI,238,238,1.639833,3.9148
MZI,237,239,1.635591,3.9047
MZI,236,240,1.624144,3.8774
MZI,235,241,1.601717,3.8238
MZI,234,242,1.581354,3.7752
MZI,233,243,1.590261,3.7965
MZI,232,244,1.643460,3.9235
MZI,231,245,1.751527,4.1815
MZI,230,246,1.940306,4.6321
MZI,229,247,2.188986,5.2258
MZI,228,248,2.352850,5.6170
MZI,227,249,2.385630,5.6953
MZI,226,250,2.395793,5.7195
MZI,225,251,2.415453,5.7665
MZI,224,252,2.445553,5.8383
MZI,223,253,2.504628,5.9794
MZI,222,254,2.539605,6.0629
MZI,221,255,2.581882,6.1638
MZI,254,224,-2.201826,-5.2565
MZI,253,225,1.319024,3.1489
MZI,252,226,0.515537,1.2308
MZI,251,227,1.225185,2.9249
MZI,250,228,-1.851105,-4.4192
MZI,249,229,-1.879148,-4.4861
MZI,248,230,-1.611338,-3.8468
MZI,247,231,-2.836151,-6.7708
MZI,246,232,-1.104527,-2.6369
MZI,245,233,-2.920352,-6.9718
MZI,244,234,2.489628,5.9435
MZI,243,235,1.945760,4.6452
MZI,242,236,-2.409590,-5.7525
MZI,241,237,-2.794138,-6.6705
MZI,240,238,-2.857363,-6.8215
MZI,239,239,-2.869320,-6.8500
MZI,238,240,-2.884089,-6.8853
MZI,237,241,-2.922958,-6.9780
MZI,236,242,-2.963700,-7.0753
MZI,235,243,-2.968847,-7.0876
MZI,234,244,-2.927342,-6.9885
MZI,233,245,-2.874557,-6.8625
MZI,232,246,-2.888026,-6.8947
MZI,231,247,2.868024,6.8469
MZI,230,248,0.275849,0.6585
MZI,229,249,0.144529,0.3450
MZI,228,250,0.148908,0.3555
MZI,227,251,0.209791,0.5008
MZI,226,252,0.279625,0.6676
MZI,225,253,0.333290,0.7957
MZI,224,254,0.404042,0.9646
MZI,223,255,0.418191,0.9984
MZI,254,226,-0.264704,-0.6319
MZI,253,227,-0.812690,-1.9402
MZI,252,228,-1.758344,-4.1977
MZI,251,229,-1.947848,-4.6501
MZI,250,230,1.562189,3.7295
MZI,249,231,-0.628044,-1.4993
MZI,248,232,0.076437,0.1825
MZI,247,233,2.708404,6.4658
MZI,246,234,2.267956,5.4143
MZI,245,235,-0.006155,-0.0147
MZI,244,236,-0.370271,-0.8840
MZI,243,237,1.342632,3.2053
MZI,242,238,1.523818,3.6378
MZI,241,239,1.502962,3.5881
MZI,240,240,1.481788,3.5375
MZI,239,241,1.473775,3.5184
MZI,238,242,1.436791,3.4301
MZI,237,243,1.175760,2.8069
MZI,236,244,0.393528,0.9395
MZI,235,245,0.034196,0.0816
MZI,234,246,0.100630,0.2402
MZI,233,247,0.348667,0.8324
MZI,232,248,1.100841,2.6281
MZI,231,249,-2.386198,-5.6966
MZI,230,250,-1.995499,-4.7639
MZI,229,251,-1.732968,-4.1372
MZI,228,252,-1.546481,-3.6920
MZI,227,253,-1.428675,-3.4107
MZI,226,254,-1.374234,-3.2807
MZI,225,255,-1.282080,-3.0607
MZI,254,228,-1.600812,-3.8217
MZI,253,229,0.741030,1.7691
MZI,252,230,2.766891,6.6055
MZI,251,231,1.789741,4.2727
MZI,250,232,-2.621034,-6.2573
MZI,249,233,-0.507083,-1.2106
MZI,248,234,0.564661,1.3480
MZI,247,235,2.822246,6.7376
MZI,246,236,-1.299898,-3.1033
MZI,245,237,2.415902,5.7675
MZI,244,238,2.804586,6.6955
MZI,243,239,2.883581,6.8840
MZI,242,240,2.878565,6.8721
MZI,241,241,2.868471,6.8480
MZI,240,242,2.853801,6.8129
MZI,239,243,2.784138,6.6466
MZI,238,244,2.556883,6.1041
MZI,237,245,2.673357,6.3822
MZI,236,246,2.869440,6.8503
MZI,235,247,2.847709,6.7984
MZI,234,248,2.718494,6.4899
MZI,233,249,2.495713,5.9581
MZI,232,250,2.207011,5.2688
MZI,231,251,1.898075,4.5313
MZI,230,252,1.601001,3.8221
MZI,229,253,1.381947,3.2992
MZI,228,254,1.189206,2.8390
MZI,227,255,0.950819,2.2699
MZI,254,230,0.666377,1.5909
MZI,253,231,-1.059316,-2.5289
MZI,252,232,-2.288598,-5.4636
MZI,251,233,-2.318891,-5.5359
MZI,250,234,-0.162302,-0.3875
MZI,249,235,-2.765304,-6.6017
MZI,248,236,-0.542890,-1.2961
MZI,247,237,0.663203,1.5833
MZI,246,238,-1.392139,-3.3235
MZI,245,239,-1.004291,-2.3976
MZI,244,240,-0.967662,-2.3101
MZI,243,241,-0.988381,-2.3596
MZI,242,242,-1.003396,-2.3954
MZI,241,243,-1.022593,-2.4413
MZI,240,244,-1.108314,-2.6459
MZI,239,245,-1.230595,-2.9378
MZI,238,246,-0.996065,-2.3779
MZI,237,247,-0.859015,-2.0507
MZI,236,248,-0.791257,-1.8890
MZI,235,249,-0.730430,-1.7438
MZI,234,250,-0.677550,-1.6175
MZI,233,251,-0.618133,-1.4757
MZI,232,252,-0.553332,-1.3210
MZI,231,253,-0.529379,-1.2638
MZI,230,254,-0.457230,-1.0916
MZI,229,255,-0.390692,-0.9327
MZI,254,232,-1.994281,-4.7610
MZI,253,233,-1.270397,-3.0328
MZI,252,234,2.033144,4.8538
MZI,251,235,2.455137,5.8612
MZI,250,236,0.054099,0.1292
MZI,249,237,1.765840,4.2156
MZI,248,238,-0.399212,-0.9530
MZI,247,239,-1.893858,-4.5213
MZI,246,240,-2.565143,-6.1238
MZI,245,241,-2.516522,-6.0078
MZI,244,242,-2.362558,-5.6402
MZI,243,243,-2.281287,-5.4462
MZI,242,244,-2.205583,-5.2654
MZI,241,245,-1.922386,-4.5894
MZI,240,246,-1.159471,-2.7680
MZI,239,247,-0.533243,-1.2730
MZI,238,248,-0.288894,-0.6897
MZI,237,249,-0.181609,-0.4336
MZI,236,250,-0.121948,-0.2911
MZI,235,251,-0.101604,-0.2426
MZI,234,252,-0.090801,-0.2168
MZI,233,253,-0.078108,-0.1865
MZI,232,254,-0.139533,-0.3331
MZI,231,255,-0.124244,-0.2966
MZI,254,234,-1.201421,-2.8682
MZI,253,235,0.409447,0.9775
MZI,252,236,-2.704322,-6.4561
MZI,251,237,0.221978,0.5299
MZI,250,238,0.042432,0.1013
MZI,249,239,-0.205203,-0.4899
MZI,248,240,-2.872612,-6.8579
MZI,247,241,-2.008873,-4.7958
MZI,246,242,-1.793386,-4.2814
MZI,245,243,-1.717764,-4.1009
MZI,244,244,-1.695461,-4.0476
MZI,243,245,-1.678588,-4.0073
MZI,242,246,-1.638666,-3.9120
MZI,241,247,-1.584186,-3.7820
MZI,240,248,-1.544102,-3.6863
MZI,239,249,-1.536894,-3.6691
MZI,238,250,-1.559198,-3.7223
MZI,237,251,-1.585185,-3.7843
MZI,236,252,-1.628510,-3.8878
MZI,235,253,-1.633785,-3.9004
MZI,234,254,-1.609789,-3.8431
MZI,233,255,-1.719455,-4.1049
MZI,254,236,-1.534866,-3.6642
MZI,253,237,-2.149482,-5.1315
MZI,252,238,0.508376,1.2137
MZI,251,239,-2.453623,-5.8576
MZI,250,240,-0.598447,-1.4287
MZI,249,241,0.013657,0.0326
MZI,248,242,-0.452938,-1.0813
MZI,247,243,-0.465416,-1.1111
MZI,246,244,-0.450243,-1.0749
MZI,245,245,-0.442038,-1.0553
MZI,244,246,-0.434642,-1.0376
MZI,243,247,-0.411374,-0.9821
MZI,242,248,-0.355870,-0.8496
MZI,241,249,-0.254279,-0.6070
MZI,240,250,-0.098721,-0.2357
MZI,239,251,0.108685,0.2595
MZI,238,252,0.387736,0.9257
MZI,237,253,0.647826,1.5466
MZI,236,254,0.955237,2.2805
MZI,235,255,1.302599,3.1097
MZI,254,238,0.904142,2.1585
MZI,253,239,1.757879,4.1966
MZI,252,240,2.406451,5.7450
MZI,251,241,-1.642579,-3.9214
MZI,250,242,-1.905929,-4.5501
MZI,249,243,-1.585919,-3.7861
MZI,248,244,-1.535967,-3.6669
MZI,247,245,-1.515607,-3.6182
MZI,246,246,-1.508402,-3.6010
MZI,245,247,-1.503938,-3.5904
MZI,244,248,-1.495786,-3.5709
MZI,243,249,-1.487926,-3.5522
MZI,242,250,-1.488977,-3.5547
MZI,241,251,-1.504291,-3.5912
MZI,240,252,-1.533194,-3.6602
MZI,239,253,-1.534899,-3.6643
MZI,238,254,-1.632899,-3.8983
MZI,237,255,-1.680002,-4.0107
MZI,254,240,-1.143426,-2.7297
MZI,253,241,1.781639,4.2533
MZI,252,242,1.528946,3.6501
MZI,251,243,-0.473616,-1.1307
MZI,250,244,-0.445173,-1.0628
MZI,249,245,-0.443721,-1.0593
MZI,248,246,-0.440860,-1.0525
MZI,247,247,-0.438120,-1.0459
MZI,246,248,-0.439093,-1.0483
MZI,245,249,-0.446531,-1.0660
MZI,244,250,-0.462559,-1.1043
MZI,243,251,-0.487102,-1.1629
MZI,242,252,-0.516636,-1.2334
MZI,241,253,-0.541342,-1.2924
MZI,240,254,-0.484359,-1.1563
MZI,239,255,-0.578825,-1.3818
MZI,254,242,-1.896365,-4.5272
MZI,253,243,1.479705,3.5325
MZI,252,244,0.654921,1.5635
MZI,251,245,0.791072,1.8885
MZI,250,246,0.878543,2.0974
MZI,249,247,0.926974,2.2130
MZI,248,248,0.945262,2.2566
MZI,247,249,0.958642,2.2886
MZI,246,250,0.993959,2.3729
MZI,245,251,1.063261,2.5383
MZI,244,252,1.167463,2.7871
MZI,243,253,1.309030,3.1251
MZI,242,254,1.504534,3.5918
MZI,241,255,1.956064,4.6698
MZI,254,244,-2.692988,-6.4290
MZI,253,245,-0.117464,-0.2804
MZI,252,246,-0.197361,-0.4712
MZI,251,247,-0.222394,-0.5309
MZI,250,248,-0.227951,-0.5442
MZI,249,249,-0.226212,-0.5400
MZI,248,250,-0.230546,-0.5504
MZI,247,251,-0.249861,-0.5965
MZI,246,252,-0.288160,-0.6879
MZI,245,253,-0.346812,-0.8280
MZI,244,254,-0.427725,-1.0211
MZI,243,255,-0.537143,-1.2823
MZI,254,246,-3.080416,-7.3540
MZI,253,247,-3.002867,-7.1688
MZI,252,248,-2.963396,-7.0746
MZI,251,249,-2.938511,-7.0152
MZI,250,250,-2.926717,-6.9870
MZI,249,251,-2.922190,-6.9762
MZI,248,252,-2.916789,-6.9633
MZI,247,253,-2.908226,-6.9429
MZI,246,254,-2.899043,-6.9210
MZI,245,255,-2.891646,-6.9033
MZI,254,248,0.033007,0.0788
MZI,253,249,0.061563,0.1470
MZI,252,250,0.083777,0.2000
MZI,251,251,0.095864,0.2289
MZI,250,252,0.099004,0.2364
MZI,249,253,0.098949,0.2362
MZI,248,254,0.098857,0.2360
MZI,247,255,0.098741,0.2357
MZI,254,250,0.032091,0.0766
MZI,253,251,0.057476,0.1372
MZI,252,252,0.071586,0.1709
MZI,251,253,0.075394,0.1800
MZI,250,254,0.075395,0.1800
MZI,249,255,0.075396,0.1800
MZI,254,252,0.029643,0.0708
MZI,253,253,0.046695,0.1115
MZI,252,254,0.051544,0.1231
MZI,251,255,0.051544,0.1231
MZI,254,254,0.021817,0.0521
MZI,253,255,0.028635,0.0684
OUT,0,0,-3.141593,-7.5000
OUT,1,1,-1.533981,-3.6621
OUT,2,2,1.644427,3.9258
OUT,3,3,1.736466,4.1455
OUT,4,4,-1.343768,-3.2080
OUT,5,5,-1.199575,-2.8638
OUT,6,6,2.027920,4.8413
OUT,7,7,2.222121,5.3049
OUT,8,8,-0.809020,-1.9314
OUT,9,9,-0.629053,-1.5018
OUT,10,10,2.672092,6.3791
OUT,11,11,-2.388046,-5.7010
OUT,12,12,1.063863,2.5398
OUT,13,13,-0.383552,-0.9157
OUT,14,14,2.644310,6.3128
OUT,15,15,1.270362,3.0328
OUT,16,16,-1.485114,-3.5454
OUT,17,17,2.792486,6.6666
OUT,18,18,-0.145015,-0.3462
OUT,19,19,2.153561,5.1412
OUT,20,20,-0.671609,-1.6033
OUT,21,21,-2.101279,-5.0164
OUT,22,22,1.350324,3.2237
OUT,23,23,0.123272,0.2943
OUT,24,24,-2.638956,-6.3000
OUT,25,25,-2.007098,-4.7916
OUT,26,26,1.515523,3.6180
OUT,27,27,2.190259,5.2289
OUT,28,28,-0.554959,-1.3249
OUT,29,29,1.413264,3.3739
OUT,30,30,-1.223486,-2.9209
OUT,31,31,0.137328,0.3278
OUT,32,32,-2.546881,-6.0802
OUT,33,33,-2.179713,-5.2037
OUT,34,34,1.449041,3.4593
OUT,35,35,-1.390411,-3.3194
OUT,36,36,2.282658,5.4494
OUT,37,37,1.834686,4.3800
OUT,38,38,-0.773786,-1.8473
OUT,39,39,2.706840,6.4621
OUT,40,40,-0.230158,-0.5495
OUT,41,41,2.220164,5.3003
OUT,42,42,-0.456281,-1.0893
OUT,43,43,0.715222,1.7075
OUT,44,44,-1.823703,-4.3538
OUT,45,45,1.421348,3.3932
OUT,46,46,-1.019896,-2.4348
OUT,47,47,1.053933,2.5161
OUT,48,48,-1.454221,-3.4717
OUT,49,49,0.617262,1.4736
OUT,50,50,-1.840833,-4.3947
OUT,51,51,-1.980459,-4.7280
OUT,52,52,1.861786,4.4447
OUT,53,53,2.259216,5.3935
OUT,54,54,-0.199427,-0.4761
OUT,55,55,-0.858313,-2.0491
OUT,56,56,2.888920,6.8968
OUT,57,57,-2.651779,-6.3307
OUT,58,58,1.236048,2.9508
OUT,59,59,0.933813,2.2293
OUT,60,60,-1.401542,-3.3459
OUT,61,61,2.898174,6.9189
OUT,62,62,0.473929,1.1314
OUT,63,63,2.688717,6.4188
OUT,64,64,0.361904,0.8640
OUT,65,65,3.059311,7.3036
OUT,66,66,0.882414,2.1066
OUT,67,67,-1.751124,-4.1805
OUT,68,68,2.448802,5.8461
OUT,69,69,0.338633,0.8084
OUT,70,70,-1.965047,-4.6912
OUT,71,71,-2.346070,-5.6008
OUT,72,72,1.702382,4.0641
OUT,73,73,-2.144790,-5.1203
OUT,74,74,1.947236,4.6487
OUT,75,75,-0.514063,-1.2272
OUT,76,76,-2.682674,-6.4044
OUT,77,77,-0.744504,-1.7774
OUT,78,78,-2.878565,-6.8721
OUT,79,79,0.611166,1.4591
OUT,80,80,-1.513009,-3.6120
OUT,81,81,0.916938,2.1890
OUT,82,82,-1.219313,-2.9109
OUT,83,83,0.611225,1.4592
OUT,84,84,-1.530565,-3.6540
OUT,85,85,1.523970,3.6382
OUT,86,86,-0.530629,-1.2668
OUT,87,87,-2.917286,-6.9645
OUT,88,88,1.332247,3.1805
OUT,89,89,-3.079357,-7.3514
OUT,90,90,1.136707,2.7137
OUT,91,91,2.876535,6.8672
OUT,92,92,0.850871,2.0313
OUT,93,93,-2.670218,-6.3747
OUT,94,94,1.658438,3.9592
OUT,95,95,2.601169,6.2098
OUT,96,96,0.672758,1.6061
OUT,97,97,0.401053,0.9574
OUT,98,98,-1.463711,-3.4944
OUT,99,99,1.623626,3.8761
OUT,100,100,-0.276187,-0.6593
OUT,101,101,-3.022993,-7.2169
OUT,102,102,1.393314,3.3263
OUT,103,103,-1.549406,-3.6989
OUT,104,104,2.880081,6.8757
OUT,105,105,-1.109356,-2.6484
OUT,106,106,-2.886121,-6.8901
OUT,107,107,-1.270152,-3.0323
OUT,108,108,-3.027209,-7.2269
OUT,109,109,2.117999,5.0564
OUT,110,110,0.399000,0.9525
OUT,111,111,-0.977278,-2.3331
OUT,112,112,-2.730451,-6.5185
OUT,113,113,2.152552,5.1388
OUT,114,114,0.406849,0.9713
OUT,115,115,1.047213,2.5000
OUT,116,116,-0.759713,-1.8137
OUT,117,117,-1.228345,-2.9325
OUT,118,118,-2.836669,-6.7720
OUT,119,119,0.761495,1.8179
OUT,120,120,-0.938280,-2.2400
OUT,121,121,-1.946313,-4.6465
OUT,122,122,2.732582,6.5236
OUT,123,123,-3.091261,-7.3798
OUT,124,124,1.628902,3.8887
OUT,125,125,-0.889130,-2.1226
OUT,126,126,-2.434511,-5.8120
OUT,127,127,1.996446,4.7662
OUT,128,128,0.441122,1.0531
OUT,129,129,1.662810,3.9697
OUT,130,130,0.115829,0.2765
OUT,131,131,-2.883200,-6.8831
OUT,132,132,1.983333,4.7349
OUT,133,133,2.260532,5.3966
OUT,134,134,0.801000,1.9122
OUT,135,135,0.154793,0.3695
OUT,136,136,-1.199850,-2.8644
OUT,137,137,1.547214,3.6937
OUT,138,138,0.025608,0.0611
OUT,139,139,-0.166511,-0.3975
OUT,140,140,-2.571268,-6.1385
OUT,141,141,-2.181434,-5.2078
OUT,142,142,2.757869,6.5839
OUT,143,143,0.078814,0.1882
OUT,144,144,-1.255708,-2.9978
OUT,145,145,-2.285592,-5.4564
OUT,146,146,2.750187,6.5656
OUT,147,147,-3.118785,-7.4455
OUT,148,148,1.861585,4.4442
OUT,149,149,2.732594,6.5236
OUT,150,150,1.528908,3.6500
OUT,151,151,0.203128,0.4849
OUT,152,152,-1.027983,-2.4541
OUT,153,153,-1.586631,-3.7878
OUT,154,154,-2.778798,-6.6339
OUT,155,155,2.445264,5.8376
OUT,156,156,1.315139,3.1397
OUT,157,157,-0.511958,-1.2222
OUT,158,158,-1.718724,-4.1032
OUT,159,159,-0.727478,-1.7367
OUT,160,160,-1.934472,-4.6182
OUT,161,161,-1.185948,-2.8312
OUT,162,162,-2.399208,-5.7277
OUT,163,163,-1.144624,-2.7326
OUT,164,164,-2.254103,-5.3813
OUT,165,165,1.662450,3.9688
OUT,166,166,0.667204,1.5928
OUT,167,167,2.740953,6.5435
OUT,168,168,1.641167,3.9180
OUT,169,169,-1.784892,-4.2611
OUT,170,170,-2.843439,-6.7882
OUT,171,171,1.150975,2.7478
OUT,172,172,0.072231,0.1724
OUT,173,173,1.511388,3.6082
OUT,174,174,0.597029,1.4253
OUT,175,175,0.148217,0.3538
OUT,176,176,-0.813295,-1.9416
OUT,177,177,-0.916944,-2.1890
OUT,178,178,-1.818515,-4.3414
OUT,179,179,-0.673678,-1.6083
OUT,180,180,-1.582393,-3.7777
OUT,181,181,0.313584,0.7486
OUT,182,182,-0.555251,-1.3256
OUT,183,183,2.973169,7.0979
OUT,184,184,2.214893,5.2877
OUT,185,185,0.032461,0.0775
OUT,186,186,-0.791315,-1.8891
OUT,187,187,-1.018464,-2.4314
OUT,188,188,-1.794093,-4.2831
OUT,189,189,-1.827900,-4.3638
OUT,190,190,-2.573842,-6.1446
OUT,191,191,-2.266502,-5.4109
OUT,192,192,-3.053327,-7.2893
OUT,193,193,0.682454,1.6292
OUT,194,194,0.004704,0.0112
OUT,195,195,1.055255,2.5192
OUT,196,196,0.348800,0.8327
OUT,197,197,-0.415845,-0.9928
OUT,198,198,-1.246300,-2.9753
OUT,199,199,1.151765,2.7496
OUT,200,200,0.477909,1.1409
OUT,201,201,-1.737594,-4.1482
OUT,202,202,-2.478559,-5.9171
OUT,203,203,0.711115,1.6977
OUT,204,204,0.037783,0.0902
OUT,205,205,-2.002618,-4.7809
OUT,206,206,-2.662226,-6.3556
OUT,207,207,0.313016,0.7473
OUT,208,208,-0.237484,-0.5670
OUT,209,209,0.902645,2.1549
OUT,210,210,0.466049,1.1126
OUT,211,211,0.353958,0.8450
OUT,212,212,-0.191637,-0.4575
OUT,213,213,-0.575525,-1.3740
OUT,214,214,-1.435090,-3.4260
OUT,215,215,1.908798,4.5569
OUT,216,216,1.452594,3.4678
OUT,217,217,-2.045217,-4.8826
OUT,218,218,-2.426267,-5.7923
OUT,219,219,2.256145,5.3861
OUT,220,220,1.753470,4.1861
OUT,221,221,-1.264988,-3.0199
OUT,222,222,-1.638374,-3.9113
OUT,223,223,-2.416943,-5.7700
OUT,224,224,-2.746003,-6.5556
OUT,225,225,-1.755890,-4.1919
OUT,226,226,-1.978776,-4.7240
OUT,227,227,3.095860,7.3908
OUT,228,228,2.641802,6.3068
OUT,229,229,2.659774,6.3497
OUT,230,230,2.362245,5.6394
OUT,231,231,2.185103,5.2165
OUT,232,232,1.876937,4.4809
OUT,233,233,-3.037719,-7.2520
OUT,234,234,2.851150,6.8066
OUT,235,235,1.274416,3.0424
OUT,236,236,1.312665,3.1338
OUT,237,237,2.965108,7.0787
OUT,238,238,2.847086,6.7969
OUT,239,239,-3.009931,-7.1857
OUT,240,240,3.076503,7.3446
OUT,241,241,1.029362,2.4574
OUT,242,242,1.310412,3.1284
OUT,243,243,1.868804,4.4614
OUT,244,244,1.735055,4.1421
OUT,245,245,-1.783066,-4.2568
OUT,246,246,-1.893332,-4.5200
OUT,247,247,-2.090122,-4.9898
OUT,248,248,-2.176029,-5.1949
OUT,249,249,-2.325058,-5.5507
OUT,250,250,-2.386417,-5.6972
OUT,251,251,-2.487048,-5.9374
OUT,252,252,-2.523864,-6.0253
OUT,253,253,-2.577043,-6.1522
OUT,254,254,-2.589315,-6.1815
OUT,255,255,-2.601587,-6.2108
