# P1-B 驱动电压清单,128,x,128,Vpi_L_mm,7.5,arm_um,1000.0,Vpi_volts,7.5,Vmax,7.5
kind,idx,col_c_or_rail,phi_rad,V
mzi,126,0,-3.141593,-7.5
mzi,125,0,-3.141593,-7.5
mzi,124,0,-3.141593,-7.5
mzi,123,0,-3.141593,-7.5
mzi,122,0,-3.141593,-7.5
mzi,121,0,-3.141593,-7.5
mzi,120,0,-3.141593,-7.5
mzi,119,0,-3.141593,-7.5
mzi,118,0,-3.141593,-7.5
mzi,117,0,-3.141593,-7.5
mzi,116,0,-3.141593,-7.5
mzi,115,0,-3.141593,-7.5
mzi,114,0,-3.141593,-7.5
mzi,113,0,-3.141593,-7.5
mzi,112,0,-3.141593,-7.5
mzi,111,0,-3.141593,-7.5
mzi,110,0,-3.141593,-7.5
mzi,109,0,-3.141593,-7.5
mzi,108,0,-3.141593,-7.5
mzi,107,0,-3.141593,-7.5
mzi,106,0,-3.141593,-7.5
mzi,105,0,-3.141593,-7.5
mzi,104,0,-3.141593,-7.5
mzi,103,0,-3.141593,-7.5
mzi,102,0,-3.141593,-7.5
mzi,101,0,-3.141593,-7.5
mzi,100,0,-3.141593,-7.5
mzi,99,0,-3.141593,-7.5
mzi,98,0,-3.141593,-7.5
mzi,97,0,-3.141593,-7.5
mzi,96,0,-3.141593,-7.5
mzi,95,0,-3.141593,-7.5
mzi,94,0,-3.141593,-7.5
mzi,93,0,-3.141593,-7.5
mzi,92,0,-3.141593,-7.5
mzi,91,0,-3.141593,-7.5
mzi,90,0,-3.141593,-7.5
mzi,89,0,-3.141593,-7.5
mzi,88,0,-3.141593,-7.5
mzi,87,0,-3.141593,-7.5
mzi,86,0,-3.141593,-7.5
mzi,85,0,-3.141593,-7.5
mzi,84,0,-3.141593,-7.5
mzi,83,0,-3.141593,-7.5
mzi,82,0,-3.141593,-7.5
mzi,81,0,-3.141593,-7.5
mzi,80,0,-3.141593,-7.5
mzi,79,0,-3.141593,-7.5
mzi,78,0,-3.141593,-7.5
mzi,77,0,-3.141593,-7.5
mzi,76,0,-3.141593,-7.5
mzi,75,0,-3.141593,-7.5
mzi,74,0,-3.141593,-7.5
mzi,73,0,-3.141593,-7.5
mzi,72,0,-3.141593,-7.5
mzi,71,0,-3.141593,-7.5
mzi,70,0,-3.141593,-7.5
mzi,69,0,-3.141593,-7.5
mzi,68,0,-3.141593,-7.5
mzi,67,0,-3.141593,-7.5
mzi,66,0,-3.141593,-7.5
mzi,65,0,-3.141593,-7.5
mzi,64,0,-3.141593,-7.5
mzi,63,0,-3.141593,-7.5
mzi,62,0,-3.141593,-7.5
mzi,61,0,-3.141593,-7.5
mzi,60,0,-3.141593,-7.5
mzi,59,0,-3.141593,-7.5
mzi,58,0,-3.141593,-7.5
mzi,57,0,-3.141593,-7.5
mzi,56,0,-3.141593,-7.5
mzi,55,0,-3.141593,-7.5
mzi,54,0,-3.141593,-7.5
mzi,53,0,-3.141593,-7.5
mzi,52,0,-3.141593,-7.5
mzi,51,0,-3.141593,-7.5
mzi,50,0,-3.141593,-7.5
mzi,49,0,-3.141593,-7.5
mzi,48,0,-3.141593,-7.5
mzi,47,0,-3.141593,-7.5
mzi,46,0,-3.141593,-7.5
mzi,45,0,-3.141593,-7.5
mzi,44,0,-3.141593,-7.5
mzi,43,0,-3.141593,-7.5
mzi,42,0,-3.141593,-7.5
mzi,41,0,-3.141593,-7.5
mzi,40,0,-3.141593,-7.5
mzi,39,0,-3.141593,-7.5
mzi,38,0,-3.141593,-7.5
mzi,37,0,-3.141593,-7.5
mzi,36,0,-3.141593,-7.5
mzi,35,0,-3.141593,-7.5
mzi,34,0,-3.141593,-7.5
mzi,33,0,-3.141593,-7.5
mzi,32,0,-3.141593,-7.5
mzi,31,0,-3.141593,-7.5
mzi,30,0,-3.141593,-7.5
mzi,29,0,-3.141593,-7.5
mzi,28,0,-3.141593,-7.5
mzi,27,0,-3.141593,-7.5
mzi,26,0,-3.141593,-7.5
mzi,25,0,-3.141593,-7.5
mzi,24,0,-3.141593,-7.5
mzi,23,0,-3.141593,-7.5
mzi,22,0,-3.141593,-7.5
mzi,21,0,-3.141593,-7.5
mzi,20,0,-3.141593,-7.5
mzi,19,0,-3.141593,-7.5
mzi,18,0,-3.141593,-7.5
mzi,17,0,-3.141593,-7.5
mzi,16,0,-3.141593,-7.5
mzi,15,0,-3.141593,-7.5
mzi,14,0,-3.141593,-7.5
mzi,13,0,-3.141593,-7.5
mzi,12,0,-3.141593,-7.5
mzi,11,0,-3.141593,-7.5
mzi,10,0,-3.141593,-7.5
mzi,9,0,-3.141593,-7.5
mzi,8,0,-3.141593,-7.5
mzi,7,0,-3.141593,-7.5
mzi,6,0,-3.141593,-7.5
mzi,5,0,-3.141593,-7.5
mzi,4,0,-3.141593,-7.5
mzi,3,0,-3.141593,-7.5
mzi,2,0,-3.141593,-7.5
mzi,1,0,-3.141593,-7.5
mzi,0,0,-3.141593,-7.5
mzi,126,1,-3.108866,-7.4219
mzi,125,1,-3.108864,-7.4219
mzi,124,1,-3.108861,-7.4219
mzi,123,1,-3.108857,-7.4218
mzi,122,1,-3.108852,-7.4218
mzi,121,1,-3.108847,-7.4218
mzi,120,1,-3.10884,-7.4218
mzi,119,1,-3.108832,-7.4218
mzi,118,1,-3.108824,-7.4218
mzi,117,1,-3.108815,-7.4217
mzi,116,1,-3.108805,-7.4217
mzi,115,1,-3.108793,-7.4217
mzi,114,1,-3.108781,-7.4217
mzi,113,1,-3.108768,-7.4216
mzi,112,1,-3.108754,-7.4216
mzi,111,1,-3.10874,-7.4216
mzi,110,1,-3.108724,-7.4215
mzi,109,1,-3.108707,-7.4215
mzi,108,1,-3.108689,-7.4214
mzi,107,1,-3.108671,-7.4214
mzi,106,1,-3.108651,-7.4214
mzi,105,1,-3.10863,-7.4213
mzi,104,1,-3.108609,-7.4213
mzi,103,1,-3.108586,-7.4212
mzi,102,1,-3.108562,-7.4211
mzi,101,1,-3.108537,-7.4211
mzi,100,1,-3.108511,-7.421
mzi,99,1,-3.108484,-7.421
mzi,98,1,-3.108456,-7.4209
mzi,97,1,-3.108427,-7.4208
mzi,96,1,-3.108397,-7.4208
mzi,95,1,-3.108365,-7.4207
mzi,94,1,-3.108332,-7.4206
mzi,93,1,-3.108298,-7.4205
mzi,92,1,-3.108263,-7.4204
mzi,91,1,-3.108227,-7.4203
mzi,90,1,-3.108189,-7.4203
mzi,89,1,-3.10815,-7.4202
mzi,88,1,-3.10811,-7.4201
mzi,87,1,-3.108069,-7.42
mzi,86,1,-3.108026,-7.4199
mzi,85,1,-3.107981,-7.4198
mzi,84,1,-3.107935,-7.4196
mzi,83,1,-3.107888,-7.4195
mzi,82,1,-3.107839,-7.4194
mzi,81,1,-3.107789,-7.4193
mzi,80,1,-3.107737,-7.4192
mzi,79,1,-3.107684,-7.419
mzi,78,1,-3.107629,-7.4189
mzi,77,1,-3.107572,-7.4188
mzi,76,1,-3.107514,-7.4186
mzi,75,1,-3.107454,-7.4185
mzi,74,1,-3.107392,-7.4184
mzi,73,1,-3.107328,-7.4182
mzi,72,1,-3.107262,-7.418
mzi,71,1,-3.107194,-7.4179
mzi,70,1,-3.107125,-7.4177
mzi,69,1,-3.107053,-7.4175
mzi,68,1,-3.106979,-7.4174
mzi,67,1,-3.106903,-7.4172
mzi,66,1,-3.106825,-7.417
mzi,65,1,-3.106745,-7.4168
mzi,64,1,-3.106662,-7.4166
mzi,63,1,-3.106577,-7.4164
mzi,62,1,-3.10649,-7.4162
mzi,61,1,-3.1064,-7.416
mzi,60,1,-3.106307,-7.4158
mzi,59,1,-3.106212,-7.4155
mzi,58,1,-3.106114,-7.4153
mzi,57,1,-3.106013,-7.4151
mzi,56,1,-3.10591,-7.4148
mzi,55,1,-3.105803,-7.4146
mzi,54,1,-3.105693,-7.4143
mzi,53,1,-3.105581,-7.414
mzi,52,1,-3.105464,-7.4138
mzi,51,1,-3.105345,-7.4135
mzi,50,1,-3.105222,-7.4132
mzi,49,1,-3.105096,-7.4129
mzi,48,1,-3.104966,-7.4126
mzi,47,1,-3.104832,-7.4122
mzi,46,1,-3.104695,-7.4119
mzi,45,1,-3.104554,-7.4116
mzi,44,1,-3.104408,-7.4112
mzi,43,1,-3.104258,-7.4109
mzi,42,1,-3.104105,-7.4105
mzi,41,1,-3.103946,-7.4101
mzi,40,1,-3.103783,-7.4097
mzi,39,1,-3.103616,-7.4093
mzi,38,1,-3.103444,-7.4089
mzi,37,1,-3.103267,-7.4085
mzi,36,1,-3.103084,-7.4081
mzi,35,1,-3.102897,-7.4076
mzi,34,1,-3.102704,-7.4072
mzi,33,1,-3.102506,-7.4067
mzi,32,1,-3.102303,-7.4062
mzi,31,1,-3.102093,-7.4057
mzi,30,1,-3.101878,-7.4052
mzi,29,1,-3.101657,-7.4047
mzi,28,1,-3.10143,-7.4041
mzi,27,1,-3.101197,-7.4036
mzi,26,1,-3.100957,-7.403
mzi,25,1,-3.100711,-7.4024
mzi,24,1,-3.100459,-7.4018
mzi,23,1,-3.1002,-7.4012
mzi,22,1,-3.099934,-7.4005
mzi,21,1,-3.099661,-7.3999
mzi,20,1,-3.099382,-7.3992
mzi,19,1,-3.099096,-7.3985
mzi,18,1,-3.098803,-7.3978
mzi,17,1,-3.098503,-7.3971
mzi,16,1,-3.098196,-7.3964
mzi,15,1,-3.097882,-7.3956
mzi,14,1,-3.097562,-7.3949
mzi,13,1,-3.097235,-7.3941
mzi,12,1,-3.096901,-7.3933
mzi,11,1,-3.096562,-7.3925
mzi,10,1,-3.096216,-7.3917
mzi,9,1,-3.095864,-7.3908
mzi,8,1,-3.095507,-7.39
mzi,7,1,-3.095144,-7.3891
mzi,6,1,-3.094777,-7.3882
mzi,5,1,-3.094405,-7.3873
mzi,4,1,-3.09403,-7.3865
mzi,3,1,-3.093652,-7.3855
mzi,2,1,-3.093271,-7.3846
mzi,1,1,-3.092889,-7.3837
mzi,126,2,-3.072869,-7.3359
mzi,125,2,-3.072867,-7.3359
mzi,124,2,-3.072866,-7.3359
mzi,123,2,-3.072863,-7.3359
mzi,122,2,-3.072861,-7.3359
mzi,121,2,-3.072858,-7.3359
mzi,120,2,-3.072854,-7.3359
mzi,119,2,-3.07285,-7.3359
mzi,118,2,-3.072846,-7.3359
mzi,117,2,-3.072841,-7.3359
mzi,116,2,-3.072836,-7.3359
mzi,115,2,-3.07283,-7.3358
mzi,114,2,-3.072824,-7.3358
mzi,113,2,-3.072817,-7.3358
mzi,112,2,-3.07281,-7.3358
mzi,111,2,-3.072802,-7.3358
mzi,110,2,-3.072794,-7.3358
mzi,109,2,-3.072785,-7.3357
mzi,108,2,-3.072776,-7.3357
mzi,107,2,-3.072766,-7.3357
mzi,106,2,-3.072755,-7.3357
mzi,105,2,-3.072744,-7.3356
mzi,104,2,-3.072733,-7.3356
mzi,103,2,-3.072721,-7.3356
mzi,102,2,-3.072708,-7.3355
mzi,101,2,-3.072694,-7.3355
mzi,100,2,-3.07268,-7.3355
mzi,99,2,-3.072665,-7.3354
mzi,98,2,-3.072649,-7.3354
mzi,97,2,-3.072632,-7.3354
mzi,96,2,-3.072615,-7.3353
mzi,95,2,-3.072597,-7.3353
mzi,94,2,-3.072578,-7.3352
mzi,93,2,-3.072558,-7.3352
mzi,92,2,-3.072537,-7.3351
mzi,91,2,-3.072515,-7.3351
mzi,90,2,-3.072492,-7.335
mzi,89,2,-3.072468,-7.335
mzi,88,2,-3.072443,-7.3349
mzi,87,2,-3.072417,-7.3349
mzi,86,2,-3.072389,-7.3348
mzi,85,2,-3.072361,-7.3347
mzi,84,2,-3.072331,-7.3346
mzi,83,2,-3.0723,-7.3346
mzi,82,2,-3.072267,-7.3345
mzi,81,2,-3.072233,-7.3344
mzi,80,2,-3.072197,-7.3343
mzi,79,2,-3.07216,-7.3342
mzi,78,2,-3.072122,-7.3341
mzi,77,2,-3.072081,-7.3341
mzi,76,2,-3.072039,-7.334
mzi,75,2,-3.071995,-7.3338
mzi,74,2,-3.071948,-7.3337
mzi,73,2,-3.0719,-7.3336
mzi,72,2,-3.07185,-7.3335
mzi,71,2,-3.071797,-7.3334
mzi,70,2,-3.071742,-7.3332
mzi,69,2,-3.071685,-7.3331
mzi,68,2,-3.071625,-7.333
mzi,67,2,-3.071563,-7.3328
mzi,66,2,-3.071497,-7.3327
mzi,65,2,-3.071429,-7.3325
mzi,64,2,-3.071357,-7.3323
mzi,63,2,-3.071283,-7.3321
mzi,62,2,-3.071205,-7.332
mzi,61,2,-3.071123,-7.3318
mzi,60,2,-3.071038,-7.3316
mzi,59,2,-3.070949,-7.3314
mzi,58,2,-3.070855,-7.3311
mzi,57,2,-3.070758,-7.3309
mzi,56,2,-3.070656,-7.3307
mzi,55,2,-3.070549,-7.3304
mzi,54,2,-3.070437,-7.3301
mzi,53,2,-3.070321,-7.3299
mzi,52,2,-3.070198,-7.3296
mzi,51,2,-3.07007,-7.3293
mzi,50,2,-3.069936,-7.3289
mzi,49,2,-3.069795,-7.3286
mzi,48,2,-3.069648,-7.3282
mzi,47,2,-3.069494,-7.3279
mzi,46,2,-3.069332,-7.3275
mzi,45,2,-3.069163,-7.3271
mzi,44,2,-3.068985,-7.3267
mzi,43,2,-3.068799,-7.3262
mzi,42,2,-3.068603,-7.3258
mzi,41,2,-3.068398,-7.3253
mzi,40,2,-3.068183,-7.3247
mzi,39,2,-3.067957,-7.3242
mzi,38,2,-3.06772,-7.3236
mzi,37,2,-3.067471,-7.323
mzi,36,2,-3.06721,-7.3224
mzi,35,2,-3.066935,-7.3218
mzi,34,2,-3.066647,-7.3211
mzi,33,2,-3.066344,-7.3204
mzi,32,2,-3.066025,-7.3196
mzi,31,2,-3.06569,-7.3188
mzi,30,2,-3.065338,-7.318
mzi,29,2,-3.064968,-7.3171
mzi,28,2,-3.064579,-7.3161
mzi,27,2,-3.06417,-7.3152
mzi,26,2,-3.06374,-7.3141
mzi,25,2,-3.063287,-7.3131
mzi,24,2,-3.062811,-7.3119
mzi,23,2,-3.06231,-7.3107
mzi,22,2,-3.061784,-7.3095
mzi,21,2,-3.061231,-7.3082
mzi,20,2,-3.06065,-7.3068
mzi,19,2,-3.060039,-7.3053
mzi,18,2,-3.059398,-7.3038
mzi,17,2,-3.058725,-7.3022
mzi,16,2,-3.058019,-7.3005
mzi,15,2,-3.057279,-7.2987
mzi,14,2,-3.056504,-7.2969
mzi,13,2,-3.055694,-7.2949
mzi,12,2,-3.054848,-7.2929
mzi,11,2,-3.053965,-7.2908
mzi,10,2,-3.053047,-7.2886
mzi,9,2,-3.052092,-7.2863
mzi,8,2,-3.051102,-7.284
mzi,7,2,-3.050079,-7.2815
mzi,6,2,-3.049025,-7.279
mzi,5,2,-3.047943,-7.2764
mzi,4,2,-3.046836,-7.2738
mzi,3,2,-3.045709,-7.2711
mzi,2,2,-3.044567,-7.2684
mzi,126,3,-3.036404,-7.2489
mzi,125,3,-3.036402,-7.2489
mzi,124,3,-3.036401,-7.2489
mzi,123,3,-3.036399,-7.2489
mzi,122,3,-3.036397,-7.2489
mzi,121,3,-3.036395,-7.2489
mzi,120,3,-3.036392,-7.2489
mzi,119,3,-3.036389,-7.2488
mzi,118,3,-3.036386,-7.2488
mzi,117,3,-3.036382,-7.2488
mzi,116,3,-3.036378,-7.2488
mzi,115,3,-3.036374,-7.2488
mzi,114,3,-3.03637,-7.2488
mzi,113,3,-3.036365,-7.2488
mzi,112,3,-3.03636,-7.2488
mzi,111,3,-3.036354,-7.2488
mzi,110,3,-3.036348,-7.2487
mzi,109,3,-3.036342,-7.2487
mzi,108,3,-3.036335,-7.2487
mzi,107,3,-3.036329,-7.2487
mzi,106,3,-3.036321,-7.2487
mzi,105,3,-3.036313,-7.2487
mzi,104,3,-3.036305,-7.2486
mzi,103,3,-3.036297,-7.2486
mzi,102,3,-3.036288,-7.2486
mzi,101,3,-3.036278,-7.2486
mzi,100,3,-3.036268,-7.2486
mzi,99,3,-3.036258,-7.2485
mzi,98,3,-3.036247,-7.2485
mzi,97,3,-3.036236,-7.2485
mzi,96,3,-3.036224,-7.2484
mzi,95,3,-3.036211,-7.2484
mzi,94,3,-3.036198,-7.2484
mzi,93,3,-3.036184,-7.2484
mzi,92,3,-3.03617,-7.2483
mzi,91,3,-3.036155,-7.2483
mzi,90,3,-3.036139,-7.2482
mzi,89,3,-3.036122,-7.2482
mzi,88,3,-3.036105,-7.2482
mzi,87,3,-3.036087,-7.2481
mzi,86,3,-3.036068,-7.2481
mzi,85,3,-3.036049,-7.248
mzi,84,3,-3.036028,-7.248
mzi,83,3,-3.036006,-7.2479
mzi,82,3,-3.035984,-7.2479
mzi,81,3,-3.03596,-7.2478
mzi,80,3,-3.035935,-7.2478
mzi,79,3,-3.035909,-7.2477
mzi,78,3,-3.035882,-7.2476
mzi,77,3,-3.035853,-7.2476
mzi,76,3,-3.035824,-7.2475
mzi,75,3,-3.035792,-7.2474
mzi,74,3,-3.035759,-7.2473
mzi,73,3,-3.035725,-7.2473
mzi,72,3,-3.035689,-7.2472
mzi,71,3,-3.035651,-7.2471
mzi,70,3,-3.035611,-7.247
mzi,69,3,-3.035569,-7.2469
mzi,68,3,-3.035525,-7.2468
mzi,67,3,-3.035478,-7.2467
mzi,66,3,-3.035429,-7.2466
mzi,65,3,-3.035378,-7.2464
mzi,64,3,-3.035324,-7.2463
mzi,63,3,-3.035267,-7.2462
mzi,62,3,-3.035207,-7.246
mzi,61,3,-3.035144,-7.2459
mzi,60,3,-3.035077,-7.2457
mzi,59,3,-3.035007,-7.2455
mzi,58,3,-3.034933,-7.2454
mzi,57,3,-3.034855,-7.2452
mzi,56,3,-3.034772,-7.245
mzi,55,3,-3.034684,-7.2448
mzi,54,3,-3.034592,-7.2446
mzi,53,3,-3.034494,-7.2443
mzi,52,3,-3.034391,-7.2441
mzi,51,3,-3.034281,-7.2438
mzi,50,3,-3.034165,-7.2435
mzi,49,3,-3.034042,-7.2432
mzi,48,3,-3.033911,-7.2429
mzi,47,3,-3.033773,-7.2426
mzi,46,3,-3.033626,-7.2422
mzi,45,3,-3.03347,-7.2419
mzi,44,3,-3.033304,-7.2415
mzi,43,3,-3.033128,-7.2411
mzi,42,3,-3.03294,-7.2406
mzi,41,3,-3.032741,-7.2401
mzi,40,3,-3.032528,-7.2396
mzi,39,3,-3.032302,-7.2391
mzi,38,3,-3.032061,-7.2385
mzi,37,3,-3.031804,-7.2379
mzi,36,3,-3.031529,-7.2372
mzi,35,3,-3.031237,-7.2365
mzi,34,3,-3.030924,-7.2358
mzi,33,3,-3.030589,-7.235
mzi,32,3,-3.030232,-7.2341
mzi,31,3,-3.02985,-7.2332
mzi,30,3,-3.02944,-7.2323
mzi,29,3,-3.029002,-7.2312
mzi,28,3,-3.028533,-7.2301
mzi,27,3,-3.028029,-7.2289
mzi,26,3,-3.02749,-7.2276
mzi,25,3,-3.026911,-7.2262
mzi,24,3,-3.026289,-7.2247
mzi,23,3,-3.025622,-7.2231
mzi,22,3,-3.024905,-7.2214
mzi,21,3,-3.024135,-7.2196
mzi,20,3,-3.023308,-7.2176
mzi,19,3,-3.02242,-7.2155
mzi,18,3,-3.021465,-7.2132
mzi,17,3,-3.020439,-7.2108
mzi,16,3,-3.019338,-7.2081
mzi,15,3,-3.018155,-7.2053
mzi,14,3,-3.016888,-7.2023
mzi,13,3,-3.015529,-7.199
mzi,12,3,-3.014076,-7.1956
mzi,11,3,-3.012525,-7.1919
mzi,10,3,-3.010872,-7.1879
mzi,9,3,-3.009116,-7.1837
mzi,8,3,-3.007258,-7.1793
mzi,7,3,-3.005299,-7.1746
mzi,6,3,-3.003244,-7.1697
mzi,5,3,-3.001105,-7.1646
mzi,4,3,-2.998892,-7.1593
mzi,3,3,-2.996626,-7.1539
mzi,126,4,-2.999783,-7.1615
mzi,125,4,-2.999782,-7.1615
mzi,124,4,-2.99978,-7.1614
mzi,123,4,-2.999779,-7.1614
mzi,122,4,-2.999777,-7.1614
mzi,121,4,-2.999775,-7.1614
mzi,120,4,-2.999772,-7.1614
mzi,119,4,-2.99977,-7.1614
mzi,118,4,-2.999767,-7.1614
mzi,117,4,-2.999764,-7.1614
mzi,116,4,-2.999761,-7.1614
mzi,115,4,-2.999758,-7.1614
mzi,114,4,-2.999754,-7.1614
mzi,113,4,-2.99975,-7.1614
mzi,112,4,-2.999746,-7.1614
mzi,111,4,-2.999741,-7.1614
mzi,110,4,-2.999737,-7.1613
mzi,109,4,-2.999732,-7.1613
mzi,108,4,-2.999726,-7.1613
mzi,107,4,-2.999721,-7.1613
mzi,106,4,-2.999715,-7.1613
mzi,105,4,-2.999709,-7.1613
mzi,104,4,-2.999702,-7.1613
mzi,103,4,-2.999696,-7.1612
mzi,102,4,-2.999688,-7.1612
mzi,101,4,-2.999681,-7.1612
mzi,100,4,-2.999673,-7.1612
mzi,99,4,-2.999665,-7.1612
mzi,98,4,-2.999656,-7.1612
mzi,97,4,-2.999647,-7.1611
mzi,96,4,-2.999638,-7.1611
mzi,95,4,-2.999628,-7.1611
mzi,94,4,-2.999618,-7.1611
mzi,93,4,-2.999607,-7.161
mzi,92,4,-2.999595,-7.161
mzi,91,4,-2.999584,-7.161
mzi,90,4,-2.999571,-7.1609
mzi,89,4,-2.999559,-7.1609
mzi,88,4,-2.999545,-7.1609
mzi,87,4,-2.999531,-7.1609
mzi,86,4,-2.999516,-7.1608
mzi,85,4,-2.999501,-7.1608
mzi,84,4,-2.999485,-7.1607
mzi,83,4,-2.999468,-7.1607
mzi,82,4,-2.999451,-7.1607
mzi,81,4,-2.999432,-7.1606
mzi,80,4,-2.999413,-7.1606
mzi,79,4,-2.999393,-7.1605
mzi,78,4,-2.999372,-7.1605
mzi,77,4,-2.99935,-7.1604
mzi,76,4,-2.999327,-7.1604
mzi,75,4,-2.999302,-7.1603
mzi,74,4,-2.999277,-7.1602
mzi,73,4,-2.99925,-7.1602
mzi,72,4,-2.999222,-7.1601
mzi,71,4,-2.999193,-7.16
mzi,70,4,-2.999162,-7.16
mzi,69,4,-2.999129,-7.1599
mzi,68,4,-2.999095,-7.1598
mzi,67,4,-2.999059,-7.1597
mzi,66,4,-2.99902,-7.1596
mzi,65,4,-2.99898,-7.1595
mzi,64,4,-2.998938,-7.1594
mzi,63,4,-2.998893,-7.1593
mzi,62,4,-2.998846,-7.1592
mzi,61,4,-2.998796,-7.1591
mzi,60,4,-2.998743,-7.159
mzi,59,4,-2.998687,-7.1588
mzi,58,4,-2.998627,-7.1587
mzi,57,4,-2.998565,-7.1585
mzi,56,4,-2.998498,-7.1584
mzi,55,4,-2.998427,-7.1582
mzi,54,4,-2.998351,-7.158
mzi,53,4,-2.998271,-7.1578
mzi,52,4,-2.998185,-7.1576
mzi,51,4,-2.998094,-7.1574
mzi,50,4,-2.997997,-7.1572
mzi,49,4,-2.997893,-7.1569
mzi,48,4,-2.997782,-7.1567
mzi,47,4,-2.997664,-7.1564
mzi,46,4,-2.997537,-7.1561
mzi,45,4,-2.997401,-7.1558
mzi,44,4,-2.997255,-7.1554
mzi,43,4,-2.997098,-7.155
mzi,42,4,-2.99693,-7.1546
mzi,41,4,-2.996749,-7.1542
mzi,40,4,-2.996555,-7.1537
mzi,39,4,-2.996346,-7.1532
mzi,38,4,-2.99612,-7.1527
mzi,37,4,-2.995876,-7.1521
mzi,36,4,-2.995613,-7.1515
mzi,35,4,-2.995328,-7.1508
mzi,34,4,-2.99502,-7.1501
mzi,33,4,-2.994687,-7.1493
mzi,32,4,-2.994325,-7.1484
mzi,31,4,-2.993933,-7.1475
mzi,30,4,-2.993506,-7.1465
mzi,29,4,-2.993043,-7.1454
mzi,28,4,-2.992538,-7.1442
mzi,27,4,-2.991989,-7.1428
mzi,26,4,-2.99139,-7.1414
mzi,25,4,-2.990736,-7.1399
mzi,24,4,-2.990022,-7.1382
mzi,23,4,-2.989241,-7.1363
mzi,22,4,-2.988386,-7.1342
mzi,21,4,-2.987451,-7.132
mzi,20,4,-2.986425,-7.1296
mzi,19,4,-2.985301,-7.1269
mzi,18,4,-2.984068,-7.1239
mzi,17,4,-2.982714,-7.1207
mzi,16,4,-2.981229,-7.1172
mzi,15,4,-2.979599,-7.1133
mzi,14,4,-2.977811,-7.109
mzi,13,4,-2.97585,-7.1043
mzi,12,4,-2.973705,-7.0992
mzi,11,4,-2.971361,-7.0936
mzi,10,4,-2.968807,-7.0875
mzi,9,4,-2.966034,-7.0809
mzi,8,4,-2.96304,-7.0737
mzi,7,4,-2.959826,-7.0661
mzi,6,4,-2.956406,-7.0579
mzi,5,4,-2.952805,-7.0493
mzi,4,4,-2.949064,-7.0404
mzi,126,5,-2.963091,-7.0739
mzi,125,5,-2.96309,-7.0739
mzi,124,5,-2.963088,-7.0739
mzi,123,5,-2.963087,-7.0738
mzi,122,5,-2.963085,-7.0738
mzi,121,5,-2.963083,-7.0738
mzi,120,5,-2.963081,-7.0738
mzi,119,5,-2.963079,-7.0738
mzi,118,5,-2.963077,-7.0738
mzi,117,5,-2.963074,-7.0738
mzi,116,5,-2.963071,-7.0738
mzi,115,5,-2.963069,-7.0738
mzi,114,5,-2.963065,-7.0738
mzi,113,5,-2.963062,-7.0738
mzi,112,5,-2.963058,-7.0738
mzi,111,5,-2.963055,-7.0738
mzi,110,5,-2.96305,-7.0738
mzi,109,5,-2.963046,-7.0738
mzi,108,5,-2.963042,-7.0737
mzi,107,5,-2.963037,-7.0737
mzi,106,5,-2.963032,-7.0737
mzi,105,5,-2.963027,-7.0737
mzi,104,5,-2.963021,-7.0737
mzi,103,5,-2.963015,-7.0737
mzi,102,5,-2.963009,-7.0737
mzi,101,5,-2.963003,-7.0736
mzi,100,5,-2.962996,-7.0736
mzi,99,5,-2.962989,-7.0736
mzi,98,5,-2.962982,-7.0736
mzi,97,5,-2.962975,-7.0736
mzi,96,5,-2.962967,-7.0736
mzi,95,5,-2.962958,-7.0735
mzi,94,5,-2.96295,-7.0735
mzi,93,5,-2.962941,-7.0735
mzi,92,5,-2.962931,-7.0735
mzi,91,5,-2.962921,-7.0735
mzi,90,5,-2.962911,-7.0734
mzi,89,5,-2.9629,-7.0734
mzi,88,5,-2.962889,-7.0734
mzi,87,5,-2.962877,-7.0733
mzi,86,5,-2.962865,-7.0733
mzi,85,5,-2.962852,-7.0733
mzi,84,5,-2.962839,-7.0733
mzi,83,5,-2.962825,-7.0732
mzi,82,5,-2.96281,-7.0732
mzi,81,5,-2.962795,-7.0732
mzi,80,5,-2.962779,-7.0731
mzi,79,5,-2.962762,-7.0731
mzi,78,5,-2.962744,-7.073
mzi,77,5,-2.962726,-7.073
mzi,76,5,-2.962707,-7.0729
mzi,75,5,-2.962686,-7.0729
mzi,74,5,-2.962665,-7.0728
mzi,73,5,-2.962643,-7.0728
mzi,72,5,-2.96262,-7.0727
mzi,71,5,-2.962595,-7.0727
mzi,70,5,-2.962569,-7.0726
mzi,69,5,-2.962542,-7.0725
mzi,68,5,-2.962514,-7.0725
mzi,67,5,-2.962484,-7.0724
mzi,66,5,-2.962452,-7.0723
mzi,65,5,-2.962419,-7.0723
mzi,64,5,-2.962384,-7.0722
mzi,63,5,-2.962347,-7.0721
mzi,62,5,-2.962307,-7.072
mzi,61,5,-2.962266,-7.0719
mzi,60,5,-2.962221,-7.0718
mzi,59,5,-2.962175,-7.0717
mzi,58,5,-2.962125,-7.0716
mzi,57,5,-2.962072,-7.0714
mzi,56,5,-2.962016,-7.0713
mzi,55,5,-2.961957,-7.0712
mzi,54,5,-2.961893,-7.071
mzi,53,5,-2.961825,-7.0708
mzi,52,5,-2.961753,-7.0707
mzi,51,5,-2.961675,-7.0705
mzi,50,5,-2.961592,-7.0703
mzi,49,5,-2.961503,-7.0701
mzi,48,5,-2.961408,-7.0698
mzi,47,5,-2.961305,-7.0696
mzi,46,5,-2.961195,-7.0693
mzi,45,5,-2.961076,-7.069
mzi,44,5,-2.960948,-7.0687
mzi,43,5,-2.96081,-7.0684
mzi,42,5,-2.96066,-7.0681
mzi,41,5,-2.960498,-7.0677
mzi,40,5,-2.960322,-7.0672
mzi,39,5,-2.960131,-7.0668
mzi,38,5,-2.959923,-7.0663
mzi,37,5,-2.959697,-7.0658
mzi,36,5,-2.95945,-7.0652
mzi,35,5,-2.959181,-7.0645
mzi,34,5,-2.958887,-7.0638
mzi,33,5,-2.958564,-7.0631
mzi,32,5,-2.95821,-7.0622
mzi,31,5,-2.957822,-7.0613
mzi,30,5,-2.957395,-7.0603
mzi,29,5,-2.956924,-7.0591
mzi,28,5,-2.956405,-7.0579
mzi,27,5,-2.955831,-7.0565
mzi,26,5,-2.955197,-7.055
mzi,25,5,-2.954494,-7.0533
mzi,24,5,-2.953713,-7.0515
mzi,23,5,-2.952846,-7.0494
mzi,22,5,-2.951882,-7.0471
mzi,21,5,-2.950806,-7.0445
mzi,20,5,-2.949607,-7.0417
mzi,19,5,-2.948266,-7.0385
mzi,18,5,-2.946767,-7.0349
mzi,17,5,-2.945089,-7.0309
mzi,16,5,-2.943209,-7.0264
mzi,15,5,-2.941101,-7.0214
mzi,14,5,-2.938738,-7.0157
mzi,13,5,-2.936091,-7.0094
mzi,12,5,-2.933128,-7.0023
mzi,11,5,-2.929819,-6.9944
mzi,10,5,-2.926135,-6.9856
mzi,9,5,-2.922056,-6.9759
mzi,8,5,-2.917568,-6.9652
mzi,7,5,-2.91268,-6.9535
mzi,6,5,-2.907425,-6.941
mzi,5,5,-2.901876,-6.9277
mzi,126,6,-2.926361,-6.9862
mzi,125,6,-2.92636,-6.9862
mzi,124,6,-2.926359,-6.9862
mzi,123,6,-2.926357,-6.9862
mzi,122,6,-2.926356,-6.9862
mzi,121,6,-2.926354,-6.9862
mzi,120,6,-2.926352,-6.9862
mzi,119,6,-2.92635,-6.9861
mzi,118,6,-2.926348,-6.9861
mzi,117,6,-2.926345,-6.9861
mzi,116,6,-2.926343,-6.9861
mzi,115,6,-2.92634,-6.9861
mzi,114,6,-2.926337,-6.9861
mzi,113,6,-2.926334,-6.9861
mzi,112,6,-2.926331,-6.9861
mzi,111,6,-2.926328,-6.9861
mzi,110,6,-2.926324,-6.9861
mzi,109,6,-2.92632,-6.9861
mzi,108,6,-2.926316,-6.9861
mzi,107,6,-2.926312,-6.9861
mzi,106,6,-2.926308,-6.986
mzi,105,6,-2.926303,-6.986
mzi,104,6,-2.926298,-6.986
mzi,103,6,-2.926293,-6.986
mzi,102,6,-2.926288,-6.986
mzi,101,6,-2.926282,-6.986
mzi,100,6,-2.926277,-6.986
mzi,99,6,-2.92627,-6.986
mzi,98,6,-2.926264,-6.9859
mzi,97,6,-2.926257,-6.9859
mzi,96,6,-2.92625,-6.9859
mzi,95,6,-2.926243,-6.9859
mzi,94,6,-2.926236,-6.9859
mzi,93,6,-2.926228,-6.9859
mzi,92,6,-2.926219,-6.9858
mzi,91,6,-2.926211,-6.9858
mzi,90,6,-2.926202,-6.9858
mzi,89,6,-2.926192,-6.9858
mzi,88,6,-2.926182,-6.9857
mzi,87,6,-2.926172,-6.9857
mzi,86,6,-2.926161,-6.9857
mzi,85,6,-2.92615,-6.9857
mzi,84,6,-2.926138,-6.9856
mzi,83,6,-2.926126,-6.9856
mzi,82,6,-2.926113,-6.9856
mzi,81,6,-2.9261,-6.9855
mzi,80,6,-2.926086,-6.9855
mzi,79,6,-2.926071,-6.9855
mzi,78,6,-2.926056,-6.9854
mzi,77,6,-2.92604,-6.9854
mzi,76,6,-2.926023,-6.9854
mzi,75,6,-2.926006,-6.9853
mzi,74,6,-2.925987,-6.9853
mzi,73,6,-2.925968,-6.9852
mzi,72,6,-2.925948,-6.9852
mzi,71,6,-2.925926,-6.9851
mzi,70,6,-2.925904,-6.9851
mzi,69,6,-2.92588,-6.985
mzi,68,6,-2.925856,-6.985
mzi,67,6,-2.925829,-6.9849
mzi,66,6,-2.925802,-6.9848
mzi,65,6,-2.925773,-6.9848
mzi,64,6,-2.925742,-6.9847
mzi,63,6,-2.92571,-6.9846
mzi,62,6,-2.925676,-6.9845
mzi,61,6,-2.925639,-6.9844
mzi,60,6,-2.925601,-6.9844
mzi,59,6,-2.92556,-6.9843
mzi,58,6,-2.925517,-6.9842
mzi,57,6,-2.925471,-6.984
mzi,56,6,-2.925422,-6.9839
mzi,55,6,-2.92537,-6.9838
mzi,54,6,-2.925314,-6.9837
mzi,53,6,-2.925255,-6.9835
mzi,52,6,-2.925192,-6.9834
mzi,51,6,-2.925123,-6.9832
mzi,50,6,-2.92505,-6.983
mzi,49,6,-2.924972,-6.9829
mzi,48,6,-2.924888,-6.9827
mzi,47,6,-2.924797,-6.9824
mzi,46,6,-2.924699,-6.9822
mzi,45,6,-2.924593,-6.982
mzi,44,6,-2.924478,-6.9817
mzi,43,6,-2.924353,-6.9814
mzi,42,6,-2.924218,-6.9811
mzi,41,6,-2.924071,-6.9807
mzi,40,6,-2.92391,-6.9803
mzi,39,6,-2.923734,-6.9799
mzi,38,6,-2.923542,-6.9794
mzi,37,6,-2.923332,-6.9789
mzi,36,6,-2.9231,-6.9784
mzi,35,6,-2.922846,-6.9778
mzi,34,6,-2.922565,-6.9771
mzi,33,6,-2.922254,-6.9764
mzi,32,6,-2.92191,-6.9755
mzi,31,6,-2.921529,-6.9746
mzi,30,6,-2.921105,-6.9736
mzi,29,6,-2.920632,-6.9725
mzi,28,6,-2.920105,-6.9712
mzi,27,6,-2.919514,-6.9698
mzi,26,6,-2.918853,-6.9682
mzi,25,6,-2.91811,-6.9665
mzi,24,6,-2.917273,-6.9645
mzi,23,6,-2.916329,-6.9622
mzi,22,6,-2.915262,-6.9597
mzi,21,6,-2.914053,-6.9568
mzi,20,6,-2.91268,-6.9535
mzi,19,6,-2.91112,-6.9498
mzi,18,6,-2.909342,-6.9455
mzi,17,6,-2.907312,-6.9407
mzi,16,6,-2.904993,-6.9352
mzi,15,6,-2.902339,-6.9288
mzi,14,6,-2.899301,-6.9216
mzi,13,6,-2.895823,-6.9133
mzi,12,6,-2.891846,-6.9038
mzi,11,6,-2.887309,-6.8929
mzi,10,6,-2.882157,-6.8806
mzi,9,6,-2.876345,-6.8668
mzi,8,6,-2.869858,-6.8513
mzi,7,6,-2.862727,-6.8343
mzi,6,6,-2.855061,-6.816
mzi,126,7,-2.889608,-6.8984
mzi,125,7,-2.889607,-6.8984
mzi,124,7,-2.889606,-6.8984
mzi,123,7,-2.889604,-6.8984
mzi,122,7,-2.889603,-6.8984
mzi,121,7,-2.889601,-6.8984
mzi,120,7,-2.8896,-6.8984
mzi,119,7,-2.889598,-6.8984
mzi,118,7,-2.889596,-6.8984
mzi,117,7,-2.889593,-6.8984
mzi,116,7,-2.889591,-6.8984
mzi,115,7,-2.889589,-6.8984
mzi,114,7,-2.889586,-6.8984
mzi,113,7,-2.889583,-6.8984
mzi,112,7,-2.88958,-6.8984
mzi,111,7,-2.889577,-6.8984
mzi,110,7,-2.889574,-6.8983
mzi,109,7,-2.889571,-6.8983
mzi,108,7,-2.889567,-6.8983
mzi,107,7,-2.889563,-6.8983
mzi,106,7,-2.889559,-6.8983
mzi,105,7,-2.889555,-6.8983
mzi,104,7,-2.889551,-6.8983
mzi,103,7,-2.889546,-6.8983
mzi,102,7,-2.889541,-6.8983
mzi,101,7,-2.889536,-6.8983
mzi,100,7,-2.889531,-6.8982
mzi,99,7,-2.889525,-6.8982
mzi,98,7,-2.88952,-6.8982
mzi,97,7,-2.889514,-6.8982
mzi,96,7,-2.889507,-6.8982
mzi,95,7,-2.889501,-6.8982
mzi,94,7,-2.889494,-6.8982
mzi,93,7,-2.889487,-6.8981
mzi,92,7,-2.889479,-6.8981
mzi,91,7,-2.889472,-6.8981
mzi,90,7,-2.889464,-6.8981
mzi,89,7,-2.889455,-6.8981
mzi,88,7,-2.889446,-6.898
mzi,87,7,-2.889437,-6.898
mzi,86,7,-2.889427,-6.898
mzi,85,7,-2.889417,-6.898
mzi,84,7,-2.889407,-6.898
mzi,83,7,-2.889396,-6.8979
mzi,82,7,-2.889384,-6.8979
mzi,81,7,-2.889372,-6.8979
mzi,80,7,-2.88936,-6.8978
mzi,79,7,-2.889347,-6.8978
mzi,78,7,-2.889333,-6.8978
mzi,77,7,-2.889318,-6.8977
mzi,76,7,-2.889303,-6.8977
mzi,75,7,-2.889287,-6.8977
mzi,74,7,-2.889271,-6.8976
mzi,73,7,-2.889254,-6.8976
mzi,72,7,-2.889235,-6.8975
mzi,71,7,-2.889216,-6.8975
mzi,70,7,-2.889196,-6.8974
mzi,69,7,-2.889175,-6.8974
mzi,68,7,-2.889152,-6.8973
mzi,67,7,-2.889129,-6.8973
mzi,66,7,-2.889104,-6.8972
mzi,65,7,-2.889078,-6.8972
mzi,64,7,-2.889051,-6.8971
mzi,63,7,-2.889021,-6.897
mzi,62,7,-2.888991,-6.897
mzi,61,7,-2.888958,-6.8969
mzi,60,7,-2.888923,-6.8968
mzi,59,7,-2.888887,-6.8967
mzi,58,7,-2.888848,-6.8966
mzi,57,7,-2.888806,-6.8965
mzi,56,7,-2.888762,-6.8964
mzi,55,7,-2.888715,-6.8963
mzi,54,7,-2.888665,-6.8962
mzi,53,7,-2.888611,-6.8961
mzi,52,7,-2.888554,-6.8959
mzi,51,7,-2.888492,-6.8958
mzi,50,7,-2.888426,-6.8956
mzi,49,7,-2.888355,-6.8954
mzi,48,7,-2.888278,-6.8953
mzi,47,7,-2.888195,-6.8951
mzi,46,7,-2.888106,-6.8948
mzi,45,7,-2.888009,-6.8946
mzi,44,7,-2.887904,-6.8944
mzi,43,7,-2.887789,-6.8941
mzi,42,7,-2.887664,-6.8938
mzi,41,7,-2.887528,-6.8935
mzi,40,7,-2.887378,-6.8931
mzi,39,7,-2.887215,-6.8927
mzi,38,7,-2.887034,-6.8923
mzi,37,7,-2.886835,-6.8918
mzi,36,7,-2.886616,-6.8913
mzi,35,7,-2.886372,-6.8907
mzi,34,7,-2.886102,-6.8901
mzi,33,7,-2.885801,-6.8893
mzi,32,7,-2.885464,-6.8885
mzi,31,7,-2.885088,-6.8876
mzi,30,7,-2.884665,-6.8866
mzi,29,7,-2.88419,-6.8855
mzi,28,7,-2.883653,-6.8842
mzi,27,7,-2.883046,-6.8828
mzi,26,7,-2.882356,-6.8811
mzi,25,7,-2.881572,-6.8792
mzi,24,7,-2.880677,-6.8771
mzi,23,7,-2.879652,-6.8747
mzi,22,7,-2.878476,-6.8719
mzi,21,7,-2.877123,-6.8686
mzi,20,7,-2.875561,-6.8649
mzi,19,7,-2.873754,-6.8606
mzi,18,7,-2.871657,-6.8556
mzi,17,7,-2.869217,-6.8498
mzi,16,7,-2.866374,-6.843
mzi,15,7,-2.863054,-6.835
mzi,14,7,-2.859173,-6.8258
mzi,13,7,-2.854635,-6.8149
mzi,12,7,-2.849336,-6.8023
mzi,11,7,-2.843169,-6.7876
mzi,10,7,-2.836035,-6.7705
mzi,9,7,-2.827872,-6.751
mzi,8,7,-2.818686,-6.7291
mzi,7,7,-2.808612,-6.7051
mzi,126,8,-2.852831,-6.8106
mzi,125,8,-2.852842,-6.8107
mzi,124,8,-2.852838,-6.8106
mzi,123,8,-2.852837,-6.8106
mzi,122,8,-2.852835,-6.8106
mzi,121,8,-2.852834,-6.8106
mzi,120,8,-2.852832,-6.8106
mzi,119,8,-2.85283,-6.8106
mzi,118,8,-2.852828,-6.8106
mzi,117,8,-2.852826,-6.8106
mzi,116,8,-2.852824,-6.8106
mzi,115,8,-2.852822,-6.8106
mzi,114,8,-2.852819,-6.8106
mzi,113,8,-2.852817,-6.8106
mzi,112,8,-2.852814,-6.8106
mzi,111,8,-2.852811,-6.8106
mzi,110,8,-2.852808,-6.8106
mzi,109,8,-2.852805,-6.8106
mzi,108,8,-2.852802,-6.8106
mzi,107,8,-2.852798,-6.8106
mzi,106,8,-2.852795,-6.8105
mzi,105,8,-2.852791,-6.8105
mzi,104,8,-2.852787,-6.8105
mzi,103,8,-2.852782,-6.8105
mzi,102,8,-2.852778,-6.8105
mzi,101,8,-2.852773,-6.8105
mzi,100,8,-2.852769,-6.8105
mzi,99,8,-2.852763,-6.8105
mzi,98,8,-2.852758,-6.8105
mzi,97,8,-2.852753,-6.8104
mzi,96,8,-2.852747,-6.8104
mzi,95,8,-2.852741,-6.8104
mzi,94,8,-2.852735,-6.8104
mzi,93,8,-2.852728,-6.8104
mzi,92,8,-2.852721,-6.8104
mzi,91,8,-2.852714,-6.8104
mzi,90,8,-2.852707,-6.8103
mzi,89,8,-2.852699,-6.8103
mzi,88,8,-2.852691,-6.8103
mzi,87,8,-2.852682,-6.8103
mzi,86,8,-2.852674,-6.8103
mzi,85,8,-2.852664,-6.8102
mzi,84,8,-2.852655,-6.8102
mzi,83,8,-2.852645,-6.8102
mzi,82,8,-2.852634,-6.8102
mzi,81,8,-2.852623,-6.8101
mzi,80,8,-2.852612,-6.8101
mzi,79,8,-2.852599,-6.8101
mzi,78,8,-2.852587,-6.81
mzi,77,8,-2.852574,-6.81
mzi,76,8,-2.85256,-6.81
mzi,75,8,-2.852545,-6.81
mzi,74,8,-2.85253,-6.8099
mzi,73,8,-2.852514,-6.8099
mzi,72,8,-2.852497,-6.8098
mzi,71,8,-2.85248,-6.8098
mzi,70,8,-2.852461,-6.8097
mzi,69,8,-2.852442,-6.8097
mzi,68,8,-2.852421,-6.8097
mzi,67,8,-2.852399,-6.8096
mzi,66,8,-2.852377,-6.8095
mzi,65,8,-2.852353,-6.8095
mzi,64,8,-2.852327,-6.8094
mzi,63,8,-2.8523,-6.8094
mzi,62,8,-2.852272,-6.8093
mzi,61,8,-2.852242,-6.8092
mzi,60,8,-2.85221,-6.8091
mzi,59,8,-2.852176,-6.8091
mzi,58,8,-2.85214,-6.809
mzi,57,8,-2.852102,-6.8089
mzi,56,8,-2.852061,-6.8088
mzi,55,8,-2.852018,-6.8087
mzi,54,8,-2.851971,-6.8086
mzi,53,8,-2.851921,-6.8085
mzi,52,8,-2.851868,-6.8083
mzi,51,8,-2.851811,-6.8082
mzi,50,8,-2.851749,-6.8081
mzi,49,8,-2.851683,-6.8079
mzi,48,8,-2.851612,-6.8077
mzi,47,8,-2.851535,-6.8075
mzi,46,8,-2.851451,-6.8073
mzi,45,8,-2.85136,-6.8071
mzi,44,8,-2.851262,-6.8069
mzi,43,8,-2.851154,-6.8066
mzi,42,8,-2.851036,-6.8063
mzi,41,8,-2.850907,-6.806
mzi,40,8,-2.850766,-6.8057
mzi,39,8,-2.85061,-6.8053
mzi,38,8,-2.850438,-6.8049
mzi,37,8,-2.850247,-6.8045
mzi,36,8,-2.850035,-6.804
mzi,35,8,-2.849799,-6.8034
mzi,34,8,-2.849535,-6.8028
mzi,33,8,-2.849239,-6.8021
mzi,32,8,-2.848907,-6.8013
mzi,31,8,-2.848531,-6.8004
mzi,30,8,-2.848106,-6.7994
mzi,29,8,-2.847623,-6.7982
mzi,28,8,-2.847072,-6.7969
mzi,27,8,-2.846442,-6.7954
mzi,26,8,-2.845719,-6.7937
mzi,25,8,-2.844886,-6.7917
mzi,24,8,-2.843922,-6.7894
mzi,23,8,-2.842804,-6.7867
mzi,22,8,-2.841501,-6.7836
mzi,21,8,-2.839979,-6.7799
mzi,20,8,-2.838192,-6.7757
mzi,19,8,-2.836088,-6.7707
mzi,18,8,-2.833602,-6.7647
mzi,17,8,-2.830654,-6.7577
mzi,16,8,-2.827149,-6.7493
mzi,15,8,-2.822972,-6.7393
mzi,14,8,-2.817985,-6.7274
mzi,13,8,-2.812031,-6.7132
mzi,12,8,-2.804936,-6.6963
mzi,11,8,-2.796524,-6.6762
mzi,10,8,-2.786652,-6.6526
mzi,9,8,-2.775271,-6.6255
mzi,8,8,-2.762526,-6.595
mzi,126,9,-2.816066,-6.7229
mzi,125,9,-2.81606,-6.7228
mzi,124,9,-2.816062,-6.7229
mzi,123,9,-2.816059,-6.7228
mzi,122,9,-2.816057,-6.7228
mzi,121,9,-2.816056,-6.7228
mzi,120,9,-2.816055,-6.7228
mzi,119,9,-2.816053,-6.7228
mzi,118,9,-2.816051,-6.7228
mzi,117,9,-2.816049,-6.7228
mzi,116,9,-2.816047,-6.7228
mzi,115,9,-2.816045,-6.7228
mzi,114,9,-2.816042,-6.7228
mzi,113,9,-2.81604,-6.7228
mzi,112,9,-2.816037,-6.7228
mzi,111,9,-2.816035,-6.7228
mzi,110,9,-2.816032,-6.7228
mzi,109,9,-2.816029,-6.7228
mzi,108,9,-2.816026,-6.7228
mzi,107,9,-2.816023,-6.7228
mzi,106,9,-2.816019,-6.7228
mzi,105,9,-2.816016,-6.7227
mzi,104,9,-2.816012,-6.7227
mzi,103,9,-2.816008,-6.7227
mzi,102,9,-2.816004,-6.7227
mzi,101,9,-2.815999,-6.7227
mzi,100,9,-2.815995,-6.7227
mzi,99,9,-2.81599,-6.7227
mzi,98,9,-2.815985,-6.7227
mzi,97,9,-2.81598,-6.7227
mzi,96,9,-2.815975,-6.7226
mzi,95,9,-2.815969,-6.7226
mzi,94,9,-2.815963,-6.7226
mzi,93,9,-2.815957,-6.7226
mzi,92,9,-2.815951,-6.7226
mzi,91,9,-2.815944,-6.7226
mzi,90,9,-2.815937,-6.7226
mzi,89,9,-2.81593,-6.7225
mzi,88,9,-2.815923,-6.7225
mzi,87,9,-2.815915,-6.7225
mzi,86,9,-2.815906,-6.7225
mzi,85,9,-2.815898,-6.7225
mzi,84,9,-2.815889,-6.7224
mzi,83,9,-2.815879,-6.7224
mzi,82,9,-2.81587,-6.7224
mzi,81,9,-2.815859,-6.7224
mzi,80,9,-2.815849,-6.7223
mzi,79,9,-2.815837,-6.7223
mzi,78,9,-2.815826,-6.7223
mzi,77,9,-2.815813,-6.7223
mzi,76,9,-2.8158,-6.7222
mzi,75,9,-2.815787,-6.7222
mzi,74,9,-2.815773,-6.7222
mzi,73,9,-2.815758,-6.7221
mzi,72,9,-2.815742,-6.7221
mzi,71,9,-2.815726,-6.722
mzi,70,9,-2.815708,-6.722
mzi,69,9,-2.81569,-6.722
mzi,68,9,-2.815671,-6.7219
mzi,67,9,-2.81565,-6.7219
mzi,66,9,-2.815629,-6.7218
mzi,65,9,-2.815607,-6.7218
mzi,64,9,-2.815583,-6.7217
mzi,63,9,-2.815558,-6.7216
mzi,62,9,-2.815531,-6.7216
mzi,61,9,-2.815503,-6.7215
mzi,60,9,-2.815473,-6.7214
mzi,59,9,-2.815441,-6.7214
mzi,58,9,-2.815407,-6.7213
mzi,57,9,-2.815371,-6.7212
mzi,56,9,-2.815332,-6.7211
mzi,55,9,-2.815291,-6.721
mzi,54,9,-2.815247,-6.7209
mzi,53,9,-2.8152,-6.7208
mzi,52,9,-2.81515,-6.7207
mzi,51,9,-2.815096,-6.7205
mzi,50,9,-2.815038,-6.7204
mzi,49,9,-2.814975,-6.7203
mzi,48,9,-2.814907,-6.7201
mzi,47,9,-2.814834,-6.7199
mzi,46,9,-2.814754,-6.7197
mzi,45,9,-2.814667,-6.7195
mzi,44,9,-2.814573,-6.7193
mzi,43,9,-2.81447,-6.7191
mzi,42,9,-2.814357,-6.7188
mzi,41,9,-2.814233,-6.7185
mzi,40,9,-2.814096,-6.7182
mzi,39,9,-2.813945,-6.7178
mzi,38,9,-2.813778,-6.7174
mzi,37,9,-2.813592,-6.717
mzi,36,9,-2.813384,-6.7165
mzi,35,9,-2.813152,-6.7159
mzi,34,9,-2.812891,-6.7153
mzi,33,9,-2.812596,-6.7146
mzi,32,9,-2.812262,-6.7138
mzi,31,9,-2.811883,-6.7129
mzi,30,9,-2.811449,-6.7118
mzi,29,9,-2.810953,-6.7107
mzi,28,9,-2.810381,-6.7093
mzi,27,9,-2.80972,-6.7077
mzi,26,9,-2.808953,-6.7059
mzi,25,9,-2.808058,-6.7037
mzi,24,9,-2.807009,-6.7012
mzi,23,9,-2.805775,-6.6983
mzi,22,9,-2.804316,-6.6948
mzi,21,9,-2.802583,-6.6907
mzi,20,9,-2.800515,-6.6857
mzi,19,9,-2.798037,-6.6798
mzi,18,9,-2.795053,-6.6727
mzi,17,9,-2.791445,-6.6641
mzi,16,9,-2.787067,-6.6536
mzi,15,9,-2.781739,-6.6409
mzi,14,9,-2.775241,-6.6254
mzi,13,9,-2.767321,-6.6065
mzi,12,9,-2.757703,-6.5835
mzi,11,9,-2.74613,-6.5559
mzi,10,9,-2.732454,-6.5233
mzi,9,9,-2.716797,-6.4859
mzi,126,10,-2.780933,-6.639
mzi,125,10,-2.779337,-6.6352
mzi,124,10,-2.779263,-6.635
mzi,123,10,-2.779254,-6.635
mzi,122,10,-2.779285,-6.6351
mzi,121,10,-2.779267,-6.635
mzi,120,10,-2.779267,-6.635
mzi,119,10,-2.779269,-6.635
mzi,118,10,-2.779267,-6.635
mzi,117,10,-2.779264,-6.635
mzi,116,10,-2.779262,-6.635
mzi,115,10,-2.77926,-6.635
mzi,114,10,-2.779258,-6.635
mzi,113,10,-2.779256,-6.635
mzi,112,10,-2.779253,-6.635
mzi,111,10,-2.779251,-6.635
mzi,110,10,-2.779248,-6.635
mzi,109,10,-2.779245,-6.635
mzi,108,10,-2.779242,-6.635
mzi,107,10,-2.779239,-6.6349
mzi,106,10,-2.779236,-6.6349
mzi,105,10,-2.779233,-6.6349
mzi,104,10,-2.779229,-6.6349
mzi,103,10,-2.779225,-6.6349
mzi,102,10,-2.779221,-6.6349
mzi,101,10,-2.779217,-6.6349
mzi,100,10,-2.779213,-6.6349
mzi,99,10,-2.779209,-6.6349
mzi,98,10,-2.779204,-6.6349
mzi,97,10,-2.779199,-6.6348
mzi,96,10,-2.779194,-6.6348
mzi,95,10,-2.779189,-6.6348
mzi,94,10,-2.779183,-6.6348
mzi,93,10,-2.779178,-6.6348
mzi,92,10,-2.779172,-6.6348
mzi,91,10,-2.779165,-6.6348
mzi,90,10,-2.779159,-6.6348
mzi,89,10,-2.779152,-6.6347
mzi,88,10,-2.779145,-6.6347
mzi,87,10,-2.779137,-6.6347
mzi,86,10,-2.77913,-6.6347
mzi,85,10,-2.779122,-6.6347
mzi,84,10,-2.779113,-6.6346
mzi,83,10,-2.779104,-6.6346
mzi,82,10,-2.779095,-6.6346
mzi,81,10,-2.779085,-6.6346
mzi,80,10,-2.779075,-6.6346
mzi,79,10,-2.779065,-6.6345
mzi,78,10,-2.779054,-6.6345
mzi,77,10,-2.779042,-6.6345
mzi,76,10,-2.77903,-6.6344
mzi,75,10,-2.779017,-6.6344
mzi,74,10,-2.779003,-6.6344
mzi,73,10,-2.778989,-6.6343
mzi,72,10,-2.778974,-6.6343
mzi,71,10,-2.778959,-6.6343
mzi,70,10,-2.778942,-6.6342
mzi,69,10,-2.778925,-6.6342
mzi,68,10,-2.778907,-6.6342
mzi,67,10,-2.778888,-6.6341
mzi,66,10,-2.778867,-6.6341
mzi,65,10,-2.778846,-6.634
mzi,64,10,-2.778823,-6.634
mzi,63,10,-2.778799,-6.6339
mzi,62,10,-2.778774,-6.6338
mzi,61,10,-2.778747,-6.6338
mzi,60,10,-2.778718,-6.6337
mzi,59,10,-2.778688,-6.6336
mzi,58,10,-2.778656,-6.6336
mzi,57,10,-2.778621,-6.6335
mzi,56,10,-2.778584,-6.6334
mzi,55,10,-2.778545,-6.6333
mzi,54,10,-2.778503,-6.6332
mzi,53,10,-2.778458,-6.6331
mzi,52,10,-2.77841,-6.633
mzi,51,10,-2.778357,-6.6328
mzi,50,10,-2.778301,-6.6327
mzi,49,10,-2.778241,-6.6326
mzi,48,10,-2.778175,-6.6324
mzi,47,10,-2.778104,-6.6322
mzi,46,10,-2.778027,-6.6321
mzi,45,10,-2.777943,-6.6319
mzi,44,10,-2.777852,-6.6316
mzi,43,10,-2.777751,-6.6314
mzi,42,10,-2.777641,-6.6311
mzi,41,10,-2.77752,-6.6308
mzi,40,10,-2.777386,-6.6305
mzi,39,10,-2.777237,-6.6302
mzi,38,10,-2.777072,-6.6298
mzi,37,10,-2.776888,-6.6293
mzi,36,10,-2.776681,-6.6288
mzi,35,10,-2.776448,-6.6283
mzi,34,10,-2.776186,-6.6277
mzi,33,10,-2.775888,-6.6269
mzi,32,10,-2.775548,-6.6261
mzi,31,10,-2.775159,-6.6252
mzi,30,10,-2.774711,-6.6241
mzi,29,10,-2.774194,-6.6229
mzi,28,10,-2.773592,-6.6215
mzi,27,10,-2.772889,-6.6198
mzi,26,10,-2.772064,-6.6178
mzi,25,10,-2.771089,-6.6155
mzi,24,10,-2.769932,-6.6127
mzi,23,10,-2.76855,-6.6094
mzi,22,10,-2.766891,-6.6055
mzi,21,10,-2.764888,-6.6007
mzi,20,10,-2.762457,-6.5949
mzi,19,10,-2.759488,-6.5878
mzi,18,10,-2.755844,-6.5791
mzi,17,10,-2.751347,-6.5684
mzi,16,10,-2.745774,-6.5551
mzi,15,10,-2.738842,-6.5385
mzi,14,10,-2.730209,-6.5179
mzi,13,10,-2.719477,-6.4923
mzi,12,10,-2.706241,-6.4607
mzi,11,10,-2.690203,-6.4224
mzi,10,10,-2.67142,-6.3775
mzi,126,11,-2.740613,-6.5427
mzi,125,11,-2.742476,-6.5472
mzi,124,11,-2.742408,-6.547
mzi,123,11,-2.742461,-6.5471
mzi,122,11,-2.742493,-6.5472
mzi,121,11,-2.742486,-6.5472
mzi,120,11,-2.742481,-6.5472
mzi,119,11,-2.742475,-6.5472
mzi,118,11,-2.742478,-6.5472
mzi,117,11,-2.742474,-6.5472
mzi,116,11,-2.742473,-6.5472
mzi,115,11,-2.74247,-6.5472
mzi,114,11,-2.742468,-6.5472
mzi,113,11,-2.742466,-6.5472
mzi,112,11,-2.742464,-6.5471
mzi,111,11,-2.742461,-6.5471
mzi,110,11,-2.742459,-6.5471
mzi,109,11,-2.742456,-6.5471
mzi,108,11,-2.742453,-6.5471
mzi,107,11,-2.74245,-6.5471
mzi,106,11,-2.742447,-6.5471
mzi,105,11,-2.742444,-6.5471
mzi,104,11,-2.74244,-6.5471
mzi,103,11,-2.742437,-6.5471
mzi,102,11,-2.742433,-6.5471
mzi,101,11,-2.742429,-6.5471
mzi,100,11,-2.742425,-6.5471
mzi,99,11,-2.742421,-6.547
mzi,98,11,-2.742417,-6.547
mzi,97,11,-2.742412,-6.547
mzi,96,11,-2.742407,-6.547
mzi,95,11,-2.742402,-6.547
mzi,94,11,-2.742397,-6.547
mzi,93,11,-2.742391,-6.547
mzi,92,11,-2.742386,-6.547
mzi,91,11,-2.74238,-6.5469
mzi,90,11,-2.742374,-6.5469
mzi,89,11,-2.742367,-6.5469
mzi,88,11,-2.74236,-6.5469
mzi,87,11,-2.742353,-6.5469
mzi,86,11,-2.742346,-6.5469
mzi,85,11,-2.742338,-6.5469
mzi,84,11,-2.74233,-6.5468
mzi,83,11,-2.742322,-6.5468
mzi,82,11,-2.742313,-6.5468
mzi,81,11,-2.742304,-6.5468
mzi,80,11,-2.742294,-6.5467
mzi,79,11,-2.742284,-6.5467
mzi,78,11,-2.742273,-6.5467
mzi,77,11,-2.742262,-6.5467
mzi,76,11,-2.742251,-6.5466
mzi,75,11,-2.742238,-6.5466
mzi,74,11,-2.742226,-6.5466
mzi,73,11,-2.742212,-6.5465
mzi,72,11,-2.742198,-6.5465
mzi,71,11,-2.742183,-6.5465
mzi,70,11,-2.742167,-6.5464
mzi,69,11,-2.742151,-6.5464
mzi,68,11,-2.742133,-6.5464
mzi,67,11,-2.742115,-6.5463
mzi,66,11,-2.742095,-6.5463
mzi,65,11,-2.742075,-6.5462
mzi,64,11,-2.742053,-6.5462
mzi,63,11,-2.74203,-6.5461
mzi,62,11,-2.742005,-6.5461
mzi,61,11,-2.741979,-6.546
mzi,60,11,-2.741952,-6.5459
mzi,59,11,-2.741922,-6.5459
mzi,58,11,-2.741891,-6.5458
mzi,57,11,-2.741858,-6.5457
mzi,56,11,-2.741822,-6.5456
mzi,55,11,-2.741784,-6.5455
mzi,54,11,-2.741743,-6.5454
mzi,53,11,-2.741699,-6.5453
mzi,52,11,-2.741652,-6.5452
mzi,51,11,-2.741602,-6.5451
mzi,50,11,-2.741547,-6.545
mzi,49,11,-2.741488,-6.5448
mzi,48,11,-2.741424,-6.5447
mzi,47,11,-2.741354,-6.5445
mzi,46,11,-2.741279,-6.5443
mzi,45,11,-2.741196,-6.5441
mzi,44,11,-2.741106,-6.5439
mzi,43,11,-2.741006,-6.5437
mzi,42,11,-2.740897,-6.5434
mzi,41,11,-2.740777,-6.5431
mzi,40,11,-2.740644,-6.5428
mzi,39,11,-2.740495,-6.5425
mzi,38,11,-2.74033,-6.5421
mzi,37,11,-2.740145,-6.5416
mzi,36,11,-2.739936,-6.5411
mzi,35,11,-2.7397,-6.5406
mzi,34,11,-2.739432,-6.5399
mzi,33,11,-2.739126,-6.5392
mzi,32,11,-2.738776,-6.5383
mzi,31,11,-2.738371,-6.5374
mzi,30,11,-2.737902,-6.5363
mzi,29,11,-2.737354,-6.535
mzi,28,11,-2.736712,-6.5334
mzi,27,11,-2.735953,-6.5316
mzi,26,11,-2.735051,-6.5295
mzi,25,11,-2.733972,-6.5269
mzi,24,11,-2.732674,-6.5238
mzi,23,11,-2.731101,-6.52
mzi,22,11,-2.729181,-6.5154
mzi,21,11,-2.726824,-6.5098
mzi,20,11,-2.723908,-6.5029
mzi,19,11,-2.720279,-6.4942
mzi,18,11,-2.715732,-6.4833
mzi,17,11,-2.709999,-6.4696
mzi,16,11,-2.702734,-6.4523
mzi,15,11,-2.693499,-6.4303
mzi,14,11,-2.681758,-6.4022
mzi,13,11,-2.666923,-6.3668
mzi,12,11,-2.64849,-6.3228
mzi,11,11,-2.626389,-6.27
mzi,126,12,-2.650208,-6.3269
mzi,125,12,-2.693191,-6.4295
mzi,124,12,-2.703483,-6.4541
mzi,123,12,-2.707137,-6.4628
mzi,122,12,-2.705494,-6.4589
mzi,121,12,-2.705538,-6.459
mzi,120,12,-2.705725,-6.4594
mzi,119,12,-2.705732,-6.4595
mzi,118,12,-2.705672,-6.4593
mzi,117,12,-2.705674,-6.4593
mzi,116,12,-2.705677,-6.4593
mzi,115,12,-2.705676,-6.4593
mzi,114,12,-2.705674,-6.4593
mzi,113,12,-2.705672,-6.4593
mzi,112,12,-2.70567,-6.4593
mzi,111,12,-2.705667,-6.4593
mzi,110,12,-2.705665,-6.4593
mzi,109,12,-2.705662,-6.4593
mzi,108,12,-2.705659,-6.4593
mzi,107,12,-2.705657,-6.4593
mzi,106,12,-2.705654,-6.4593
mzi,105,12,-2.705651,-6.4593
mzi,104,12,-2.705647,-6.4593
mzi,103,12,-2.705644,-6.4592
mzi,102,12,-2.70564,-6.4592
mzi,101,12,-2.705637,-6.4592
mzi,100,12,-2.705633,-6.4592
mzi,99,12,-2.705629,-6.4592
mzi,98,12,-2.705625,-6.4592
mzi,97,12,-2.70562,-6.4592
mzi,96,12,-2.705616,-6.4592
mzi,95,12,-2.705611,-6.4592
mzi,94,12,-2.705606,-6.4592
mzi,93,12,-2.705601,-6.4591
mzi,92,12,-2.705595,-6.4591
mzi,91,12,-2.705589,-6.4591
mzi,90,12,-2.705583,-6.4591
mzi,89,12,-2.705577,-6.4591
mzi,88,12,-2.705571,-6.4591
mzi,87,12,-2.705564,-6.4591
mzi,86,12,-2.705557,-6.459
mzi,85,12,-2.70555,-6.459
mzi,84,12,-2.705542,-6.459
mzi,83,12,-2.705534,-6.459
mzi,82,12,-2.705525,-6.459
mzi,81,12,-2.705516,-6.4589
mzi,80,12,-2.705507,-6.4589
mzi,79,12,-2.705497,-6.4589
mzi,78,12,-2.705487,-6.4589
mzi,77,12,-2.705476,-6.4588
mzi,76,12,-2.705465,-6.4588
mzi,75,12,-2.705453,-6.4588
mzi,74,12,-2.705441,-6.4588
mzi,73,12,-2.705428,-6.4587
mzi,72,12,-2.705414,-6.4587
mzi,71,12,-2.7054,-6.4587
mzi,70,12,-2.705385,-6.4586
mzi,69,12,-2.705369,-6.4586
mzi,68,12,-2.705352,-6.4586
mzi,67,12,-2.705334,-6.4585
mzi,66,12,-2.705315,-6.4585
mzi,65,12,-2.705295,-6.4584
mzi,64,12,-2.705274,-6.4584
mzi,63,12,-2.705252,-6.4583
mzi,62,12,-2.705228,-6.4583
mzi,61,12,-2.705203,-6.4582
mzi,60,12,-2.705176,-6.4581
mzi,59,12,-2.705147,-6.4581
mzi,58,12,-2.705117,-6.458
mzi,57,12,-2.705084,-6.4579
mzi,56,12,-2.705049,-6.4578
mzi,55,12,-2.705012,-6.4577
mzi,54,12,-2.704972,-6.4576
mzi,53,12,-2.704929,-6.4575
mzi,52,12,-2.704882,-6.4574
mzi,51,12,-2.704833,-6.4573
mzi,50,12,-2.704779,-6.4572
mzi,49,12,-2.70472,-6.457
mzi,48,12,-2.704657,-6.4569
mzi,47,12,-2.704588,-6.4567
mzi,46,12,-2.704513,-6.4565
mzi,45,12,-2.704431,-6.4564
mzi,44,12,-2.70434,-6.4561
mzi,43,12,-2.704241,-6.4559
mzi,42,12,-2.704132,-6.4556
mzi,41,12,-2.704011,-6.4554
mzi,40,12,-2.703877,-6.455
mzi,39,12,-2.703727,-6.4547
mzi,38,12,-2.703559,-6.4543
mzi,37,12,-2.70337,-6.4538
mzi,36,12,-2.703157,-6.4533
mzi,35,12,-2.702914,-6.4527
mzi,34,12,-2.702637,-6.4521
mzi,33,12,-2.702319,-6.4513
mzi,32,12,-2.701952,-6.4504
mzi,31,12,-2.701525,-6.4494
mzi,30,12,-2.701026,-6.4482
mzi,29,12,-2.700438,-6.4468
mzi,28,12,-2.699741,-6.4452
mzi,27,12,-2.698908,-6.4432
mzi,26,12,-2.697906,-6.4408
mzi,25,12,-2.696692,-6.4379
mzi,24,12,-2.695209,-6.4343
mzi,23,12,-2.693383,-6.43
mzi,22,12,-2.691116,-6.4246
mzi,21,12,-2.688282,-6.4178
mzi,20,12,-2.684707,-6.4093
mzi,19,12,-2.680163,-6.3984
mzi,18,12,-2.674343,-6.3845
mzi,17,12,-2.666838,-6.3666
mzi,16,12,-2.657109,-6.3434
mzi,15,12,-2.64447,-6.3132
mzi,14,12,-2.628116,-6.2742
mzi,13,12,-2.607282,-6.2244
mzi,12,12,-2.581698,-6.1634
mzi,126,13,-2.729847,-6.517
mzi,125,13,-2.664782,-6.3617
mzi,124,13,-2.672331,-6.3797
mzi,123,13,-2.669069,-6.3719
mzi,122,13,-2.667973,-6.3693
mzi,121,13,-2.66927,-6.3724
mzi,120,13,-2.66874,-6.3711
mzi,119,13,-2.668872,-6.3715
mzi,118,13,-2.668853,-6.3714
mzi,117,13,-2.668911,-6.3716
mzi,116,13,-2.668871,-6.3715
mzi,115,13,-2.668881,-6.3715
mzi,114,13,-2.668874,-6.3715
mzi,113,13,-2.668876,-6.3715
mzi,112,13,-2.668873,-6.3715
mzi,111,13,-2.66887,-6.3715
mzi,110,13,-2.668867,-6.3715
mzi,109,13,-2.668866,-6.3714
mzi,108,13,-2.668863,-6.3714
mzi,107,13,-2.66886,-6.3714
mzi,106,13,-2.668857,-6.3714
mzi,105,13,-2.668854,-6.3714
mzi,104,13,-2.668851,-6.3714
mzi,103,13,-2.668848,-6.3714
mzi,102,13,-2.668844,-6.3714
mzi,101,13,-2.668841,-6.3714
mzi,100,13,-2.668837,-6.3714
mzi,99,13,-2.668833,-6.3714
mzi,98,13,-2.668829,-6.3714
mzi,97,13,-2.668825,-6.3713
mzi,96,13,-2.66882,-6.3713
mzi,95,13,-2.668816,-6.3713
mzi,94,13,-2.668811,-6.3713
mzi,93,13,-2.668806,-6.3713
mzi,92,13,-2.6688,-6.3713
mzi,91,13,-2.668795,-6.3713
mzi,90,13,-2.668789,-6.3713
mzi,89,13,-2.668783,-6.3713
mzi,88,13,-2.668777,-6.3712
mzi,87,13,-2.66877,-6.3712
mzi,86,13,-2.668764,-6.3712
mzi,85,13,-2.668757,-6.3712
mzi,84,13,-2.668749,-6.3712
mzi,83,13,-2.668741,-6.3712
mzi,82,13,-2.668733,-6.3711
mzi,81,13,-2.668724,-6.3711
mzi,80,13,-2.668715,-6.3711
mzi,79,13,-2.668706,-6.3711
mzi,78,13,-2.668696,-6.371
mzi,77,13,-2.668686,-6.371
mzi,76,13,-2.668675,-6.371
mzi,75,13,-2.668664,-6.371
mzi,74,13,-2.668652,-6.3709
mzi,73,13,-2.668639,-6.3709
mzi,72,13,-2.668626,-6.3709
mzi,71,13,-2.668612,-6.3708
mzi,70,13,-2.668597,-6.3708
mzi,69,13,-2.668581,-6.3708
mzi,68,13,-2.668565,-6.3707
mzi,67,13,-2.668547,-6.3707
mzi,66,13,-2.668529,-6.3706
mzi,65,13,-2.668509,-6.3706
mzi,64,13,-2.668489,-6.3705
mzi,63,13,-2.668467,-6.3705
mzi,62,13,-2.668443,-6.3704
mzi,61,13,-2.668419,-6.3704
mzi,60,13,-2.668392,-6.3703
mzi,59,13,-2.668364,-6.3703
mzi,58,13,-2.668334,-6.3702
mzi,57,13,-2.668302,-6.3701
mzi,56,13,-2.668268,-6.37
mzi,55,13,-2.668231,-6.3699
mzi,54,13,-2.668191,-6.3698
mzi,53,13,-2.668149,-6.3697
mzi,52,13,-2.668103,-6.3696
mzi,51,13,-2.668053,-6.3695
mzi,50,13,-2.667999,-6.3694
mzi,49,13,-2.667941,-6.3692
mzi,48,13,-2.667878,-6.3691
mzi,47,13,-2.667809,-6.3689
mzi,46,13,-2.667733,-6.3687
mzi,45,13,-2.667651,-6.3685
mzi,44,13,-2.66756,-6.3683
mzi,43,13,-2.66746,-6.3681
mzi,42,13,-2.667349,-6.3678
mzi,41,13,-2.667226,-6.3675
mzi,40,13,-2.667089,-6.3672
mzi,39,13,-2.666936,-6.3668
mzi,38,13,-2.666763,-6.3664
mzi,37,13,-2.666569,-6.366
mzi,36,13,-2.666347,-6.3654
mzi,35,13,-2.666095,-6.3648
mzi,34,13,-2.665805,-6.3641
mzi,33,13,-2.66547,-6.3633
mzi,32,13,-2.66508,-6.3624
mzi,31,13,-2.664623,-6.3613
mzi,30,13,-2.664084,-6.36
mzi,29,13,-2.663442,-6.3585
mzi,28,13,-2.662674,-6.3567
mzi,27,13,-2.661745,-6.3544
mzi,26,13,-2.660612,-6.3517
mzi,25,13,-2.659219,-6.3484
mzi,24,13,-2.657491,-6.3443
mzi,23,13,-2.655326,-6.3391
mzi,22,13,-2.65259,-6.3326
mzi,21,13,-2.649098,-6.3243
mzi,20,13,-2.644601,-6.3135
mzi,19,13,-2.638755,-6.2996
mzi,18,13,-2.631091,-6.2813
mzi,17,13,-2.620969,-6.2571
mzi,16,13,-2.607543,-6.2251
mzi,15,13,-2.589767,-6.1826
mzi,14,13,-2.566552,-6.1272
mzi,13,13,-2.53734,-6.0575
mzi,125,14,-2.980632,-7.1157
mzi,124,14,-2.780881,-6.6389
mzi,123,14,-2.609487,-6.2297
mzi,122,14,-2.6291,-6.2765
mzi,121,14,-2.631342,-6.2819
mzi,120,14,-2.634133,-6.2885
mzi,119,14,-2.63178,-6.2829
mzi,118,14,-2.63194,-6.2833
mzi,117,14,-2.631935,-6.2833
mzi,116,14,-2.632094,-6.2837
mzi,115,14,-2.632093,-6.2837
mzi,114,14,-2.632076,-6.2836
mzi,113,14,-2.632087,-6.2836
mzi,112,14,-2.632074,-6.2836
mzi,111,14,-2.63207,-6.2836
mzi,110,14,-2.63207,-6.2836
mzi,109,14,-2.632063,-6.2836
mzi,108,14,-2.632062,-6.2836
mzi,107,14,-2.63206,-6.2836
mzi,106,14,-2.632058,-6.2836
mzi,105,14,-2.632055,-6.2836
mzi,104,14,-2.632052,-6.2836
mzi,103,14,-2.632048,-6.2836
mzi,102,14,-2.632045,-6.2835
mzi,101,14,-2.632042,-6.2835
mzi,100,14,-2.632038,-6.2835
mzi,99,14,-2.632034,-6.2835
mzi,98,14,-2.63203,-6.2835
mzi,97,14,-2.632026,-6.2835
mzi,96,14,-2.632022,-6.2835
mzi,95,14,-2.632017,-6.2835
mzi,94,14,-2.632013,-6.2835
mzi,93,14,-2.632008,-6.2835
mzi,92,14,-2.632003,-6.2834
mzi,91,14,-2.631997,-6.2834
mzi,90,14,-2.631992,-6.2834
mzi,89,14,-2.631986,-6.2834
mzi,88,14,-2.63198,-6.2834
mzi,87,14,-2.631974,-6.2834
mzi,86,14,-2.631967,-6.2834
mzi,85,14,-2.63196,-6.2833
mzi,84,14,-2.631953,-6.2833
mzi,83,14,-2.631945,-6.2833
mzi,82,14,-2.631937,-6.2833
mzi,81,14,-2.631929,-6.2833
mzi,80,14,-2.63192,-6.2832
mzi,79,14,-2.631911,-6.2832
mzi,78,14,-2.631901,-6.2832
mzi,77,14,-2.631891,-6.2832
mzi,76,14,-2.631881,-6.2832
mzi,75,14,-2.63187,-6.2831
mzi,74,14,-2.631858,-6.2831
mzi,73,14,-2.631845,-6.2831
mzi,72,14,-2.631832,-6.283
mzi,71,14,-2.631819,-6.283
mzi,70,14,-2.631804,-6.283
mzi,69,14,-2.631789,-6.2829
mzi,68,14,-2.631773,-6.2829
mzi,67,14,-2.631756,-6.2829
mzi,66,14,-2.631738,-6.2828
mzi,65,14,-2.631718,-6.2828
mzi,64,14,-2.631698,-6.2827
mzi,63,14,-2.631676,-6.2827
mzi,62,14,-2.631653,-6.2826
mzi,61,14,-2.631629,-6.2826
mzi,60,14,-2.631603,-6.2825
mzi,59,14,-2.631575,-6.2824
mzi,58,14,-2.631545,-6.2824
mzi,57,14,-2.631513,-6.2823
mzi,56,14,-2.631479,-6.2822
mzi,55,14,-2.631443,-6.2821
mzi,54,14,-2.631403,-6.282
mzi,53,14,-2.63136,-6.2819
mzi,52,14,-2.631315,-6.2818
mzi,51,14,-2.631265,-6.2817
mzi,50,14,-2.631211,-6.2816
mzi,49,14,-2.631152,-6.2814
mzi,48,14,-2.631089,-6.2813
mzi,47,14,-2.631019,-6.2811
mzi,46,14,-2.630943,-6.2809
mzi,45,14,-2.630859,-6.2807
mzi,44,14,-2.630766,-6.2805
mzi,43,14,-2.630664,-6.2802
mzi,42,14,-2.630551,-6.28
mzi,41,14,-2.630425,-6.2797
mzi,40,14,-2.630284,-6.2793
mzi,39,14,-2.630125,-6.279
mzi,38,14,-2.629946,-6.2785
mzi,37,14,-2.629743,-6.278
mzi,36,14,-2.629511,-6.2775
mzi,35,14,-2.629245,-6.2769
mzi,34,14,-2.628937,-6.2761
mzi,33,14,-2.628579,-6.2753
mzi,32,14,-2.628159,-6.2743
mzi,31,14,-2.627663,-6.2731
mzi,30,14,-2.627072,-6.2717
mzi,29,14,-2.626362,-6.27
mzi,28,14,-2.6255,-6.2679
mzi,27,14,-2.624444,-6.2654
mzi,26,14,-2.623139,-6.2623
mzi,25,14,-2.621509,-6.2584
mzi,24,14,-2.61945,-6.2535
mzi,23,14,-2.616823,-6.2472
mzi,22,14,-2.613436,-6.2391
mzi,21,14,-2.609018,-6.2286
mzi,20,14,-2.603197,-6.2147
mzi,19,14,-2.595443,-6.1962
mzi,18,14,-2.585022,-6.1713
mzi,17,14,-2.57092,-6.1376
mzi,16,14,-2.551826,-6.092
mzi,15,14,-2.526269,-6.031
mzi,14,14,-2.49331,-5.9523
mzi,126,15,-0.997201,-2.3806
mzi,125,15,-2.527941,-6.035
mzi,124,15,-2.501022,-5.9707
mzi,123,15,-2.542881,-6.0707
mzi,122,15,-2.630029,-6.2787
mzi,121,15,-2.594342,-6.1935
mzi,120,15,-2.596578,-6.1989
mzi,119,15,-2.593876,-6.1924
mzi,118,15,-2.596726,-6.1992
mzi,117,15,-2.595161,-6.1955
mzi,116,15,-2.595464,-6.1962
mzi,115,15,-2.595159,-6.1955
mzi,114,15,-2.595309,-6.1958
mzi,113,15,-2.595295,-6.1958
mzi,112,15,-2.595259,-6.1957
mzi,111,15,-2.595261,-6.1957
mzi,110,15,-2.595263,-6.1957
mzi,109,15,-2.595265,-6.1957
mzi,108,15,-2.595262,-6.1957
mzi,107,15,-2.59526,-6.1957
mzi,106,15,-2.595255,-6.1957
mzi,105,15,-2.595255,-6.1957
mzi,104,15,-2.59525,-6.1957
mzi,103,15,-2.595247,-6.1957
mzi,102,15,-2.595244,-6.1957
mzi,101,15,-2.59524,-6.1957
mzi,100,15,-2.595237,-6.1957
mzi,99,15,-2.595233,-6.1957
mzi,98,15,-2.59523,-6.1957
mzi,97,15,-2.595225,-6.1956
mzi,96,15,-2.595221,-6.1956
mzi,95,15,-2.595217,-6.1956
mzi,94,15,-2.595212,-6.1956
mzi,93,15,-2.595208,-6.1956
mzi,92,15,-2.595203,-6.1956
mzi,91,15,-2.595197,-6.1956
mzi,90,15,-2.595192,-6.1956
mzi,89,15,-2.595186,-6.1956
mzi,88,15,-2.59518,-6.1955
mzi,87,15,-2.595174,-6.1955
mzi,86,15,-2.595168,-6.1955
mzi,85,15,-2.595161,-6.1955
mzi,84,15,-2.595154,-6.1955
mzi,83,15,-2.595146,-6.1955
mzi,82,15,-2.595139,-6.1954
mzi,81,15,-2.595131,-6.1954
mzi,80,15,-2.595122,-6.1954
mzi,79,15,-2.595113,-6.1954
mzi,78,15,-2.595104,-6.1954
mzi,77,15,-2.595094,-6.1953
mzi,76,15,-2.595083,-6.1953
mzi,75,15,-2.595072,-6.1953
mzi,74,15,-2.595061,-6.1953
mzi,73,15,-2.595049,-6.1952
mzi,72,15,-2.595036,-6.1952
mzi,71,15,-2.595022,-6.1952
mzi,70,15,-2.595008,-6.1951
mzi,69,15,-2.594993,-6.1951
mzi,68,15,-2.594977,-6.1951
mzi,67,15,-2.59496,-6.195
mzi,66,15,-2.594942,-6.195
mzi,65,15,-2.594923,-6.1949
mzi,64,15,-2.594903,-6.1949
mzi,63,15,-2.594882,-6.1948
mzi,62,15,-2.594859,-6.1948
mzi,61,15,-2.594835,-6.1947
mzi,60,15,-2.594809,-6.1946
mzi,59,15,-2.594781,-6.1946
mzi,58,15,-2.594751,-6.1945
mzi,57,15,-2.594719,-6.1944
mzi,56,15,-2.594685,-6.1944
mzi,55,15,-2.594648,-6.1943
mzi,54,15,-2.594609,-6.1942
mzi,53,15,-2.594566,-6.1941
mzi,52,15,-2.59452,-6.194
mzi,51,15,-2.594469,-6.1938
mzi,50,15,-2.594415,-6.1937
mzi,49,15,-2.594356,-6.1936
mzi,48,15,-2.594291,-6.1934
mzi,47,15,-2.59422,-6.1932
mzi,46,15,-2.594142,-6.1931
mzi,45,15,-2.594056,-6.1929
mzi,44,15,-2.593962,-6.1926
mzi,43,15,-2.593856,-6.1924
mzi,42,15,-2.59374,-6.1921
mzi,41,15,-2.593609,-6.1918
mzi,40,15,-2.593462,-6.1914
mzi,39,15,-2.593296,-6.191
mzi,38,15,-2.593109,-6.1906
mzi,37,15,-2.592894,-6.1901
mzi,36,15,-2.592648,-6.1895
mzi,35,15,-2.592364,-6.1888
mzi,34,15,-2.592034,-6.188
mzi,33,15,-2.591646,-6.1871
mzi,32,15,-2.591188,-6.186
mzi,31,15,-2.590642,-6.1847
mzi,30,15,-2.589984,-6.1831
mzi,29,15,-2.589183,-6.1812
mzi,28,15,-2.5882,-6.1789
mzi,27,15,-2.586978,-6.176
mzi,26,15,-2.585442,-6.1723
mzi,25,15,-2.583491,-6.1676
mzi,24,15,-2.58098,-6.1616
mzi,23,15,-2.577709,-6.1538
mzi,22,15,-2.573397,-6.1435
mzi,21,15,-2.567639,-6.1298
mzi,20,15,-2.559857,-6.1112
mzi,19,15,-2.54922,-6.0858
mzi,18,15,-2.534549,-6.0508
mzi,17,15,-2.514246,-6.0023
mzi,16,15,-2.486405,-5.9359
mzi,15,15,-2.4496,-5.848
mzi,126,16,-2.475673,-5.9102
mzi,125,16,-2.409458,-5.7522
mzi,124,16,-2.377854,-5.6767
mzi,123,16,-1.738212,-4.1497
mzi,122,16,-1.947835,-4.6501
mzi,121,16,-2.555171,-6.1
mzi,120,16,-2.532357,-6.0456
mzi,119,16,-2.561749,-6.1157
mzi,118,16,-2.551731,-6.0918
mzi,117,16,-2.559422,-6.1102
mzi,116,16,-2.558713,-6.1085
mzi,115,16,-2.558837,-6.1088
mzi,114,16,-2.558711,-6.1085
mzi,113,16,-2.558428,-6.1078
mzi,112,16,-2.558407,-6.1077
mzi,111,16,-2.558509,-6.108
mzi,110,16,-2.558448,-6.1078
mzi,109,16,-2.558436,-6.1078
mzi,108,16,-2.558459,-6.1079
mzi,107,16,-2.558452,-6.1079
mzi,106,16,-2.558459,-6.1079
mzi,105,16,-2.558451,-6.1079
mzi,104,16,-2.558447,-6.1078
mzi,103,16,-2.558444,-6.1078
mzi,102,16,-2.55844,-6.1078
mzi,101,16,-2.558438,-6.1078
mzi,100,16,-2.558434,-6.1078
mzi,99,16,-2.558431,-6.1078
mzi,98,16,-2.558427,-6.1078
mzi,97,16,-2.558423,-6.1078
mzi,96,16,-2.558419,-6.1078
mzi,95,16,-2.558414,-6.1078
mzi,94,16,-2.55841,-6.1078
mzi,93,16,-2.558405,-6.1077
mzi,92,16,-2.5584,-6.1077
mzi,91,16,-2.558395,-6.1077
mzi,90,16,-2.55839,-6.1077
mzi,89,16,-2.558385,-6.1077
mzi,88,16,-2.558379,-6.1077
mzi,87,16,-2.558373,-6.1077
mzi,86,16,-2.558366,-6.1076
mzi,85,16,-2.55836,-6.1076
mzi,84,16,-2.558353,-6.1076
mzi,83,16,-2.558345,-6.1076
mzi,82,16,-2.558338,-6.1076
mzi,81,16,-2.55833,-6.1076
mzi,80,16,-2.558321,-6.1075
mzi,79,16,-2.558312,-6.1075
mzi,78,16,-2.558303,-6.1075
mzi,77,16,-2.558293,-6.1075
mzi,76,16,-2.558283,-6.1075
mzi,75,16,-2.558272,-6.1074
mzi,74,16,-2.558261,-6.1074
mzi,73,16,-2.558249,-6.1074
mzi,72,16,-2.558236,-6.1073
mzi,71,16,-2.558223,-6.1073
mzi,70,16,-2.558209,-6.1073
mzi,69,16,-2.558194,-6.1072
mzi,68,16,-2.558178,-6.1072
mzi,67,16,-2.558161,-6.1072
mzi,66,16,-2.558144,-6.1071
mzi,65,16,-2.558125,-6.1071
mzi,64,16,-2.558105,-6.107
mzi,63,16,-2.558083,-6.107
mzi,62,16,-2.558061,-6.1069
mzi,61,16,-2.558036,-6.1069
mzi,60,16,-2.55801,-6.1068
mzi,59,16,-2.557982,-6.1067
mzi,58,16,-2.557953,-6.1067
mzi,57,16,-2.557921,-6.1066
mzi,56,16,-2.557886,-6.1065
mzi,55,16,-2.557849,-6.1064
mzi,54,16,-2.557809,-6.1063
mzi,53,16,-2.557766,-6.1062
mzi,52,16,-2.557719,-6.1061
mzi,51,16,-2.557668,-6.106
mzi,50,16,-2.557612,-6.1058
mzi,49,16,-2.557552,-6.1057
mzi,48,16,-2.557486,-6.1055
mzi,47,16,-2.557413,-6.1054
mzi,46,16,-2.557333,-6.1052
mzi,45,16,-2.557244,-6.105
mzi,44,16,-2.557146,-6.1047
mzi,43,16,-2.557037,-6.1045
mzi,42,16,-2.556916,-6.1042
mzi,41,16,-2.556779,-6.1039
mzi,40,16,-2.556625,-6.1035
mzi,39,16,-2.55645,-6.1031
mzi,38,16,-2.556251,-6.1026
mzi,37,16,-2.556023,-6.1021
mzi,36,16,-2.555759,-6.1014
mzi,35,16,-2.555453,-6.1007
mzi,34,16,-2.555093,-6.0998
mzi,33,16,-2.554668,-6.0988
mzi,32,16,-2.554161,-6.0976
mzi,31,16,-2.55355,-6.0962
mzi,30,16,-2.552805,-6.0944
mzi,29,16,-2.551888,-6.0922
mzi,28,16,-2.550744,-6.0895
mzi,27,16,-2.549299,-6.086
mzi,26,16,-2.547453,-6.0816
mzi,25,16,-2.545059,-6.0759
mzi,24,16,-2.541915,-6.0684
mzi,23,16,-2.537725,-6.0584
mzi,22,16,-2.532063,-6.0449
mzi,21,16,-2.524303,-6.0263
mzi,20,16,-2.513526,-6.0006
mzi,19,16,-2.498386,-5.9645
mzi,18,16,-2.476986,-5.9134
mzi,17,16,-2.446934,-5.8416
mzi,16,16,-2.406203,-5.7444
mzi,126,17,-2.636223,-6.2935
mzi,125,17,-1.5035,-3.5893
mzi,124,17,-2.451946,-5.8536
mzi,123,17,-2.437939,-5.8202
mzi,122,17,-2.508035,-5.9875
mzi,121,17,-2.230149,-5.3241
mzi,120,17,-1.587758,-3.7905
mzi,119,17,-2.153816,-5.1419
mzi,118,17,-2.441102,-5.8277
mzi,117,17,-2.510987,-5.9945
mzi,116,17,-2.514332,-6.0025
mzi,115,17,-2.52014,-6.0164
mzi,114,17,-2.521687,-6.0201
mzi,113,17,-2.521461,-6.0195
mzi,112,17,-2.521679,-6.0201
mzi,111,17,-2.521498,-6.0196
mzi,110,17,-2.521638,-6.02
mzi,109,17,-2.521699,-6.0201
mzi,108,17,-2.521678,-6.0201
mzi,107,17,-2.521641,-6.02
mzi,106,17,-2.52166,-6.02
mzi,105,17,-2.521639,-6.02
mzi,104,17,-2.521645,-6.02
mzi,103,17,-2.521638,-6.02
mzi,102,17,-2.521636,-6.02
mzi,101,17,-2.521634,-6.02
mzi,100,17,-2.52163,-6.0199
mzi,99,17,-2.521626,-6.0199
mzi,98,17,-2.521622,-6.0199
mzi,97,17,-2.521619,-6.0199
mzi,96,17,-2.521615,-6.0199
mzi,95,17,-2.52161,-6.0199
mzi,94,17,-2.521606,-6.0199
mzi,93,17,-2.521601,-6.0199
mzi,92,17,-2.521597,-6.0199
mzi,91,17,-2.521592,-6.0199
mzi,90,17,-2.521586,-6.0198
mzi,89,17,-2.521581,-6.0198
mzi,88,17,-2.521575,-6.0198
mzi,87,17,-2.521569,-6.0198
mzi,86,17,-2.521563,-6.0198
mzi,85,17,-2.521556,-6.0198
mzi,84,17,-2.52155,-6.0198
mzi,83,17,-2.521542,-6.0197
mzi,82,17,-2.521535,-6.0197
mzi,81,17,-2.521527,-6.0197
mzi,80,17,-2.521519,-6.0197
mzi,79,17,-2.52151,-6.0197
mzi,78,17,-2.521501,-6.0196
mzi,77,17,-2.521491,-6.0196
mzi,76,17,-2.521481,-6.0196
mzi,75,17,-2.52147,-6.0196
mzi,74,17,-2.521459,-6.0195
mzi,73,17,-2.521447,-6.0195
mzi,72,17,-2.521434,-6.0195
mzi,71,17,-2.521421,-6.0194
mzi,70,17,-2.521407,-6.0194
mzi,69,17,-2.521392,-6.0194
mzi,68,17,-2.521377,-6.0193
mzi,67,17,-2.52136,-6.0193
mzi,66,17,-2.521342,-6.0193
mzi,65,17,-2.521323,-6.0192
mzi,64,17,-2.521303,-6.0192
mzi,63,17,-2.521282,-6.0191
mzi,62,17,-2.521259,-6.0191
mzi,61,17,-2.521234,-6.019
mzi,60,17,-2.521208,-6.0189
mzi,59,17,-2.52118,-6.0189
mzi,58,17,-2.52115,-6.0188
mzi,57,17,-2.521118,-6.0187
mzi,56,17,-2.521083,-6.0186
mzi,55,17,-2.521045,-6.0186
mzi,54,17,-2.521005,-6.0185
mzi,53,17,-2.520961,-6.0184
mzi,52,17,-2.520913,-6.0182
mzi,51,17,-2.520861,-6.0181
mzi,50,17,-2.520804,-6.018
mzi,49,17,-2.520742,-6.0178
mzi,48,17,-2.520674,-6.0177
mzi,47,17,-2.520599,-6.0175
mzi,46,17,-2.520516,-6.0173
mzi,45,17,-2.520424,-6.0171
mzi,44,17,-2.520322,-6.0168
mzi,43,17,-2.520208,-6.0166
mzi,42,17,-2.52008,-6.0162
mzi,41,17,-2.519936,-6.0159
mzi,40,17,-2.519772,-6.0155
mzi,39,17,-2.519587,-6.0151
mzi,38,17,-2.519374,-6.0146
mzi,37,17,-2.519128,-6.014
mzi,36,17,-2.518842,-6.0133
mzi,35,17,-2.518507,-6.0125
mzi,34,17,-2.518111,-6.0115
mzi,33,17,-2.517639,-6.0104
mzi,32,17,-2.517069,-6.0091
mzi,31,17,-2.516375,-6.0074
mzi,30,17,-2.515517,-6.0054
mzi,29,17,-2.514445,-6.0028
mzi,28,17,-2.513087,-5.9996
mzi,27,17,-2.511342,-5.9954
mzi,26,17,-2.509065,-5.99
mzi,25,17,-2.50605,-5.9828
mzi,24,17,-2.501995,-5.9731
mzi,23,17,-2.496453,-5.9598
mzi,22,17,-2.488758,-5.9415
mzi,21,17,-2.477907,-5.9156
mzi,20,17,-2.462391,-5.8785
mzi,19,17,-2.440007,-5.8251
mzi,18,17,-2.407829,-5.7483
mzi,17,17,-2.363113,-5.6415
mzi,126,18,2.941496,7.0223
mzi,125,18,-1.442059,-3.4427
mzi,124,18,-1.957602,-4.6734
mzi,123,18,-2.204172,-5.2621
mzi,122,18,-2.449282,-5.8472
mzi,121,18,-2.447241,-5.8424
mzi,120,18,-2.474862,-5.9083
mzi,119,18,-2.380074,-5.682
mzi,118,18,-1.937798,-4.6262
mzi,117,18,-1.684992,-4.0226
mzi,116,18,-2.255426,-5.3844
mzi,115,18,-2.436224,-5.8161
mzi,114,18,-2.470804,-5.8986
mzi,113,18,-2.479481,-5.9193
mzi,112,18,-2.484046,-5.9302
mzi,111,18,-2.484714,-5.9318
mzi,110,18,-2.484602,-5.9316
mzi,109,18,-2.484886,-5.9322
mzi,108,18,-2.484722,-5.9318
mzi,107,18,-2.48494,-5.9324
mzi,106,18,-2.484838,-5.9321
mzi,105,18,-2.484855,-5.9322
mzi,104,18,-2.484837,-5.9321
mzi,103,18,-2.484824,-5.9321
mzi,102,18,-2.484834,-5.9321
mzi,101,18,-2.484827,-5.9321
mzi,100,18,-2.484824,-5.9321
mzi,99,18,-2.484819,-5.9321
mzi,98,18,-2.484818,-5.9321
mzi,97,18,-2.484813,-5.9321
mzi,96,18,-2.484809,-5.932
mzi,95,18,-2.484805,-5.932
mzi,94,18,-2.484801,-5.932
mzi,93,18,-2.484796,-5.932
mzi,92,18,-2.484791,-5.932
mzi,91,18,-2.484786,-5.932
mzi,90,18,-2.484781,-5.932
mzi,89,18,-2.484776,-5.932
mzi,88,18,-2.48477,-5.932
mzi,87,18,-2.484764,-5.9319
mzi,86,18,-2.484758,-5.9319
mzi,85,18,-2.484752,-5.9319
mzi,84,18,-2.484745,-5.9319
mzi,83,18,-2.484738,-5.9319
mzi,82,18,-2.48473,-5.9319
mzi,81,18,-2.484722,-5.9318
mzi,80,18,-2.484714,-5.9318
mzi,79,18,-2.484706,-5.9318
mzi,78,18,-2.484696,-5.9318
mzi,77,18,-2.484687,-5.9318
mzi,76,18,-2.484677,-5.9317
mzi,75,18,-2.484666,-5.9317
mzi,74,18,-2.484655,-5.9317
mzi,73,18,-2.484643,-5.9316
mzi,72,18,-2.484631,-5.9316
mzi,71,18,-2.484617,-5.9316
mzi,70,18,-2.484603,-5.9316
mzi,69,18,-2.484588,-5.9315
mzi,68,18,-2.484573,-5.9315
mzi,67,18,-2.484556,-5.9314
mzi,66,18,-2.484538,-5.9314
mzi,65,18,-2.484519,-5.9314
mzi,64,18,-2.484499,-5.9313
mzi,63,18,-2.484477,-5.9313
mzi,62,18,-2.484454,-5.9312
mzi,61,18,-2.48443,-5.9311
mzi,60,18,-2.484403,-5.9311
mzi,59,18,-2.484375,-5.931
mzi,58,18,-2.484344,-5.9309
mzi,57,18,-2.484312,-5.9309
mzi,56,18,-2.484276,-5.9308
mzi,55,18,-2.484238,-5.9307
mzi,54,18,-2.484196,-5.9306
mzi,53,18,-2.484151,-5.9305
mzi,52,18,-2.484102,-5.9304
mzi,51,18,-2.484049,-5.9302
mzi,50,18,-2.48399,-5.9301
mzi,49,18,-2.483926,-5.9299
mzi,48,18,-2.483855,-5.9298
mzi,47,18,-2.483777,-5.9296
mzi,46,18,-2.483691,-5.9294
mzi,45,18,-2.483595,-5.9291
mzi,44,18,-2.483488,-5.9289
mzi,43,18,-2.483367,-5.9286
mzi,42,18,-2.483232,-5.9283
mzi,41,18,-2.483079,-5.9279
mzi,40,18,-2.482905,-5.9275
mzi,39,18,-2.482705,-5.927
mzi,38,18,-2.482475,-5.9265
mzi,37,18,-2.482207,-5.9258
mzi,36,18,-2.481894,-5.9251
mzi,35,18,-2.481524,-5.9242
mzi,34,18,-2.481082,-5.9231
mzi,33,18,-2.48055,-5.9219
mzi,32,18,-2.4799,-5.9203
mzi,31,18,-2.479097,-5.9184
mzi,30,18,-2.478091,-5.916
mzi,29,18,-2.476813,-5.913
mzi,28,18,-2.475164,-5.909
mzi,27,18,-2.473001,-5.9039
mzi,26,18,-2.470117,-5.897
mzi,25,18,-2.466204,-5.8876
mzi,24,18,-2.460801,-5.8747
mzi,23,18,-2.453206,-5.8566
mzi,22,18,-2.442338,-5.8307
mzi,21,18,-2.426534,-5.7929
mzi,20,18,-2.403277,-5.7374
mzi,19,18,-2.369065,-5.6557
mzi,18,18,-2.320323,-5.5394
mzi,126,19,2.824339,6.7426
mzi,125,19,-2.47777,-5.9152
mzi,124,19,-2.649553,-6.3253
mzi,123,19,-1.241379,-2.9636
mzi,122,19,-1.877761,-4.4828
mzi,121,19,-2.547787,-6.0824
mzi,120,19,-2.340566,-5.5877
mzi,119,19,-2.466126,-5.8874
mzi,118,19,-2.436951,-5.8178
mzi,117,19,-2.398325,-5.7256
mzi,116,19,-2.190522,-5.2295
mzi,115,19,-1.693759,-4.0436
mzi,114,19,-1.946279,-4.6464
mzi,113,19,-2.321529,-5.5422
mzi,112,19,-2.413368,-5.7615
mzi,111,19,-2.438104,-5.8205
mzi,110,19,-2.446379,-5.8403
mzi,109,19,-2.447354,-5.8426
mzi,108,19,-2.447901,-5.8439
mzi,107,19,-2.447988,-5.8441
mzi,106,19,-2.447987,-5.8441
mzi,105,19,-2.448021,-5.8442
mzi,104,19,-2.447979,-5.8441
mzi,103,19,-2.448033,-5.8442
mzi,102,19,-2.448026,-5.8442
mzi,101,19,-2.448025,-5.8442
mzi,100,19,-2.448012,-5.8442
mzi,99,19,-2.448016,-5.8442
mzi,98,19,-2.448009,-5.8442
mzi,97,19,-2.448006,-5.8442
mzi,96,19,-2.448002,-5.8442
mzi,95,19,-2.447998,-5.8442
mzi,94,19,-2.447994,-5.8442
mzi,93,19,-2.447989,-5.8441
mzi,92,19,-2.447985,-5.8441
mzi,91,19,-2.44798,-5.8441
mzi,90,19,-2.447975,-5.8441
mzi,89,19,-2.44797,-5.8441
mzi,88,19,-2.447964,-5.8441
mzi,87,19,-2.447958,-5.8441
mzi,86,19,-2.447952,-5.8441
mzi,85,19,-2.447946,-5.844
mzi,84,19,-2.447939,-5.844
mzi,83,19,-2.447932,-5.844
mzi,82,19,-2.447924,-5.844
mzi,81,19,-2.447917,-5.844
mzi,80,19,-2.447908,-5.844
mzi,79,19,-2.4479,-5.8439
mzi,78,19,-2.447891,-5.8439
mzi,77,19,-2.447881,-5.8439
mzi,76,19,-2.447871,-5.8439
mzi,75,19,-2.44786,-5.8438
mzi,74,19,-2.447849,-5.8438
mzi,73,19,-2.447837,-5.8438
mzi,72,19,-2.447825,-5.8438
mzi,71,19,-2.447811,-5.8437
mzi,70,19,-2.447797,-5.8437
mzi,69,19,-2.447783,-5.8437
mzi,68,19,-2.447767,-5.8436
mzi,67,19,-2.44775,-5.8436
mzi,66,19,-2.447732,-5.8435
mzi,65,19,-2.447713,-5.8435
mzi,64,19,-2.447692,-5.8434
mzi,63,19,-2.447671,-5.8434
mzi,62,19,-2.447647,-5.8433
mzi,61,19,-2.447622,-5.8433
mzi,60,19,-2.447595,-5.8432
mzi,59,19,-2.447567,-5.8431
mzi,58,19,-2.447536,-5.8431
mzi,57,19,-2.447502,-5.843
mzi,56,19,-2.447466,-5.8429
mzi,55,19,-2.447427,-5.8428
mzi,54,19,-2.447384,-5.8427
mzi,53,19,-2.447338,-5.8426
mzi,52,19,-2.447287,-5.8425
mzi,51,19,-2.447232,-5.8423
mzi,50,19,-2.447171,-5.8422
mzi,49,19,-2.447104,-5.842
mzi,48,19,-2.447031,-5.8419
mzi,47,19,-2.446949,-5.8417
mzi,46,19,-2.446858,-5.8414
mzi,45,19,-2.446757,-5.8412
mzi,44,19,-2.446644,-5.8409
mzi,43,19,-2.446516,-5.8406
mzi,42,19,-2.446372,-5.8403
mzi,41,19,-2.446208,-5.8399
mzi,40,19,-2.44602,-5.8394
mzi,39,19,-2.445803,-5.8389
mzi,38,19,-2.445552,-5.8383
mzi,37,19,-2.445258,-5.8376
mzi,36,19,-2.44491,-5.8368
mzi,35,19,-2.444496,-5.8358
mzi,34,19,-2.443996,-5.8346
mzi,33,19,-2.443387,-5.8332
mzi,32,19,-2.442633,-5.8314
mzi,31,19,-2.441688,-5.8291
mzi,30,19,-2.440485,-5.8262
mzi,29,19,-2.438926,-5.8225
mzi,28,19,-2.436873,-5.8176
mzi,27,19,-2.434118,-5.811
mzi,26,19,-2.430352,-5.802
mzi,25,19,-2.4251,-5.7895
mzi,24,19,-2.417632,-5.7717
mzi,23,19,-2.406798,-5.7458
mzi,22,19,-2.390785,-5.7076
mzi,21,19,-2.366762,-5.6502
mzi,20,19,-2.330619,-5.5639
mzi,19,19,-2.277827,-5.4379
mzi,125,20,-2.912853,-6.9539
mzi,124,20,-1.946787,-4.6476
mzi,123,20,-2.700518,-6.447
mzi,122,20,-1.198601,-2.8614
mzi,121,20,-1.967951,-4.6981
mzi,120,20,-2.481486,-5.9241
mzi,119,20,-2.452023,-5.8538
mzi,118,20,-2.411138,-5.7562
mzi,117,20,-2.413447,-5.7617
mzi,116,20,-2.40591,-5.7437
mzi,115,20,-2.374892,-5.6696
mzi,114,20,-2.253299,-5.3794
mzi,113,20,-1.873194,-4.4719
mzi,112,20,-1.749501,-4.1766
mzi,111,20,-2.1746,-5.1915
mzi,110,20,-2.347365,-5.6039
mzi,109,20,-2.391276,-5.7088
mzi,108,20,-2.406626,-5.7454
mzi,107,20,-2.409389,-5.752
mzi,106,20,-2.410822,-5.7554
mzi,105,20,-2.410974,-5.7558
mzi,104,20,-2.411124,-5.7561
mzi,103,20,-2.411205,-5.7563
mzi,102,20,-2.411211,-5.7563
mzi,101,20,-2.411198,-5.7563
mzi,100,20,-2.4112,-5.7563
mzi,99,20,-2.411209,-5.7563
mzi,98,20,-2.411202,-5.7563
mzi,97,20,-2.411197,-5.7563
mzi,96,20,-2.411194,-5.7563
mzi,95,20,-2.411192,-5.7563
mzi,94,20,-2.411186,-5.7563
mzi,93,20,-2.411182,-5.7563
mzi,92,20,-2.411177,-5.7563
mzi,91,20,-2.411173,-5.7563
mzi,90,20,-2.411167,-5.7562
mzi,89,20,-2.411162,-5.7562
mzi,88,20,-2.411157,-5.7562
mzi,87,20,-2.411151,-5.7562
mzi,86,20,-2.411145,-5.7562
mzi,85,20,-2.411138,-5.7562
mzi,84,20,-2.411132,-5.7562
mzi,83,20,-2.411124,-5.7561
mzi,82,20,-2.411117,-5.7561
mzi,81,20,-2.411109,-5.7561
mzi,80,20,-2.411101,-5.7561
mzi,79,20,-2.411093,-5.7561
mzi,78,20,-2.411083,-5.756
mzi,77,20,-2.411074,-5.756
mzi,76,20,-2.411064,-5.756
mzi,75,20,-2.411053,-5.756
mzi,74,20,-2.411042,-5.7559
mzi,73,20,-2.41103,-5.7559
mzi,72,20,-2.411017,-5.7559
mzi,71,20,-2.411004,-5.7558
mzi,70,20,-2.41099,-5.7558
mzi,69,20,-2.410975,-5.7558
mzi,68,20,-2.410959,-5.7557
mzi,67,20,-2.410942,-5.7557
mzi,66,20,-2.410924,-5.7557
mzi,65,20,-2.410904,-5.7556
mzi,64,20,-2.410884,-5.7556
mzi,63,20,-2.410862,-5.7555
mzi,62,20,-2.410838,-5.7555
mzi,61,20,-2.410813,-5.7554
mzi,60,20,-2.410785,-5.7553
mzi,59,20,-2.410756,-5.7553
mzi,58,20,-2.410724,-5.7552
mzi,57,20,-2.41069,-5.7551
mzi,56,20,-2.410652,-5.755
mzi,55,20,-2.410612,-5.7549
mzi,54,20,-2.410568,-5.7548
mzi,53,20,-2.41052,-5.7547
mzi,52,20,-2.410468,-5.7546
mzi,51,20,-2.41041,-5.7544
mzi,50,20,-2.410347,-5.7543
mzi,49,20,-2.410277,-5.7541
mzi,48,20,-2.4102,-5.7539
mzi,47,20,-2.410114,-5.7537
mzi,46,20,-2.410018,-5.7535
mzi,45,20,-2.409911,-5.7532
mzi,44,20,-2.409791,-5.753
mzi,43,20,-2.409654,-5.7526
mzi,42,20,-2.409499,-5.7523
mzi,41,20,-2.409321,-5.7518
mzi,40,20,-2.409117,-5.7513
mzi,39,20,-2.40888,-5.7508
mzi,38,20,-2.408603,-5.7501
mzi,37,20,-2.408275,-5.7493
mzi,36,20,-2.407885,-5.7484
mzi,35,20,-2.407415,-5.7473
mzi,34,20,-2.406842,-5.7459
mzi,33,20,-2.406133,-5.7442
mzi,32,20,-2.405243,-5.7421
mzi,31,20,-2.404108,-5.7394
mzi,30,20,-2.402634,-5.7359
mzi,29,20,-2.400686,-5.7312
mzi,28,20,-2.398057,-5.7249
mzi,27,20,-2.394438,-5.7163
mzi,26,20,-2.389347,-5.7041
mzi,25,20,-2.382028,-5.6867
mzi,24,20,-2.371271,-5.661
mzi,23,20,-2.35512,-5.6224
mzi,22,20,-2.330436,-5.5635
mzi,21,20,-2.292468,-5.4729
mzi,20,20,-2.235616,-5.3371
mzi,126,21,0.813447,1.942
mzi,125,21,1.855851,4.4305
mzi,124,21,-0.032987,-0.0788
mzi,123,21,-2.473262,-5.9045
mzi,122,21,-2.473507,-5.9051
mzi,121,21,-1.203388,-2.8729
mzi,120,21,-2.226943,-5.3164
mzi,119,21,-2.180835,-5.2064
mzi,118,21,-2.412562,-5.7596
mzi,117,21,-2.429869,-5.8009
mzi,116,21,-2.372628,-5.6642
mzi,115,21,-2.372043,-5.6628
mzi,114,21,-2.367238,-5.6514
mzi,113,21,-2.344052,-5.596
mzi,112,21,-2.247993,-5.3667
mzi,111,21,-1.939586,-4.6304
mzi,110,21,-1.697243,-4.0519
mzi,109,21,-2.067685,-4.9362
mzi,108,21,-2.282836,-5.4499
mzi,107,21,-2.347803,-5.605
mzi,106,21,-2.365967,-5.6483
mzi,105,21,-2.371302,-5.6611
mzi,104,21,-2.373579,-5.6665
mzi,103,21,-2.374149,-5.6679
mzi,102,21,-2.37434,-5.6683
mzi,101,21,-2.374326,-5.6683
mzi,100,21,-2.374414,-5.6685
mzi,99,21,-2.374392,-5.6684
mzi,98,21,-2.374386,-5.6684
mzi,97,21,-2.374387,-5.6684
mzi,96,21,-2.374388,-5.6684
mzi,95,21,-2.374382,-5.6684
mzi,94,21,-2.374377,-5.6684
mzi,93,21,-2.374373,-5.6684
mzi,92,21,-2.374369,-5.6684
mzi,91,21,-2.374364,-5.6684
mzi,90,21,-2.374359,-5.6684
mzi,89,21,-2.374354,-5.6684
mzi,88,21,-2.374348,-5.6683
mzi,87,21,-2.374342,-5.6683
mzi,86,21,-2.374336,-5.6683
mzi,85,21,-2.37433,-5.6683
mzi,84,21,-2.374323,-5.6683
mzi,83,21,-2.374316,-5.6683
mzi,82,21,-2.374309,-5.6682
mzi,81,21,-2.374301,-5.6682
mzi,80,21,-2.374293,-5.6682
mzi,79,21,-2.374284,-5.6682
mzi,78,21,-2.374275,-5.6682
mzi,77,21,-2.374266,-5.6681
mzi,76,21,-2.374255,-5.6681
mzi,75,21,-2.374245,-5.6681
mzi,74,21,-2.374233,-5.6681
mzi,73,21,-2.374221,-5.668
mzi,72,21,-2.374209,-5.668
mzi,71,21,-2.374195,-5.668
mzi,70,21,-2.374181,-5.6679
mzi,69,21,-2.374166,-5.6679
mzi,68,21,-2.37415,-5.6679
mzi,67,21,-2.374132,-5.6678
mzi,66,21,-2.374114,-5.6678
mzi,65,21,-2.374094,-5.6677
mzi,64,21,-2.374073,-5.6677
mzi,63,21,-2.374051,-5.6676
mzi,62,21,-2.374027,-5.6676
mzi,61,21,-2.374001,-5.6675
mzi,60,21,-2.373973,-5.6674
mzi,59,21,-2.373942,-5.6674
mzi,58,21,-2.37391,-5.6673
mzi,57,21,-2.373874,-5.6672
mzi,56,21,-2.373836,-5.6671
mzi,55,21,-2.373794,-5.667
mzi,54,21,-2.373749,-5.6669
mzi,53,21,-2.373699,-5.6668
mzi,52,21,-2.373644,-5.6667
mzi,51,21,-2.373584,-5.6665
mzi,50,21,-2.373518,-5.6664
mzi,49,21,-2.373445,-5.6662
mzi,48,21,-2.373363,-5.666
mzi,47,21,-2.373272,-5.6658
mzi,46,21,-2.373171,-5.6655
mzi,45,21,-2.373056,-5.6653
mzi,44,21,-2.372927,-5.6649
mzi,43,21,-2.37278,-5.6646
mzi,42,21,-2.372612,-5.6642
mzi,41,21,-2.372418,-5.6637
mzi,40,21,-2.372194,-5.6632
mzi,39,21,-2.371931,-5.6626
mzi,38,21,-2.371622,-5.6618
mzi,37,21,-2.371254,-5.661
mzi,36,21,-2.37081,-5.6599
mzi,35,21,-2.370269,-5.6586
mzi,34,21,-2.3696,-5.657
mzi,33,21,-2.368761,-5.655
mzi,32,21,-2.367688,-5.6524
mzi,31,21,-2.366294,-5.6491
mzi,30,21,-2.364444,-5.6447
mzi,29,21,-2.361937,-5.6387
mzi,28,21,-2.358465,-5.6304
mzi,27,21,-2.35354,-5.6187
mzi,26,21,-2.346387,-5.6016
mzi,25,21,-2.335743,-5.5762
mzi,24,21,-2.31952,-5.5374
mzi,23,21,-2.294274,-5.4772
mzi,22,21,-2.254591,-5.3824
mzi,21,21,-2.193685,-5.237
mzi,126,22,2.428233,5.797
mzi,125,22,-0.477991,-1.1411
mzi,124,22,-1.668187,-3.9825
mzi,123,22,-1.841082,-4.3953
mzi,122,22,-1.981188,-4.7297
mzi,121,22,-1.928631,-4.6043
mzi,120,22,-1.910917,-4.562
mzi,119,22,-1.832985,-4.3759
mzi,118,22,-2.183113,-5.2118
mzi,117,22,-2.278805,-5.4402
mzi,116,22,-2.316056,-5.5292
mzi,115,22,-2.358434,-5.6303
mzi,114,22,-2.344304,-5.5966
mzi,113,22,-2.335093,-5.5746
mzi,112,22,-2.33419,-5.5725
mzi,111,22,-2.303786,-5.4999
mzi,110,22,-2.206893,-5.2686
mzi,109,22,-1.905553,-4.5492
mzi,108,22,-1.678106,-4.0062
mzi,107,22,-2.032072,-4.8512
mzi,106,22,-2.243573,-5.3561
mzi,105,22,-2.309746,-5.5141
mzi,104,22,-2.328911,-5.5599
mzi,103,22,-2.334913,-5.5742
mzi,102,22,-2.336513,-5.578
mzi,101,22,-2.337281,-5.5798
mzi,100,22,-2.337487,-5.5803
mzi,99,22,-2.337536,-5.5805
mzi,98,22,-2.337574,-5.5805
mzi,97,22,-2.337574,-5.5805
mzi,96,22,-2.337583,-5.5806
mzi,95,22,-2.337571,-5.5805
mzi,94,22,-2.337569,-5.5805
mzi,93,22,-2.337564,-5.5805
mzi,92,22,-2.33756,-5.5805
mzi,91,22,-2.337555,-5.5805
mzi,90,22,-2.33755,-5.5805
mzi,89,22,-2.337545,-5.5805
mzi,88,22,-2.337539,-5.5805
mzi,87,22,-2.337533,-5.5804
mzi,86,22,-2.337527,-5.5804
mzi,85,22,-2.337521,-5.5804
mzi,84,22,-2.337514,-5.5804
mzi,83,22,-2.337507,-5.5804
mzi,82,22,-2.3375,-5.5804
mzi,81,22,-2.337492,-5.5804
mzi,80,22,-2.337484,-5.5803
mzi,79,22,-2.337475,-5.5803
mzi,78,22,-2.337466,-5.5803
mzi,77,22,-2.337456,-5.5803
mzi,76,22,-2.337446,-5.5802
mzi,75,22,-2.337435,-5.5802
mzi,74,22,-2.337424,-5.5802
mzi,73,22,-2.337412,-5.5802
mzi,72,22,-2.337399,-5.5801
mzi,71,22,-2.337385,-5.5801
mzi,70,22,-2.337371,-5.5801
mzi,69,22,-2.337355,-5.58
mzi,68,22,-2.337339,-5.58
mzi,67,22,-2.337321,-5.5799
mzi,66,22,-2.337303,-5.5799
mzi,65,22,-2.337283,-5.5799
mzi,64,22,-2.337261,-5.5798
mzi,63,22,-2.337238,-5.5797
mzi,62,22,-2.337213,-5.5797
mzi,61,22,-2.337187,-5.5796
mzi,60,22,-2.337158,-5.5796
mzi,59,22,-2.337127,-5.5795
mzi,58,22,-2.337093,-5.5794
mzi,57,22,-2.337057,-5.5793
mzi,56,22,-2.337017,-5.5792
mzi,55,22,-2.336973,-5.5791
mzi,54,22,-2.336926,-5.579
mzi,53,22,-2.336874,-5.5789
mzi,52,22,-2.336817,-5.5787
mzi,51,22,-2.336754,-5.5786
mzi,50,22,-2.336684,-5.5784
mzi,49,22,-2.336606,-5.5782
mzi,48,22,-2.33652,-5.578
mzi,47,22,-2.336423,-5.5778
mzi,46,22,-2.336314,-5.5775
mzi,45,22,-2.336191,-5.5772
mzi,44,22,-2.336052,-5.5769
mzi,43,22,-2.335892,-5.5765
mzi,42,22,-2.335708,-5.5761
mzi,41,22,-2.335495,-5.5756
mzi,40,22,-2.335246,-5.575
mzi,39,22,-2.334953,-5.5743
mzi,38,22,-2.334604,-5.5735
mzi,37,22,-2.334185,-5.5725
mzi,36,22,-2.333673,-5.5712
mzi,35,22,-2.33304,-5.5697
mzi,34,22,-2.332246,-5.5678
mzi,33,22,-2.331232,-5.5654
mzi,32,22,-2.329911,-5.5623
mzi,31,22,-2.328154,-5.5581
mzi,30,22,-2.325764,-5.5524
mzi,29,22,-2.322435,-5.5444
mzi,28,22,-2.317678,-5.533
mzi,27,22,-2.310705,-5.5164
mzi,26,22,-2.300204,-5.4913
mzi,25,22,-2.283967,-5.4526
mzi,24,22,-2.258253,-5.3912
mzi,23,22,-2.216968,-5.2926
mzi,22,22,-2.152026,-5.1376
mzi,126,23,-2.438508,-5.8215
mzi,125,23,-1.084227,-2.5884
mzi,124,23,-2.171032,-5.183
mzi,123,23,-2.260017,-5.3954
mzi,122,23,-1.598273,-3.8156
mzi,121,23,-1.602427,-3.8255
mzi,120,23,-1.991003,-4.7532
mzi,119,23,-1.803145,-4.3047
mzi,118,23,-1.658109,-3.9584
mzi,117,23,-1.944716,-4.6427
mzi,116,23,-2.179752,-5.2038
mzi,115,23,-2.242922,-5.3546
mzi,114,23,-2.281431,-5.4465
mzi,113,23,-2.31965,-5.5378
mzi,112,23,-2.301558,-5.4946
mzi,111,23,-2.299517,-5.4897
mzi,110,23,-2.290967,-5.4693
mzi,109,23,-2.256515,-5.387
mzi,108,23,-2.131244,-5.088
mzi,107,23,-1.795318,-4.286
mzi,106,23,-1.696253,-4.0495
mzi,105,23,-2.055654,-4.9075
mzi,104,23,-2.227305,-5.3173
mzi,103,23,-2.278314,-5.4391
mzi,102,23,-2.293452,-5.4752
mzi,101,23,-2.298675,-5.4877
mzi,100,23,-2.300046,-5.491
mzi,99,23,-2.300534,-5.4921
mzi,98,23,-2.300661,-5.4924
mzi,97,23,-2.300773,-5.4927
mzi,96,23,-2.300757,-5.4927
mzi,95,23,-2.300759,-5.4927
mzi,94,23,-2.300755,-5.4926
mzi,93,23,-2.300754,-5.4926
mzi,92,23,-2.300752,-5.4926
mzi,91,23,-2.300745,-5.4926
mzi,90,23,-2.30074,-5.4926
mzi,89,23,-2.300735,-5.4926
mzi,88,23,-2.300729,-5.4926
mzi,87,23,-2.300723,-5.4926
mzi,86,23,-2.300717,-5.4926
mzi,85,23,-2.300711,-5.4925
mzi,84,23,-2.300704,-5.4925
mzi,83,23,-2.300697,-5.4925
mzi,82,23,-2.300689,-5.4925
mzi,81,23,-2.300682,-5.4925
mzi,80,23,-2.300673,-5.4925
mzi,79,23,-2.300665,-5.4924
mzi,78,23,-2.300655,-5.4924
mzi,77,23,-2.300646,-5.4924
mzi,76,23,-2.300635,-5.4924
mzi,75,23,-2.300624,-5.4923
mzi,74,23,-2.300613,-5.4923
mzi,73,23,-2.300601,-5.4923
mzi,72,23,-2.300588,-5.4922
mzi,71,23,-2.300574,-5.4922
mzi,70,23,-2.300559,-5.4922
mzi,69,23,-2.300544,-5.4921
mzi,68,23,-2.300527,-5.4921
mzi,67,23,-2.300509,-5.4921
mzi,66,23,-2.30049,-5.492
mzi,65,23,-2.300469,-5.492
mzi,64,23,-2.300447,-5.4919
mzi,63,23,-2.300424,-5.4919
mzi,62,23,-2.300398,-5.4918
mzi,61,23,-2.300371,-5.4917
mzi,60,23,-2.300341,-5.4917
mzi,59,23,-2.300309,-5.4916
mzi,58,23,-2.300274,-5.4915
mzi,57,23,-2.300236,-5.4914
mzi,56,23,-2.300195,-5.4913
mzi,55,23,-2.300149,-5.4912
mzi,54,23,-2.3001,-5.4911
mzi,53,23,-2.300045,-5.491
mzi,52,23,-2.299985,-5.4908
mzi,51,23,-2.299919,-5.4907
mzi,50,23,-2.299845,-5.4905
mzi,49,23,-2.299762,-5.4903
mzi,48,23,-2.29967,-5.4901
mzi,47,23,-2.299566,-5.4898
mzi,46,23,-2.299449,-5.4895
mzi,45,23,-2.299316,-5.4892
mzi,44,23,-2.299164,-5.4888
mzi,43,23,-2.298989,-5.4884
mzi,42,23,-2.298786,-5.4879
mzi,41,23,-2.29855,-5.4874
mzi,40,23,-2.298271,-5.4867
mzi,39,23,-2.29794,-5.4859
mzi,38,23,-2.297541,-5.485
mzi,37,23,-2.297056,-5.4838
mzi,36,23,-2.296457,-5.4824
mzi,35,23,-2.295704,-5.4806
mzi,34,23,-2.294742,-5.4783
mzi,33,23,-2.293489,-5.4753
mzi,32,23,-2.291819,-5.4713
mzi,31,23,-2.28954,-5.4659
mzi,30,23,-2.286351,-5.4583
mzi,29,23,-2.281764,-5.4473
mzi,28,23,-2.274978,-5.4311
mzi,27,23,-2.264645,-5.4064
mzi,26,23,-2.248446,-5.3678
mzi,25,23,-2.222352,-5.3055
mzi,24,23,-2.179579,-5.2034
mzi,23,23,-2.110633,-5.0388
mzi,126,24,-1.33551,-3.1883
mzi,125,24,-1.964839,-4.6907
mzi,124,24,-1.754036,-4.1875
mzi,123,24,-2.096922,-5.006
mzi,122,24,-2.065846,-4.9318
mzi,121,24,-1.856263,-4.4315
mzi,120,24,-1.385208,-3.3069
mzi,119,24,-2.257677,-5.3898
mzi,118,24,-2.102658,-5.0197
mzi,117,24,-2.05606,-4.9085
mzi,116,24,-1.474821,-3.5209
mzi,115,24,-1.606515,-3.8353
mzi,114,24,-2.104448,-5.024
mzi,113,24,-2.232829,-5.3305
mzi,112,24,-2.236957,-5.3403
mzi,111,24,-2.272464,-5.4251
mzi,110,24,-2.261375,-5.3986
mzi,109,24,-2.260933,-5.3976
mzi,108,24,-2.242663,-5.354
mzi,107,24,-2.186783,-5.2206
mzi,106,24,-1.998852,-4.7719
mzi,105,24,-1.661737,-3.9671
mzi,104,24,-1.80475,-4.3085
mzi,103,24,-2.101399,-5.0167
mzi,102,24,-2.214613,-5.287
mzi,101,24,-2.248429,-5.3677
mzi,100,24,-2.258849,-5.3926
mzi,99,24,-2.262296,-5.4008
mzi,98,24,-2.263478,-5.4037
mzi,97,24,-2.263807,-5.4044
mzi,96,24,-2.263891,-5.4046
mzi,95,24,-2.263928,-5.4047
mzi,94,24,-2.263943,-5.4048
mzi,93,24,-2.263949,-5.4048
mzi,92,24,-2.263938,-5.4048
mzi,91,24,-2.263933,-5.4047
mzi,90,24,-2.263931,-5.4047
mzi,89,24,-2.263924,-5.4047
mzi,88,24,-2.263918,-5.4047
mzi,87,24,-2.263912,-5.4047
mzi,86,24,-2.263907,-5.4047
mzi,85,24,-2.2639,-5.4047
mzi,84,24,-2.263893,-5.4046
mzi,83,24,-2.263886,-5.4046
mzi,82,24,-2.263879,-5.4046
mzi,81,24,-2.263871,-5.4046
mzi,80,24,-2.263862,-5.4046
mzi,79,24,-2.263854,-5.4046
mzi,78,24,-2.263844,-5.4045
mzi,77,24,-2.263834,-5.4045
mzi,76,24,-2.263824,-5.4045
mzi,75,24,-2.263813,-5.4045
mzi,74,24,-2.263801,-5.4044
mzi,73,24,-2.263789,-5.4044
mzi,72,24,-2.263776,-5.4044
mzi,71,24,-2.263762,-5.4043
mzi,70,24,-2.263747,-5.4043
mzi,69,24,-2.263731,-5.4043
mzi,68,24,-2.263713,-5.4042
mzi,67,24,-2.263695,-5.4042
mzi,66,24,-2.263676,-5.4041
mzi,65,24,-2.263655,-5.4041
mzi,64,24,-2.263632,-5.404
mzi,63,24,-2.263608,-5.404
mzi,62,24,-2.263581,-5.4039
mzi,61,24,-2.263553,-5.4038
mzi,60,24,-2.263522,-5.4038
mzi,59,24,-2.263489,-5.4037
mzi,58,24,-2.263453,-5.4036
mzi,57,24,-2.263413,-5.4035
mzi,56,24,-2.26337,-5.4034
mzi,55,24,-2.263322,-5.4033
mzi,54,24,-2.26327,-5.4032
mzi,53,24,-2.263213,-5.403
mzi,52,24,-2.263149,-5.4029
mzi,51,24,-2.263079,-5.4027
mzi,50,24,-2.263,-5.4025
mzi,49,24,-2.262912,-5.4023
mzi,48,24,-2.262813,-5.4021
mzi,47,24,-2.262701,-5.4018
mzi,46,24,-2.262574,-5.4015
mzi,45,24,-2.262428,-5.4012
mzi,44,24,-2.262262,-5.4008
mzi,43,24,-2.262068,-5.4003
mzi,42,24,-2.261843,-5.3998
mzi,41,24,-2.261578,-5.3991
mzi,40,24,-2.261262,-5.3984
mzi,39,24,-2.260883,-5.3975
mzi,38,24,-2.260422,-5.3964
mzi,37,24,-2.259852,-5.395
mzi,36,24,-2.259137,-5.3933
mzi,35,24,-2.258224,-5.3911
mzi,34,24,-2.257034,-5.3883
mzi,33,24,-2.255445,-5.3845
mzi,32,24,-2.253271,-5.3793
mzi,31,24,-2.250217,-5.372
mzi,30,24,-2.245797,-5.3614
mzi,29,24,-2.239205,-5.3457
mzi,28,24,-2.229061,-5.3215
mzi,27,24,-2.212945,-5.283
mzi,26,24,-2.186555,-5.22
mzi,25,24,-2.142407,-5.1146
mzi,24,24,-2.0695,-4.9406
mzi,126,25,-0.817357,-1.9513
mzi,125,25,-2.726918,-6.51
mzi,124,25,-1.386229,-3.3094
mzi,123,25,-1.691239,-4.0375
mzi,122,25,-1.949623,-4.6544
mzi,121,25,-2.328962,-5.56
mzi,120,25,-1.673632,-3.9955
mzi,119,25,-1.724757,-4.1176
mzi,118,25,-1.772893,-4.2325
mzi,117,25,-2.206872,-5.2685
mzi,116,25,-2.203539,-5.2606
mzi,115,25,-2.141717,-5.113
mzi,114,25,-1.737418,-4.1478
mzi,113,25,-1.361976,-3.2515
mzi,112,25,-1.929309,-4.6059
mzi,111,25,-2.137386,-5.1026
mzi,110,25,-2.21738,-5.2936
mzi,109,25,-2.222241,-5.3052
mzi,108,25,-2.221254,-5.3029
mzi,107,25,-2.214363,-5.2864
mzi,106,25,-2.180429,-5.2054
mzi,105,25,-2.070256,-4.9424
mzi,104,25,-1.790136,-4.2736
mzi,103,25,-1.650146,-3.9394
mzi,102,25,-1.954616,-4.6663
mzi,101,25,-2.137209,-5.1022
mzi,100,25,-2.198586,-5.2487
mzi,99,25,-2.217509,-5.2939
mzi,98,25,-2.224092,-5.3096
mzi,97,25,-2.225999,-5.3142
mzi,96,25,-2.22673,-5.3159
mzi,95,25,-2.226991,-5.3166
mzi,94,25,-2.227084,-5.3168
mzi,93,25,-2.227111,-5.3168
mzi,92,25,-2.227118,-5.3169
mzi,91,25,-2.227124,-5.3169
mzi,90,25,-2.227117,-5.3168
mzi,89,25,-2.227112,-5.3168
mzi,88,25,-2.227106,-5.3168
mzi,87,25,-2.227102,-5.3168
mzi,86,25,-2.227095,-5.3168
mzi,85,25,-2.227089,-5.3168
mzi,84,25,-2.227082,-5.3168
mzi,83,25,-2.227075,-5.3167
mzi,82,25,-2.227067,-5.3167
mzi,81,25,-2.227059,-5.3167
mzi,80,25,-2.227051,-5.3167
mzi,79,25,-2.227042,-5.3167
mzi,78,25,-2.227032,-5.3166
mzi,77,25,-2.227022,-5.3166
mzi,76,25,-2.227012,-5.3166
mzi,75,25,-2.227001,-5.3166
mzi,74,25,-2.226989,-5.3165
mzi,73,25,-2.226976,-5.3165
mzi,72,25,-2.226962,-5.3165
mzi,71,25,-2.226948,-5.3164
mzi,70,25,-2.226933,-5.3164
mzi,69,25,-2.226916,-5.3164
mzi,68,25,-2.226899,-5.3163
mzi,67,25,-2.22688,-5.3163
mzi,66,25,-2.22686,-5.3162
mzi,65,25,-2.226838,-5.3162
mzi,64,25,-2.226815,-5.3161
mzi,63,25,-2.22679,-5.3161
mzi,62,25,-2.226763,-5.316
mzi,61,25,-2.226733,-5.3159
mzi,60,25,-2.226701,-5.3159
mzi,59,25,-2.226667,-5.3158
mzi,58,25,-2.226629,-5.3157
mzi,57,25,-2.226587,-5.3156
mzi,56,25,-2.226542,-5.3155
mzi,55,25,-2.226492,-5.3154
mzi,54,25,-2.226437,-5.3152
mzi,53,25,-2.226376,-5.3151
mzi,52,25,-2.226309,-5.3149
mzi,51,25,-2.226233,-5.3147
mzi,50,25,-2.226149,-5.3145
mzi,49,25,-2.226054,-5.3143
mzi,48,25,-2.225947,-5.3141
mzi,47,25,-2.225825,-5.3138
mzi,46,25,-2.225687,-5.3134
mzi,45,25,-2.225527,-5.3131
mzi,44,25,-2.225343,-5.3126
mzi,43,25,-2.225127,-5.3121
mzi,42,25,-2.224874,-5.3115
mzi,41,25,-2.224573,-5.3108
mzi,40,25,-2.224212,-5.3099
mzi,39,25,-2.223772,-5.3089
mzi,38,25,-2.22323,-5.3076
mzi,37,25,-2.222549,-5.3059
mzi,36,25,-2.221681,-5.3039
mzi,35,25,-2.220548,-5.3012
mzi,34,25,-2.219035,-5.2976
mzi,33,25,-2.216961,-5.2926
mzi,32,25,-2.214035,-5.2856
mzi,31,25,-2.20978,-5.2755
mzi,30,25,-2.203386,-5.2602
mzi,29,25,-2.193447,-5.2365
mzi,28,25,-2.177454,-5.1983
mzi,27,25,-2.150845,-5.1348
mzi,26,25,-2.105435,-5.0264
mzi,25,25,-2.028618,-4.843
mzi,126,26,0.710976,1.6973
mzi,125,26,-2.027548,-4.8404
mzi,124,26,-1.934823,-4.619
mzi,123,26,-1.685835,-4.0246
mzi,122,26,-1.40352,-3.3507
mzi,121,26,-1.863912,-4.4498
mzi,120,26,-2.115426,-5.0502
mzi,119,26,-2.040387,-4.8711
mzi,118,26,-1.570883,-3.7502
mzi,117,26,-1.724442,-4.1168
mzi,116,26,-2.023058,-4.8297
mzi,115,26,-2.276878,-5.4356
mzi,114,26,-2.159955,-5.1565
mzi,113,26,-2.134277,-5.0952
mzi,112,26,-1.873006,-4.4715
mzi,111,26,-1.339927,-3.1988
mzi,110,26,-1.76241,-4.2074
mzi,109,26,-2.067261,-4.9352
mzi,108,26,-2.159678,-5.1559
mzi,107,26,-2.180443,-5.2054
mzi,106,26,-2.17859,-5.201
mzi,105,26,-2.155454,-5.1458
mzi,104,26,-2.078131,-4.9612
mzi,103,26,-1.854521,-4.4273
mzi,102,26,-1.611226,-3.8465
mzi,101,26,-1.832175,-4.374
mzi,100,26,-2.063423,-4.9261
mzi,99,26,-2.149949,-5.1326
mzi,98,26,-2.176655,-5.1964
mzi,97,26,-2.185596,-5.2177
mzi,96,26,-2.188622,-5.2249
mzi,95,26,-2.189678,-5.2275
mzi,94,26,-2.190106,-5.2285
mzi,93,26,-2.190224,-5.2288
mzi,92,26,-2.190273,-5.2289
mzi,91,26,-2.190293,-5.2289
mzi,90,26,-2.190299,-5.229
mzi,89,26,-2.190294,-5.2289
mzi,88,26,-2.190293,-5.2289
mzi,87,26,-2.190287,-5.2289
mzi,86,26,-2.190283,-5.2289
mzi,85,26,-2.190277,-5.2289
mzi,84,26,-2.19027,-5.2289
mzi,83,26,-2.190263,-5.2289
mzi,82,26,-2.190255,-5.2288
mzi,81,26,-2.190247,-5.2288
mzi,80,26,-2.190238,-5.2288
mzi,79,26,-2.190229,-5.2288
mzi,78,26,-2.19022,-5.2288
mzi,77,26,-2.190209,-5.2287
mzi,76,26,-2.190199,-5.2287
mzi,75,26,-2.190187,-5.2287
mzi,74,26,-2.190175,-5.2287
mzi,73,26,-2.190162,-5.2286
mzi,72,26,-2.190148,-5.2286
mzi,71,26,-2.190134,-5.2286
mzi,70,26,-2.190118,-5.2285
mzi,69,26,-2.190101,-5.2285
mzi,68,26,-2.190083,-5.2284
mzi,67,26,-2.190064,-5.2284
mzi,66,26,-2.190043,-5.2283
mzi,65,26,-2.190021,-5.2283
mzi,64,26,-2.189997,-5.2282
mzi,63,26,-2.189971,-5.2282
mzi,62,26,-2.189942,-5.2281
mzi,61,26,-2.189912,-5.228
mzi,60,26,-2.189878,-5.2279
mzi,59,26,-2.189842,-5.2279
mzi,58,26,-2.189802,-5.2278
mzi,57,26,-2.189759,-5.2277
mzi,56,26,-2.189711,-5.2276
mzi,55,26,-2.189658,-5.2274
mzi,54,26,-2.1896,-5.2273
mzi,53,26,-2.189535,-5.2271
mzi,52,26,-2.189463,-5.227
mzi,51,26,-2.189382,-5.2268
mzi,50,26,-2.189291,-5.2265
mzi,49,26,-2.189189,-5.2263
mzi,48,26,-2.189072,-5.226
mzi,47,26,-2.188939,-5.2257
mzi,46,26,-2.188787,-5.2253
mzi,45,26,-2.18861,-5.2249
mzi,44,26,-2.188404,-5.2244
mzi,43,26,-2.188162,-5.2239
mzi,42,26,-2.187874,-5.2232
mzi,41,26,-2.187528,-5.2223
mzi,40,26,-2.187109,-5.2213
mzi,39,26,-2.186591,-5.2201
mzi,38,26,-2.185943,-5.2186
mzi,37,26,-2.185115,-5.2166
mzi,36,26,-2.184035,-5.214
mzi,35,26,-2.182593,-5.2106
mzi,34,26,-2.180612,-5.2058
mzi,33,26,-2.17781,-5.1991
mzi,32,26,-2.173716,-5.1894
mzi,31,26,-2.16752,-5.1746
mzi,30,26,-2.157799,-5.1514
mzi,29,26,-2.141964,-5.1136
mzi,28,26,-2.115207,-5.0497
mzi,27,26,-2.068648,-4.9385
mzi,26,26,-1.987983,-4.746
mzi,126,27,-2.37172,-5.6621
mzi,125,27,0.247051,0.5898
mzi,124,27,-2.908361,-6.9432
mzi,123,27,-1.982795,-4.7336
mzi,122,27,-1.911184,-4.5626
mzi,121,27,-1.318252,-3.1471
mzi,120,27,-1.581905,-3.7765
mzi,119,27,-2.213087,-5.2834
mzi,118,27,-2.160008,-5.1566
mzi,117,27,-1.015801,-2.425
mzi,116,27,-2.036199,-4.8611
mzi,115,27,-2.07318,-4.9494
mzi,114,27,-2.111219,-5.0402
mzi,113,27,-2.1638,-5.1657
mzi,112,27,-2.158639,-5.1534
mzi,111,27,-2.087132,-4.9827
mzi,110,27,-1.845665,-4.4062
mzi,109,27,-1.359301,-3.2451
mzi,108,27,-1.689122,-4.0325
mzi,107,27,-2.030866,-4.8483
mzi,106,27,-2.115364,-5.0501
mzi,105,27,-2.138604,-5.1055
mzi,104,27,-2.124123,-5.071
mzi,103,27,-2.06131,-4.921
mzi,102,27,-1.859469,-4.4392
mzi,101,27,-1.575961,-3.7623
mzi,100,27,-1.753263,-4.1856
mzi,99,27,-2.012754,-4.8051
mzi,98,27,-2.108805,-5.0344
mzi,97,27,-2.139011,-5.1065
mzi,96,27,-2.148693,-5.1296
mzi,95,27,-2.151969,-5.1374
mzi,94,27,-2.152904,-5.1397
mzi,93,27,-2.153258,-5.1405
mzi,92,27,-2.153421,-5.1409
mzi,91,27,-2.153462,-5.141
mzi,90,27,-2.153469,-5.141
mzi,89,27,-2.153477,-5.141
mzi,88,27,-2.153477,-5.141
mzi,87,27,-2.153476,-5.141
mzi,86,27,-2.15347,-5.141
mzi,85,27,-2.153464,-5.141
mzi,84,27,-2.153457,-5.141
mzi,83,27,-2.15345,-5.141
mzi,82,27,-2.153442,-5.141
mzi,81,27,-2.153434,-5.1409
mzi,80,27,-2.153425,-5.1409
mzi,79,27,-2.153416,-5.1409
mzi,78,27,-2.153406,-5.1409
mzi,77,27,-2.153396,-5.1409
mzi,76,27,-2.153385,-5.1408
mzi,75,27,-2.153373,-5.1408
mzi,74,27,-2.153361,-5.1408
mzi,73,27,-2.153348,-5.1407
mzi,72,27,-2.153334,-5.1407
mzi,71,27,-2.153318,-5.1407
mzi,70,27,-2.153302,-5.1406
mzi,69,27,-2.153285,-5.1406
mzi,68,27,-2.153266,-5.1405
mzi,67,27,-2.153247,-5.1405
mzi,66,27,-2.153225,-5.1404
mzi,65,27,-2.153202,-5.1404
mzi,64,27,-2.153177,-5.1403
mzi,63,27,-2.15315,-5.1403
mzi,62,27,-2.15312,-5.1402
mzi,61,27,-2.153088,-5.1401
mzi,60,27,-2.153053,-5.14
mzi,59,27,-2.153015,-5.1399
mzi,58,27,-2.152974,-5.1398
mzi,57,27,-2.152928,-5.1397
mzi,56,27,-2.152877,-5.1396
mzi,55,27,-2.152821,-5.1395
mzi,54,27,-2.152759,-5.1393
mzi,53,27,-2.152689,-5.1392
mzi,52,27,-2.152612,-5.139
mzi,51,27,-2.152525,-5.1388
mzi,50,27,-2.152426,-5.1385
mzi,49,27,-2.152314,-5.1383
mzi,48,27,-2.152187,-5.138
mzi,47,27,-2.15204,-5.1376
mzi,46,27,-2.151871,-5.1372
mzi,45,27,-2.151674,-5.1367
mzi,44,27,-2.151441,-5.1362
mzi,43,27,-2.151166,-5.1355
mzi,42,27,-2.150835,-5.1347
mzi,41,27,-2.150434,-5.1338
mzi,40,27,-2.149939,-5.1326
mzi,39,27,-2.14932,-5.1311
mzi,38,27,-2.148529,-5.1292
mzi,37,27,-2.147499,-5.1268
mzi,36,27,-2.146122,-5.1235
mzi,35,27,-2.144229,-5.119
mzi,34,27,-2.141545,-5.1126
mzi,33,27,-2.137606,-5.1032
mzi,32,27,-2.131608,-5.0888
mzi,31,27,-2.122115,-5.0662
mzi,30,27,-2.106469,-5.0288
mzi,29,27,-2.07963,-4.9648
mzi,28,27,-2.03203,-4.8511
mzi,27,27,-1.947587,-4.6495
mzi,126,28,2.672293,6.3796
mzi,125,28,-1.545199,-3.6889
mzi,124,28,-1.005971,-2.4016
mzi,123,28,-2.406454,-5.745
mzi,122,28,-1.73625,-4.145
mzi,121,28,-2.141021,-5.1113
mzi,120,28,-0.795732,-1.8997
mzi,119,28,-1.953373,-4.6633
mzi,118,28,-2.137971,-5.104
mzi,117,28,-1.689833,-4.0342
mzi,116,28,-1.476501,-3.5249
mzi,115,28,-1.701922,-4.063
mzi,114,28,-2.215596,-5.2893
mzi,113,28,-2.059398,-4.9165
mzi,112,28,-2.14228,-5.1143
mzi,111,28,-2.10633,-5.0285
mzi,110,28,-2.103048,-5.0207
mzi,109,28,-2.026157,-4.8371
mzi,108,28,-1.729941,-4.1299
mzi,107,28,-1.321629,-3.1552
mzi,106,28,-1.741016,-4.1564
mzi,105,28,-2.018038,-4.8177
mzi,104,28,-2.08776,-4.9842
mzi,103,28,-2.088287,-4.9854
mzi,102,28,-2.032662,-4.8526
mzi,101,28,-1.829549,-4.3677
mzi,100,28,-1.523872,-3.638
mzi,99,28,-1.70882,-4.0795
mzi,98,28,-1.979556,-4.7258
mzi,97,28,-2.076464,-4.9572
mzi,96,28,-2.105076,-5.0255
mzi,95,28,-2.113226,-5.045
mzi,94,28,-2.115724,-5.0509
mzi,93,28,-2.116476,-5.0527
mzi,92,28,-2.116615,-5.053
mzi,91,28,-2.116663,-5.0532
mzi,90,28,-2.116665,-5.0532
mzi,89,28,-2.116677,-5.0532
mzi,88,28,-2.116669,-5.0532
mzi,87,28,-2.116663,-5.0532
mzi,86,28,-2.116659,-5.0532
mzi,85,28,-2.116651,-5.0531
mzi,84,28,-2.116644,-5.0531
mzi,83,28,-2.116637,-5.0531
mzi,82,28,-2.116629,-5.0531
mzi,81,28,-2.11662,-5.0531
mzi,80,28,-2.116612,-5.053
mzi,79,28,-2.116602,-5.053
mzi,78,28,-2.116592,-5.053
mzi,77,28,-2.116582,-5.053
mzi,76,28,-2.116571,-5.0529
mzi,75,28,-2.116559,-5.0529
mzi,74,28,-2.116546,-5.0529
mzi,73,28,-2.116532,-5.0528
mzi,72,28,-2.116518,-5.0528
mzi,71,28,-2.116502,-5.0528
mzi,70,28,-2.116486,-5.0527
mzi,69,28,-2.116468,-5.0527
mzi,68,28,-2.116449,-5.0526
mzi,67,28,-2.116428,-5.0526
mzi,66,28,-2.116406,-5.0525
mzi,65,28,-2.116382,-5.0525
mzi,64,28,-2.116356,-5.0524
mzi,63,28,-2.116327,-5.0524
mzi,62,28,-2.116297,-5.0523
mzi,61,28,-2.116263,-5.0522
mzi,60,28,-2.116226,-5.0521
mzi,59,28,-2.116186,-5.052
mzi,58,28,-2.116142,-5.0519
mzi,57,28,-2.116093,-5.0518
mzi,56,28,-2.116039,-5.0517
mzi,55,28,-2.11598,-5.0515
mzi,54,28,-2.115913,-5.0514
mzi,53,28,-2.115838,-5.0512
mzi,52,28,-2.115755,-5.051
mzi,51,28,-2.11566,-5.0508
mzi,50,28,-2.115553,-5.0505
mzi,49,28,-2.11543,-5.0502
mzi,48,28,-2.115289,-5.0499
mzi,47,28,-2.115127,-5.0495
mzi,46,28,-2.114937,-5.049
mzi,45,28,-2.114714,-5.0485
mzi,44,28,-2.11445,-5.0479
mzi,43,28,-2.114133,-5.0471
mzi,42,28,-2.113748,-5.0462
mzi,41,28,-2.113275,-5.0451
mzi,40,28,-2.112682,-5.0437
mzi,39,28,-2.111926,-5.0419
mzi,38,28,-2.110941,-5.0395
mzi,37,28,-2.109625,-5.0364
mzi,36,28,-2.107814,-5.032
mzi,35,28,-2.105242,-5.0259
mzi,34,28,-2.101453,-5.0169
mzi,33,28,-2.095652,-5.003
mzi,32,28,-2.086393,-4.9809
mzi,31,28,-2.070961,-4.9441
mzi,30,28,-2.044102,-4.8799
mzi,29,28,-1.995568,-4.7641
mzi,28,28,-1.907425,-4.5536
mzi,126,29,-1.974341,-4.7134
mzi,125,29,-1.300598,-3.1049
mzi,124,29,-1.923478,-4.592
mzi,123,29,-1.324556,-3.1621
mzi,122,29,-1.883842,-4.4973
mzi,121,29,-1.942884,-4.6383
mzi,120,29,-1.420433,-3.391
mzi,119,29,-1.497835,-3.5758
mzi,118,29,-1.937213,-4.6248
mzi,117,29,-1.875457,-4.4773
mzi,116,29,-1.810754,-4.3229
mzi,115,29,-1.48788,-3.5521
mzi,114,29,-1.630527,-3.8926
mzi,113,29,-2.189911,-5.228
mzi,112,29,-2.050469,-4.8951
mzi,111,29,-2.057258,-4.9113
mzi,110,29,-2.080729,-4.9674
mzi,109,29,-2.076637,-4.9576
mzi,108,29,-2.042901,-4.8771
mzi,107,29,-1.914442,-4.5704
mzi,106,29,-1.504037,-3.5906
mzi,105,29,-1.391514,-3.322
mzi,104,29,-1.845109,-4.4049
mzi,103,29,-2.01484,-4.8101
mzi,102,29,-2.042236,-4.8755
mzi,101,29,-1.987722,-4.7453
mzi,100,29,-1.777021,-4.2423
mzi,99,29,-1.482606,-3.5395
mzi,98,29,-1.698475,-4.0548
mzi,97,29,-1.955975,-4.6695
mzi,96,29,-2.044353,-4.8805
mzi,95,29,-2.070167,-4.9422
mzi,94,29,-2.077385,-4.9594
mzi,93,29,-2.079331,-4.964
mzi,92,29,-2.079883,-4.9654
mzi,91,29,-2.079914,-4.9654
mzi,90,29,-2.079941,-4.9655
mzi,89,29,-2.079893,-4.9654
mzi,88,29,-2.079879,-4.9653
mzi,87,29,-2.079868,-4.9653
mzi,86,29,-2.079851,-4.9653
mzi,85,29,-2.079841,-4.9653
mzi,84,29,-2.079832,-4.9652
mzi,83,29,-2.079823,-4.9652
mzi,82,29,-2.079815,-4.9652
mzi,81,29,-2.079807,-4.9652
mzi,80,29,-2.079798,-4.9652
mzi,79,29,-2.079788,-4.9651
mzi,78,29,-2.079778,-4.9651
mzi,77,29,-2.079767,-4.9651
mzi,76,29,-2.079755,-4.9651
mzi,75,29,-2.079743,-4.965
mzi,74,29,-2.07973,-4.965
mzi,73,29,-2.079716,-4.965
mzi,72,29,-2.079701,-4.9649
mzi,71,29,-2.079685,-4.9649
mzi,70,29,-2.079668,-4.9648
mzi,69,29,-2.07965,-4.9648
mzi,68,29,-2.07963,-4.9648
mzi,67,29,-2.079608,-4.9647
mzi,66,29,-2.079585,-4.9646
mzi,65,29,-2.07956,-4.9646
mzi,64,29,-2.079533,-4.9645
mzi,63,29,-2.079503,-4.9644
mzi,62,29,-2.079471,-4.9644
mzi,61,29,-2.079436,-4.9643
mzi,60,29,-2.079397,-4.9642
mzi,59,29,-2.079354,-4.9641
mzi,58,29,-2.079307,-4.964
mzi,57,29,-2.079256,-4.9639
mzi,56,29,-2.079198,-4.9637
mzi,55,29,-2.079134,-4.9636
mzi,54,29,-2.079062,-4.9634
mzi,53,29,-2.078982,-4.9632
mzi,52,29,-2.078891,-4.963
mzi,51,29,-2.078787,-4.9627
mzi,50,29,-2.078669,-4.9625
mzi,49,29,-2.078534,-4.9621
mzi,48,29,-2.078378,-4.9618
mzi,47,29,-2.078195,-4.9613
mzi,46,29,-2.077981,-4.9608
mzi,45,29,-2.077728,-4.9602
mzi,44,29,-2.077423,-4.9595
mzi,43,29,-2.077054,-4.9586
mzi,42,29,-2.0766,-4.9575
mzi,41,29,-2.076031,-4.9562
mzi,40,29,-2.075308,-4.9544
mzi,39,29,-2.074365,-4.9522
mzi,38,29,-2.073105,-4.9492
mzi,37,29,-2.071371,-4.945
mzi,36,29,-2.068905,-4.9391
mzi,35,29,-2.065261,-4.9304
mzi,34,29,-2.059653,-4.9171
mzi,33,29,-2.050632,-4.8955
mzi,32,29,-2.035436,-4.8592
mzi,31,29,-2.008613,-4.7952
mzi,30,29,-1.959249,-4.6774
mzi,29,29,-1.867489,-4.4583
mzi,126,30,-0.294082,-0.7021
mzi,125,30,2.545174,6.0762
mzi,124,30,-2.525103,-6.0282
mzi,123,30,-0.726069,-1.7334
mzi,122,30,-2.075186,-4.9541
mzi,121,30,-1.53409,-3.6624
mzi,120,30,-1.783671,-4.2582
mzi,119,30,-1.304533,-3.1143
mzi,118,30,-1.991789,-4.755
mzi,117,30,-1.587689,-3.7903
mzi,116,30,-1.909227,-4.5579
mzi,115,30,-1.820807,-4.3469
mzi,114,30,-1.362219,-3.2521
mzi,113,30,-1.88035,-4.489
mzi,112,30,-1.876926,-4.4808
mzi,111,30,-2.036291,-4.8613
mzi,110,30,-2.060144,-4.9182
mzi,109,30,-2.042448,-4.876
mzi,108,30,-2.036012,-4.8606
mzi,107,30,-2.020631,-4.8239
mzi,106,30,-1.95174,-4.6594
mzi,105,30,-1.696889,-4.051
mzi,104,30,-1.299496,-3.1023
mzi,103,30,-1.634041,-3.901
mzi,102,30,-1.918043,-4.579
mzi,101,30,-1.978134,-4.7224
mzi,100,30,-1.920851,-4.5857
mzi,99,30,-1.695687,-4.0482
mzi,98,30,-1.480173,-3.5337
mzi,97,30,-1.720768,-4.108
mzi,96,30,-1.935216,-4.62
mzi,95,30,-2.009777,-4.798
mzi,94,30,-2.033107,-4.8537
mzi,93,30,-2.040225,-4.8707
mzi,92,30,-2.042209,-4.8754
mzi,91,30,-2.042911,-4.8771
mzi,90,30,-2.04304,-4.8774
mzi,89,30,-2.043103,-4.8775
mzi,88,30,-2.043092,-4.8775
mzi,87,30,-2.043062,-4.8775
mzi,86,30,-2.043045,-4.8774
mzi,85,30,-2.043033,-4.8774
mzi,84,30,-2.043021,-4.8774
mzi,83,30,-2.043011,-4.8773
mzi,82,30,-2.043002,-4.8773
mzi,81,30,-2.042993,-4.8773
mzi,80,30,-2.042983,-4.8773
mzi,79,30,-2.042973,-4.8772
mzi,78,30,-2.042963,-4.8772
mzi,77,30,-2.042952,-4.8772
mzi,76,30,-2.04294,-4.8772
mzi,75,30,-2.042927,-4.8771
mzi,74,30,-2.042914,-4.8771
mzi,73,30,-2.042899,-4.8771
mzi,72,30,-2.042884,-4.877
mzi,71,30,-2.042867,-4.877
mzi,70,30,-2.042849,-4.8769
mzi,69,30,-2.04283,-4.8769
mzi,68,30,-2.04281,-4.8768
mzi,67,30,-2.042787,-4.8768
mzi,66,30,-2.042763,-4.8767
mzi,65,30,-2.042737,-4.8767
mzi,64,30,-2.042708,-4.8766
mzi,63,30,-2.042677,-4.8765
mzi,62,30,-2.042643,-4.8765
mzi,61,30,-2.042606,-4.8764
mzi,60,30,-2.042565,-4.8763
mzi,59,30,-2.04252,-4.8762
mzi,58,30,-2.04247,-4.876
mzi,57,30,-2.042414,-4.8759
mzi,56,30,-2.042353,-4.8758
mzi,55,30,-2.042283,-4.8756
mzi,54,30,-2.042206,-4.8754
mzi,53,30,-2.042118,-4.8752
mzi,52,30,-2.042019,-4.875
mzi,51,30,-2.041905,-4.8747
mzi,50,30,-2.041775,-4.8744
mzi,49,30,-2.041624,-4.874
mzi,48,30,-2.041449,-4.8736
mzi,47,30,-2.041243,-4.8731
mzi,46,30,-2.040999,-4.8725
mzi,45,30,-2.040706,-4.8718
mzi,44,30,-2.040351,-4.871
mzi,43,30,-2.039915,-4.8699
mzi,42,30,-2.039369,-4.8686
mzi,41,30,-2.038675,-4.867
mzi,40,30,-2.037771,-4.8648
mzi,39,30,-2.036564,-4.8619
mzi,38,30,-2.034902,-4.858
mzi,37,30,-2.032536,-4.8523
mzi,36,30,-2.029031,-4.844
mzi,35,30,-2.023612,-4.831
mzi,34,30,-2.014832,-4.8101
mzi,33,30,-1.999891,-4.7744
mzi,32,30,-1.973155,-4.7106
mzi,31,30,-1.923061,-4.591
mzi,30,30,-1.827775,-4.3635
mzi,126,31,-0.100244,-0.2393
mzi,125,31,-1.664684,-3.9741
mzi,124,31,-0.163815,-0.3911
mzi,123,31,-2.543536,-6.0722
mzi,122,31,-1.963248,-4.6869
mzi,121,31,-1.094835,-2.6137
mzi,120,31,-1.489698,-3.5564
mzi,119,31,-2.08969,-4.9888
mzi,118,31,-1.11063,-2.6514
mzi,117,31,-1.707327,-4.0759
mzi,116,31,-2.007566,-4.7927
mzi,115,31,-1.803845,-4.3064
mzi,114,31,-1.663046,-3.9702
mzi,113,31,-1.341818,-3.2034
mzi,112,31,-1.780893,-4.2516
mzi,111,31,-2.003136,-4.7821
mzi,110,31,-2.000131,-4.775
mzi,109,31,-1.995713,-4.7644
mzi,108,31,-2.013171,-4.8061
mzi,107,31,-2.004096,-4.7844
mzi,106,31,-1.988948,-4.7483
mzi,105,31,-1.939149,-4.6294
mzi,104,31,-1.755394,-4.1907
mzi,103,31,-1.347159,-3.2161
mzi,102,31,-1.482633,-3.5395
mzi,101,31,-1.824253,-4.3551
mzi,100,31,-1.902103,-4.5409
mzi,99,31,-1.825955,-4.3591
mzi,98,31,-1.593418,-3.804
mzi,97,31,-1.512007,-3.6097
mzi,96,31,-1.759532,-4.2006
mzi,95,31,-1.920022,-4.5837
mzi,94,31,-1.97691,-4.7195
mzi,93,31,-1.996003,-4.7651
mzi,92,31,-2.002605,-4.7809
mzi,91,31,-2.004935,-4.7864
mzi,90,31,-2.005817,-4.7885
mzi,89,31,-2.006086,-4.7892
mzi,88,31,-2.006181,-4.7894
mzi,87,31,-2.00621,-4.7895
mzi,86,31,-2.006219,-4.7895
mzi,85,31,-2.006214,-4.7895
mzi,84,31,-2.006204,-4.7895
mzi,83,31,-2.006197,-4.7894
mzi,82,31,-2.006188,-4.7894
mzi,81,31,-2.006178,-4.7894
mzi,80,31,-2.006168,-4.7894
mzi,79,31,-2.006158,-4.7893
mzi,78,31,-2.006147,-4.7893
mzi,77,31,-2.006136,-4.7893
mzi,76,31,-2.006123,-4.7893
mzi,75,31,-2.00611,-4.7892
mzi,74,31,-2.006096,-4.7892
mzi,73,31,-2.006082,-4.7892
mzi,72,31,-2.006066,-4.7891
mzi,71,31,-2.006048,-4.7891
mzi,70,31,-2.00603,-4.789
mzi,69,31,-2.00601,-4.789
mzi,68,31,-2.005988,-4.7889
mzi,67,31,-2.005965,-4.7889
mzi,66,31,-2.00594,-4.7888
mzi,65,31,-2.005912,-4.7888
mzi,64,31,-2.005882,-4.7887
mzi,63,31,-2.005849,-4.7886
mzi,62,31,-2.005813,-4.7885
mzi,61,31,-2.005774,-4.7884
mzi,60,31,-2.00573,-4.7883
mzi,59,31,-2.005682,-4.7882
mzi,58,31,-2.005629,-4.7881
mzi,57,31,-2.005569,-4.7879
mzi,56,31,-2.005502,-4.7878
mzi,55,31,-2.005428,-4.7876
mzi,54,31,-2.005343,-4.7874
mzi,53,31,-2.005247,-4.7872
mzi,52,31,-2.005138,-4.7869
mzi,51,31,-2.005012,-4.7866
mzi,50,31,-2.004867,-4.7863
mzi,49,31,-2.004698,-4.7859
mzi,48,31,-2.0045,-4.7854
mzi,47,31,-2.004264,-4.7848
mzi,46,31,-2.003983,-4.7842
mzi,45,31,-2.003641,-4.7833
mzi,44,31,-2.003221,-4.7823
mzi,43,31,-2.002697,-4.7811
mzi,42,31,-2.00203,-4.7795
mzi,41,31,-2.001162,-4.7774
mzi,40,31,-2.000004,-4.7747
mzi,39,31,-1.99841,-4.7709
mzi,38,31,-1.996138,-4.7654
mzi,37,31,-1.992766,-4.7574
mzi,36,31,-1.987531,-4.7449
mzi,35,31,-1.978992,-4.7245
mzi,34,31,-1.964322,-4.6895
mzi,33,31,-1.937719,-4.626
mzi,32,31,-1.886993,-4.5049
mzi,31,31,-1.788276,-4.2692
mzi,126,32,-1.0971,-2.6191
mzi,125,32,-2.343964,-5.5958
mzi,124,32,-0.21878,-0.5223
mzi,123,32,-1.470786,-3.5112
mzi,122,32,-2.005497,-4.7878
mzi,121,32,-0.705302,-1.6838
mzi,120,32,-1.648826,-3.9363
mzi,119,32,-1.763453,-4.2099
mzi,118,32,-1.426279,-3.405
mzi,117,32,-1.484382,-3.5437
mzi,116,32,-1.613423,-3.8518
mzi,115,32,-1.754915,-4.1896
mzi,114,32,-1.987499,-4.7448
mzi,113,32,-1.168101,-2.7886
mzi,112,32,-1.402338,-3.3478
mzi,111,32,-1.998641,-4.7714
mzi,110,32,-1.915527,-4.573
mzi,109,32,-1.986933,-4.7435
mzi,108,32,-1.959906,-4.6789
mzi,107,32,-1.972375,-4.7087
mzi,106,32,-1.966526,-4.6947
mzi,105,32,-1.95445,-4.6659
mzi,104,32,-1.904969,-4.5478
mzi,103,32,-1.737634,-4.1483
mzi,102,32,-1.362726,-3.2533
mzi,101,32,-1.438928,-3.4352
mzi,100,32,-1.759437,-4.2003
mzi,99,32,-1.827239,-4.3622
mzi,98,32,-1.698951,-4.0559
mzi,97,32,-1.469451,-3.5081
mzi,96,32,-1.569032,-3.7458
mzi,95,32,-1.80513,-4.3094
mzi,94,32,-1.912376,-4.5655
mzi,93,32,-1.948701,-4.6522
mzi,92,32,-1.961689,-4.6832
mzi,91,32,-1.966283,-4.6942
mzi,90,32,-1.968063,-4.6984
mzi,89,32,-1.968855,-4.7003
mzi,88,32,-1.969153,-4.701
mzi,87,32,-1.96929,-4.7013
mzi,86,32,-1.96935,-4.7015
mzi,85,32,-1.969369,-4.7015
mzi,84,32,-1.969377,-4.7015
mzi,83,32,-1.969376,-4.7015
mzi,82,32,-1.969369,-4.7015
mzi,81,32,-1.969362,-4.7015
mzi,80,32,-1.969352,-4.7015
mzi,79,32,-1.969342,-4.7015
mzi,78,32,-1.969331,-4.7014
mzi,77,32,-1.969319,-4.7014
mzi,76,32,-1.969306,-4.7014
mzi,75,32,-1.969293,-4.7013
mzi,74,32,-1.969279,-4.7013
mzi,73,32,-1.969263,-4.7013
mzi,72,32,-1.969246,-4.7012
mzi,71,32,-1.969229,-4.7012
mzi,70,32,-1.969209,-4.7011
mzi,69,32,-1.969189,-4.7011
mzi,68,32,-1.969166,-4.701
mzi,67,32,-1.969142,-4.701
mzi,66,32,-1.969115,-4.7009
mzi,65,32,-1.969086,-4.7008
mzi,64,32,-1.969054,-4.7008
mzi,63,32,-1.96902,-4.7007
mzi,62,32,-1.968981,-4.7006
mzi,61,32,-1.968939,-4.7005
mzi,60,32,-1.968893,-4.7004
mzi,59,32,-1.968841,-4.7003
mzi,58,32,-1.968784,-4.7001
mzi,57,32,-1.968719,-4.7
mzi,56,32,-1.968647,-4.6998
mzi,55,32,-1.968566,-4.6996
mzi,54,32,-1.968473,-4.6994
mzi,53,32,-1.968367,-4.6991
mzi,52,32,-1.968246,-4.6988
mzi,51,32,-1.968106,-4.6985
mzi,50,32,-1.967943,-4.6981
mzi,49,32,-1.967752,-4.6977
mzi,48,32,-1.967525,-4.6971
mzi,47,32,-1.967254,-4.6965
mzi,46,32,-1.966924,-4.6957
mzi,45,32,-1.96652,-4.6947
mzi,44,32,-1.966016,-4.6935
mzi,43,32,-1.965374,-4.692
mzi,42,32,-1.96454,-4.69
mzi,41,32,-1.963427,-4.6873
mzi,40,32,-1.961897,-4.6837
mzi,39,32,-1.959714,-4.6785
mzi,38,32,-1.956469,-4.6707
mzi,37,32,-1.951412,-4.6587
mzi,36,32,-1.943115,-4.6388
mzi,35,32,-1.928726,-4.6045
mzi,34,32,-1.902299,-4.5414
mzi,33,32,-1.851034,-4.419
mzi,32,32,-1.748986,-4.1754
mzi,126,33,2.270094,5.4195
mzi,125,33,1.612706,3.8501
mzi,124,33,-2.022483,-4.8283
mzi,123,33,-0.037781,-0.0902
mzi,122,33,-1.466166,-3.5002
mzi,121,33,-1.960782,-4.681
mzi,120,33,-2.053923,-4.9034
mzi,119,33,-0.721574,-1.7226
mzi,118,33,-1.616613,-3.8594
mzi,117,33,-1.570269,-3.7487
mzi,116,33,-1.579879,-3.7717
mzi,115,33,-1.57885,-3.7692
mzi,114,33,-1.654907,-3.9508
mzi,113,33,-1.37132,-3.2738
mzi,112,33,-1.482261,-3.5386
mzi,111,33,-1.511657,-3.6088
mzi,110,33,-1.863584,-4.449
mzi,109,33,-1.896798,-4.5283
mzi,108,33,-1.951958,-4.66
mzi,107,33,-1.927782,-4.6022
mzi,106,33,-1.934233,-4.6176
mzi,105,33,-1.929422,-4.6062
mzi,104,33,-1.913409,-4.5679
mzi,103,33,-1.854606,-4.4275
mzi,102,33,-1.664072,-3.9727
mzi,101,33,-1.327529,-3.1692
mzi,100,33,-1.480319,-3.534
mzi,99,33,-1.747896,-4.1728
mzi,98,33,-1.752236,-4.1832
mzi,97,33,-1.514823,-3.6164
mzi,96,33,-1.360175,-3.2472
mzi,95,33,-1.655325,-3.9518
mzi,94,33,-1.844143,-4.4026
mzi,93,33,-1.905695,-4.5495
mzi,92,33,-1.923399,-4.5918
mzi,91,33,-1.929232,-4.6057
mzi,90,33,-1.931254,-4.6105
mzi,89,33,-1.931892,-4.6121
mzi,88,33,-1.932207,-4.6128
mzi,87,33,-1.932395,-4.6133
mzi,86,33,-1.932475,-4.6134
mzi,85,33,-1.932522,-4.6136
mzi,84,33,-1.932544,-4.6136
mzi,83,33,-1.93255,-4.6136
mzi,82,33,-1.932548,-4.6136
mzi,81,33,-1.932543,-4.6136
mzi,80,33,-1.932534,-4.6136
mzi,79,33,-1.932525,-4.6136
mzi,78,33,-1.932514,-4.6135
mzi,77,33,-1.932502,-4.6135
mzi,76,33,-1.932489,-4.6135
mzi,75,33,-1.932475,-4.6134
mzi,74,33,-1.93246,-4.6134
mzi,73,33,-1.932444,-4.6134
mzi,72,33,-1.932427,-4.6133
mzi,71,33,-1.932408,-4.6133
mzi,70,33,-1.932388,-4.6132
mzi,69,33,-1.932366,-4.6132
mzi,68,33,-1.932342,-4.6131
mzi,67,33,-1.932317,-4.6131
mzi,66,33,-1.932289,-4.613
mzi,65,33,-1.932258,-4.6129
mzi,64,33,-1.932225,-4.6128
mzi,63,33,-1.932188,-4.6128
mzi,62,33,-1.932147,-4.6127
mzi,61,33,-1.932102,-4.6126
mzi,60,33,-1.932052,-4.6124
mzi,59,33,-1.931997,-4.6123
mzi,58,33,-1.931935,-4.6122
mzi,57,33,-1.931865,-4.612
mzi,56,33,-1.931786,-4.6118
mzi,55,33,-1.931697,-4.6116
mzi,54,33,-1.931595,-4.6113
mzi,53,33,-1.931478,-4.6111
mzi,52,33,-1.931342,-4.6107
mzi,51,33,-1.931185,-4.6104
mzi,50,33,-1.931,-4.6099
mzi,49,33,-1.930781,-4.6094
mzi,48,33,-1.930519,-4.6088
mzi,47,33,-1.930202,-4.608
mzi,46,33,-1.929812,-4.6071
mzi,45,33,-1.929326,-4.6059
mzi,44,33,-1.928708,-4.6045
mzi,43,33,-1.927905,-4.6025
mzi,42,33,-1.926835,-4.6
mzi,41,33,-1.925364,-4.5965
mzi,40,33,-1.923265,-4.5915
mzi,39,33,-1.920141,-4.584
mzi,38,33,-1.915257,-4.5723
mzi,37,33,-1.907199,-4.5531
mzi,36,33,-1.893102,-4.5194
mzi,35,33,-1.866889,-4.4569
mzi,34,33,-1.815175,-4.3334
mzi,33,33,-1.709899,-4.0821
mzi,126,34,-2.391997,-5.7105
mzi,125,34,-0.025543,-0.061
mzi,124,34,-2.594642,-6.1943
mzi,123,34,-1.498947,-3.5785
mzi,122,34,0.032968,0.0787
mzi,121,34,-1.854608,-4.4276
mzi,120,34,-2.112788,-5.0439
mzi,119,34,-0.97209,-2.3207
mzi,118,34,-1.330709,-3.1768
mzi,117,34,-1.793119,-4.2808
mzi,116,34,-1.485794,-3.5471
mzi,115,34,-1.53571,-3.6662
mzi,114,34,-1.316932,-3.1439
mzi,113,34,-1.42629,-3.405
mzi,112,34,-1.648437,-3.9354
mzi,111,34,-1.124566,-2.6847
mzi,110,34,-1.669092,-3.9847
mzi,109,34,-1.852647,-4.4229
mzi,108,34,-1.860726,-4.4422
mzi,107,34,-1.90076,-4.5377
mzi,106,34,-1.909765,-4.5592
mzi,105,34,-1.893615,-4.5207
mzi,104,34,-1.889988,-4.512
mzi,103,34,-1.868064,-4.4597
mzi,102,34,-1.782964,-4.2565
mzi,101,34,-1.518381,-3.6249
mzi,100,34,-1.292547,-3.0857
mzi,99,34,-1.585096,-3.7841
mzi,98,34,-1.760698,-4.2034
mzi,97,34,-1.666192,-3.9777
mzi,96,34,-1.276167,-3.0466
mzi,95,34,-1.369919,-3.2704
mzi,94,34,-1.739132,-4.1519
mzi,93,34,-1.858347,-4.4365
mzi,92,34,-1.88846,-4.5084
mzi,91,34,-1.894861,-4.5236
mzi,90,34,-1.895788,-4.5259
mzi,89,34,-1.895823,-4.5259
mzi,88,34,-1.895815,-4.5259
mzi,87,34,-1.895748,-4.5258
mzi,86,34,-1.895729,-4.5257
mzi,85,34,-1.895732,-4.5257
mzi,84,34,-1.895733,-4.5257
mzi,83,34,-1.895731,-4.5257
mzi,82,34,-1.89573,-4.5257
mzi,81,34,-1.895724,-4.5257
mzi,80,34,-1.895716,-4.5257
mzi,79,34,-1.895706,-4.5257
mzi,78,34,-1.895696,-4.5256
mzi,77,34,-1.895683,-4.5256
mzi,76,34,-1.89567,-4.5256
mzi,75,34,-1.895656,-4.5255
mzi,74,34,-1.89564,-4.5255
mzi,73,34,-1.895624,-4.5255
mzi,72,34,-1.895606,-4.5254
mzi,71,34,-1.895586,-4.5254
mzi,70,34,-1.895565,-4.5253
mzi,69,34,-1.895542,-4.5253
mzi,68,34,-1.895518,-4.5252
mzi,67,34,-1.89549,-4.5252
mzi,66,34,-1.895461,-4.5251
mzi,65,34,-1.895428,-4.525
mzi,64,34,-1.895393,-4.5249
mzi,63,34,-1.895353,-4.5248
mzi,62,34,-1.89531,-4.5247
mzi,61,34,-1.895262,-4.5246
mzi,60,34,-1.895208,-4.5245
mzi,59,34,-1.895148,-4.5243
mzi,58,34,-1.89508,-4.5242
mzi,57,34,-1.895004,-4.524
mzi,56,34,-1.894918,-4.5238
mzi,55,34,-1.894819,-4.5235
mzi,54,34,-1.894706,-4.5233
mzi,53,34,-1.894575,-4.523
mzi,52,34,-1.894423,-4.5226
mzi,51,34,-1.894245,-4.5222
mzi,50,34,-1.894033,-4.5217
mzi,49,34,-1.89378,-4.5211
mzi,48,34,-1.893474,-4.5203
mzi,47,34,-1.893098,-4.5194
mzi,46,34,-1.892629,-4.5183
mzi,45,34,-1.892033,-4.5169
mzi,44,34,-1.89126,-4.515
mzi,43,34,-1.89023,-4.5126
mzi,42,34,-1.888814,-4.5092
mzi,41,34,-1.886794,-4.5044
mzi,40,34,-1.883785,-4.4972
mzi,39,34,-1.879069,-4.4859
mzi,38,34,-1.871246,-4.4673
mzi,37,34,-1.857449,-4.4343
mzi,36,34,-1.831483,-4.3723
mzi,35,34,-1.779406,-4.248
mzi,34,34,-1.671011,-3.9892
mzi,126,35,-2.135373,-5.0978
mzi,125,35,-1.212795,-2.8953
mzi,124,35,-1.788583,-4.2699
mzi,123,35,-0.664386,-1.5861
mzi,122,35,-1.919069,-4.5814
mzi,121,35,-0.768143,-1.8338
mzi,120,35,-1.705221,-4.0709
mzi,119,35,-1.49962,-3.5801
mzi,118,35,-0.753356,-1.7985
mzi,117,35,-1.911117,-4.5625
mzi,116,35,-1.588372,-3.792
mzi,115,35,-1.98612,-4.7415
mzi,114,35,-0.280659,-0.67
mzi,113,35,-1.696682,-4.0505
mzi,112,35,-1.814624,-4.3321
mzi,111,35,-1.385437,-3.3075
mzi,110,35,-0.943881,-2.2534
mzi,109,35,-1.753023,-4.185
mzi,108,35,-1.849384,-4.4151
mzi,107,35,-1.884218,-4.4982
mzi,106,35,-1.842514,-4.3987
mzi,105,35,-1.868306,-4.4603
mzi,104,35,-1.864033,-4.4501
mzi,103,35,-1.85368,-4.4253
mzi,102,35,-1.817521,-4.339
mzi,101,35,-1.664472,-3.9736
mzi,100,35,-1.28543,-3.0687
mzi,99,35,-1.350645,-3.2244
mzi,98,35,-1.691785,-4.0388
mzi,97,35,-1.748729,-4.1748
mzi,96,35,-1.522237,-3.6341
mzi,95,35,-1.147752,-2.7401
mzi,94,35,-1.497767,-3.5757
mzi,93,35,-1.771796,-4.2299
mzi,92,35,-1.841465,-4.3962
mzi,91,35,-1.857211,-4.4338
mzi,90,35,-1.859919,-4.4402
mzi,89,35,-1.859984,-4.4404
mzi,88,35,-1.859561,-4.4394
mzi,87,35,-1.859248,-4.4386
mzi,86,35,-1.859094,-4.4383
mzi,85,35,-1.859008,-4.4381
mzi,84,35,-1.858959,-4.4379
mzi,83,35,-1.858938,-4.4379
mzi,82,35,-1.858922,-4.4378
mzi,81,35,-1.85891,-4.4378
mzi,80,35,-1.8589,-4.4378
mzi,79,35,-1.858889,-4.4378
mzi,78,35,-1.858877,-4.4377
mzi,77,35,-1.858865,-4.4377
mzi,76,35,-1.858851,-4.4377
mzi,75,35,-1.858836,-4.4376
mzi,74,35,-1.85882,-4.4376
mzi,73,35,-1.858803,-4.4376
mzi,72,35,-1.858784,-4.4375
mzi,71,35,-1.858764,-4.4375
mzi,70,35,-1.858741,-4.4374
mzi,69,35,-1.858717,-4.4374
mzi,68,35,-1.858691,-4.4373
mzi,67,35,-1.858663,-4.4372
mzi,66,35,-1.858631,-4.4372
mzi,65,35,-1.858597,-4.4371
mzi,64,35,-1.858559,-4.437
mzi,63,35,-1.858517,-4.4369
mzi,62,35,-1.85847,-4.4368
mzi,61,35,-1.858418,-4.4366
mzi,60,35,-1.85836,-4.4365
mzi,59,35,-1.858294,-4.4364
mzi,58,35,-1.858221,-4.4362
mzi,57,35,-1.858137,-4.436
mzi,56,35,-1.858042,-4.4357
mzi,55,35,-1.857932,-4.4355
mzi,54,35,-1.857806,-4.4352
mzi,53,35,-1.857659,-4.4348
mzi,52,35,-1.857486,-4.4344
mzi,51,35,-1.857282,-4.4339
mzi,50,35,-1.857037,-4.4333
mzi,49,35,-1.856741,-4.4326
mzi,48,35,-1.856378,-4.4318
mzi,47,35,-1.855925,-4.4307
mzi,46,35,-1.85535,-4.4293
mzi,45,35,-1.854604,-4.4275
mzi,44,35,-1.853611,-4.4252
mzi,43,35,-1.852247,-4.4219
mzi,42,35,-1.850303,-4.4173
mzi,41,35,-1.847403,-4.4103
mzi,40,35,-1.842848,-4.3995
mzi,39,35,-1.835257,-4.3814
mzi,38,35,-1.821764,-4.3491
mzi,37,35,-1.796077,-4.2878
mzi,36,35,-1.743718,-4.1628
mzi,35,35,-1.632316,-3.8969
mzi,126,36,-2.730781,-6.5193
mzi,125,36,-0.716063,-1.7095
mzi,124,36,-1.487094,-3.5502
mzi,123,36,-1.06544,-2.5436
mzi,122,36,-1.820026,-4.345
mzi,121,36,-0.756048,-1.8049
mzi,120,36,-1.359426,-3.2454
mzi,119,36,-1.450093,-3.4618
mzi,118,36,-1.418649,-3.3868
mzi,117,36,-1.250086,-2.9844
mzi,116,36,-1.432245,-3.4192
mzi,115,36,-1.558708,-3.7211
mzi,114,36,-1.526184,-3.6435
mzi,113,36,-0.811954,-1.9384
mzi,112,36,-1.755003,-4.1898
mzi,111,36,-1.766028,-4.2161
mzi,110,36,-0.937418,-2.2379
mzi,109,36,-1.101404,-2.6294
mzi,108,36,-1.772926,-4.2325
mzi,107,36,-1.825919,-4.3591
mzi,106,36,-1.844463,-4.4033
mzi,105,36,-1.822104,-4.35
mzi,104,36,-1.824661,-4.3561
mzi,103,36,-1.830038,-4.3689
mzi,102,36,-1.818264,-4.3408
mzi,101,36,-1.750588,-4.1792
mzi,100,36,-1.445377,-3.4506
mzi,99,36,-1.09579,-2.616
mzi,98,36,-1.529074,-3.6504
mzi,97,36,-1.724058,-4.1159
mzi,96,36,-1.652313,-3.9446
mzi,95,36,-1.334364,-3.1856
mzi,94,36,-1.262071,-3.013
mzi,93,36,-1.607127,-3.8367
mzi,92,36,-1.764293,-4.2119
mzi,91,36,-1.807722,-4.3156
mzi,90,36,-1.819242,-4.3431
mzi,89,36,-1.822097,-4.3499
mzi,88,36,-1.82253,-4.351
mzi,87,36,-1.822495,-4.3509
mzi,86,36,-1.822366,-4.3506
mzi,85,36,-1.822249,-4.3503
mzi,84,36,-1.822186,-4.3501
mzi,83,36,-1.822144,-4.35
mzi,82,36,-1.822117,-4.35
mzi,81,36,-1.8221,-4.3499
mzi,80,36,-1.822085,-4.3499
mzi,79,36,-1.822073,-4.3499
mzi,78,36,-1.82206,-4.3498
mzi,77,36,-1.822046,-4.3498
mzi,76,36,-1.822032,-4.3498
mzi,75,36,-1.822016,-4.3497
mzi,74,36,-1.821999,-4.3497
mzi,73,36,-1.821981,-4.3497
mzi,72,36,-1.821961,-4.3496
mzi,71,36,-1.82194,-4.3496
mzi,70,36,-1.821917,-4.3495
mzi,69,36,-1.821891,-4.3494
mzi,68,36,-1.821863,-4.3494
mzi,67,36,-1.821833,-4.3493
mzi,66,36,-1.8218,-4.3492
mzi,65,36,-1.821763,-4.3491
mzi,64,36,-1.821722,-4.349
mzi,63,36,-1.821677,-4.3489
mzi,62,36,-1.821626,-4.3488
mzi,61,36,-1.82157,-4.3487
mzi,60,36,-1.821507,-4.3485
mzi,59,36,-1.821436,-4.3484
mzi,58,36,-1.821355,-4.3482
mzi,57,36,-1.821262,-4.3479
mzi,56,36,-1.821156,-4.3477
mzi,55,36,-1.821034,-4.3474
mzi,54,36,-1.820892,-4.3471
mzi,53,36,-1.820724,-4.3467
mzi,52,36,-1.820527,-4.3462
mzi,51,36,-1.82029,-4.3456
mzi,50,36,-1.820004,-4.3449
mzi,49,36,-1.819652,-4.3441
mzi,48,36,-1.819214,-4.3431
mzi,47,36,-1.818659,-4.3417
mzi,46,36,-1.817939,-4.34
mzi,45,36,-1.816981,-4.3377
mzi,44,36,-1.815667,-4.3346
mzi,43,36,-1.813793,-4.3301
mzi,42,36,-1.810997,-4.3234
mzi,41,36,-1.806597,-4.3129
mzi,40,36,-1.799234,-4.2954
mzi,39,36,-1.786049,-4.2639
mzi,38,36,-1.760667,-4.2033
mzi,37,36,-1.708105,-4.0778
mzi,36,36,-1.593807,-3.8049
mzi,126,37,-1.783978,-4.2589
mzi,125,37,-1.796755,-4.2894
mzi,124,37,-0.287166,-0.6856
mzi,123,37,-1.499555,-3.5799
mzi,122,37,-0.894701,-2.1359
mzi,121,37,-1.857182,-4.4337
mzi,120,37,-0.622692,-1.4866
mzi,119,37,-1.440677,-3.4394
mzi,118,37,-1.611086,-3.8462
mzi,117,37,-1.24768,-2.9786
mzi,116,37,-0.778799,-1.8592
mzi,115,37,-1.694622,-4.0456
mzi,114,37,-1.502796,-3.5877
mzi,113,37,-1.267313,-3.0255
mzi,112,37,-1.38593,-3.3087
mzi,111,37,-1.508129,-3.6004
mzi,110,37,-1.44585,-3.4517
mzi,109,37,-0.94187,-2.2485
mzi,108,37,-1.564143,-3.7341
mzi,107,37,-1.555022,-3.7123
mzi,106,37,-1.736959,-4.1467
mzi,105,37,-1.791688,-4.2773
mzi,104,37,-1.794218,-4.2834
mzi,103,37,-1.787921,-4.2683
mzi,102,37,-1.788782,-4.2704
mzi,101,37,-1.760986,-4.204
mzi,100,37,-1.60715,-3.8368
mzi,99,37,-1.154656,-2.7565
mzi,98,37,-1.260779,-3.0099
mzi,97,37,-1.623306,-3.8754
mzi,96,37,-1.650737,-3.9408
mzi,95,37,-1.45368,-3.4704
mzi,94,37,-1.241761,-2.9645
mzi,93,37,-1.457447,-3.4794
mzi,92,37,-1.671137,-3.9895
mzi,91,37,-1.748833,-4.175
mzi,90,37,-1.774112,-4.2354
mzi,89,37,-1.781856,-4.2539
mzi,88,37,-1.784384,-4.2599
mzi,87,37,-1.785158,-4.2618
mzi,86,37,-1.785343,-4.2622
mzi,85,37,-1.78537,-4.2623
mzi,84,37,-1.785356,-4.2622
mzi,83,37,-1.785325,-4.2622
mzi,82,37,-1.785305,-4.2621
mzi,81,37,-1.785285,-4.2621
mzi,80,37,-1.78527,-4.262
mzi,79,37,-1.785255,-4.262
mzi,78,37,-1.785241,-4.2619
mzi,77,37,-1.785227,-4.2619
mzi,76,37,-1.785211,-4.2619
mzi,75,37,-1.785195,-4.2618
mzi,74,37,-1.785177,-4.2618
mzi,73,37,-1.785158,-4.2618
mzi,72,37,-1.785137,-4.2617
mzi,71,37,-1.785115,-4.2616
mzi,70,37,-1.78509,-4.2616
mzi,69,37,-1.785063,-4.2615
mzi,68,37,-1.785034,-4.2615
mzi,67,37,-1.785002,-4.2614
mzi,66,37,-1.784966,-4.2613
mzi,65,37,-1.784926,-4.2612
mzi,64,37,-1.784883,-4.2611
mzi,63,37,-1.784834,-4.261
mzi,62,37,-1.784779,-4.2608
mzi,61,37,-1.784718,-4.2607
mzi,60,37,-1.784649,-4.2605
mzi,59,37,-1.78457,-4.2603
mzi,58,37,-1.784481,-4.2601
mzi,57,37,-1.784378,-4.2599
mzi,56,37,-1.78426,-4.2596
mzi,55,37,-1.784122,-4.2593
mzi,54,37,-1.78396,-4.2589
mzi,53,37,-1.783768,-4.2584
mzi,52,37,-1.783539,-4.2579
mzi,51,37,-1.783262,-4.2572
mzi,50,37,-1.782922,-4.2564
mzi,49,37,-1.782499,-4.2554
mzi,48,37,-1.781962,-4.2541
mzi,47,37,-1.781266,-4.2525
mzi,46,37,-1.780341,-4.2503
mzi,45,37,-1.779073,-4.2472
mzi,44,37,-1.777265,-4.2429
mzi,43,37,-1.774568,-4.2365
mzi,42,37,-1.770317,-4.2263
mzi,41,37,-1.763176,-4.2093
mzi,40,37,-1.750302,-4.1785
mzi,39,37,-1.725249,-4.1187
mzi,38,37,-1.672559,-3.9929
mzi,37,37,-1.555481,-3.7134
mzi,126,38,2.577782,6.154
mzi,125,38,-2.009397,-4.7971
mzi,124,38,-0.603723,-1.4413
mzi,123,38,-1.88303,-4.4954
mzi,122,38,-0.335787,-0.8016
mzi,121,38,-1.639072,-3.913
mzi,120,38,-1.167591,-2.7874
mzi,119,38,-0.58404,-1.3943
mzi,118,38,-1.816638,-4.3369
mzi,117,38,-1.587634,-3.7902
mzi,116,38,-0.695204,-1.6597
mzi,115,38,-1.288308,-3.0756
mzi,114,38,-1.606348,-3.8349
mzi,113,38,-1.057372,-2.5243
mzi,112,38,-1.264142,-3.0179
mzi,111,38,-1.342682,-3.2054
mzi,110,38,-1.615317,-3.8563
mzi,109,38,-1.306101,-3.1181
mzi,108,38,-1.106272,-2.641
mzi,107,38,-1.427798,-3.4086
mzi,106,38,-1.681708,-4.0148
mzi,105,38,-1.698897,-4.0558
mzi,104,38,-1.716056,-4.0968
mzi,103,38,-1.743285,-4.1618
mzi,102,38,-1.734427,-4.1406
mzi,101,38,-1.716207,-4.0971
mzi,100,38,-1.627496,-3.8854
mzi,99,38,-1.368992,-3.2682
mzi,98,38,-1.210536,-2.8899
mzi,97,38,-1.479738,-3.5326
mzi,96,38,-1.592792,-3.8025
mzi,95,38,-1.464777,-3.4969
mzi,94,38,-1.207845,-2.8835
mzi,93,38,-1.34686,-3.2154
mzi,92,38,-1.599947,-3.8196
mzi,91,38,-1.701305,-4.0616
mzi,90,38,-1.732574,-4.1362
mzi,89,38,-1.742838,-4.1607
mzi,88,38,-1.746458,-4.1694
mzi,87,38,-1.747762,-4.1725
mzi,86,38,-1.748237,-4.1736
mzi,85,38,-1.748435,-4.1741
mzi,84,38,-1.748476,-4.1742
mzi,83,38,-1.748487,-4.1742
mzi,82,38,-1.748477,-4.1742
mzi,81,38,-1.748465,-4.1742
mzi,80,38,-1.748451,-4.1741
mzi,79,38,-1.748436,-4.1741
mzi,78,38,-1.748422,-4.174
mzi,77,38,-1.748406,-4.174
mzi,76,38,-1.74839,-4.174
mzi,75,38,-1.748373,-4.1739
mzi,74,38,-1.748355,-4.1739
mzi,73,38,-1.748334,-4.1738
mzi,72,38,-1.748313,-4.1738
mzi,71,38,-1.748289,-4.1737
mzi,70,38,-1.748263,-4.1737
mzi,69,38,-1.748234,-4.1736
mzi,68,38,-1.748203,-4.1735
mzi,67,38,-1.748168,-4.1734
mzi,66,38,-1.74813,-4.1734
mzi,65,38,-1.748087,-4.1733
mzi,64,38,-1.74804,-4.1731
mzi,63,38,-1.747987,-4.173
mzi,62,38,-1.747928,-4.1729
mzi,61,38,-1.747861,-4.1727
mzi,60,38,-1.747785,-4.1725
mzi,59,38,-1.747698,-4.1723
mzi,58,38,-1.747598,-4.1721
mzi,57,38,-1.747484,-4.1718
mzi,56,38,-1.74735,-4.1715
mzi,55,38,-1.747193,-4.1711
mzi,54,38,-1.747007,-4.1707
mzi,53,38,-1.746785,-4.1701
mzi,52,38,-1.746517,-4.1695
mzi,51,38,-1.746188,-4.1687
mzi,50,38,-1.745778,-4.1677
mzi,49,38,-1.745258,-4.1665
mzi,48,38,-1.744585,-4.1649
mzi,47,38,-1.743692,-4.1628
mzi,46,38,-1.742466,-4.1598
mzi,45,38,-1.740722,-4.1557
mzi,44,38,-1.738118,-4.1495
mzi,43,38,-1.73401,-4.1396
mzi,42,38,-1.727087,-4.1231
mzi,41,38,-1.714523,-4.0931
mzi,40,38,-1.68982,-4.0341
mzi,39,38,-1.637073,-3.9082
mzi,38,38,-1.517332,-3.6224
mzi,126,39,-2.315425,-5.5277
mzi,125,39,-0.798969,-1.9074
mzi,124,39,-0.381768,-0.9114
mzi,123,39,-2.132431,-5.0908
mzi,122,39,-1.110864,-2.652
mzi,121,39,-1.013546,-2.4197
mzi,120,39,-1.41408,-3.3759
mzi,119,39,-0.631504,-1.5076
mzi,118,39,-1.315878,-3.1414
mzi,117,39,-1.657295,-3.9565
mzi,116,39,-1.053727,-2.5156
mzi,115,39,-1.03999,-2.4828
mzi,114,39,-1.284103,-3.0656
mzi,113,39,-1.459245,-3.4837
mzi,112,39,-1.132336,-2.7033
mzi,111,39,-0.952986,-2.2751
mzi,110,39,-1.462496,-3.4915
mzi,109,39,-1.790821,-4.2753
mzi,108,39,-1.002547,-2.3934
mzi,107,39,-0.986053,-2.354
mzi,106,39,-1.490364,-3.558
mzi,105,39,-1.673525,-3.9952
mzi,104,39,-1.715788,-4.0961
mzi,103,39,-1.696067,-4.0491
mzi,102,39,-1.689503,-4.0334
mzi,101,39,-1.64648,-3.9307
mzi,100,39,-1.578318,-3.768
mzi,99,39,-1.418686,-3.3869
mzi,98,39,-1.317604,-3.1455
mzi,97,39,-1.449004,-3.4592
mzi,96,39,-1.558345,-3.7203
mzi,95,39,-1.481741,-3.5374
mzi,94,39,-1.148775,-2.7425
mzi,93,39,-1.17999,-2.817
mzi,92,39,-1.532272,-3.658
mzi,91,39,-1.663582,-3.9715
mzi,90,39,-1.698353,-4.0545
mzi,89,39,-1.707779,-4.077
mzi,88,39,-1.710379,-4.0832
mzi,87,39,-1.711154,-4.0851
mzi,86,39,-1.711507,-4.0859
mzi,85,39,-1.7116,-4.0861
mzi,84,39,-1.711647,-4.0863
mzi,83,39,-1.711656,-4.0863
mzi,82,39,-1.711654,-4.0863
mzi,81,39,-1.711644,-4.0862
mzi,80,39,-1.711631,-4.0862
mzi,79,39,-1.711616,-4.0862
mzi,78,39,-1.711602,-4.0861
mzi,77,39,-1.711586,-4.0861
mzi,76,39,-1.711569,-4.0861
mzi,75,39,-1.711551,-4.086
mzi,74,39,-1.711531,-4.086
mzi,73,39,-1.71151,-4.0859
mzi,72,39,-1.711487,-4.0859
mzi,71,39,-1.711461,-4.0858
mzi,70,39,-1.711434,-4.0857
mzi,69,39,-1.711403,-4.0857
mzi,68,39,-1.711369,-4.0856
mzi,67,39,-1.711332,-4.0855
mzi,66,39,-1.711291,-4.0854
mzi,65,39,-1.711245,-4.0853
mzi,64,39,-1.711194,-4.0852
mzi,63,39,-1.711136,-4.085
mzi,62,39,-1.711071,-4.0849
mzi,61,39,-1.710998,-4.0847
mzi,60,39,-1.710913,-4.0845
mzi,59,39,-1.710817,-4.0843
mzi,58,39,-1.710706,-4.084
mzi,57,39,-1.710576,-4.0837
mzi,56,39,-1.710424,-4.0833
mzi,55,39,-1.710244,-4.0829
mzi,54,39,-1.710029,-4.0824
mzi,53,39,-1.709768,-4.0818
mzi,52,39,-1.709449,-4.081
mzi,51,39,-1.709052,-4.0801
mzi,50,39,-1.708549,-4.0789
mzi,49,39,-1.707898,-4.0773
mzi,48,39,-1.707033,-4.0752
mzi,47,39,-1.705849,-4.0724
mzi,46,39,-1.704164,-4.0684
mzi,45,39,-1.70165,-4.0624
mzi,44,39,-1.697678,-4.0529
mzi,43,39,-1.690966,-4.0369
mzi,42,39,-1.678712,-4.0076
mzi,41,39,-1.654378,-3.9495
mzi,40,39,-1.60164,-3.8236
mzi,39,39,-1.479355,-3.5317
mzi,126,40,0.004758,0.0114
mzi,125,40,-2.645692,-6.3161
mzi,124,40,-0.80152,-1.9135
mzi,123,40,-1.01768,-2.4295
mzi,122,40,-1.337225,-3.1924
mzi,121,40,-1.308777,-3.1245
mzi,120,40,-0.88904,-2.1224
mzi,119,40,-1.499391,-3.5795
mzi,118,40,-0.84619,-2.0201
mzi,117,40,-1.393347,-3.3264
mzi,116,40,-1.005367,-2.4001
mzi,115,40,-1.745835,-4.1679
mzi,114,40,-0.183561,-0.4382
mzi,113,40,-1.757211,-4.195
mzi,112,40,-1.324971,-3.1631
mzi,111,40,-1.097204,-2.6194
mzi,110,40,-1.036699,-2.4749
mzi,109,40,-1.663189,-3.9706
mzi,108,40,-1.413017,-3.3733
mzi,107,40,-0.77499,-1.8502
mzi,106,40,-1.179261,-2.8153
mzi,105,40,-1.539401,-3.675
mzi,104,40,-1.677689,-4.0052
mzi,103,40,-1.676853,-4.0032
mzi,102,40,-1.640773,-3.9171
mzi,101,40,-1.609647,-3.8427
mzi,100,40,-1.496325,-3.5722
mzi,99,40,-1.351886,-3.2274
mzi,98,40,-1.347103,-3.216
mzi,97,40,-1.47536,-3.5222
mzi,96,40,-1.562851,-3.731
mzi,95,40,-1.526331,-3.6438
mzi,94,40,-1.22775,-2.931
mzi,93,40,-0.998127,-2.3829
mzi,92,40,-1.411517,-3.3697
mzi,91,40,-1.612181,-3.8488
mzi,90,40,-1.661465,-3.9665
mzi,89,40,-1.672294,-3.9923
mzi,88,40,-1.674458,-3.9975
mzi,87,40,-1.674943,-3.9986
mzi,86,40,-1.674933,-3.9986
mzi,85,40,-1.674906,-3.9985
mzi,84,40,-1.674884,-3.9985
mzi,83,40,-1.674863,-3.9984
mzi,82,40,-1.674846,-3.9984
mzi,81,40,-1.674829,-3.9984
mzi,80,40,-1.674813,-3.9983
mzi,79,40,-1.674797,-3.9983
mzi,78,40,-1.674781,-3.9982
mzi,77,40,-1.674764,-3.9982
mzi,76,40,-1.674746,-3.9982
mzi,75,40,-1.674727,-3.9981
mzi,74,40,-1.674706,-3.9981
mzi,73,40,-1.674684,-3.998
mzi,72,40,-1.674659,-3.998
mzi,71,40,-1.674632,-3.9979
mzi,70,40,-1.674603,-3.9978
mzi,69,40,-1.67457,-3.9977
mzi,68,40,-1.674534,-3.9977
mzi,67,40,-1.674494,-3.9976
mzi,66,40,-1.674449,-3.9975
mzi,65,40,-1.6744,-3.9973
mzi,64,40,-1.674344,-3.9972
mzi,63,40,-1.674281,-3.9971
mzi,62,40,-1.674209,-3.9969
mzi,61,40,-1.674127,-3.9967
mzi,60,40,-1.674034,-3.9965
mzi,59,40,-1.673926,-3.9962
mzi,58,40,-1.6738,-3.9959
mzi,57,40,-1.673652,-3.9956
mzi,56,40,-1.673478,-3.9951
mzi,55,40,-1.673269,-3.9946
mzi,54,40,-1.673017,-3.994
mzi,53,40,-1.672707,-3.9933
mzi,52,40,-1.672322,-3.9924
mzi,51,40,-1.671835,-3.9912
mzi,50,40,-1.671204,-3.9897
mzi,49,40,-1.670367,-3.9877
mzi,48,40,-1.669222,-3.985
mzi,47,40,-1.667592,-3.9811
mzi,46,40,-1.665163,-3.9753
mzi,45,40,-1.661323,-3.9661
mzi,44,40,-1.654816,-3.9506
mzi,43,40,-1.64287,-3.9221
mzi,42,40,-1.61892,-3.8649
mzi,41,40,-1.566254,-3.7392
mzi,40,40,-1.441546,-3.4414
mzi,126,41,0.194136,0.4635
mzi,125,41,-1.584668,-3.7831
mzi,124,41,-1.57192,-3.7527
mzi,123,41,0.441269,1.0535
mzi,122,41,-1.718275,-4.1021
mzi,121,41,-1.588309,-3.7918
mzi,120,41,-0.683417,-1.6315
mzi,119,41,-1.612368,-3.8492
mzi,118,41,-1.301541,-3.1072
mzi,117,41,-1.016152,-2.4259
mzi,116,41,-0.895616,-2.1381
mzi,115,41,-1.618907,-3.8649
mzi,114,41,-0.799785,-1.9093
mzi,113,41,-0.980423,-2.3406
mzi,112,41,-1.466519,-3.5011
mzi,111,41,-1.202011,-2.8696
mzi,110,41,-0.905567,-2.1619
mzi,109,41,-1.200631,-2.8663
mzi,108,41,-1.559452,-3.7229
mzi,107,41,-1.252823,-2.9909
mzi,106,41,-0.540588,-1.2906
mzi,105,41,-1.541124,-3.6792
mzi,104,41,-1.600214,-3.8202
mzi,103,41,-1.655522,-3.9523
mzi,102,41,-1.633551,-3.8998
mzi,101,41,-1.587627,-3.7902
mzi,100,41,-1.423817,-3.3991
mzi,99,41,-1.176951,-2.8098
mzi,98,41,-1.284533,-3.0666
mzi,97,41,-1.50636,-3.5962
mzi,96,41,-1.573356,-3.7561
mzi,95,41,-1.53662,-3.6684
mzi,94,41,-1.320375,-3.1522
mzi,93,41,-1.003346,-2.3953
mzi,92,41,-1.274455,-3.0425
mzi,91,41,-1.534746,-3.6639
mzi,90,41,-1.610983,-3.8459
mzi,89,41,-1.630889,-3.8935
mzi,88,41,-1.636253,-3.9063
mzi,87,41,-1.637622,-3.9095
mzi,86,41,-1.637955,-3.9103
mzi,85,41,-1.638054,-3.9106
mzi,84,41,-1.638057,-3.9106
mzi,83,41,-1.638048,-3.9106
mzi,82,41,-1.638031,-3.9105
mzi,81,41,-1.638013,-3.9105
mzi,80,41,-1.637996,-3.9104
mzi,79,41,-1.637978,-3.9104
mzi,78,41,-1.63796,-3.9103
mzi,77,41,-1.637942,-3.9103
mzi,76,41,-1.637923,-3.9103
mzi,75,41,-1.637903,-3.9102
mzi,74,41,-1.63788,-3.9102
mzi,73,41,-1.637857,-3.9101
mzi,72,41,-1.63783,-3.91
mzi,71,41,-1.637802,-3.91
mzi,70,41,-1.63777,-3.9099
mzi,69,41,-1.637735,-3.9098
mzi,68,41,-1.637696,-3.9097
mzi,67,41,-1.637653,-3.9096
mzi,66,41,-1.637604,-3.9095
mzi,65,41,-1.63755,-3.9094
mzi,64,41,-1.637489,-3.9092
mzi,63,41,-1.637419,-3.9091
mzi,62,41,-1.63734,-3.9089
mzi,61,41,-1.637249,-3.9086
mzi,60,41,-1.637144,-3.9084
mzi,59,41,-1.637022,-3.9081
mzi,58,41,-1.636879,-3.9078
mzi,57,41,-1.636709,-3.9074
mzi,56,41,-1.636507,-3.9069
mzi,55,41,-1.636262,-3.9063
mzi,54,41,-1.635962,-3.9056
mzi,53,41,-1.635588,-3.9047
mzi,52,41,-1.635115,-3.9036
mzi,51,41,-1.634504,-3.9021
mzi,50,41,-1.633693,-3.9002
mzi,49,41,-1.632585,-3.8975
mzi,48,41,-1.631009,-3.8937
mzi,47,41,-1.62866,-3.8881
mzi,46,41,-1.624945,-3.8793
mzi,45,41,-1.618637,-3.8642
mzi,44,41,-1.606997,-3.8364
mzi,43,41,-1.583444,-3.7802
mzi,42,41,-1.530911,-3.6548
mzi,41,41,-1.4039,-3.3516
mzi,126,42,-0.47749,-1.1399
mzi,125,42,-1.351276,-3.2259
mzi,124,42,-0.919241,-2.1945
mzi,123,42,-0.681627,-1.6273
mzi,122,42,-1.042115,-2.4879
mzi,121,42,-0.604512,-1.4432
mzi,120,42,-1.2565,-2.9997
mzi,119,42,-1.226259,-2.9275
mzi,118,42,-1.433632,-3.4225
mzi,117,42,-1.153148,-2.7529
mzi,116,42,-0.971189,-2.3185
mzi,115,42,-1.298397,-3.0997
mzi,114,42,-1.157859,-2.7642
mzi,113,42,-0.897143,-2.1418
mzi,112,42,-1.245278,-2.9729
mzi,111,42,-1.28617,-3.0705
mzi,110,42,-1.119851,-2.6734
mzi,109,42,-0.637913,-1.5229
mzi,108,42,-1.529496,-3.6514
mzi,107,42,-1.565165,-3.7366
mzi,106,42,-0.635091,-1.5162
mzi,105,42,-0.963422,-2.3
mzi,104,42,-1.587768,-3.7905
mzi,103,42,-1.559236,-3.7224
mzi,102,42,-1.64583,-3.9291
mzi,101,42,-1.618698,-3.8644
mzi,100,42,-1.461825,-3.4898
mzi,99,42,-0.894296,-2.135
mzi,98,42,-1.128266,-2.6935
mzi,97,42,-1.544975,-3.6884
mzi,96,42,-1.588787,-3.7929
mzi,95,42,-1.528377,-3.6487
mzi,94,42,-1.330107,-3.1754
mzi,93,42,-1.046461,-2.4982
mzi,92,42,-1.220206,-2.913
mzi,91,42,-1.472112,-3.5144
mzi,90,42,-1.561314,-3.7274
mzi,89,42,-1.58787,-3.7908
mzi,88,42,-1.596418,-3.8112
mzi,87,42,-1.599269,-3.818
mzi,86,42,-1.600448,-3.8208
mzi,85,42,-1.600889,-3.8218
mzi,84,42,-1.601086,-3.8223
mzi,83,42,-1.60116,-3.8225
mzi,82,42,-1.601181,-3.8225
mzi,81,42,-1.601181,-3.8225
mzi,80,42,-1.60117,-3.8225
mzi,79,42,-1.601155,-3.8225
mzi,78,42,-1.601138,-3.8224
mzi,77,42,-1.601119,-3.8224
mzi,76,42,-1.601099,-3.8223
mzi,75,42,-1.601077,-3.8223
mzi,74,42,-1.601054,-3.8222
mzi,73,42,-1.601028,-3.8222
mzi,72,42,-1.601,-3.8221
mzi,71,42,-1.600969,-3.822
mzi,70,42,-1.600935,-3.822
mzi,69,42,-1.600897,-3.8219
mzi,68,42,-1.600855,-3.8218
mzi,67,42,-1.600808,-3.8216
mzi,66,42,-1.600756,-3.8215
mzi,65,42,-1.600696,-3.8214
mzi,64,42,-1.600629,-3.8212
mzi,63,42,-1.600552,-3.821
mzi,62,42,-1.600463,-3.8208
mzi,61,42,-1.600361,-3.8206
mzi,60,42,-1.600243,-3.8203
mzi,59,42,-1.600104,-3.82
mzi,58,42,-1.599939,-3.8196
mzi,57,42,-1.599742,-3.8191
mzi,56,42,-1.599504,-3.8185
mzi,55,42,-1.599213,-3.8178
mzi,54,42,-1.598851,-3.817
mzi,53,42,-1.598392,-3.8159
mzi,52,42,-1.597799,-3.8145
mzi,51,42,-1.597013,-3.8126
mzi,50,42,-1.595939,-3.81
mzi,49,42,-1.594414,-3.8064
mzi,48,42,-1.592141,-3.801
mzi,47,42,-1.588547,-3.7924
mzi,46,42,-1.582431,-3.7778
mzi,45,42,-1.571094,-3.7507
mzi,44,42,-1.54795,-3.6955
mzi,43,42,-1.495605,-3.5705
mzi,42,42,-1.366412,-3.2621
mzi,126,43,-0.3109,-0.7422
mzi,125,43,-2.571933,-6.14
mzi,124,43,-0.500878,-1.1958
mzi,123,43,-1.240925,-2.9625
mzi,122,43,-1.692668,-4.0409
mzi,121,43,0.785932,1.8763
mzi,120,43,-1.879141,-4.4861
mzi,119,43,-1.00188,-2.3918
mzi,118,43,-0.606331,-1.4475
mzi,117,43,-1.69117,-4.0374
mzi,116,43,-0.422512,-1.0087
mzi,115,43,-1.248449,-2.9805
mzi,114,43,-1.423568,-3.3985
mzi,113,43,-1.185472,-2.8301
mzi,112,43,-0.896676,-2.1407
mzi,111,43,-1.389081,-3.3162
mzi,110,43,-1.228014,-2.9317
mzi,109,43,-0.300814,-0.7181
mzi,108,43,-1.353269,-3.2307
mzi,107,43,-1.388938,-3.3158
mzi,106,43,-1.255852,-2.9981
mzi,105,43,-0.7679,-1.8332
mzi,104,43,-1.156685,-2.7614
mzi,103,43,-1.589599,-3.7949
mzi,102,43,-1.583728,-3.7809
mzi,101,43,-1.608485,-3.84
mzi,100,43,-1.583293,-3.7798
mzi,99,43,-0.906304,-2.1636
mzi,98,43,-0.757517,-1.8084
mzi,97,43,-1.538155,-3.6721
mzi,96,43,-1.596323,-3.8109
mzi,95,43,-1.516477,-3.6203
mzi,94,43,-1.297653,-3.0979
mzi,93,43,-0.98943,-2.3621
mzi,92,43,-1.203014,-2.872
mzi,91,43,-1.452214,-3.4669
mzi,90,43,-1.530564,-3.654
mzi,89,43,-1.552978,-3.7075
mzi,88,43,-1.559462,-3.7229
mzi,87,43,-1.562104,-3.7292
mzi,86,43,-1.563209,-3.7319
mzi,85,43,-1.563799,-3.7333
mzi,84,43,-1.564095,-3.734
mzi,83,43,-1.56424,-3.7343
mzi,82,43,-1.564308,-3.7345
mzi,81,43,-1.564332,-3.7346
mzi,80,43,-1.564335,-3.7346
mzi,79,43,-1.564326,-3.7346
mzi,78,43,-1.564312,-3.7345
mzi,77,43,-1.564293,-3.7345
mzi,76,43,-1.564273,-3.7344
mzi,75,43,-1.56425,-3.7344
mzi,74,43,-1.564225,-3.7343
mzi,73,43,-1.564198,-3.7342
mzi,72,43,-1.564168,-3.7342
mzi,71,43,-1.564135,-3.7341
mzi,70,43,-1.564098,-3.734
mzi,69,43,-1.564057,-3.7339
mzi,68,43,-1.564012,-3.7338
mzi,67,43,-1.56396,-3.7337
mzi,66,43,-1.563902,-3.7335
mzi,65,43,-1.563837,-3.7334
mzi,64,43,-1.563762,-3.7332
mzi,63,43,-1.563676,-3.733
mzi,62,43,-1.563577,-3.7328
mzi,61,43,-1.563462,-3.7325
mzi,60,43,-1.563327,-3.7322
mzi,59,43,-1.563167,-3.7318
mzi,58,43,-1.562976,-3.7313
mzi,57,43,-1.562744,-3.7308
mzi,56,43,-1.562461,-3.7301
mzi,55,43,-1.56211,-3.7293
mzi,54,43,-1.561664,-3.7282
mzi,53,43,-1.561089,-3.7268
mzi,52,43,-1.560327,-3.725
mzi,51,43,-1.559286,-3.7225
mzi,50,43,-1.557808,-3.719
mzi,49,43,-1.555609,-3.7137
mzi,48,43,-1.552129,-3.7054
mzi,47,43,-1.5462,-3.6913
mzi,46,43,-1.535161,-3.6649
mzi,45,43,-1.512435,-3.6107
mzi,44,43,-1.460332,-3.4863
mzi,43,43,-1.329077,-3.1729
mzi,126,44,1.722976,4.1133
mzi,125,44,0.379722,0.9065
mzi,124,44,-1.765382,-4.2145
mzi,123,44,-1.324586,-3.1622
mzi,122,44,-1.738425,-4.1502
mzi,121,44,-0.495841,-1.1837
mzi,120,44,-0.65683,-1.5681
mzi,119,44,-1.992973,-4.7579
mzi,118,44,0.078853,0.1882
mzi,117,44,-1.430658,-3.4154
mzi,116,44,-0.277729,-0.663
mzi,115,44,-1.246423,-2.9756
mzi,114,44,-1.413683,-3.3749
mzi,113,44,-1.144513,-2.7323
mzi,112,44,-0.610788,-1.4581
mzi,111,44,-1.418344,-3.386
mzi,110,44,-1.33583,-3.1891
mzi,109,44,-0.857787,-2.0478
mzi,108,44,-0.883474,-2.1091
mzi,107,44,-1.211933,-2.8933
mzi,106,44,-1.126899,-2.6903
mzi,105,44,-0.977624,-2.3339
mzi,104,44,-1.025827,-2.449
mzi,103,44,-1.363666,-3.2555
mzi,102,44,-1.471678,-3.5134
mzi,101,44,-1.56474,-3.7355
mzi,100,44,-1.535221,-3.6651
mzi,99,44,-1.180416,-2.818
mzi,98,44,-0.716458,-1.7104
mzi,97,44,-1.364785,-3.2582
mzi,96,44,-1.533205,-3.6603
mzi,95,44,-1.503805,-3.5901
mzi,94,44,-1.273424,-3.0401
mzi,93,44,-0.834644,-1.9926
mzi,92,44,-1.158084,-2.7647
mzi,91,44,-1.451674,-3.4656
mzi,90,44,-1.517212,-3.6221
mzi,89,44,-1.526627,-3.6446
mzi,88,44,-1.527465,-3.6466
mzi,87,44,-1.527148,-3.6458
mzi,86,44,-1.527108,-3.6457
mzi,85,44,-1.527199,-3.6459
mzi,84,44,-1.527311,-3.6462
mzi,83,44,-1.527402,-3.6464
mzi,82,44,-1.527462,-3.6465
mzi,81,44,-1.527491,-3.6466
mzi,80,44,-1.527499,-3.6466
mzi,79,44,-1.527495,-3.6466
mzi,78,44,-1.527483,-3.6466
mzi,77,44,-1.527466,-3.6466
mzi,76,44,-1.527445,-3.6465
mzi,75,44,-1.527421,-3.6465
mzi,74,44,-1.527395,-3.6464
mzi,73,44,-1.527366,-3.6463
mzi,72,44,-1.527334,-3.6462
mzi,71,44,-1.527298,-3.6462
mzi,70,44,-1.527258,-3.6461
mzi,69,44,-1.527214,-3.646
mzi,68,44,-1.527164,-3.6458
mzi,67,44,-1.527108,-3.6457
mzi,66,44,-1.527044,-3.6455
mzi,65,44,-1.526971,-3.6454
mzi,64,44,-1.526888,-3.6452
mzi,63,44,-1.526791,-3.6449
mzi,62,44,-1.526679,-3.6447
mzi,61,44,-1.526548,-3.6444
mzi,60,44,-1.526393,-3.644
mzi,59,44,-1.526207,-3.6436
mzi,58,44,-1.525982,-3.643
mzi,57,44,-1.525707,-3.6424
mzi,56,44,-1.525365,-3.6415
mzi,55,44,-1.524933,-3.6405
mzi,54,44,-1.524374,-3.6392
mzi,53,44,-1.523635,-3.6374
mzi,52,44,-1.522625,-3.635
mzi,51,44,-1.521193,-3.6316
mzi,50,44,-1.519063,-3.6265
mzi,49,44,-1.515693,-3.6185
mzi,48,44,-1.509945,-3.6047
mzi,47,44,-1.499198,-3.5791
mzi,46,44,-1.476898,-3.5258
mzi,45,44,-1.425086,-3.4021
mzi,44,44,-1.291893,-3.0842
mzi,126,45,-1.985513,-4.7401
mzi,125,45,0.185011,0.4417
mzi,124,45,-1.610021,-3.8436
mzi,123,45,0.086715,0.207
mzi,122,45,-1.492183,-3.5623
mzi,121,45,-1.272068,-3.0368
mzi,120,45,-0.666101,-1.5902
mzi,119,45,-1.64133,-3.9184
mzi,118,45,-0.115006,-0.2746
mzi,117,45,-1.239934,-2.9601
mzi,116,45,-0.278914,-0.6659
mzi,115,45,-0.939329,-2.2425
mzi,114,45,-1.55749,-3.7182
mzi,113,45,-1.355875,-3.2369
mzi,112,45,-0.448889,-1.0716
mzi,111,45,-1.03129,-2.462
mzi,110,45,-1.450703,-3.4633
mzi,109,45,-1.126253,-2.6887
mzi,108,45,-0.584429,-1.3952
mzi,107,45,-1.210258,-2.8893
mzi,106,45,-1.29737,-3.0972
mzi,105,45,-0.912058,-2.1774
mzi,104,45,-0.722499,-1.7248
mzi,103,45,-1.20584,-2.8787
mzi,102,45,-1.424658,-3.4011
mzi,101,45,-1.461686,-3.4895
mzi,100,45,-1.441853,-3.4422
mzi,99,45,-1.241127,-2.963
mzi,98,45,-1.022625,-2.4413
mzi,97,45,-1.246758,-2.9764
mzi,96,45,-1.436081,-3.4284
mzi,95,45,-1.46765,-3.5038
mzi,94,45,-1.294194,-3.0897
mzi,93,45,-0.718629,-1.7156
mzi,92,45,-1.052971,-2.5138
mzi,91,45,-1.431041,-3.4164
mzi,90,45,-1.494569,-3.568
mzi,89,45,-1.499295,-3.5793
mzi,88,45,-1.495929,-3.5713
mzi,87,45,-1.493167,-3.5647
mzi,86,45,-1.491695,-3.5612
mzi,85,45,-1.491025,-3.5596
mzi,84,45,-1.490768,-3.5589
mzi,83,45,-1.490694,-3.5588
mzi,82,45,-1.490678,-3.5587
mzi,81,45,-1.490676,-3.5587
mzi,80,45,-1.490675,-3.5587
mzi,79,45,-1.490668,-3.5587
mzi,78,45,-1.490655,-3.5587
mzi,77,45,-1.490638,-3.5586
mzi,76,45,-1.490616,-3.5586
mzi,75,45,-1.490591,-3.5585
mzi,74,45,-1.490563,-3.5585
mzi,73,45,-1.490532,-3.5584
mzi,72,45,-1.490497,-3.5583
mzi,71,45,-1.490459,-3.5582
mzi,70,45,-1.490416,-3.5581
mzi,69,45,-1.490367,-3.558
mzi,68,45,-1.490312,-3.5579
mzi,67,45,-1.49025,-3.5577
mzi,66,45,-1.490179,-3.5575
mzi,65,45,-1.490098,-3.5573
mzi,64,45,-1.490005,-3.5571
mzi,63,45,-1.489896,-3.5569
mzi,62,45,-1.489768,-3.5566
mzi,61,45,-1.489617,-3.5562
mzi,60,45,-1.489436,-3.5558
mzi,59,45,-1.489218,-3.5552
mzi,58,45,-1.488951,-3.5546
mzi,57,45,-1.488618,-3.5538
mzi,56,45,-1.488198,-3.5528
mzi,55,45,-1.487655,-3.5515
mzi,54,45,-1.486937,-3.5498
mzi,53,45,-1.485957,-3.5475
mzi,52,45,-1.484569,-3.5441
mzi,51,45,-1.482504,-3.5392
mzi,50,45,-1.47924,-3.5314
mzi,49,45,-1.473666,-3.5181
mzi,48,45,-1.463208,-3.4932
mzi,47,45,-1.441339,-3.4409
mzi,46,45,-1.389865,-3.3181
mzi,45,45,-1.254854,-2.9957
mzi,126,46,-0.638071,-1.5233
mzi,125,46,-0.709822,-1.6946
mzi,124,46,-1.416109,-3.3807
mzi,123,46,-0.643429,-1.5361
mzi,122,46,-0.890284,-2.1254
mzi,121,46,-0.727433,-1.7366
mzi,120,46,-0.52657,-1.2571
mzi,119,46,-1.575074,-3.7602
mzi,118,46,-1.16748,-2.7872
mzi,117,46,0.038755,0.0925
mzi,116,46,-1.268351,-3.028
mzi,115,46,-0.703914,-1.6805
mzi,114,46,-0.907009,-2.1653
mzi,113,46,-1.434182,-3.4239
mzi,112,46,-0.726846,-1.7352
mzi,111,46,-0.789804,-1.8855
mzi,110,46,-1.229136,-2.9343
mzi,109,46,-1.344371,-3.2095
mzi,108,46,-0.663096,-1.583
mzi,107,46,-0.702585,-1.6773
mzi,106,46,-1.375162,-3.283
mzi,105,46,-1.204559,-2.8757
mzi,104,46,-0.809408,-1.9323
mzi,103,46,-0.600452,-1.4335
mzi,102,46,-1.359553,-3.2457
mzi,101,46,-1.396677,-3.3343
mzi,100,46,-1.349379,-3.2214
mzi,99,46,-1.242408,-2.966
mzi,98,46,-1.200956,-2.8671
mzi,97,46,-1.258145,-3.0036
mzi,96,46,-1.363891,-3.256
mzi,95,46,-1.395457,-3.3314
mzi,94,46,-1.268946,-3.0294
mzi,93,46,-0.802982,-1.917
mzi,92,46,-0.967743,-2.3103
mzi,91,46,-1.354331,-3.2332
mzi,90,46,-1.44561,-3.4511
mzi,89,46,-1.460057,-3.4856
mzi,88,46,-1.459521,-3.4843
mzi,87,46,-1.457354,-3.4792
mzi,86,46,-1.455701,-3.4752
mzi,85,46,-1.454745,-3.4729
mzi,84,46,-1.454265,-3.4718
mzi,83,46,-1.454032,-3.4712
mzi,82,46,-1.453929,-3.471
mzi,81,46,-1.453887,-3.4709
mzi,80,46,-1.453864,-3.4708
mzi,79,46,-1.453847,-3.4708
mzi,78,46,-1.45383,-3.4708
mzi,77,46,-1.45381,-3.4707
mzi,76,46,-1.453786,-3.4707
mzi,75,46,-1.45376,-3.4706
mzi,74,46,-1.45373,-3.4705
mzi,73,46,-1.453696,-3.4704
mzi,72,46,-1.453658,-3.4704
mzi,71,46,-1.453616,-3.4703
mzi,70,46,-1.453569,-3.4701
mzi,69,46,-1.453516,-3.47
mzi,68,46,-1.453456,-3.4699
mzi,67,46,-1.453387,-3.4697
mzi,66,46,-1.453308,-3.4695
mzi,65,46,-1.453217,-3.4693
mzi,64,46,-1.453111,-3.469
mzi,63,46,-1.452986,-3.4687
mzi,62,46,-1.452839,-3.4684
mzi,61,46,-1.452664,-3.468
mzi,60,46,-1.452451,-3.4675
mzi,59,46,-1.452191,-3.4669
mzi,58,46,-1.451868,-3.4661
mzi,57,46,-1.45146,-3.4651
mzi,56,46,-1.450932,-3.4638
mzi,55,46,-1.450235,-3.4622
mzi,54,46,-1.449283,-3.4599
mzi,53,46,-1.447936,-3.4567
mzi,52,46,-1.445935,-3.4519
mzi,51,46,-1.442772,-3.4444
mzi,50,46,-1.437365,-3.4315
mzi,49,46,-1.427189,-3.4072
mzi,48,46,-1.405757,-3.356
mzi,47,46,-1.354664,-3.234
mzi,46,46,-1.217956,-2.9077
mzi,126,47,-2.837736,-6.7746
mzi,125,47,-0.394553,-0.9419
mzi,124,47,-1.418087,-3.3854
mzi,123,47,-1.416239,-3.381
mzi,122,47,-0.428081,-1.022
mzi,121,47,-1.232515,-2.9424
mzi,120,47,-0.193955,-0.463
mzi,119,47,-0.903608,-2.1572
mzi,118,47,-1.721494,-4.1098
mzi,117,47,0.050267,0.12
mzi,116,47,-1.069894,-2.5542
mzi,115,47,-0.888194,-2.1204
mzi,114,47,-0.589349,-1.407
mzi,113,47,-0.91917,-2.1944
mzi,112,47,-1.166262,-2.7842
mzi,111,47,-0.657006,-1.5685
mzi,110,47,-1.135745,-2.7114
mzi,109,47,-1.361695,-3.2508
mzi,108,47,-0.974045,-2.3254
mzi,107,47,-0.284893,-0.6801
mzi,106,47,-1.245978,-2.9746
mzi,105,47,-1.221437,-2.916
mzi,104,47,-0.899481,-2.1474
mzi,103,47,-0.631442,-1.5075
mzi,102,47,-1.045265,-2.4954
mzi,101,47,-1.250126,-2.9845
mzi,100,47,-1.178932,-2.8145
mzi,99,47,-1.277144,-3.049
mzi,98,47,-1.263274,-3.0158
mzi,97,47,-1.296418,-3.095
mzi,96,47,-1.314068,-3.1371
mzi,95,47,-1.307938,-3.1225
mzi,94,47,-1.175211,-2.8056
mzi,93,47,-0.902318,-2.1541
mzi,92,47,-1.021869,-2.4395
mzi,91,47,-1.284308,-3.0661
mzi,90,47,-1.383553,-3.303
mzi,89,47,-1.410648,-3.3677
mzi,88,47,-1.417654,-3.3844
mzi,87,47,-1.41877,-3.3871
mzi,86,47,-1.418435,-3.3863
mzi,85,47,-1.417929,-3.3851
mzi,84,47,-1.417536,-3.3841
mzi,83,47,-1.417298,-3.3835
mzi,82,47,-1.417169,-3.3832
mzi,81,47,-1.417097,-3.3831
mzi,80,47,-1.417057,-3.383
mzi,79,47,-1.417029,-3.3829
mzi,78,47,-1.417005,-3.3829
mzi,77,47,-1.416981,-3.3828
mzi,76,47,-1.416955,-3.3827
mzi,75,47,-1.416926,-3.3827
mzi,74,47,-1.416894,-3.3826
mzi,73,47,-1.416858,-3.3825
mzi,72,47,-1.416817,-3.3824
mzi,71,47,-1.416771,-3.3823
mzi,70,47,-1.416719,-3.3822
mzi,69,47,-1.41666,-3.382
mzi,68,47,-1.416593,-3.3819
mzi,67,47,-1.416516,-3.3817
mzi,66,47,-1.416428,-3.3815
mzi,65,47,-1.416325,-3.3812
mzi,64,47,-1.416204,-3.3809
mzi,63,47,-1.416061,-3.3806
mzi,62,47,-1.41589,-3.3802
mzi,61,47,-1.415683,-3.3797
mzi,60,47,-1.41543,-3.3791
mzi,59,47,-1.415116,-3.3783
mzi,58,47,-1.414719,-3.3774
mzi,57,47,-1.414206,-3.3762
mzi,56,47,-1.413528,-3.3745
mzi,55,47,-1.412604,-3.3723
mzi,54,47,-1.411296,-3.3692
mzi,53,47,-1.409354,-3.3646
mzi,52,47,-1.406288,-3.3573
mzi,51,47,-1.401043,-3.3447
mzi,50,47,-1.391144,-3.3211
mzi,49,47,-1.37015,-3.271
mzi,48,47,-1.319479,-3.15
mzi,47,47,-1.181196,-2.8199
mzi,126,48,-1.220803,-2.9145
mzi,125,48,-0.249962,-0.5967
mzi,124,48,-1.106542,-2.6417
mzi,123,48,-1.556475,-3.7158
mzi,122,48,0.333113,0.7952
mzi,121,48,-1.528894,-3.65
mzi,120,48,-0.636308,-1.5191
mzi,119,48,-0.82225,-1.963
mzi,118,48,-0.813113,-1.9412
mzi,117,48,-0.814548,-1.9446
mzi,116,48,-0.768727,-1.8352
mzi,115,48,-1.249553,-2.9831
mzi,114,48,-0.590924,-1.4107
mzi,113,48,-0.471218,-1.1249
mzi,112,48,-1.023037,-2.4423
mzi,111,48,-0.785282,-1.8747
mzi,110,48,-1.05922,-2.5287
mzi,109,48,-1.026857,-2.4514
mzi,108,48,-1.057525,-2.5247
mzi,107,48,-0.658408,-1.5718
mzi,106,48,-0.852194,-2.0345
mzi,105,48,-1.26684,-3.0244
mzi,104,48,-0.902476,-2.1545
mzi,103,48,-0.583245,-1.3924
mzi,102,48,-1.021252,-2.4381
mzi,101,48,-0.891567,-2.1285
mzi,100,48,-1.10146,-2.6295
mzi,99,48,-1.264791,-3.0195
mzi,98,48,-1.331732,-3.1793
mzi,97,48,-1.316128,-3.142
mzi,96,48,-1.293977,-3.0891
mzi,95,48,-1.211242,-2.8916
mzi,94,48,-1.031369,-2.4622
mzi,93,48,-0.94257,-2.2502
mzi,92,48,-1.114093,-2.6597
mzi,91,48,-1.271373,-3.0352
mzi,90,48,-1.338346,-3.1951
mzi,89,48,-1.365158,-3.2591
mzi,88,48,-1.375414,-3.2836
mzi,87,48,-1.379151,-3.2925
mzi,86,48,-1.380347,-3.2953
mzi,85,48,-1.380599,-3.2959
mzi,84,48,-1.380553,-3.2958
mzi,83,48,-1.380448,-3.2956
mzi,82,48,-1.380353,-3.2954
mzi,81,48,-1.380288,-3.2952
mzi,80,48,-1.380242,-3.2951
mzi,79,48,-1.380209,-3.295
mzi,78,48,-1.38018,-3.2949
mzi,77,48,-1.380152,-3.2949
mzi,76,48,-1.380123,-3.2948
mzi,75,48,-1.380091,-3.2947
mzi,74,48,-1.380056,-3.2946
mzi,73,48,-1.380016,-3.2945
mzi,72,48,-1.379972,-3.2944
mzi,71,48,-1.379921,-3.2943
mzi,70,48,-1.379864,-3.2942
mzi,69,48,-1.379799,-3.294
mzi,68,48,-1.379724,-3.2938
mzi,67,48,-1.379638,-3.2936
mzi,66,48,-1.379537,-3.2934
mzi,65,48,-1.37942,-3.2931
mzi,64,48,-1.37928,-3.2928
mzi,63,48,-1.379114,-3.2924
mzi,62,48,-1.378913,-3.2919
mzi,61,48,-1.378667,-3.2913
mzi,60,48,-1.378361,-3.2906
mzi,59,48,-1.377975,-3.2897
mzi,58,48,-1.377476,-3.2885
mzi,57,48,-1.376817,-3.2869
mzi,56,48,-1.375919,-3.2848
mzi,55,48,-1.374649,-3.2817
mzi,54,48,-1.372764,-3.2772
mzi,53,48,-1.36979,-3.2701
mzi,52,48,-1.364702,-3.258
mzi,51,48,-1.355074,-3.235
mzi,50,48,-1.33452,-3.1859
mzi,49,48,-1.284309,-3.0661
mzi,48,48,-1.144569,-2.7325
mzi,126,49,0.158629,0.3787
mzi,125,49,-1.548714,-3.6973
mzi,124,49,-0.901532,-2.1522
mzi,123,49,-0.771452,-1.8417
mzi,122,49,0.559579,1.3359
mzi,121,49,-1.455611,-3.475
mzi,120,49,-0.895807,-2.1386
mzi,119,49,-0.673515,-1.6079
mzi,118,49,-0.840422,-2.0064
mzi,117,49,-1.043746,-2.4918
mzi,116,49,-0.626156,-1.4948
mzi,115,49,-0.710238,-1.6956
mzi,114,49,-0.785479,-1.8752
mzi,113,49,-1.085205,-2.5907
mzi,112,49,-0.462322,-1.1037
mzi,111,49,-0.874413,-2.0875
mzi,110,49,-0.978277,-2.3355
mzi,109,49,-0.940489,-2.2453
mzi,108,49,-0.843953,-2.0148
mzi,107,49,-0.61096,-1.4586
mzi,106,49,-1.036765,-2.4751
mzi,105,49,-1.040043,-2.4829
mzi,104,49,-0.874562,-2.0879
mzi,103,49,-0.802527,-1.9159
mzi,102,49,-1.127324,-2.6913
mzi,101,49,-0.391731,-0.9352
mzi,100,49,-0.867467,-2.0709
mzi,99,49,-1.3298,-3.1747
mzi,98,49,-1.387402,-3.3122
mzi,97,49,-1.354033,-3.2325
mzi,96,49,-1.294568,-3.0906
mzi,95,49,-1.134225,-2.7078
mzi,94,49,-0.832842,-1.9883
mzi,93,49,-0.93376,-2.2292
mzi,92,49,-1.196005,-2.8553
mzi,91,49,-1.286935,-3.0723
mzi,90,49,-1.31666,-3.1433
mzi,89,49,-1.329944,-3.175
mzi,88,49,-1.337052,-3.192
mzi,87,49,-1.340763,-3.2008
mzi,86,49,-1.342529,-3.2051
mzi,85,49,-1.343241,-3.2068
mzi,84,49,-1.343474,-3.2073
mzi,83,49,-1.343514,-3.2074
mzi,82,49,-1.343492,-3.2074
mzi,81,49,-1.343453,-3.2073
mzi,80,49,-1.343416,-3.2072
mzi,79,49,-1.343382,-3.2071
mzi,78,49,-1.343352,-3.207
mzi,77,49,-1.343321,-3.2069
mzi,76,49,-1.343289,-3.2069
mzi,75,49,-1.343254,-3.2068
mzi,74,49,-1.343216,-3.2067
mzi,73,49,-1.343172,-3.2066
mzi,72,49,-1.343123,-3.2065
mzi,71,49,-1.343067,-3.2063
mzi,70,49,-1.343004,-3.2062
mzi,69,49,-1.342931,-3.206
mzi,68,49,-1.342847,-3.2058
mzi,67,49,-1.342749,-3.2056
mzi,66,49,-1.342635,-3.2053
mzi,65,49,-1.342499,-3.205
mzi,64,49,-1.342337,-3.2046
mzi,63,49,-1.342141,-3.2041
mzi,62,49,-1.341902,-3.2036
mzi,61,49,-1.341604,-3.2028
mzi,60,49,-1.341228,-3.2019
mzi,59,49,-1.340743,-3.2008
mzi,58,49,-1.340101,-3.1993
mzi,57,49,-1.339228,-3.1972
mzi,56,49,-1.337994,-3.1942
mzi,55,49,-1.336165,-3.1899
mzi,54,49,-1.333279,-3.183
mzi,53,49,-1.328342,-3.1712
mzi,52,49,-1.318978,-3.1488
mzi,51,49,-1.298865,-3.1008
mzi,50,49,-1.249148,-2.9821
mzi,49,49,-1.108073,-2.6453
mzi,126,50,0.337855,0.8066
mzi,125,50,-1.297964,-3.0987
mzi,124,50,-1.011945,-2.4158
mzi,123,50,-0.135553,-0.3236
mzi,122,50,-0.087678,-0.2093
mzi,121,50,-0.988587,-2.3601
mzi,120,50,-0.805925,-1.924
mzi,119,50,-0.423609,-1.0113
mzi,118,50,-1.03772,-2.4774
mzi,117,50,-0.88046,-2.1019
mzi,116,50,-0.664378,-1.5861
mzi,115,50,-0.831316,-1.9846
mzi,114,50,-0.587338,-1.4022
mzi,113,50,-0.544947,-1.301
mzi,112,50,-1.106804,-2.6423
mzi,111,50,-0.934341,-2.2306
mzi,110,50,-0.122612,-0.2927
mzi,109,50,-1.342079,-3.204
mzi,108,50,-1.14739,-2.7392
mzi,107,50,-0.119235,-0.2847
mzi,106,50,-0.963176,-2.2994
mzi,105,50,-1.250114,-2.9844
mzi,104,50,-0.527138,-1.2584
mzi,103,50,-0.85814,-2.0487
mzi,102,50,-1.205362,-2.8776
mzi,101,50,-0.798682,-1.9067
mzi,100,50,-0.162559,-0.3881
mzi,99,50,-1.388069,-3.3138
mzi,98,50,-1.386121,-3.3091
mzi,97,50,-1.366267,-3.2617
mzi,96,50,-1.316294,-3.1424
mzi,95,50,-1.105746,-2.6398
mzi,94,50,-0.569643,-1.3599
mzi,93,50,-0.920324,-2.1971
mzi,92,50,-1.251378,-2.9874
mzi,91,50,-1.300196,-3.104
mzi,90,50,-1.302161,-3.1087
mzi,89,50,-1.301703,-3.1076
mzi,88,50,-1.302838,-3.1103
mzi,87,50,-1.304391,-3.114
mzi,86,50,-1.305499,-3.1166
mzi,85,50,-1.306148,-3.1182
mzi,84,50,-1.30647,-3.119
mzi,83,50,-1.306593,-3.1193
mzi,82,50,-1.306619,-3.1193
mzi,81,50,-1.306606,-3.1193
mzi,80,50,-1.30658,-3.1192
mzi,79,50,-1.306551,-3.1192
mzi,78,50,-1.30652,-3.1191
mzi,77,50,-1.306487,-3.119
mzi,76,50,-1.306453,-3.1189
mzi,75,50,-1.306414,-3.1188
mzi,74,50,-1.306372,-3.1187
mzi,73,50,-1.306324,-3.1186
mzi,72,50,-1.30627,-3.1185
mzi,71,50,-1.306208,-3.1183
mzi,70,50,-1.306137,-3.1182
mzi,69,50,-1.306055,-3.118
mzi,68,50,-1.30596,-3.1177
mzi,67,50,-1.305848,-3.1175
mzi,66,50,-1.305716,-3.1172
mzi,65,50,-1.305559,-3.1168
mzi,64,50,-1.305368,-3.1163
mzi,63,50,-1.305135,-3.1158
mzi,62,50,-1.304845,-3.1151
mzi,61,50,-1.304479,-3.1142
mzi,60,50,-1.304006,-3.1131
mzi,59,50,-1.303383,-3.1116
mzi,58,50,-1.302533,-3.1096
mzi,57,50,-1.301334,-3.1067
mzi,56,50,-1.299557,-3.1025
mzi,55,50,-1.296756,-3.0958
mzi,54,50,-1.291964,-3.0843
mzi,53,50,-1.282858,-3.0626
mzi,52,50,-1.263186,-3.0156
mzi,51,50,-1.213996,-2.8982
mzi,50,50,-1.071702,-2.5585
mzi,126,51,-1.235903,-2.9505
mzi,125,51,-0.341704,-0.8158
mzi,124,51,-1.399316,-3.3406
mzi,123,51,0.077718,0.1855
mzi,122,51,0.655794,1.5656
mzi,121,51,-2.017114,-4.8155
mzi,120,51,-0.309891,-0.7398
mzi,119,51,-0.443652,-1.0591
mzi,118,51,-1.171854,-2.7976
mzi,117,51,-0.936378,-2.2354
mzi,116,51,-0.237868,-0.5679
mzi,115,51,-0.801328,-1.913
mzi,114,51,-1.33127,-3.1782
mzi,113,51,0.247604,0.5911
mzi,112,51,-1.018297,-2.431
mzi,111,51,-1.3986,-3.3389
mzi,110,51,-0.132935,-0.3174
mzi,109,51,-0.812918,-1.9407
mzi,108,51,-1.091596,-2.606
mzi,107,51,-0.270585,-0.646
mzi,106,51,-0.846999,-2.0221
mzi,105,51,-1.247644,-2.9785
mzi,104,51,-0.430058,-1.0267
mzi,103,51,-0.264866,-0.6323
mzi,102,51,-1.580073,-3.7721
mzi,101,51,-1.163852,-2.7785
mzi,100,51,0.08085,0.193
mzi,99,51,-1.211289,-2.8917
mzi,98,51,-1.376283,-3.2856
mzi,97,51,-1.3398,-3.1985
mzi,96,51,-1.300703,-3.1052
mzi,95,51,-1.123656,-2.6825
mzi,94,51,-0.39008,-0.9312
mzi,93,51,-0.887982,-2.1199
mzi,92,51,-1.254509,-2.9949
mzi,91,51,-1.287932,-3.0747
mzi,90,51,-1.279807,-3.0553
mzi,89,51,-1.272694,-3.0383
mzi,88,51,-1.2698,-3.0314
mzi,87,51,-1.269043,-3.0296
mzi,86,51,-1.269149,-3.0299
mzi,85,51,-1.269425,-3.0305
mzi,84,51,-1.26962,-3.031
mzi,83,51,-1.269721,-3.0312
mzi,82,51,-1.269759,-3.0313
mzi,81,51,-1.26976,-3.0313
mzi,80,51,-1.269742,-3.0313
mzi,79,51,-1.269716,-3.0312
mzi,78,51,-1.269685,-3.0311
mzi,77,51,-1.269651,-3.0311
mzi,76,51,-1.269613,-3.031
mzi,75,51,-1.269571,-3.0309
mzi,74,51,-1.269525,-3.0308
mzi,73,51,-1.269472,-3.0306
mzi,72,51,-1.269412,-3.0305
mzi,71,51,-1.269342,-3.0303
mzi,70,51,-1.269263,-3.0301
mzi,69,51,-1.26917,-3.0299
mzi,68,51,-1.269061,-3.0297
mzi,67,51,-1.268932,-3.0294
mzi,66,51,-1.268779,-3.029
mzi,65,51,-1.268593,-3.0285
mzi,64,51,-1.268366,-3.028
mzi,63,51,-1.268084,-3.0273
mzi,62,51,-1.267727,-3.0265
mzi,61,51,-1.267267,-3.0254
mzi,60,51,-1.26666,-3.0239
mzi,59,51,-1.265834,-3.022
mzi,58,51,-1.264668,-3.0192
mzi,57,51,-1.262941,-3.0151
mzi,56,51,-1.260222,-3.0086
mzi,55,51,-1.25557,-2.9975
mzi,54,51,-1.246715,-2.9763
mzi,53,51,-1.227482,-2.9304
mzi,52,51,-1.178849,-2.8143
mzi,51,51,-1.035455,-2.472
mzi,126,52,-1.313268,-3.1352
mzi,125,52,0.27448,0.6553
mzi,124,52,-1.057829,-2.5254
mzi,123,52,-0.824113,-1.9674
mzi,122,52,-0.330174,-0.7882
mzi,121,52,-0.531088,-1.2679
mzi,120,52,-0.559782,-1.3364
mzi,119,52,-0.240742,-0.5747
mzi,118,52,-1.225793,-2.9264
mzi,117,52,-0.668755,-1.5965
mzi,116,52,-0.307697,-0.7346
mzi,115,52,-0.753431,-1.7987
mzi,114,52,-1.043525,-2.4912
mzi,113,52,-0.198645,-0.4742
mzi,112,52,-0.741274,-1.7697
mzi,111,52,-1.123149,-2.6813
mzi,110,52,-0.639946,-1.5278
mzi,109,52,-0.483873,-1.1552
mzi,108,52,-1.17948,-2.8158
mzi,107,52,-0.143468,-0.3425
mzi,106,52,-0.593412,-1.4167
mzi,105,52,-1.375236,-3.2831
mzi,104,52,-1.188793,-2.838
mzi,103,52,0.52784,1.2601
mzi,102,52,-1.308485,-3.1238
mzi,101,52,-0.99955,-2.3862
mzi,100,52,-0.350628,-0.8371
mzi,99,52,-1.056729,-2.5228
mzi,98,52,-1.246823,-2.9766
mzi,97,52,-1.255583,-2.9975
mzi,96,52,-1.244411,-2.9708
mzi,95,52,-1.052385,-2.5124
mzi,94,52,-0.480088,-1.1461
mzi,93,52,-0.858821,-2.0503
mzi,92,52,-1.195973,-2.8552
mzi,91,52,-1.244417,-2.9708
mzi,90,52,-1.243662,-2.969
mzi,89,52,-1.238502,-2.9567
mzi,88,52,-1.235027,-2.9484
mzi,87,52,-1.233475,-2.9447
mzi,86,52,-1.23296,-2.9435
mzi,85,52,-1.232846,-2.9432
mzi,84,52,-1.232869,-2.9433
mzi,83,52,-1.232906,-2.9433
mzi,82,52,-1.232925,-2.9434
mzi,81,52,-1.232922,-2.9434
mzi,80,52,-1.232905,-2.9433
mzi,79,52,-1.232879,-2.9433
mzi,78,52,-1.232847,-2.9432
mzi,77,52,-1.232811,-2.9431
mzi,76,52,-1.232771,-2.943
mzi,75,52,-1.232725,-2.9429
mzi,74,52,-1.232673,-2.9428
mzi,73,52,-1.232614,-2.9427
mzi,72,52,-1.232547,-2.9425
mzi,71,52,-1.232469,-2.9423
mzi,70,52,-1.232379,-2.9421
mzi,69,52,-1.232273,-2.9418
mzi,68,52,-1.232148,-2.9415
mzi,67,52,-1.231998,-2.9412
mzi,66,52,-1.231817,-2.9407
mzi,65,52,-1.231596,-2.9402
mzi,64,52,-1.231321,-2.9396
mzi,63,52,-1.230974,-2.9387
mzi,62,52,-1.230526,-2.9377
mzi,61,52,-1.229935,-2.9363
mzi,60,52,-1.229131,-2.9343
mzi,59,52,-1.227996,-2.9316
mzi,58,52,-1.226318,-2.9276
mzi,57,52,-1.223676,-2.9213
mzi,56,52,-1.219159,-2.9105
mzi,55,52,-1.21055,-2.89
mzi,54,52,-1.191753,-2.8451
mzi,53,52,-1.143705,-2.7304
mzi,52,52,-0.999327,-2.3857
mzi,126,53,-0.397866,-0.9498
mzi,125,53,-0.49146,-1.1733
mzi,124,53,0.319695,0.7632
mzi,123,53,2.247318,5.3651
mzi,122,53,2.355441,5.6232
mzi,121,53,-0.032752,-0.0782
mzi,120,53,-0.649623,-1.5509
mzi,119,53,-0.676204,-1.6143
mzi,118,53,-0.439815,-1.05
mzi,117,53,-1.061176,-2.5334
mzi,116,53,-0.423781,-1.0117
mzi,115,53,-0.349377,-0.8341
mzi,114,53,-0.898588,-2.1452
mzi,113,53,-0.025736,-0.0614
mzi,112,53,-0.834672,-1.9926
mzi,111,53,-1.162235,-2.7746
mzi,110,53,-0.805358,-1.9226
mzi,109,53,-0.159004,-0.3796
mzi,108,53,-1.146347,-2.7367
mzi,107,53,-0.899906,-2.1484
mzi,106,53,0.294474,0.703
mzi,105,53,-1.208228,-2.8844
mzi,104,53,-0.694482,-1.658
mzi,103,53,-0.486423,-1.1612
mzi,102,53,-0.921151,-2.1991
mzi,101,53,-0.789835,-1.8856
mzi,100,53,-0.701433,-1.6745
mzi,99,53,-0.981847,-2.344
mzi,98,53,-1.123647,-2.6825
mzi,97,53,-1.15852,-2.7658
mzi,96,53,-1.105471,-2.6391
mzi,95,53,-0.915795,-2.1863
mzi,94,53,-0.656357,-1.5669
mzi,93,53,-0.915151,-2.1848
mzi,92,53,-1.131471,-2.7012
mzi,91,53,-1.188853,-2.8382
mzi,90,53,-1.199774,-2.8642
mzi,89,53,-1.199763,-2.8642
mzi,88,53,-1.198211,-2.8605
mzi,87,53,-1.197075,-2.8578
mzi,86,53,-1.196462,-2.8563
mzi,85,53,-1.196219,-2.8558
mzi,84,53,-1.196135,-2.8556
mzi,83,53,-1.196115,-2.8555
mzi,82,53,-1.196104,-2.8555
mzi,81,53,-1.196091,-2.8555
mzi,80,53,-1.19607,-2.8554
mzi,79,53,-1.196042,-2.8553
mzi,78,53,-1.196008,-2.8553
mzi,77,53,-1.195969,-2.8552
mzi,76,53,-1.195924,-2.8551
mzi,75,53,-1.195874,-2.8549
mzi,74,53,-1.195817,-2.8548
mzi,73,53,-1.195751,-2.8546
mzi,72,53,-1.195675,-2.8545
mzi,71,53,-1.195587,-2.8543
mzi,70,53,-1.195484,-2.854
mzi,69,53,-1.195362,-2.8537
mzi,68,53,-1.195216,-2.8534
mzi,67,53,-1.19504,-2.8529
mzi,66,53,-1.194824,-2.8524
mzi,65,53,-1.194556,-2.8518
mzi,64,53,-1.194218,-2.851
mzi,63,53,-1.193782,-2.8499
mzi,62,53,-1.193206,-2.8486
mzi,61,53,-1.192423,-2.8467
mzi,60,53,-1.191319,-2.8441
mzi,59,53,-1.189688,-2.8402
mzi,58,53,-1.187121,-2.834
mzi,57,53,-1.182734,-2.8236
mzi,56,53,-1.174363,-2.8036
mzi,55,53,-1.156,-2.7597
mzi,54,53,-1.108562,-2.6465
mzi,53,53,-0.963315,-2.2997
mzi,126,54,2.944523,7.0295
mzi,125,54,-0.147764,-0.3528
mzi,124,54,-0.606764,-1.4485
mzi,123,54,-0.266169,-0.6354
mzi,122,54,-0.14673,-0.3503
mzi,121,54,-0.740737,-1.7684
mzi,120,54,-0.081968,-0.1957
mzi,119,54,-1.277583,-3.05
mzi,118,54,0.473141,1.1295
mzi,117,54,-0.651836,-1.5561
mzi,116,54,-1.574127,-3.758
mzi,115,54,0.651806,1.5561
mzi,114,54,-1.243547,-2.9687
mzi,113,54,-0.244872,-0.5846
mzi,112,54,-0.512623,-1.2238
mzi,111,54,-1.091226,-2.6051
mzi,110,54,-0.986096,-2.3541
mzi,109,54,0.37695,0.8999
mzi,108,54,-1.177149,-2.8102
mzi,107,54,-0.924225,-2.2064
mzi,106,54,-0.115803,-0.2765
mzi,105,54,-0.470958,-1.1243
mzi,104,54,-0.717102,-1.712
mzi,103,54,-0.855226,-2.0417
mzi,102,54,-0.767665,-1.8327
mzi,101,54,-0.556622,-1.3288
mzi,100,54,-0.776451,-1.8536
mzi,99,54,-1.043118,-2.4903
mzi,98,54,-1.0827,-2.5848
mzi,97,54,-1.058642,-2.5273
mzi,96,54,-0.935206,-2.2326
mzi,95,54,-0.77358,-1.8468
mzi,94,54,-0.820615,-1.9591
mzi,93,54,-0.996319,-2.3785
mzi,92,54,-1.100387,-2.627
mzi,91,54,-1.142057,-2.7265
mzi,90,54,-1.156115,-2.76
mzi,89,54,-1.15987,-2.769
mzi,88,54,-1.160363,-2.7702
mzi,87,54,-1.160028,-2.7694
mzi,86,54,-1.159691,-2.7686
mzi,85,54,-1.159467,-2.768
mzi,84,54,-1.159365,-2.7678
mzi,83,54,-1.159314,-2.7677
mzi,82,54,-1.159286,-2.7676
mzi,81,54,-1.159262,-2.7675
mzi,80,54,-1.159235,-2.7675
mzi,79,54,-1.159203,-2.7674
mzi,78,54,-1.159166,-2.7673
mzi,77,54,-1.159123,-2.7672
mzi,76,54,-1.159074,-2.7671
mzi,75,54,-1.159018,-2.767
mzi,74,54,-1.158954,-2.7668
mzi,73,54,-1.158881,-2.7666
mzi,72,54,-1.158795,-2.7664
mzi,71,54,-1.158694,-2.7662
mzi,70,54,-1.158575,-2.7659
mzi,69,54,-1.158433,-2.7656
mzi,68,54,-1.158261,-2.7651
mzi,67,54,-1.158051,-2.7646
mzi,66,54,-1.15779,-2.764
mzi,65,54,-1.15746,-2.7632
mzi,64,54,-1.157035,-2.7622
mzi,63,54,-1.156474,-2.7609
mzi,62,54,-1.155712,-2.7591
mzi,61,54,-1.154638,-2.7565
mzi,60,54,-1.153051,-2.7527
mzi,59,54,-1.150556,-2.7468
mzi,58,54,-1.146295,-2.7366
mzi,57,54,-1.138155,-2.7171
mzi,56,54,-1.120223,-2.6743
mzi,55,54,-1.073418,-2.5626
mzi,54,54,-0.927415,-2.214
mzi,126,55,-0.409885,-0.9785
mzi,125,55,0.272949,0.6516
mzi,124,55,-0.259642,-0.6198
mzi,123,55,-1.228594,-2.9331
mzi,122,55,0.388345,0.9271
mzi,121,55,-1.006673,-2.4033
mzi,120,55,0.169103,0.4037
mzi,119,55,-0.666036,-1.59
mzi,118,55,-0.773815,-1.8473
mzi,117,55,-0.127629,-0.3047
mzi,116,55,-0.809091,-1.9316
mzi,115,55,0.345925,0.8258
mzi,114,55,-0.967213,-2.3091
mzi,113,55,-0.332126,-0.7929
mzi,112,55,-0.17776,-0.4244
mzi,111,55,-1.177805,-2.8118
mzi,110,55,-1.142803,-2.7282
mzi,109,55,0.202127,0.4825
mzi,108,55,-0.757647,-1.8087
mzi,107,55,-0.89448,-2.1354
mzi,106,55,-0.523651,-1.2501
mzi,105,55,-0.072207,-0.1724
mzi,104,55,-0.810983,-1.9361
mzi,103,55,-0.793061,-1.8933
mzi,102,55,-0.547104,-1.3061
mzi,101,55,-0.499851,-1.1933
mzi,100,55,-0.910077,-2.1726
mzi,99,55,-1.003493,-2.3957
mzi,98,55,-1.082801,-2.585
mzi,97,55,-0.972336,-2.3213
mzi,96,55,-0.674045,-1.6092
mzi,95,55,-0.686927,-1.6399
mzi,94,55,-0.967105,-2.3088
mzi,93,55,-1.060924,-2.5328
mzi,92,55,-1.09157,-2.6059
mzi,91,55,-1.108293,-2.6459
mzi,90,55,-1.117043,-2.6667
mzi,89,55,-1.121065,-2.6763
mzi,88,55,-1.122476,-2.6797
mzi,87,55,-1.122793,-2.6805
mzi,86,55,-1.122728,-2.6803
mzi,85,55,-1.122633,-2.6801
mzi,84,55,-1.122551,-2.6799
mzi,83,55,-1.1225,-2.6798
mzi,82,55,-1.122463,-2.6797
mzi,81,55,-1.122432,-2.6796
mzi,80,55,-1.122399,-2.6795
mzi,79,55,-1.122363,-2.6794
mzi,78,55,-1.122321,-2.6793
mzi,77,55,-1.122274,-2.6792
mzi,76,55,-1.12222,-2.6791
mzi,75,55,-1.122157,-2.679
mzi,74,55,-1.122085,-2.6788
mzi,73,55,-1.122001,-2.6786
mzi,72,55,-1.121903,-2.6783
mzi,71,55,-1.121787,-2.6781
mzi,70,55,-1.121649,-2.6777
mzi,69,55,-1.121481,-2.6773
mzi,68,55,-1.121276,-2.6768
mzi,67,55,-1.121022,-2.6762
mzi,66,55,-1.120701,-2.6755
mzi,65,55,-1.120287,-2.6745
mzi,64,55,-1.11974,-2.6732
mzi,63,55,-1.118998,-2.6714
mzi,62,55,-1.117952,-2.6689
mzi,61,55,-1.116408,-2.6652
mzi,60,55,-1.113983,-2.6594
mzi,59,55,-1.109842,-2.6496
mzi,58,55,-1.101928,-2.6307
mzi,57,55,-1.084422,-2.5889
mzi,56,55,-1.038271,-2.4787
mzi,55,55,-0.891626,-2.1286
mzi,126,56,0.318137,0.7595
mzi,125,56,0.693977,1.6567
mzi,124,56,-0.179829,-0.4293
mzi,123,56,-0.408254,-0.9746
mzi,122,56,-0.101463,-0.2422
mzi,121,56,-0.880532,-2.1021
mzi,120,56,-1.638956,-3.9127
mzi,119,56,0.926055,2.2108
mzi,118,56,-0.190118,-0.4539
mzi,117,56,-0.509823,-1.2171
mzi,116,56,-0.807662,-1.9282
mzi,115,56,-0.145511,-0.3474
mzi,114,56,-0.418934,-1.0001
mzi,113,56,-0.747816,-1.7853
mzi,112,56,0.371515,0.8869
mzi,111,56,-0.899575,-2.1476
mzi,110,56,-0.963218,-2.2995
mzi,109,56,-0.442467,-1.0563
mzi,108,56,-0.341289,-0.8148
mzi,107,56,-0.815924,-1.9479
mzi,106,56,-0.68158,-1.6272
mzi,105,56,0.03119,0.0745
mzi,104,56,-0.767343,-1.8319
mzi,103,56,-0.930517,-2.2214
mzi,102,56,-0.530475,-1.2664
mzi,101,56,0.002805,0.0067
mzi,100,56,-0.954237,-2.2781
mzi,99,56,-1.166168,-2.784
mzi,98,56,-1.098102,-2.6215
mzi,97,56,-0.94285,-2.2509
mzi,96,56,-0.28157,-0.6722
mzi,95,56,-0.720942,-1.7211
mzi,94,56,-1.071074,-2.557
mzi,93,56,-1.090669,-2.6038
mzi,92,56,-1.082206,-2.5836
mzi,91,56,-1.080055,-2.5784
mzi,90,56,-1.082108,-2.5833
mzi,89,56,-1.084139,-2.5882
mzi,88,56,-1.085237,-2.5908
mzi,87,56,-1.085642,-2.5918
mzi,86,56,-1.085764,-2.5921
mzi,85,56,-1.085751,-2.592
mzi,84,56,-1.085711,-2.5919
mzi,83,56,-1.08567,-2.5918
mzi,82,56,-1.085633,-2.5918
mzi,81,56,-1.085597,-2.5917
mzi,80,56,-1.08556,-2.5916
mzi,79,56,-1.085519,-2.5915
mzi,78,56,-1.085473,-2.5914
mzi,77,56,-1.08542,-2.5912
mzi,76,56,-1.085359,-2.5911
mzi,75,56,-1.085289,-2.5909
mzi,74,56,-1.085208,-2.5907
mzi,73,56,-1.085112,-2.5905
mzi,72,56,-1.084999,-2.5902
mzi,71,56,-1.084864,-2.5899
mzi,70,56,-1.0847,-2.5895
mzi,69,56,-1.084501,-2.5891
mzi,68,56,-1.084253,-2.5885
mzi,67,56,-1.083939,-2.5877
mzi,66,56,-1.083536,-2.5868
mzi,65,56,-1.083004,-2.5855
mzi,64,56,-1.08228,-2.5838
mzi,63,56,-1.081262,-2.5813
mzi,62,56,-1.079759,-2.5777
mzi,61,56,-1.0774,-2.5721
mzi,60,56,-1.073377,-2.5625
mzi,59,56,-1.065682,-2.5441
mzi,58,56,-1.048597,-2.5033
mzi,57,56,-1.003119,-2.3948
mzi,56,56,-0.855943,-2.0434
mzi,126,57,-0.513665,-1.2263
mzi,125,57,0.303089,0.7236
mzi,124,57,-0.616151,-1.471
mzi,123,57,0.507825,1.2123
mzi,122,57,0.028329,0.0676
mzi,121,57,-0.706834,-1.6874
mzi,120,57,-0.563988,-1.3464
mzi,119,57,-0.431733,-1.0307
mzi,118,57,-0.818755,-1.9546
mzi,117,57,0.750405,1.7915
mzi,116,57,-1.107945,-2.645
mzi,115,57,-0.187216,-0.4469
mzi,114,57,0.007258,0.0173
mzi,113,57,-1.014997,-2.4231
mzi,112,57,0.051591,0.1232
mzi,111,57,-0.592073,-1.4135
mzi,110,57,-0.754421,-1.801
mzi,109,57,-0.696072,-1.6617
mzi,108,57,-0.061189,-0.1461
mzi,107,57,-0.765571,-1.8277
mzi,106,57,-0.838663,-2.0022
mzi,105,57,-0.077417,-0.1848
mzi,104,57,-0.392088,-0.936
mzi,103,57,-0.933946,-2.2296
mzi,102,57,-0.619408,-1.4787
mzi,101,57,-0.054759,-0.1307
mzi,100,57,-0.896671,-2.1406
mzi,99,57,-1.028809,-2.4561
mzi,98,57,-1.115125,-2.6622
mzi,97,57,-0.949921,-2.2678
mzi,96,57,0.090115,0.2151
mzi,95,57,-0.836538,-1.9971
mzi,94,57,-1.097631,-2.6204
mzi,93,57,-1.081084,-2.5809
mzi,92,57,-1.058863,-2.5279
mzi,91,57,-1.05013,-2.507
mzi,90,57,-1.048035,-2.502
mzi,89,57,-1.048056,-2.5021
mzi,88,57,-1.048443,-2.503
mzi,87,57,-1.048744,-2.5037
mzi,86,57,-1.048861,-2.504
mzi,85,57,-1.048882,-2.504
mzi,84,57,-1.048864,-2.504
mzi,83,57,-1.048832,-2.5039
mzi,82,57,-1.048796,-2.5038
mzi,81,57,-1.048758,-2.5037
mzi,80,57,-1.048718,-2.5036
mzi,79,57,-1.048672,-2.5035
mzi,78,57,-1.04862,-2.5034
mzi,77,57,-1.048561,-2.5033
mzi,76,57,-1.048493,-2.5031
mzi,75,57,-1.048413,-2.5029
mzi,74,57,-1.04832,-2.5027
mzi,73,57,-1.048209,-2.5024
mzi,72,57,-1.048078,-2.5021
mzi,71,57,-1.047918,-2.5017
mzi,70,57,-1.047724,-2.5013
mzi,69,57,-1.047482,-2.5007
mzi,68,57,-1.047177,-2.4999
mzi,67,57,-1.046783,-2.499
mzi,66,57,-1.046264,-2.4978
mzi,65,57,-1.04556,-2.4961
mzi,64,57,-1.044568,-2.4937
mzi,63,57,-1.043105,-2.4902
mzi,62,57,-1.040811,-2.4848
mzi,61,57,-1.036899,-2.4754
mzi,60,57,-1.029418,-2.4576
mzi,59,57,-1.012749,-2.4178
mzi,58,57,-0.967961,-2.3108
mzi,57,57,-0.820363,-1.9585
mzi,126,58,2.04015,4.8705
mzi,125,58,-2.037319,-4.8637
mzi,124,58,1.169129,2.7911
mzi,123,58,-0.538954,-1.2867
mzi,122,58,1.190972,2.8432
mzi,121,58,-1.476188,-3.5241
mzi,120,58,-0.550753,-1.3148
mzi,119,58,0.595917,1.4226
mzi,118,58,-1.057189,-2.5239
mzi,117,58,-0.084557,-0.2019
mzi,116,58,-0.425482,-1.0158
mzi,115,58,-0.434371,-1.037
mzi,114,58,0.175919,0.42
mzi,113,58,-0.710481,-1.6961
mzi,112,58,-0.697432,-1.665
mzi,111,58,0.36488,0.8711
mzi,110,58,-0.893965,-2.1342
mzi,109,58,-0.985558,-2.3528
mzi,108,58,0.12758,0.3046
mzi,107,58,-0.508542,-1.2141
mzi,106,58,-0.803372,-1.9179
mzi,105,58,-0.373263,-0.8911
mzi,104,58,-0.230762,-0.5509
mzi,103,58,-0.92683,-2.2126
mzi,102,58,-0.550416,-1.314
mzi,101,58,-0.060329,-0.144
mzi,100,58,-0.824861,-1.9692
mzi,99,58,-1.050274,-2.5073
mzi,98,58,-1.046047,-2.4973
mzi,97,58,-0.854027,-2.0388
mzi,96,58,0.000642,0.0015
mzi,95,58,-0.807598,-1.928
mzi,94,58,-1.042411,-2.4886
mzi,93,58,-1.039905,-2.4826
mzi,92,58,-1.024908,-2.4468
mzi,91,58,-1.016389,-2.4265
mzi,90,58,-1.012927,-2.4182
mzi,89,58,-1.011963,-2.4159
mzi,88,58,-1.011876,-2.4157
mzi,87,58,-1.011957,-2.4159
mzi,86,58,-1.012015,-2.416
mzi,85,58,-1.012033,-2.4161
mzi,84,58,-1.01202,-2.416
mzi,83,58,-1.011991,-2.416
mzi,82,58,-1.011956,-2.4159
mzi,81,58,-1.011916,-2.4158
mzi,80,58,-1.011871,-2.4157
mzi,79,58,-1.01182,-2.4155
mzi,78,58,-1.011762,-2.4154
mzi,77,58,-1.011696,-2.4152
mzi,76,58,-1.011618,-2.4151
mzi,75,58,-1.011527,-2.4148
mzi,74,58,-1.011419,-2.4146
mzi,73,58,-1.011291,-2.4143
mzi,72,58,-1.011135,-2.4139
mzi,71,58,-1.010946,-2.4135
mzi,70,58,-1.01071,-2.4129
mzi,69,58,-1.010412,-2.4122
mzi,68,58,-1.010029,-2.4113
mzi,67,58,-1.009523,-2.4101
mzi,66,58,-1.008836,-2.4084
mzi,65,58,-1.00787,-2.4061
mzi,64,58,-1.006445,-2.4027
mzi,63,58,-1.004213,-2.3974
mzi,62,58,-1.000411,-2.3883
mzi,61,58,-0.993136,-2.3709
mzi,60,58,-0.976878,-2.3321
mzi,59,58,-0.932796,-2.2269
mzi,58,58,-0.784885,-1.8738
mzi,126,59,-0.572407,-1.3665
mzi,125,59,-0.34601,-0.826
mzi,124,59,-0.304222,-0.7263
mzi,123,59,-0.428173,-1.0222
mzi,122,59,0.315831,0.754
mzi,121,59,0.00567,0.0135
mzi,120,59,-0.77631,-1.8533
mzi,119,59,0.215713,0.515
mzi,118,59,-0.60257,-1.4385
mzi,117,59,-0.78735,-1.8797
mzi,116,59,0.290007,0.6923
mzi,115,59,-0.356318,-0.8506
mzi,114,59,-0.020018,-0.0478
mzi,113,59,-0.392575,-0.9372
mzi,112,59,-1.030586,-2.4603
mzi,111,59,0.183024,0.4369
mzi,110,59,-0.630035,-1.5041
mzi,109,59,-0.642603,-1.5341
mzi,108,59,-0.160441,-0.383
mzi,107,59,-0.247541,-0.591
mzi,106,59,-0.988481,-2.3598
mzi,105,59,0.311124,0.7428
mzi,104,59,-0.617588,-1.4744
mzi,103,59,-0.81539,-1.9466
mzi,102,59,-0.534936,-1.2771
mzi,101,59,-0.240516,-0.5742
mzi,100,59,-0.733558,-1.7512
mzi,99,59,-0.871157,-2.0797
mzi,98,59,-0.946571,-2.2598
mzi,97,59,-0.686254,-1.6383
mzi,96,59,-0.34942,-0.8342
mzi,95,59,-0.785092,-1.8743
mzi,94,59,-0.960587,-2.2932
mzi,93,59,-0.985179,-2.3519
mzi,92,59,-0.983398,-2.3477
mzi,91,59,-0.979184,-2.3376
mzi,90,59,-0.97668,-2.3317
mzi,89,59,-0.975595,-2.3291
mzi,88,59,-0.97527,-2.3283
mzi,87,59,-0.975199,-2.3281
mzi,86,59,-0.975202,-2.3281
mzi,85,59,-0.975198,-2.3281
mzi,84,59,-0.97518,-2.3281
mzi,83,59,-0.97515,-2.328
mzi,82,59,-0.975113,-2.3279
mzi,81,59,-0.975069,-2.3278
mzi,80,59,-0.97502,-2.3277
mzi,79,59,-0.974963,-2.3276
mzi,78,59,-0.974898,-2.3274
mzi,77,59,-0.974822,-2.3272
mzi,76,59,-0.974733,-2.327
mzi,75,59,-0.974628,-2.3268
mzi,74,59,-0.974503,-2.3265
mzi,73,59,-0.974352,-2.3261
mzi,72,59,-0.974166,-2.3257
mzi,71,59,-0.973937,-2.3251
mzi,70,59,-0.973646,-2.3244
mzi,69,59,-0.973272,-2.3235
mzi,68,59,-0.972779,-2.3223
mzi,67,59,-0.97211,-2.3207
mzi,66,59,-0.971168,-2.3185
mzi,65,59,-0.969781,-2.3152
mzi,64,59,-0.967609,-2.31
mzi,63,59,-0.963911,-2.3012
mzi,62,59,-0.956838,-2.2843
mzi,61,59,-0.940984,-2.2464
mzi,60,59,-0.897622,-2.1429
mzi,59,59,-0.749504,-1.7893
mzi,126,60,-0.047631,-0.1137
mzi,125,60,-0.655742,-1.5655
mzi,124,60,-0.147028,-0.351
mzi,123,60,-0.615136,-1.4685
mzi,122,60,-0.717749,-1.7135
mzi,121,60,0.825034,1.9696
mzi,120,60,-0.583054,-1.3919
mzi,119,60,0.566927,1.3534
mzi,118,60,-1.124338,-2.6842
mzi,117,60,-0.289622,-0.6914
mzi,116,60,0.43952,1.0493
mzi,115,60,-0.661273,-1.5787
mzi,114,60,0.112926,0.2696
mzi,113,60,-0.358829,-0.8566
mzi,112,60,-1.047015,-2.4996
mzi,111,60,0.324039,0.7736
mzi,110,60,-0.527234,-1.2587
mzi,109,60,-0.903427,-2.1568
mzi,108,60,0.146671,0.3502
mzi,107,60,-0.404032,-0.9646
mzi,106,60,-1.031821,-2.4633
mzi,105,60,0.396296,0.9461
mzi,104,60,-0.298616,-0.7129
mzi,103,60,-0.892472,-2.1306
mzi,102,60,-0.436188,-1.0413
mzi,101,60,-0.305239,-0.7287
mzi,100,60,-0.625347,-1.4929
mzi,99,60,-0.823408,-1.9657
mzi,98,60,-0.800067,-1.91
mzi,97,60,-0.6382,-1.5236
mzi,96,60,-0.601365,-1.4357
mzi,95,60,-0.796805,-1.9022
mzi,94,60,-0.905443,-2.1616
mzi,93,60,-0.936414,-2.2355
mzi,92,60,-0.941509,-2.2477
mzi,91,60,-0.940813,-2.246
mzi,90,60,-0.939532,-2.243
mzi,89,60,-0.938857,-2.2414
mzi,88,60,-0.938534,-2.2406
mzi,87,60,-0.938431,-2.2403
mzi,86,60,-0.938392,-2.2402
mzi,85,60,-0.938368,-2.2402
mzi,84,60,-0.938341,-2.2401
mzi,83,60,-0.938307,-2.24
mzi,82,60,-0.938267,-2.2399
mzi,81,60,-0.938219,-2.2398
mzi,80,60,-0.938164,-2.2397
mzi,79,60,-0.9381,-2.2395
mzi,78,60,-0.938026,-2.2394
mzi,77,60,-0.937939,-2.2392
mzi,76,60,-0.937837,-2.2389
mzi,75,60,-0.937715,-2.2386
mzi,74,60,-0.937567,-2.2383
mzi,73,60,-0.937386,-2.2378
mzi,72,60,-0.937162,-2.2373
mzi,71,60,-0.936879,-2.2366
mzi,70,60,-0.936514,-2.2358
mzi,69,60,-0.936034,-2.2346
mzi,68,60,-0.935381,-2.2331
mzi,67,60,-0.934464,-2.2309
mzi,66,60,-0.933112,-2.2276
mzi,65,60,-0.930998,-2.2226
mzi,64,60,-0.927402,-2.214
mzi,63,60,-0.920523,-2.1976
mzi,62,60,-0.905068,-2.1607
mzi,61,60,-0.862438,-2.0589
mzi,60,60,-0.714219,-1.7051
mzi,126,61,1.51992,3.6285
mzi,125,61,-1.380349,-3.2953
mzi,124,61,0.121565,0.2902
mzi,123,61,-0.545691,-1.3027
mzi,122,61,0.180527,0.431
mzi,121,61,-0.764298,-1.8246
mzi,120,61,0.121956,0.2911
mzi,119,61,-0.099575,-0.2377
mzi,118,61,-0.320242,-0.7645
mzi,117,61,-0.714517,-1.7058
mzi,116,61,1.177595,2.8113
mzi,115,61,-0.711537,-1.6987
mzi,114,61,-0.039648,-0.0947
mzi,113,61,-0.131636,-0.3143
mzi,112,61,-0.866411,-2.0684
mzi,111,61,-0.372303,-0.8888
mzi,110,61,0.057633,0.1376
mzi,109,61,-0.735392,-1.7556
mzi,108,61,-0.131248,-0.3133
mzi,107,61,-0.156098,-0.3727
mzi,106,61,-0.748699,-1.7874
mzi,105,61,-0.223413,-0.5334
mzi,104,61,-0.150957,-0.3604
mzi,103,61,-0.590615,-1.41
mzi,102,61,-0.385496,-0.9203
mzi,101,61,-0.271427,-0.648
mzi,100,61,-0.567277,-1.3543
mzi,99,61,-0.670094,-1.5997
mzi,98,61,-0.688275,-1.6431
mzi,97,61,-0.706362,-1.6863
mzi,96,61,-0.746968,-1.7833
mzi,95,61,-0.817756,-1.9522
mzi,94,61,-0.87146,-2.0805
mzi,93,61,-0.894093,-2.1345
mzi,92,61,-0.901186,-2.1514
mzi,91,61,-0.902394,-2.1543
mzi,90,61,-0.902318,-2.1541
mzi,89,61,-0.901945,-2.1532
mzi,88,61,-0.901733,-2.1527
mzi,87,61,-0.901622,-2.1525
mzi,86,61,-0.90157,-2.1523
mzi,85,61,-0.901536,-2.1523
mzi,84,61,-0.901502,-2.1522
mzi,83,61,-0.901463,-2.1521
mzi,82,61,-0.901417,-2.152
mzi,81,61,-0.901363,-2.1518
mzi,80,61,-0.901301,-2.1517
mzi,79,61,-0.901229,-2.1515
mzi,78,61,-0.901145,-2.1513
mzi,77,61,-0.901045,-2.1511
mzi,76,61,-0.900926,-2.1508
mzi,75,61,-0.900781,-2.1505
mzi,74,61,-0.900605,-2.15
mzi,73,61,-0.900387,-2.1495
mzi,72,61,-0.900111,-2.1489
mzi,71,61,-0.899755,-2.148
mzi,70,61,-0.899286,-2.1469
mzi,69,61,-0.89865,-2.1454
mzi,68,61,-0.897756,-2.1432
mzi,67,61,-0.896439,-2.1401
mzi,66,61,-0.894381,-2.1352
mzi,65,61,-0.890883,-2.1268
mzi,64,61,-0.884194,-2.1109
mzi,63,61,-0.86913,-2.0749
mzi,62,61,-0.827242,-1.9749
mzi,61,61,-0.679026,-1.6211
mzi,126,62,0.869139,2.0749
mzi,125,62,-0.008692,-0.0207
mzi,124,62,-0.4816,-1.1497
mzi,123,62,-0.259853,-0.6204
mzi,122,62,0.359791,0.8589
mzi,121,62,-0.069282,-0.1654
mzi,120,62,-0.440736,-1.0522
mzi,119,62,-1.024233,-2.4452
mzi,118,62,1.067554,2.5486
mzi,117,62,-1.056523,-2.5223
mzi,116,62,0.204922,0.4892
mzi,115,62,-0.018854,-0.045
mzi,114,62,-0.010391,-0.0248
mzi,113,62,0.196954,0.4702
mzi,112,62,-0.961759,-2.296
mzi,111,62,-0.18827,-0.4495
mzi,110,62,-0.328061,-0.7832
mzi,109,62,-0.326793,-0.7802
mzi,108,62,-0.204928,-0.4892
mzi,107,62,0.115453,0.2756
mzi,106,62,-0.589301,-1.4069
mzi,105,62,-0.376243,-0.8982
mzi,104,62,-0.499991,-1.1936
mzi,103,62,-0.451392,-1.0776
mzi,102,62,-0.243278,-0.5808
mzi,101,62,-0.220476,-0.5263
mzi,100,62,-0.476371,-1.1373
mzi,99,62,-0.473977,-1.1315
mzi,98,62,-0.693423,-1.6554
mzi,97,62,-0.800716,-1.9116
mzi,96,62,-0.805757,-1.9236
mzi,95,62,-0.826298,-1.9726
mzi,94,62,-0.846315,-2.0204
mzi,93,62,-0.858238,-2.0489
mzi,92,62,-0.863023,-2.0603
mzi,91,62,-0.864805,-2.0646
mzi,90,62,-0.865049,-2.0652
mzi,89,62,-0.864987,-2.065
mzi,88,62,-0.864873,-2.0647
mzi,87,62,-0.864794,-2.0645
mzi,86,62,-0.864741,-2.0644
mzi,85,62,-0.8647,-2.0643
mzi,84,62,-0.864659,-2.0642
mzi,83,62,-0.864614,-2.0641
mzi,82,62,-0.864562,-2.064
mzi,81,62,-0.864502,-2.0638
mzi,80,62,-0.864432,-2.0637
mzi,79,62,-0.86435,-2.0635
mzi,78,62,-0.864252,-2.0632
mzi,77,62,-0.864136,-2.063
mzi,76,62,-0.863995,-2.0626
mzi,75,62,-0.863823,-2.0622
mzi,74,62,-0.86361,-2.0617
mzi,73,62,-0.863341,-2.0611
mzi,72,62,-0.862994,-2.0602
mzi,71,62,-0.862537,-2.0592
mzi,70,62,-0.861917,-2.0577
mzi,69,62,-0.861045,-2.0556
mzi,68,62,-0.859762,-2.0525
mzi,67,62,-0.857758,-2.0477
mzi,66,62,-0.854355,-2.0396
mzi,65,62,-0.84785,-2.0241
mzi,64,62,-0.833172,-1.9891
mzi,63,62,-0.792035,-1.8908
mzi,62,62,-0.643923,-1.5373
mzi,126,63,0.877788,2.0956
mzi,125,63,-0.974727,-2.327
mzi,124,63,0.248167,0.5925
mzi,123,63,-0.017321,-0.0414
mzi,122,63,0.111853,0.267
mzi,121,63,0.249477,0.5956
mzi,120,63,-0.629561,-1.503
mzi,119,63,-0.634788,-1.5154
mzi,118,63,0.43586,1.0405
mzi,117,63,-0.405642,-0.9684
mzi,116,63,0.384749,0.9185
mzi,115,63,-0.364281,-0.8697
mzi,114,63,-0.479144,-1.1439
mzi,113,63,0.540083,1.2894
mzi,112,63,-0.644595,-1.5389
mzi,111,63,-0.156237,-0.373
mzi,110,63,-0.450995,-1.0767
mzi,109,63,-0.31354,-0.7485
mzi,108,63,0.019464,0.0465
mzi,107,63,-0.205629,-0.4909
mzi,106,63,0.256467,0.6123
mzi,105,63,-0.520802,-1.2433
mzi,104,63,-0.705256,-1.6837
mzi,103,63,-0.557652,-1.3313
mzi,102,63,0.047069,0.1124
mzi,101,63,-0.482347,-1.1515
mzi,100,63,-0.258317,-0.6167
mzi,99,63,-0.278316,-0.6644
mzi,98,63,-0.826475,-1.9731
mzi,97,63,-0.850225,-2.0298
mzi,96,63,-0.824955,-1.9694
mzi,95,63,-0.815536,-1.9469
mzi,94,63,-0.818897,-1.955
mzi,93,63,-0.823296,-1.9655
mzi,92,63,-0.826488,-1.9731
mzi,91,63,-0.82766,-1.9759
mzi,90,63,-0.828033,-1.9768
mzi,89,63,-0.828063,-1.9769
mzi,88,63,-0.828009,-1.9767
mzi,87,63,-0.82795,-1.9766
mzi,86,63,-0.827902,-1.9765
mzi,85,63,-0.827858,-1.9764
mzi,84,63,-0.827812,-1.9763
mzi,83,63,-0.827761,-1.9761
mzi,82,63,-0.827703,-1.976
mzi,81,63,-0.827634,-1.9758
mzi,80,63,-0.827554,-1.9756
mzi,79,63,-0.827459,-1.9754
mzi,78,63,-0.827345,-1.9751
mzi,77,63,-0.827208,-1.9748
mzi,76,63,-0.827041,-1.9744
mzi,75,63,-0.826832,-1.9739
mzi,74,63,-0.82657,-1.9733
mzi,73,63,-0.826232,-1.9725
mzi,72,63,-0.825786,-1.9714
mzi,71,63,-0.825181,-1.97
mzi,70,63,-0.824331,-1.9679
mzi,69,63,-0.823081,-1.965
mzi,68,63,-0.82113,-1.9603
mzi,67,63,-0.817819,-1.9524
mzi,66,63,-0.811492,-1.9373
mzi,65,63,-0.797193,-1.9032
mzi,64,63,-0.756815,-1.8068
mzi,63,63,-0.608908,-1.4537
mzi,126,64,-1.290204,-3.0801
mzi,125,64,0.629183,1.5021
mzi,124,64,-0.738868,-1.7639
mzi,123,64,-0.458676,-1.095
mzi,122,64,0.933597,2.2288
mzi,121,64,0.508233,1.2133
mzi,120,64,-0.48397,-1.1554
mzi,119,64,-0.255236,-0.6093
mzi,118,64,-0.353401,-0.8437
mzi,117,64,-0.481467,-1.1494
mzi,116,64,0.600987,1.4348
mzi,115,64,-0.240143,-0.5733
mzi,114,64,-0.236367,-0.5643
mzi,113,64,-0.025518,-0.0609
mzi,112,64,-0.310342,-0.7409
mzi,111,64,0.118138,0.282
mzi,110,64,-0.533811,-1.2744
mzi,109,64,-0.189822,-0.4532
mzi,108,64,0.060398,0.1442
mzi,107,64,-0.600829,-1.4344
mzi,106,64,0.664953,1.5875
mzi,105,64,-0.375502,-0.8964
mzi,104,64,-0.894691,-2.1359
mzi,103,64,-0.292966,-0.6994
mzi,102,64,-0.007858,-0.0188
mzi,101,64,-0.721974,-1.7236
mzi,100,64,0.486314,1.161
mzi,99,64,-0.607874,-1.4512
mzi,98,64,-0.93418,-2.2302
mzi,97,64,-0.861891,-2.0576
mzi,96,64,-0.810993,-1.9361
mzi,95,64,-0.791827,-1.8903
mzi,94,64,-0.78742,-1.8798
mzi,93,64,-0.788724,-1.8829
mzi,92,64,-0.790041,-1.8861
mzi,91,64,-0.790826,-1.888
mzi,90,64,-0.791123,-1.8887
mzi,89,64,-0.791177,-1.8888
mzi,88,64,-0.791149,-1.8887
mzi,87,64,-0.791105,-1.8886
mzi,86,64,-0.791058,-1.8885
mzi,85,64,-0.791011,-1.8884
mzi,84,64,-0.79096,-1.8883
mzi,83,64,-0.790903,-1.8881
mzi,82,64,-0.790836,-1.888
mzi,81,64,-0.790758,-1.8878
mzi,80,64,-0.790665,-1.8876
mzi,79,64,-0.790554,-1.8873
mzi,78,64,-0.79042,-1.887
mzi,77,64,-0.790257,-1.8866
mzi,76,64,-0.790054,-1.8861
mzi,75,64,-0.789798,-1.8855
mzi,74,64,-0.789468,-1.8847
mzi,73,64,-0.789033,-1.8837
mzi,72,64,-0.788444,-1.8823
mzi,71,64,-0.787615,-1.8803
mzi,70,64,-0.786397,-1.8774
mzi,69,64,-0.784496,-1.8728
mzi,68,64,-0.781274,-1.8652
mzi,67,64,-0.775121,-1.8505
mzi,66,64,-0.761193,-1.8172
mzi,65,64,-0.721582,-1.7226
mzi,64,64,-0.573978,-1.3703
mzi,126,65,-1.771318,-4.2287
mzi,125,65,1.87365,4.473
mzi,124,65,-0.520023,-1.2415
mzi,123,65,-0.944337,-2.2544
mzi,122,65,1.45452,3.4724
mzi,121,65,-0.442328,-1.056
mzi,120,65,0.311992,0.7448
mzi,119,65,0.10506,0.2508
mzi,118,65,0.204988,0.4894
mzi,117,65,-0.755138,-1.8028
mzi,116,65,-0.01887,-0.045
mzi,115,65,-0.231281,-0.5521
mzi,114,65,0.065829,0.1572
mzi,113,65,0.020286,0.0484
mzi,112,65,-0.137006,-0.3271
mzi,111,65,0.000218,0.0005
mzi,110,65,-0.609607,-1.4553
mzi,109,65,0.571275,1.3638
mzi,108,65,-0.221868,-0.5297
mzi,107,65,-0.585054,-1.3967
mzi,106,65,0.29563,0.7058
mzi,105,65,-0.482691,-1.1523
mzi,104,65,-0.773214,-1.8459
mzi,103,65,0.486927,1.1625
mzi,102,65,-0.404513,-0.9657
mzi,101,65,-1.011883,-2.4157
mzi,100,65,0.986008,2.3539
mzi,99,65,-0.825194,-1.97
mzi,98,65,-0.895451,-2.1377
mzi,97,65,-0.821158,-1.9604
mzi,96,65,-0.778382,-1.8583
mzi,95,65,-0.759442,-1.813
mzi,94,65,-0.754128,-1.8003
mzi,93,65,-0.753353,-1.7985
mzi,92,65,-0.753711,-1.7994
mzi,91,65,-0.754102,-1.8003
mzi,90,65,-0.754273,-1.8007
mzi,89,65,-0.754314,-1.8008
mzi,88,65,-0.754296,-1.8007
mzi,87,65,-0.754257,-1.8007
mzi,86,65,-0.754211,-1.8005
mzi,85,65,-0.75416,-1.8004
mzi,84,65,-0.754103,-1.8003
mzi,83,65,-0.754037,-1.8001
mzi,82,65,-0.753961,-1.7999
mzi,81,65,-0.75387,-1.7997
mzi,80,65,-0.753762,-1.7995
mzi,79,65,-0.753632,-1.7992
mzi,78,65,-0.753472,-1.7988
mzi,77,65,-0.753274,-1.7983
mzi,76,65,-0.753025,-1.7977
mzi,75,65,-0.752703,-1.7969
mzi,74,65,-0.752279,-1.7959
mzi,73,65,-0.751704,-1.7946
mzi,72,65,-0.750896,-1.7926
mzi,71,65,-0.749709,-1.7898
mzi,70,65,-0.747858,-1.7854
mzi,69,65,-0.744722,-1.7779
mzi,68,65,-0.738738,-1.7636
mzi,67,65,-0.725174,-1.7312
mzi,66,65,-0.686334,-1.6385
mzi,65,65,-0.53913,-1.2871
mzi,126,66,0.59581,1.4224
mzi,125,66,-0.250674,-0.5984
mzi,124,66,0.587715,1.4031
mzi,123,66,-0.415834,-0.9927
mzi,122,66,0.721834,1.7233
mzi,121,66,0.301625,0.7201
mzi,120,66,-0.376371,-0.8985
mzi,119,66,0.088653,0.2116
mzi,118,66,-0.06069,-0.1449
mzi,117,66,0.073399,0.1752
mzi,116,66,-0.084736,-0.2023
mzi,115,66,-0.492268,-1.1752
mzi,114,66,0.150999,0.3605
mzi,113,66,-0.219116,-0.5231
mzi,112,66,0.067381,0.1609
mzi,111,66,0.43069,1.0282
mzi,110,66,-1.022434,-2.4409
mzi,109,66,0.608442,1.4525
mzi,108,66,-0.078612,-0.1877
mzi,107,66,-0.271035,-0.647
mzi,106,66,0.23217,0.5543
mzi,105,66,-0.664932,-1.5874
mzi,104,66,-0.824773,-1.969
mzi,103,66,0.905234,2.1611
mzi,102,66,-0.677726,-1.618
mzi,101,66,-0.601559,-1.4361
mzi,100,66,0.429929,1.0264
mzi,99,66,-0.658707,-1.5725
mzi,98,66,-0.790069,-1.8862
mzi,97,66,-0.760244,-1.8149
mzi,96,66,-0.734672,-1.7539
mzi,95,66,-0.722448,-1.7247
mzi,94,66,-0.718373,-1.715
mzi,93,66,-0.717265,-1.7123
mzi,92,66,-0.717272,-1.7124
mzi,91,66,-0.717382,-1.7126
mzi,90,66,-0.717456,-1.7128
mzi,89,66,-0.717471,-1.7128
mzi,88,66,-0.717448,-1.7128
mzi,87,66,-0.717408,-1.7127
mzi,86,66,-0.717359,-1.7126
mzi,85,66,-0.717303,-1.7124
mzi,84,66,-0.717239,-1.7123
mzi,83,66,-0.717164,-1.7121
mzi,82,66,-0.717076,-1.7119
mzi,81,66,-0.71697,-1.7116
mzi,80,66,-0.716843,-1.7113
mzi,79,66,-0.716687,-1.711
mzi,78,66,-0.716494,-1.7105
mzi,77,66,-0.71625,-1.7099
mzi,76,66,-0.715937,-1.7092
mzi,75,66,-0.715523,-1.7082
mzi,74,66,-0.714962,-1.7068
mzi,73,66,-0.714175,-1.705
mzi,72,66,-0.713018,-1.7022
mzi,71,66,-0.711215,-1.6979
mzi,70,66,-0.708162,-1.6906
mzi,69,66,-0.702342,-1.6767
mzi,68,66,-0.689137,-1.6452
mzi,67,66,-0.651071,-1.5543
mzi,66,66,-0.504363,-1.2041
mzi,126,67,0.118,0.2817
mzi,125,67,-0.420734,-1.0044
mzi,124,67,1.095264,2.6148
mzi,123,67,0.078756,0.188
mzi,122,67,0.149541,0.357
mzi,121,67,0.395337,0.9438
mzi,120,67,0.246566,0.5886
mzi,119,67,-0.143066,-0.3415
mzi,118,67,-0.223306,-0.5331
mzi,117,67,0.515793,1.2314
mzi,116,67,-0.410087,-0.979
mzi,115,67,-0.284455,-0.6791
mzi,114,67,0.090383,0.2158
mzi,113,67,-0.175427,-0.4188
mzi,112,67,-0.136644,-0.3262
mzi,111,67,0.485009,1.1579
mzi,110,67,-0.525093,-1.2536
mzi,109,67,0.529756,1.2647
mzi,108,67,-0.394068,-0.9408
mzi,107,67,-0.042179,-0.1007
mzi,106,67,0.262376,0.6264
mzi,105,67,-0.565364,-1.3497
mzi,104,67,-0.480203,-1.1464
mzi,103,67,0.454224,1.0844
mzi,102,67,-0.455422,-1.0872
mzi,101,67,-0.270455,-0.6457
mzi,100,67,-0.081369,-0.1943
mzi,99,67,-0.613311,-1.4642
mzi,98,67,-0.694885,-1.6589
mzi,97,67,-0.696118,-1.6619
mzi,96,67,-0.68849,-1.6436
mzi,95,67,-0.684394,-1.6339
mzi,94,67,-0.681678,-1.6274
mzi,93,67,-0.680839,-1.6254
mzi,92,67,-0.680611,-1.6248
mzi,91,67,-0.680619,-1.6249
mzi,90,67,-0.680641,-1.6249
mzi,89,67,-0.680633,-1.6249
mzi,88,67,-0.680601,-1.6248
mzi,87,67,-0.680556,-1.6247
mzi,86,67,-0.680502,-1.6246
mzi,85,67,-0.68044,-1.6244
mzi,84,67,-0.680366,-1.6243
mzi,83,67,-0.68028,-1.624
mzi,82,67,-0.680177,-1.6238
mzi,81,67,-0.680053,-1.6235
mzi,80,67,-0.679901,-1.6231
mzi,79,67,-0.679713,-1.6227
mzi,78,67,-0.679475,-1.6221
mzi,77,67,-0.679169,-1.6214
mzi,76,67,-0.678766,-1.6204
mzi,75,67,-0.678219,-1.6191
mzi,74,67,-0.677451,-1.6173
mzi,73,67,-0.676324,-1.6146
mzi,72,67,-0.674567,-1.6104
mzi,71,67,-0.671596,-1.6033
mzi,70,67,-0.665935,-1.5898
mzi,69,67,-0.65308,-1.5591
mzi,68,67,-0.615792,-1.4701
mzi,67,67,-0.469674,-1.1213
mzi,126,68,-1.974665,-4.7142
mzi,125,68,-0.219384,-0.5237
mzi,124,68,0.782787,1.8688
mzi,123,68,-0.331889,-0.7923
mzi,122,68,0.758013,1.8096
mzi,121,68,0.29051,0.6935
mzi,120,68,0.71392,1.7044
mzi,119,68,0.065282,0.1558
mzi,118,68,-0.518261,-1.2373
mzi,117,68,0.387172,0.9243
mzi,116,68,-0.128343,-0.3064
mzi,115,68,-0.509361,-1.216
mzi,114,68,0.775763,1.852
mzi,113,68,-0.699417,-1.6697
mzi,112,68,0.148784,0.3552
mzi,111,68,0.212007,0.5061
mzi,110,68,-0.28411,-0.6783
mzi,109,68,0.462667,1.1045
mzi,108,68,-0.236107,-0.5637
mzi,107,68,-0.101046,-0.2412
mzi,106,68,0.371899,0.8878
mzi,105,68,-0.746981,-1.7833
mzi,104,68,-0.53,-1.2653
mzi,103,68,1.039957,2.4827
mzi,102,68,-0.422145,-1.0078
mzi,101,68,-0.385367,-0.92
mzi,100,68,-0.42086,-1.0047
mzi,99,68,-0.563036,-1.3441
mzi,98,68,-0.635394,-1.5169
mzi,97,68,-0.646596,-1.5436
mzi,96,68,-0.647965,-1.5469
mzi,95,68,-0.645539,-1.5411
mzi,94,68,-0.644539,-1.5387
mzi,93,68,-0.644025,-1.5375
mzi,92,68,-0.643874,-1.5371
mzi,91,68,-0.643835,-1.537
mzi,90,68,-0.643817,-1.537
mzi,89,68,-0.643791,-1.5369
mzi,88,68,-0.643752,-1.5368
mzi,87,68,-0.643701,-1.5367
mzi,86,68,-0.64364,-1.5366
mzi,85,68,-0.643569,-1.5364
mzi,84,68,-0.643484,-1.5362
mzi,83,68,-0.643384,-1.536
mzi,82,68,-0.643263,-1.5357
mzi,81,68,-0.643115,-1.5353
mzi,80,68,-0.642931,-1.5349
mzi,79,68,-0.642699,-1.5343
mzi,78,68,-0.642401,-1.5336
mzi,77,68,-0.642008,-1.5327
mzi,76,68,-0.641474,-1.5314
mzi,75,68,-0.640726,-1.5296
mzi,74,68,-0.639627,-1.527
mzi,73,68,-0.637915,-1.5229
mzi,72,68,-0.635023,-1.516
mzi,71,68,-0.629517,-1.5029
mzi,70,68,-0.617006,-1.473
mzi,69,68,-0.580498,-1.3858
mzi,68,68,-0.43506,-1.0386
mzi,126,69,-0.278827,-0.6656
mzi,125,69,-0.184079,-0.4395
mzi,124,69,0.715889,1.7091
mzi,123,69,0.308389,0.7362
mzi,122,69,0.079392,0.1895
mzi,121,69,0.48767,1.1642
mzi,120,69,0.222933,0.5322
mzi,119,69,0.193103,0.461
mzi,118,69,-0.354029,-0.8452
mzi,117,69,0.765062,1.8265
mzi,116,69,-0.378769,-0.9042
mzi,115,69,-0.281645,-0.6724
mzi,114,69,0.600851,1.4344
mzi,113,69,-0.27807,-0.6638
mzi,112,69,0.219196,0.5233
mzi,111,69,-0.116039,-0.277
mzi,110,69,0.178691,0.4266
mzi,109,69,0.315208,0.7525
mzi,108,69,-0.438678,-1.0473
mzi,107,69,0.403028,0.9622
mzi,106,69,0.074252,0.1773
mzi,105,69,-0.499955,-1.1936
mzi,104,69,-0.268075,-0.64
mzi,103,69,0.182814,0.4364
mzi,102,69,0.198238,0.4733
mzi,101,69,-0.380052,-0.9073
mzi,100,69,-0.554668,-1.3242
mzi,99,69,-0.58645,-1.4
mzi,98,69,-0.59462,-1.4196
mzi,97,69,-0.606215,-1.4472
mzi,96,69,-0.607896,-1.4512
mzi,95,69,-0.608065,-1.4516
mzi,94,69,-0.607494,-1.4503
mzi,93,69,-0.607179,-1.4495
mzi,92,69,-0.607056,-1.4492
mzi,91,69,-0.607014,-1.4491
mzi,90,69,-0.606984,-1.4491
mzi,89,69,-0.606946,-1.449
mzi,88,69,-0.606898,-1.4489
mzi,87,69,-0.60684,-1.4487
mzi,86,69,-0.60677,-1.4486
mzi,85,69,-0.606688,-1.4484
mzi,84,69,-0.60659,-1.4481
mzi,83,69,-0.606472,-1.4478
mzi,82,69,-0.606328,-1.4475
mzi,81,69,-0.606149,-1.4471
mzi,80,69,-0.605922,-1.4465
mzi,79,69,-0.605631,-1.4458
mzi,78,69,-0.605248,-1.4449
mzi,77,69,-0.604728,-1.4437
mzi,76,69,-0.603998,-1.4419
mzi,75,69,-0.602927,-1.4394
mzi,74,69,-0.60126,-1.4354
mzi,73,69,-0.598444,-1.4287
mzi,72,69,-0.593089,-1.4159
mzi,71,69,-0.580914,-1.3868
mzi,70,69,-0.545187,-1.3015
mzi,69,69,-0.400521,-0.9562
mzi,126,70,2.090077,4.9897
mzi,125,70,1.020065,2.4352
mzi,124,70,-0.447478,-1.0683
mzi,123,70,0.783444,1.8703
mzi,122,70,0.685999,1.6377
mzi,121,70,-0.118288,-0.2824
mzi,120,70,0.570717,1.3625
mzi,119,70,0.039072,0.0933
mzi,118,70,-0.347615,-0.8299
mzi,117,70,0.391564,0.9348
mzi,116,70,-0.091124,-0.2175
mzi,115,70,0.185154,0.442
mzi,114,70,-0.004569,-0.0109
mzi,113,70,0.146822,0.3505
mzi,112,70,0.468479,1.1184
mzi,111,70,-0.233584,-0.5576
mzi,110,70,0.626038,1.4946
mzi,109,70,-0.119312,-0.2848
mzi,108,70,-0.386816,-0.9235
mzi,107,70,0.359435,0.8581
mzi,106,70,0.29495,0.7041
mzi,105,70,-0.356528,-0.8511
mzi,104,70,-0.124469,-0.2971
mzi,103,70,0.145374,0.3471
mzi,102,70,-0.185904,-0.4438
mzi,101,70,-0.373223,-0.891
mzi,100,70,-0.487819,-1.1646
mzi,99,70,-0.539653,-1.2883
mzi,98,70,-0.565881,-1.3509
mzi,97,70,-0.569971,-1.3607
mzi,96,70,-0.571028,-1.3632
mzi,95,70,-0.570749,-1.3626
mzi,94,70,-0.570474,-1.3619
mzi,93,70,-0.570312,-1.3615
mzi,92,70,-0.570232,-1.3613
mzi,91,70,-0.570183,-1.3612
mzi,90,70,-0.570141,-1.3611
mzi,89,70,-0.570095,-1.361
mzi,88,70,-0.570039,-1.3609
mzi,87,70,-0.569972,-1.3607
mzi,86,70,-0.569892,-1.3605
mzi,85,70,-0.569796,-1.3603
mzi,84,70,-0.569681,-1.36
mzi,83,70,-0.56954,-1.3597
mzi,82,70,-0.569365,-1.3593
mzi,81,70,-0.569145,-1.3587
mzi,80,70,-0.568861,-1.3581
mzi,79,70,-0.568487,-1.3572
mzi,78,70,-0.56798,-1.356
mzi,77,70,-0.567268,-1.3543
mzi,76,70,-0.566225,-1.3518
mzi,75,70,-0.5646,-1.3479
mzi,74,70,-0.561859,-1.3413
mzi,73,70,-0.55665,-1.3289
mzi,72,70,-0.544805,-1.3006
mzi,71,70,-0.50986,-1.2172
mzi,70,70,-0.366053,-0.8739
mzi,126,71,-0.457558,-1.0923
mzi,125,71,1.792968,4.2804
mzi,124,71,-1.119478,-2.6726
mzi,123,71,1.702955,4.0655
mzi,122,71,-0.128965,-0.3079
mzi,121,71,0.36919,0.8814
mzi,120,71,0.578898,1.382
mzi,119,71,0.151432,0.3615
mzi,118,71,-0.487367,-1.1635
mzi,117,71,0.794637,1.8971
mzi,116,71,-0.241006,-0.5754
mzi,115,71,0.315421,0.753
mzi,114,71,-0.050946,-0.1216
mzi,113,71,-0.008335,-0.0199
mzi,112,71,0.755954,1.8047
mzi,111,71,-0.503153,-1.2012
mzi,110,71,0.977887,2.3345
mzi,109,71,-0.020013,-0.0478
mzi,108,71,-0.284245,-0.6786
mzi,107,71,0.282399,0.6742
mzi,106,71,0.238005,0.5682
mzi,105,71,-0.345803,-0.8255
mzi,104,71,0.104847,0.2503
mzi,103,71,0.260116,0.621
mzi,102,71,-0.353642,-0.8443
mzi,101,71,-0.47231,-1.1276
mzi,100,71,-0.488738,-1.1668
mzi,99,71,-0.515056,-1.2296
mzi,98,71,-0.52701,-1.2581
mzi,97,71,-0.53242,-1.2711
mzi,96,71,-0.533672,-1.274
mzi,95,71,-0.533712,-1.2741
mzi,94,71,-0.533576,-1.2738
mzi,93,71,-0.533466,-1.2736
mzi,92,71,-0.533392,-1.2734
mzi,91,71,-0.53334,-1.2733
mzi,90,71,-0.533292,-1.2731
mzi,89,71,-0.533237,-1.273
mzi,88,71,-0.533172,-1.2729
mzi,87,71,-0.533095,-1.2727
mzi,86,71,-0.533001,-1.2724
mzi,85,71,-0.532889,-1.2722
mzi,84,71,-0.532752,-1.2719
mzi,83,71,-0.532581,-1.2714
mzi,82,71,-0.532366,-1.2709
mzi,81,71,-0.532089,-1.2703
mzi,80,71,-0.531725,-1.2694
mzi,79,71,-0.53123,-1.2682
mzi,78,71,-0.530537,-1.2666
mzi,77,71,-0.52952,-1.2641
mzi,76,71,-0.527937,-1.2604
mzi,75,71,-0.525269,-1.254
mzi,74,71,-0.520202,-1.2419
mzi,73,71,-0.50868,-1.2144
mzi,72,71,-0.474515,-1.1328
mzi,71,71,-0.331655,-0.7918
mzi,126,72,-0.808691,-1.9306
mzi,125,72,0.65684,1.5681
mzi,124,72,0.348831,0.8328
mzi,123,72,0.645339,1.5406
mzi,122,72,0.644268,1.5381
mzi,121,72,-0.164547,-0.3928
mzi,120,72,0.27688,0.661
mzi,119,72,0.416044,0.9932
mzi,118,72,-0.621017,-1.4826
mzi,117,72,1.115785,2.6637
mzi,116,72,-0.30565,-0.7297
mzi,115,72,0.37362,0.892
mzi,114,72,0.088909,0.2123
mzi,113,72,0.169092,0.4037
mzi,112,72,0.326679,0.7799
mzi,111,72,-0.019763,-0.0472
mzi,110,72,0.608186,1.4519
mzi,109,72,0.27301,0.6518
mzi,108,72,-0.264534,-0.6315
mzi,107,72,0.560029,1.337
mzi,106,72,0.049712,0.1187
mzi,105,72,-0.422182,-1.0079
mzi,104,72,0.432268,1.032
mzi,103,72,0.083414,0.1991
mzi,102,72,-0.464714,-1.1094
mzi,101,72,-0.467018,-1.1149
mzi,100,72,-0.47795,-1.141
mzi,99,72,-0.489413,-1.1684
mzi,98,72,-0.4942,-1.1798
mzi,97,72,-0.496102,-1.1844
mzi,96,72,-0.49659,-1.1855
mzi,95,72,-0.496709,-1.1858
mzi,94,72,-0.496672,-1.1857
mzi,93,72,-0.496603,-1.1856
mzi,92,72,-0.496544,-1.1854
mzi,91,72,-0.496492,-1.1853
mzi,90,72,-0.496436,-1.1852
mzi,89,72,-0.496373,-1.185
mzi,88,72,-0.496297,-1.1848
mzi,87,72,-0.496206,-1.1846
mzi,86,72,-0.496097,-1.1843
mzi,85,72,-0.495963,-1.184
mzi,84,72,-0.495797,-1.1836
mzi,83,72,-0.495587,-1.1831
mzi,82,72,-0.495317,-1.1825
mzi,81,72,-0.494961,-1.1816
mzi,80,72,-0.49448,-1.1805
mzi,79,72,-0.493804,-1.1789
mzi,78,72,-0.492812,-1.1765
mzi,77,72,-0.491271,-1.1728
mzi,76,72,-0.488673,-1.1666
mzi,75,72,-0.483745,-1.1549
mzi,74,72,-0.472539,-1.1281
mzi,73,72,-0.439154,-1.0484
mzi,72,72,-0.297324,-0.7098
mzi,126,73,-1.692246,-4.0399
mzi,125,73,0.676325,1.6146
mzi,124,73,0.827034,1.9744
mzi,123,73,-0.219465,-0.5239
mzi,122,73,1.306185,3.1183
mzi,121,73,-0.229611,-0.5482
mzi,120,73,0.913782,2.1815
mzi,119,73,-0.385261,-0.9197
mzi,118,73,-0.303633,-0.7249
mzi,117,73,1.238826,2.9575
mzi,116,73,-0.326273,-0.7789
mzi,115,73,0.607852,1.4511
mzi,114,73,-0.035744,-0.0853
mzi,113,73,0.222471,0.5311
mzi,112,73,0.330765,0.7896
mzi,111,73,0.080738,0.1927
mzi,110,73,0.552589,1.3192
mzi,109,73,0.247008,0.5897
mzi,108,73,-0.408716,-0.9757
mzi,107,73,1.204778,2.8762
mzi,106,73,-0.373765,-0.8923
mzi,105,73,-0.411819,-0.9831
mzi,104,73,0.794992,1.8979
mzi,103,73,-0.19582,-0.4675
mzi,102,73,-0.456619,-1.0901
mzi,101,73,-0.45777,-1.0928
mzi,100,73,-0.459961,-1.0981
mzi,99,73,-0.457423,-1.092
mzi,98,73,-0.458838,-1.0954
mzi,97,73,-0.459454,-1.0969
mzi,96,73,-0.459795,-1.0977
mzi,95,73,-0.459847,-1.0978
mzi,94,73,-0.459802,-1.0977
mzi,93,73,-0.459746,-1.0976
mzi,92,73,-0.459692,-1.0974
mzi,91,73,-0.459636,-1.0973
mzi,90,73,-0.459573,-1.0971
mzi,89,73,-0.459499,-1.097
mzi,88,73,-0.459411,-1.0968
mzi,87,73,-0.459304,-1.0965
mzi,86,73,-0.459173,-1.0962
mzi,85,73,-0.459011,-1.0958
mzi,84,73,-0.458807,-1.0953
mzi,83,73,-0.458544,-1.0947
mzi,82,73,-0.458197,-1.0939
mzi,81,73,-0.457727,-1.0927
mzi,80,73,-0.457069,-1.0912
mzi,79,73,-0.456102,-1.0889
mzi,78,73,-0.454601,-1.0853
mzi,77,73,-0.452072,-1.0792
mzi,76,73,-0.44728,-1.0678
mzi,75,73,-0.436383,-1.0418
mzi,74,73,-0.403774,-0.9639
mzi,73,73,-0.263059,-0.628
mzi,126,74,-1.239713,-2.9596
mzi,125,74,1.937101,4.6245
mzi,124,74,0.768979,1.8358
mzi,123,74,-0.603747,-1.4413
mzi,122,74,1.950275,4.6559
mzi,121,74,-1.178492,-2.8134
mzi,120,74,1.675476,3.9999
mzi,119,74,-0.292049,-0.6972
mzi,118,74,-0.153777,-0.3671
mzi,117,74,0.65662,1.5676
mzi,116,74,0.017077,0.0408
mzi,115,74,0.565048,1.349
mzi,114,74,0.371656,0.8873
mzi,113,74,0.215577,0.5147
mzi,112,74,0.533049,1.2726
mzi,111,74,0.006848,0.0163
mzi,110,74,0.348131,0.8311
mzi,109,74,0.460102,1.0984
mzi,108,74,-0.31421,-0.7501
mzi,107,74,0.78222,1.8674
mzi,106,74,-0.135445,-0.3234
mzi,105,74,-0.110006,-0.2626
mzi,104,74,0.612306,1.4618
mzi,103,74,-0.295936,-0.7065
mzi,102,74,-0.423782,-1.0117
mzi,101,74,-0.436829,-1.0429
mzi,100,74,-0.42466,-1.0138
mzi,99,74,-0.423389,-1.0108
mzi,98,74,-0.422608,-1.0089
mzi,97,74,-0.422829,-1.0094
mzi,96,74,-0.422969,-1.0098
mzi,95,74,-0.422984,-1.0098
mzi,94,74,-0.422944,-1.0097
mzi,93,74,-0.422892,-1.0096
mzi,92,74,-0.422836,-1.0094
mzi,91,74,-0.422773,-1.0093
mzi,90,74,-0.422701,-1.0091
mzi,89,74,-0.422615,-1.0089
mzi,88,74,-0.422511,-1.0087
mzi,87,74,-0.422383,-1.0084
mzi,86,74,-0.422225,-1.008
mzi,85,74,-0.422026,-1.0075
mzi,84,74,-0.42177,-1.0069
mzi,83,74,-0.421432,-1.0061
mzi,82,74,-0.420974,-1.005
mzi,81,74,-0.420332,-1.0035
mzi,80,74,-0.419391,-1.0012
mzi,79,74,-0.417928,-0.9977
mzi,78,74,-0.415467,-0.9919
mzi,77,74,-0.410806,-0.9807
mzi,76,74,-0.400212,-0.9554
mzi,75,74,-0.368377,-0.8794
mzi,74,74,-0.228858,-0.5464
mzi,126,75,-0.545206,-1.3016
mzi,125,75,-0.052335,-0.1249
mzi,124,75,1.981722,4.731
mzi,123,75,0.127696,0.3049
mzi,122,75,-0.043762,-0.1045
mzi,121,75,0.851895,2.0337
mzi,120,75,0.570161,1.3612
mzi,119,75,0.045112,0.1077
mzi,118,75,0.213491,0.5097
mzi,117,75,0.522866,1.2482
mzi,116,75,0.053141,0.1269
mzi,115,75,0.442344,1.056
mzi,114,75,0.118492,0.2829
mzi,113,75,0.662861,1.5825
mzi,112,75,0.908226,2.1682
mzi,111,75,-0.525197,-1.2538
mzi,110,75,1.152347,2.751
mzi,109,75,-0.255611,-0.6102
mzi,108,75,0.281238,0.6714
mzi,107,75,0.35216,0.8407
mzi,106,75,-0.159167,-0.38
mzi,105,75,0.597769,1.4271
mzi,104,75,-0.05652,-0.1349
mzi,103,75,-0.292619,-0.6986
mzi,102,75,-0.388844,-0.9283
mzi,101,75,-0.389368,-0.9295
mzi,100,75,-0.389109,-0.9289
mzi,99,75,-0.386392,-0.9224
mzi,98,75,-0.386104,-0.9218
mzi,97,75,-0.386139,-0.9218
mzi,96,75,-0.386154,-0.9219
mzi,95,75,-0.386128,-0.9218
mzi,94,75,-0.386087,-0.9217
mzi,93,75,-0.386035,-0.9216
mzi,92,75,-0.385974,-0.9214
mzi,91,75,-0.385903,-0.9213
mzi,90,75,-0.385818,-0.9211
mzi,89,75,-0.385717,-0.9208
mzi,88,75,-0.385593,-0.9205
mzi,87,75,-0.385439,-0.9202
mzi,86,75,-0.385245,-0.9197
mzi,85,75,-0.384995,-0.9191
mzi,84,75,-0.384665,-0.9183
mzi,83,75,-0.384219,-0.9173
mzi,82,75,-0.383594,-0.9158
mzi,81,75,-0.382677,-0.9136
mzi,80,75,-0.381252,-0.9102
mzi,79,75,-0.378857,-0.9045
mzi,78,75,-0.374324,-0.8936
mzi,77,75,-0.364027,-0.869
mzi,76,75,-0.332963,-0.7949
mzi,75,75,-0.194719,-0.4649
mzi,126,76,1.713359,4.0903
mzi,125,76,-0.828473,-1.9778
mzi,124,76,1.111112,2.6526
mzi,123,76,0.738709,1.7635
mzi,122,76,-1.700335,-4.0593
mzi,121,76,2.924709,6.9822
mzi,120,76,-0.287882,-0.6873
mzi,119,76,0.276846,0.6609
mzi,118,76,0.340119,0.812
mzi,117,76,0.665089,1.5878
mzi,116,76,0.261205,0.6236
mzi,115,76,0.311268,0.7431
mzi,114,76,0.256865,0.6132
mzi,113,76,-0.435621,-1.04
mzi,112,76,1.582177,3.7772
mzi,111,76,-0.441405,-1.0538
mzi,110,76,1.254285,2.9944
mzi,109,76,-0.256144,-0.6115
mzi,108,76,0.834362,1.9919
mzi,107,76,-0.13191,-0.3149
mzi,106,76,-0.008369,-0.02
mzi,105,76,0.798731,1.9068
mzi,104,76,-0.239374,-0.5715
mzi,103,76,-0.394737,-0.9424
mzi,102,76,-0.356189,-0.8503
mzi,101,76,-0.351283,-0.8386
mzi,100,76,-0.34907,-0.8333
mzi,99,76,-0.349325,-0.834
mzi,98,76,-0.349366,-0.834
mzi,97,76,-0.349347,-0.834
mzi,96,76,-0.349317,-0.8339
mzi,95,76,-0.349281,-0.8338
mzi,94,76,-0.349233,-0.8337
mzi,93,76,-0.349174,-0.8336
mzi,92,76,-0.349104,-0.8334
mzi,91,76,-0.349022,-0.8332
mzi,90,76,-0.348923,-0.833
mzi,89,76,-0.348802,-0.8327
mzi,88,76,-0.348652,-0.8323
mzi,87,76,-0.348463,-0.8319
mzi,86,76,-0.348219,-0.8313
mzi,85,76,-0.347898,-0.8305
mzi,84,76,-0.347464,-0.8295
mzi,83,76,-0.346854,-0.8281
mzi,82,76,-0.345961,-0.8259
mzi,81,76,-0.344574,-0.8226
mzi,80,76,-0.342242,-0.817
mzi,79,76,-0.337835,-0.8065
mzi,78,76,-0.327828,-0.7826
mzi,77,76,-0.29753,-0.7103
mzi,76,76,-0.16064,-0.3835
mzi,126,77,1.967577,4.6972
mzi,125,77,-0.111564,-0.2663
mzi,124,77,1.434655,3.425
mzi,123,77,-0.334271,-0.798
mzi,122,77,1.217982,2.9077
mzi,121,77,0.989542,2.3624
mzi,120,77,-0.048014,-0.1146
mzi,119,77,0.779958,1.862
mzi,118,77,-0.155263,-0.3707
mzi,117,77,1.293034,3.0869
mzi,116,77,-0.497886,-1.1886
mzi,115,77,1.378348,3.2906
mzi,114,77,-0.515504,-1.2307
mzi,113,77,1.041439,2.4863
mzi,112,77,-0.14835,-0.3542
mzi,111,77,0.302591,0.7224
mzi,110,77,0.55975,1.3363
mzi,109,77,0.2962,0.7071
mzi,108,77,0.583187,1.3923
mzi,107,77,-0.164476,-0.3927
mzi,106,77,0.687133,1.6404
mzi,105,77,0.281975,0.6732
mzi,104,77,-0.333083,-0.7952
mzi,103,77,-0.325201,-0.7764
mzi,102,77,-0.320345,-0.7648
mzi,101,77,-0.313903,-0.7494
mzi,100,77,-0.312566,-0.7462
mzi,99,77,-0.312472,-0.746
mzi,98,77,-0.312516,-0.7461
mzi,97,77,-0.312503,-0.746
mzi,96,77,-0.312474,-0.746
mzi,95,77,-0.312429,-0.7459
mzi,94,77,-0.312373,-0.7457
mzi,93,77,-0.312305,-0.7456
mzi,92,77,-0.312225,-0.7454
mzi,91,77,-0.312128,-0.7452
mzi,90,77,-0.312011,-0.7449
mzi,89,77,-0.311864,-0.7445
mzi,88,77,-0.31168,-0.7441
mzi,87,77,-0.311443,-0.7435
mzi,86,77,-0.31113,-0.7428
mzi,85,77,-0.310707,-0.7418
mzi,84,77,-0.310113,-0.7403
mzi,83,77,-0.309243,-0.7383
mzi,82,77,-0.307893,-0.735
mzi,81,77,-0.305624,-0.7296
mzi,80,77,-0.301339,-0.7194
mzi,79,77,-0.291615,-0.6962
mzi,78,77,-0.262079,-0.6257
mzi,77,77,-0.126619,-0.3023
mzi,126,78,1.023573,2.4436
mzi,125,78,-0.307845,-0.7349
mzi,124,78,0.60006,1.4325
mzi,123,78,1.356044,3.2373
mzi,122,78,0.415711,0.9924
mzi,121,78,0.58769,1.403
mzi,120,78,0.582492,1.3906
mzi,119,78,0.82924,1.9797
mzi,118,78,-0.10909,-0.2604
mzi,117,78,1.219794,2.912
mzi,116,78,-0.857618,-2.0474
mzi,115,78,2.001212,4.7775
mzi,114,78,-0.92208,-2.2013
mzi,113,78,1.713959,4.0918
mzi,112,78,-0.371104,-0.8859
mzi,111,78,0.852024,2.0341
mzi,110,78,0.012712,0.0303
mzi,109,78,0.723201,1.7265
mzi,108,78,0.311409,0.7434
mzi,107,78,-0.019153,-0.0457
mzi,106,78,0.841818,2.0097
mzi,105,78,-0.075443,-0.1801
mzi,104,78,-0.280837,-0.6704
mzi,103,78,-0.284311,-0.6787
mzi,102,78,-0.277741,-0.6631
mzi,101,78,-0.275954,-0.6588
mzi,100,78,-0.27583,-0.6585
mzi,99,78,-0.275742,-0.6583
mzi,98,78,-0.275681,-0.6581
mzi,97,78,-0.275659,-0.6581
mzi,96,78,-0.275624,-0.658
mzi,95,78,-0.275572,-0.6579
mzi,94,78,-0.275506,-0.6577
mzi,93,78,-0.275428,-0.6575
mzi,92,78,-0.275334,-0.6573
mzi,91,78,-0.275219,-0.657
mzi,90,78,-0.275076,-0.6567
mzi,89,78,-0.274897,-0.6563
mzi,88,78,-0.274666,-0.6557
mzi,87,78,-0.274361,-0.655
mzi,86,78,-0.273949,-0.654
mzi,85,78,-0.273371,-0.6526
mzi,84,78,-0.272524,-0.6506
mzi,83,78,-0.271209,-0.6475
mzi,82,78,-0.269002,-0.6422
mzi,81,78,-0.264836,-0.6323
mzi,80,78,-0.25539,-0.6097
mzi,79,78,-0.226611,-0.541
mzi,78,78,-0.092656,-0.2212
mzi,126,79,-1.821844,-4.3493
mzi,125,79,0.989546,2.3624
mzi,124,79,-0.220922,-0.5274
mzi,123,79,2.063183,4.9255
mzi,122,79,-0.348537,-0.8321
mzi,121,79,0.408739,0.9758
mzi,120,79,-2.651533,-6.3301
mzi,119,79,-2.172888,-5.1874
mzi,118,79,1.032438,2.4648
mzi,117,79,-0.006882,-0.0164
mzi,116,79,0.274026,0.6542
mzi,115,79,1.028746,2.456
mzi,114,79,0.099198,0.2368
mzi,113,79,0.682673,1.6298
mzi,112,79,0.120213,0.287
mzi,111,79,1.074513,2.5652
mzi,110,79,0.219001,0.5228
mzi,109,79,0.406966,0.9716
mzi,108,79,0.058699,0.1401
mzi,107,79,0.601357,1.4356
mzi,106,79,0.562024,1.3417
mzi,105,79,-0.251948,-0.6015
mzi,104,79,-0.24199,-0.5777
mzi,103,79,-0.239166,-0.571
mzi,102,79,-0.238585,-0.5696
mzi,101,79,-0.239179,-0.571
mzi,100,79,-0.239016,-0.5706
mzi,99,79,-0.238887,-0.5703
mzi,98,79,-0.23885,-0.5702
mzi,97,79,-0.238817,-0.5701
mzi,96,79,-0.238768,-0.57
mzi,95,79,-0.238706,-0.5699
mzi,94,79,-0.23863,-0.5697
mzi,93,79,-0.238539,-0.5695
mzi,92,79,-0.238427,-0.5692
mzi,91,79,-0.238288,-0.5689
mzi,90,79,-0.238113,-0.5685
mzi,89,79,-0.237888,-0.5679
mzi,88,79,-0.237592,-0.5672
mzi,87,79,-0.23719,-0.5662
mzi,86,79,-0.236627,-0.5649
mzi,85,79,-0.235802,-0.5629
mzi,84,79,-0.234523,-0.5599
mzi,83,79,-0.232375,-0.5548
mzi,82,79,-0.228327,-0.5451
mzi,81,79,-0.219153,-0.5232
mzi,80,79,-0.191124,-0.4563
mzi,79,79,-0.058747,-0.1402
mzi,126,80,-0.555441,-1.326
mzi,125,80,1.435599,3.4272
mzi,124,80,1.307633,3.1217
mzi,123,80,0.131886,0.3149
mzi,122,80,1.165386,2.7822
mzi,121,80,0.008298,0.0198
mzi,120,80,0.566881,1.3533
mzi,119,80,1.216477,2.9041
mzi,118,80,0.160935,0.3842
mzi,117,80,0.807011,1.9266
mzi,116,80,0.089631,0.214
mzi,115,80,1.092592,2.6084
mzi,114,80,0.306862,0.7326
mzi,113,80,0.411935,0.9834
mzi,112,80,0.543743,1.2981
mzi,111,80,0.598825,1.4296
mzi,110,80,0.641542,1.5316
mzi,109,80,0.348216,0.8313
mzi,108,80,0.211169,0.5041
mzi,107,80,0.559486,1.3357
mzi,106,80,0.146322,0.3493
mzi,105,80,-0.140194,-0.3347
mzi,104,80,-0.202721,-0.484
mzi,103,80,-0.203013,-0.4847
mzi,102,80,-0.202814,-0.4842
mzi,101,80,-0.202274,-0.4829
mzi,100,80,-0.202104,-0.4825
mzi,99,80,-0.202053,-0.4824
mzi,98,80,-0.202014,-0.4823
mzi,97,80,-0.201965,-0.4822
mzi,96,80,-0.201905,-0.482
mzi,95,80,-0.201832,-0.4818
mzi,94,80,-0.201743,-0.4816
mzi,93,80,-0.201634,-0.4814
mzi,92,80,-0.201499,-0.481
mzi,91,80,-0.201329,-0.4806
mzi,90,80,-0.20111,-0.4801
mzi,89,80,-0.200821,-0.4794
mzi,88,80,-0.20043,-0.4785
mzi,87,80,-0.199882,-0.4772
mzi,86,80,-0.19908,-0.4753
mzi,85,80,-0.197835,-0.4723
mzi,84,80,-0.195746,-0.4673
mzi,83,80,-0.191811,-0.4579
mzi,82,80,-0.182903,-0.4366
mzi,81,80,-0.15562,-0.3715
mzi,80,80,-0.024892,-0.0594
mzi,126,81,1.243844,2.9695
mzi,125,81,0.180939,0.432
mzi,124,81,1.210626,2.8902
mzi,123,81,-0.782056,-1.867
mzi,122,81,2.535181,6.0523
mzi,121,81,-0.173326,-0.4138
mzi,120,81,1.104626,2.6371
mzi,119,81,0.793067,1.8933
mzi,118,81,0.141315,0.3374
mzi,117,81,0.909302,2.1708
mzi,116,81,0.686265,1.6383
mzi,115,81,0.729284,1.741
mzi,114,81,0.162021,0.3868
mzi,113,81,0.673556,1.608
mzi,112,81,0.476406,1.1373
mzi,111,81,0.768499,1.8347
mzi,110,81,0.67667,1.6154
mzi,109,81,0.0293,0.0699
mzi,108,81,0.999626,2.3864
mzi,107,81,0.065392,0.1561
mzi,106,81,-0.082733,-0.1975
mzi,105,81,-0.139663,-0.3334
mzi,104,81,-0.154018,-0.3677
mzi,103,81,-0.164158,-0.3919
mzi,102,81,-0.165605,-0.3954
mzi,101,81,-0.165444,-0.395
mzi,100,81,-0.165278,-0.3946
mzi,99,81,-0.165215,-0.3944
mzi,98,81,-0.165163,-0.3943
mzi,97,81,-0.165105,-0.3942
mzi,96,81,-0.165034,-0.394
mzi,95,81,-0.164947,-0.3938
mzi,94,81,-0.164841,-0.3935
mzi,93,81,-0.16471,-0.3932
mzi,92,81,-0.164544,-0.3928
mzi,91,81,-0.164331,-0.3923
mzi,90,81,-0.16405,-0.3916
mzi,89,81,-0.163669,-0.3907
mzi,88,81,-0.163136,-0.3895
mzi,87,81,-0.162355,-0.3876
mzi,86,81,-0.161144,-0.3847
mzi,85,81,-0.159113,-0.3799
mzi,84,81,-0.15529,-0.3707
mzi,83,81,-0.146642,-0.3501
mzi,82,81,-0.120098,-0.2867
mzi,81,81,0.008912,0.0213
mzi,126,82,1.503925,3.5904
mzi,125,82,0.254917,0.6086
mzi,124,82,1.093484,2.6105
mzi,123,82,0.339425,0.8103
mzi,122,82,0.733233,1.7505
mzi,121,82,-0.133568,-0.3189
mzi,120,82,2.165747,5.1703
mzi,119,82,0.265151,0.633
mzi,118,82,0.732781,1.7494
mzi,117,82,0.595328,1.4212
mzi,116,82,1.409304,3.3645
mzi,115,82,0.392983,0.9382
mzi,114,82,-0.23186,-0.5535
mzi,113,82,1.291525,3.0833
mzi,112,82,0.109971,0.2625
mzi,111,82,0.96438,2.3023
mzi,110,82,0.403127,0.9624
mzi,109,82,0.192414,0.4594
mzi,108,82,1.066402,2.5458
mzi,107,82,-0.04934,-0.1178
mzi,106,82,-0.156209,-0.3729
mzi,105,82,-0.123521,-0.2949
mzi,104,82,-0.12656,-0.3021
mzi,103,82,-0.127901,-0.3053
mzi,102,82,-0.128336,-0.3064
mzi,101,82,-0.128424,-0.3066
mzi,100,82,-0.128419,-0.3066
mzi,99,82,-0.128366,-0.3065
mzi,98,82,-0.128305,-0.3063
mzi,97,82,-0.128235,-0.3061
mzi,96,82,-0.128151,-0.3059
mzi,95,82,-0.128048,-0.3057
mzi,94,82,-0.12792,-0.3054
mzi,93,82,-0.127759,-0.305
mzi,92,82,-0.127551,-0.3045
mzi,91,82,-0.127278,-0.3039
mzi,90,82,-0.126908,-0.303
mzi,89,82,-0.126389,-0.3017
mzi,88,82,-0.125629,-0.2999
mzi,87,82,-0.124451,-0.2971
mzi,86,82,-0.122477,-0.2924
mzi,85,82,-0.118763,-0.2835
mzi,84,82,-0.110371,-0.2635
mzi,83,82,-0.084558,-0.2019
mzi,82,82,0.042665,0.1019
mzi,126,83,0.590037,1.4086
mzi,125,83,0.178045,0.4251
mzi,124,83,1.914298,4.57
mzi,123,83,0.899237,2.1468
mzi,122,83,0.316091,0.7546
mzi,121,83,0.318776,0.761
mzi,120,83,1.171403,2.7965
mzi,119,83,0.641719,1.532
mzi,118,83,0.574853,1.3724
mzi,117,83,1.055353,2.5195
mzi,116,83,1.237316,2.9539
mzi,115,83,0.162666,0.3883
mzi,114,83,0.305964,0.7304
mzi,113,83,0.976653,2.3316
mzi,112,83,0.384628,0.9182
mzi,111,83,1.046089,2.4974
mzi,110,83,0.246447,0.5883
mzi,109,83,0.902851,2.1554
mzi,108,83,0.298378,0.7123
mzi,107,83,-0.065991,-0.1575
mzi,106,83,-0.083498,-0.1993
mzi,105,83,-0.093689,-0.2237
mzi,104,83,-0.092343,-0.2205
mzi,103,83,-0.091645,-0.2188
mzi,102,83,-0.09158,-0.2186
mzi,101,83,-0.0916,-0.2187
mzi,100,83,-0.091559,-0.2186
mzi,99,83,-0.091504,-0.2184
mzi,98,83,-0.091436,-0.2183
mzi,97,83,-0.091354,-0.2181
mzi,96,83,-0.091254,-0.2179
mzi,95,83,-0.09113,-0.2176
mzi,94,83,-0.090973,-0.2172
mzi,93,83,-0.090771,-0.2167
mzi,92,83,-0.090505,-0.2161
mzi,91,83,-0.090145,-0.2152
mzi,90,83,-0.089641,-0.214
mzi,89,83,-0.088902,-0.2122
mzi,88,83,-0.087757,-0.2095
mzi,87,83,-0.085838,-0.2049
mzi,86,83,-0.082231,-0.1963
mzi,85,83,-0.074088,-0.1769
mzi,84,83,-0.049001,-0.117
mzi,83,83,0.07637,0.1823
mzi,126,84,0.632532,1.5101
mzi,125,84,0.477154,1.1391
mzi,124,84,0.996031,2.3778
mzi,123,84,1.516434,3.6202
mzi,122,84,0.650033,1.5518
mzi,121,84,0.274006,0.6541
mzi,120,84,1.127886,2.6926
mzi,119,84,0.375575,0.8966
mzi,118,84,0.880541,2.1021
mzi,117,84,0.964912,2.3036
mzi,116,84,0.974679,2.3269
mzi,115,84,0.248643,0.5936
mzi,114,84,0.928231,2.216
mzi,113,84,0.4346,1.0375
mzi,112,84,0.801398,1.9132
mzi,111,84,0.748303,1.7864
mzi,110,84,0.127189,0.3036
mzi,109,84,1.322544,3.1573
mzi,108,84,-0.011875,-0.0283
mzi,107,84,-0.070236,-0.1677
mzi,106,84,-0.059011,-0.1409
mzi,105,84,-0.055703,-0.133
mzi,104,84,-0.054961,-0.1312
mzi,103,84,-0.054813,-0.1309
mzi,102,84,-0.054801,-0.1308
mzi,101,84,-0.054757,-0.1307
mzi,100,84,-0.054704,-0.1306
mzi,99,84,-0.054637,-0.1304
mzi,98,84,-0.054558,-0.1302
mzi,97,84,-0.05446,-0.13
mzi,96,84,-0.054339,-0.1297
mzi,95,84,-0.054187,-0.1294
mzi,94,84,-0.05399,-0.1289
mzi,93,84,-0.053732,-0.1283
mzi,92,84,-0.053382,-0.1274
mzi,91,84,-0.052891,-0.1263
mzi,90,84,-0.052173,-0.1246
mzi,89,84,-0.05106,-0.1219
mzi,88,84,-0.049195,-0.1174
mzi,87,84,-0.045694,-0.1091
mzi,86,84,-0.037796,-0.0902
mzi,85,84,-0.013426,-0.0321
mzi,84,84,0.110027,0.2627
mzi,126,85,-2.194674,-5.2394
mzi,125,85,0.990522,2.3647
mzi,124,85,0.507848,1.2124
mzi,123,85,1.329282,3.1734
mzi,122,85,0.521721,1.2455
mzi,121,85,0.668543,1.596
mzi,120,85,1.407214,3.3595
mzi,119,85,0.345511,0.8248
mzi,118,85,0.746509,1.7822
mzi,117,85,1.167946,2.7883
mzi,116,85,0.573312,1.3687
mzi,115,85,0.683069,1.6307
mzi,114,85,0.863176,2.0607
mzi,113,85,0.461837,1.1026
mzi,112,85,1.044258,2.493
mzi,111,85,0.425266,1.0152
mzi,110,85,0.824,1.9672
mzi,109,85,0.510355,1.2184
mzi,108,85,0.023379,0.0558
mzi,107,85,-0.014212,-0.0339
mzi,106,85,-0.021538,-0.0514
mzi,105,85,-0.019245,-0.0459
mzi,104,85,-0.018181,-0.0434
mzi,103,85,-0.018008,-0.043
mzi,102,85,-0.017955,-0.0429
mzi,101,85,-0.017903,-0.0427
mzi,100,85,-0.017838,-0.0426
mzi,99,85,-0.017761,-0.0424
mzi,98,85,-0.017666,-0.0422
mzi,97,85,-0.017548,-0.0419
mzi,96,85,-0.0174,-0.0415
mzi,95,85,-0.017209,-0.0411
mzi,94,85,-0.016958,-0.0405
mzi,93,85,-0.016618,-0.0397
mzi,92,85,-0.016141,-0.0385
mzi,91,85,-0.015443,-0.0369
mzi,90,85,-0.014362,-0.0343
mzi,89,85,-0.01255,-0.03
mzi,88,85,-0.009152,-0.0218
mzi,87,85,-0.001494,-0.0036
mzi,86,85,0.022166,0.0529
mzi,85,85,0.143638,0.3429
mzi,126,86,1.207685,2.8831
mzi,125,86,1.134321,2.708
mzi,124,86,-0.44648,-1.0659
mzi,123,86,2.503362,5.9763
mzi,122,86,0.339919,0.8115
mzi,121,86,0.503238,1.2014
mzi,120,86,1.530198,3.6531
mzi,119,86,0.780717,1.8638
mzi,118,86,0.790259,1.8866
mzi,117,86,0.825705,1.9712
mzi,116,86,0.601579,1.4362
mzi,115,86,1.336645,3.191
mzi,114,86,0.221588,0.529
mzi,113,86,0.84765,2.0236
mzi,112,86,0.791374,1.8893
mzi,111,86,0.460748,1.1
mzi,110,86,1.177163,2.8103
mzi,109,86,0.016662,0.0398
mzi,108,86,0.04701,0.1122
mzi,107,86,0.019724,0.0471
mzi,106,86,0.018687,0.0446
mzi,105,86,0.018714,0.0447
mzi,104,86,0.018721,0.0447
mzi,103,86,0.018811,0.0449
mzi,102,86,0.018892,0.0451
mzi,101,86,0.018961,0.0453
mzi,100,86,0.019037,0.0454
mzi,99,86,0.019129,0.0457
mzi,98,86,0.019243,0.0459
mzi,97,86,0.019387,0.0463
mzi,96,86,0.019572,0.0467
mzi,95,86,0.019817,0.0473
mzi,94,86,0.020147,0.0481
mzi,93,86,0.02061,0.0492
mzi,92,86,0.021288,0.0508
mzi,91,86,0.022339,0.0533
mzi,90,86,0.024097,0.0575
mzi,89,86,0.027395,0.0654
mzi,88,86,0.034818,0.0831
mzi,87,86,0.057775,0.1379
mzi,86,86,0.177205,0.423
mzi,126,87,2.751661,6.5691
mzi,125,87,0.226173,0.5399
mzi,124,87,1.290951,3.0819
mzi,123,87,1.069402,2.553
mzi,122,87,0.747122,1.7836
mzi,121,87,0.682893,1.6303
mzi,120,87,0.949966,2.2679
mzi,119,87,1.543898,3.6858
mzi,118,87,0.233381,0.5572
mzi,117,87,1.300647,3.1051
mzi,116,87,0.310771,0.7419
mzi,115,87,1.316059,3.1419
mzi,114,87,0.438499,1.0468
mzi,113,87,1.098291,2.622
mzi,112,87,0.326753,0.7801
mzi,111,87,1.126088,2.6883
mzi,110,87,0.456678,1.0902
mzi,109,87,0.098645,0.2355
mzi,108,87,0.045757,0.1092
mzi,107,87,0.055938,0.1335
mzi,106,87,0.056108,0.1339
mzi,105,87,0.055674,0.1329
mzi,104,87,0.055623,0.1328
mzi,103,87,0.055687,0.1329
mzi,102,87,0.055757,0.1331
mzi,101,87,0.055833,0.1333
mzi,100,87,0.055923,0.1335
mzi,99,87,0.056034,0.1338
mzi,98,87,0.056174,0.1341
mzi,97,87,0.056355,0.1345
mzi,96,87,0.056592,0.1351
mzi,95,87,0.056913,0.1359
mzi,94,87,0.057362,0.1369
mzi,93,87,0.058021,0.1385
mzi,92,87,0.059041,0.1409
mzi,91,87,0.060747,0.145
mzi,90,87,0.063946,0.1527
mzi,89,87,0.071138,0.1698
mzi,88,87,0.0934,0.223
mzi,87,87,0.210729,0.5031
mzi,126,88,-1.745411,-4.1669
mzi,125,88,1.826361,4.3601
mzi,124,88,2.645544,6.3158
mzi,123,88,1.863968,4.4499
mzi,122,88,0.033394,0.0797
mzi,121,88,1.485569,3.5465
mzi,120,88,0.224337,0.5356
mzi,119,88,1.567182,3.7414
mzi,118,88,0.928949,2.2177
mzi,117,88,0.74304,1.7739
mzi,116,88,1.389381,3.3169
mzi,115,88,0.251987,0.6016
mzi,114,88,1.852008,4.4213
mzi,113,88,-0.029964,-0.0715
mzi,112,88,0.757886,1.8093
mzi,111,88,0.976868,2.3321
mzi,110,88,0.15202,0.3629
mzi,109,88,0.096443,0.2302
mzi,108,88,0.095831,0.2288
mzi,107,88,0.092899,0.2218
mzi,106,88,0.092597,0.2211
mzi,105,88,0.092488,0.2208
mzi,104,88,0.092506,0.2208
mzi,103,88,0.092558,0.221
mzi,102,88,0.09263,0.2211
mzi,101,88,0.092718,0.2213
mzi,100,88,0.092826,0.2216
mzi,99,88,0.092962,0.2219
mzi,98,88,0.093137,0.2223
mzi,97,88,0.093367,0.2229
mzi,96,88,0.093679,0.2236
mzi,95,88,0.094115,0.2247
mzi,94,88,0.094754,0.2262
mzi,93,88,0.095744,0.2286
mzi,92,88,0.0974,0.2325
mzi,91,88,0.100501,0.2399
mzi,90,88,0.107467,0.2566
mzi,89,88,0.129043,0.3081
mzi,88,88,0.244212,0.583
mzi,126,89,0.573825,1.3699
mzi,125,89,1.583265,3.7798
mzi,124,89,-0.387369,-0.9248
mzi,123,89,2.500331,5.9691
mzi,122,89,0.901917,2.1532
mzi,121,89,0.766693,1.8303
mzi,120,89,1.248026,2.9794
mzi,119,89,0.216732,0.5174
mzi,118,89,1.840117,4.393
mzi,117,89,-0.122608,-0.2927
mzi,116,89,2.070277,4.9424
mzi,115,89,-0.149884,-0.3578
mzi,114,89,1.943777,4.6404
mzi,113,89,0.267338,0.6382
mzi,112,89,1.381253,3.2975
mzi,111,89,0.296597,0.7081
mzi,110,89,0.131674,0.3143
mzi,109,89,0.127273,0.3038
mzi,108,89,0.129791,0.3099
mzi,107,89,0.129714,0.3097
mzi,106,89,0.129325,0.3087
mzi,105,89,0.129321,0.3087
mzi,104,89,0.129364,0.3088
mzi,103,89,0.12943,0.309
mzi,102,89,0.129514,0.3092
mzi,101,89,0.129618,0.3094
mzi,100,89,0.12975,0.3098
mzi,99,89,0.12992,0.3102
mzi,98,89,0.130143,0.3107
mzi,97,89,0.130446,0.3114
mzi,96,89,0.130869,0.3124
mzi,95,89,0.131489,0.3139
mzi,94,89,0.132449,0.3162
mzi,93,89,0.134055,0.32
mzi,92,89,0.137061,0.3272
mzi,91,89,0.143804,0.3433
mzi,90,89,0.164701,0.3932
mzi,89,89,0.277654,0.6629
mzi,126,90,0.33869,0.8086
mzi,125,90,0.965849,2.3058
mzi,124,90,1.354467,3.2336
mzi,123,90,0.75461,1.8015
mzi,122,90,1.50465,3.5921
mzi,121,90,1.523203,3.6364
mzi,120,90,0.51141,1.2209
mzi,119,90,0.253474,0.6051
mzi,118,90,1.797045,4.2901
mzi,117,90,0.76502,1.8263
mzi,116,90,0.978467,2.3359
mzi,115,90,0.906798,2.1648
mzi,114,90,1.022855,2.4419
mzi,113,90,0.995789,2.3773
mzi,112,90,1.000923,2.3895
mzi,111,90,0.179062,0.4275
mzi,110,90,0.146819,0.3505
mzi,109,90,0.164583,0.3929
mzi,108,90,0.16625,0.3969
mzi,107,90,0.166092,0.3965
mzi,106,90,0.166131,0.3966
mzi,105,90,0.166165,0.3967
mzi,104,90,0.166229,0.3968
mzi,103,90,0.16631,0.397
mzi,102,90,0.166411,0.3973
mzi,101,90,0.166539,0.3976
mzi,100,90,0.166703,0.398
mzi,99,90,0.16692,0.3985
mzi,98,90,0.167213,0.3992
mzi,97,90,0.167624,0.4002
mzi,96,90,0.168225,0.4016
mzi,95,90,0.169156,0.4038
mzi,94,90,0.170712,0.4075
mzi,93,90,0.173624,0.4145
mzi,92,90,0.180149,0.4301
mzi,91,90,0.200376,0.4784
mzi,90,90,0.311058,0.7426
mzi,126,91,1.083582,2.5869
mzi,125,91,1.054183,2.5167
mzi,124,91,0.722518,1.7249
mzi,123,91,-0.050738,-0.1211
mzi,122,91,2.372301,5.6635
mzi,121,91,1.668312,3.9828
mzi,120,91,0.206322,0.4926
mzi,119,91,1.009998,2.4112
mzi,118,91,1.475133,3.5216
mzi,117,91,1.113461,2.6582
mzi,116,91,1.100289,2.6267
mzi,115,91,0.817092,1.9507
mzi,114,91,0.607695,1.4508
mzi,113,91,1.58999,3.7958
mzi,112,91,0.356338,0.8507
mzi,111,91,0.196702,0.4696
mzi,110,91,0.205407,0.4904
mzi,109,91,0.202318,0.483
mzi,108,91,0.202534,0.4835
mzi,107,91,0.202865,0.4843
mzi,106,91,0.20296,0.4845
mzi,105,91,0.203029,0.4847
mzi,104,91,0.203106,0.4849
mzi,103,91,0.203204,0.4851
mzi,102,91,0.203328,0.4854
mzi,101,91,0.203487,0.4858
mzi,100,91,0.203697,0.4863
mzi,99,91,0.203981,0.487
mzi,98,91,0.204379,0.4879
mzi,97,91,0.204962,0.4893
mzi,96,91,0.205863,0.4915
mzi,95,91,0.207371,0.4951
mzi,94,91,0.21019,0.5018
mzi,93,91,0.216502,0.5169
mzi,92,91,0.236066,0.5636
mzi,91,91,0.344423,0.8222
mzi,126,92,-1.160221,-2.7698
mzi,125,92,1.998455,4.771
mzi,124,92,0.295033,0.7043
mzi,123,92,1.381128,3.2972
mzi,122,92,1.04135,2.486
mzi,121,92,1.64394,3.9246
mzi,120,92,0.716123,1.7096
mzi,119,92,0.930164,2.2206
mzi,118,92,0.996055,2.3779
mzi,117,92,0.977085,2.3326
mzi,116,92,1.644135,3.9251
mzi,115,92,0.830559,1.9828
mzi,114,92,0.84028,2.006
mzi,113,92,1.012297,2.4167
mzi,112,92,0.276159,0.6593
mzi,111,92,0.248112,0.5923
mzi,110,92,0.24047,0.5741
mzi,109,92,0.239668,0.5722
mzi,108,92,0.239625,0.5721
mzi,107,92,0.239732,0.5723
mzi,106,92,0.239822,0.5725
mzi,105,92,0.239901,0.5727
mzi,104,92,0.239997,0.573
mzi,103,92,0.240117,0.5732
mzi,102,92,0.240271,0.5736
mzi,101,92,0.240475,0.5741
mzi,100,92,0.24075,0.5747
mzi,99,92,0.241135,0.5757
mzi,98,92,0.2417,0.577
mzi,97,92,0.242573,0.5791
mzi,96,92,0.244032,0.5826
mzi,95,92,0.24676,0.5891
mzi,94,92,0.252861,0.6037
mzi,93,92,0.271772,0.6488
mzi,92,92,0.377752,0.9018
mzi,126,93,1.320369,3.1521
mzi,125,93,2.289026,5.4646
mzi,124,93,-0.333103,-0.7952
mzi,123,93,1.90943,4.5584
mzi,122,93,0.998767,2.3844
mzi,121,93,1.247029,2.9771
mzi,120,93,1.693048,4.0419
mzi,119,93,0.65096,1.5541
mzi,118,93,1.072691,2.5609
mzi,117,93,1.011237,2.4142
mzi,116,93,1.148623,2.7421
mzi,115,93,0.939634,2.2432
mzi,114,93,1.337596,3.1933
mzi,113,93,0.37884,0.9044
mzi,112,93,0.295554,0.7056
mzi,111,93,0.278243,0.6643
mzi,110,93,0.27661,0.6604
mzi,109,93,0.276441,0.66
mzi,108,93,0.27655,0.6602
mzi,107,93,0.276621,0.6604
mzi,106,93,0.276696,0.6606
mzi,105,93,0.27679,0.6608
mzi,104,93,0.276907,0.6611
mzi,103,93,0.277056,0.6614
mzi,102,93,0.277253,0.6619
mzi,101,93,0.277519,0.6625
mzi,100,93,0.277892,0.6634
mzi,99,93,0.278438,0.6647
mzi,98,93,0.279283,0.6667
mzi,97,93,0.280695,0.6701
mzi,96,93,0.283334,0.6764
mzi,95,93,0.289228,0.6905
mzi,94,93,0.307493,0.7341
mzi,93,93,0.411047,0.9813
mzi,126,94,-1.143964,-2.731
mzi,125,94,-0.494582,-1.1807
mzi,124,94,1.460934,3.4877
mzi,123,94,1.290956,3.0819
mzi,122,94,1.176158,2.8079
mzi,121,94,0.765939,1.8285
mzi,120,94,1.9036,4.5445
mzi,119,94,1.403707,3.3511
mzi,118,94,0.761866,1.8188
mzi,117,94,1.565038,3.7363
mzi,116,94,0.539896,1.2889
mzi,115,94,1.265096,3.0202
mzi,114,94,0.833218,1.9892
mzi,113,94,0.324189,0.7739
mzi,112,94,0.318077,0.7594
mzi,111,94,0.31402,0.7497
mzi,110,94,0.313129,0.7475
mzi,109,94,0.313324,0.748
mzi,108,94,0.313416,0.7482
mzi,107,94,0.313494,0.7484
mzi,106,94,0.313584,0.7486
mzi,105,94,0.313696,0.7489
mzi,104,94,0.313841,0.7492
mzi,103,94,0.314031,0.7497
mzi,102,94,0.314289,0.7503
mzi,101,94,0.31465,0.7512
mzi,100,94,0.315178,0.7524
mzi,99,94,0.315995,0.7544
mzi,98,94,0.31736,0.7576
mzi,97,94,0.31991,0.7637
mzi,96,94,0.325601,0.7773
mzi,95,94,0.343229,0.8194
mzi,94,94,0.444307,1.0607
mzi,126,95,1.651042,3.9416
mzi,125,95,1.337537,3.1931
mzi,124,95,1.261307,3.0111
mzi,123,95,1.060313,2.5313
mzi,122,95,1.202611,2.871
mzi,121,95,1.175825,2.8071
mzi,120,95,1.018228,2.4308
mzi,119,95,1.76094,4.2039
mzi,118,95,0.680905,1.6255
mzi,117,95,1.808254,4.3169
mzi,116,95,0.716826,1.7113
mzi,115,95,1.143539,2.73
mzi,114,95,0.451212,1.0772
mzi,113,95,0.360572,0.8608
mzi,112,95,0.349605,0.8346
mzi,111,95,0.349972,0.8355
mzi,110,95,0.350214,0.8361
mzi,109,95,0.350224,0.8361
mzi,108,95,0.350291,0.8363
mzi,107,95,0.350377,0.8365
mzi,106,95,0.350486,0.8367
mzi,105,95,0.350626,0.8371
mzi,104,95,0.35081,0.8375
mzi,103,95,0.351059,0.8381
mzi,102,95,0.351408,0.8389
mzi,101,95,0.351918,0.8401
mzi,100,95,0.352708,0.842
mzi,99,95,0.354027,0.8452
mzi,98,95,0.356489,0.8511
mzi,97,95,0.36198,0.8642
mzi,96,95,0.378979,0.9047
mzi,95,95,0.477535,1.14
mzi,126,96,3.063768,7.3142
mzi,125,96,2.03734,4.8638
mzi,124,96,1.769397,4.2241
mzi,123,96,1.275644,3.0454
mzi,122,96,1.050822,2.5087
mzi,121,96,1.065573,2.5439
mzi,120,96,1.719622,4.1053
mzi,119,96,0.969448,2.3144
mzi,118,96,1.161045,2.7718
mzi,117,96,0.884977,2.1127
mzi,116,96,2.020937,4.8246
mzi,115,96,0.276988,0.6613
mzi,114,96,0.390223,0.9316
mzi,113,96,0.386685,0.9231
mzi,112,96,0.386536,0.9228
mzi,111,96,0.386948,0.9238
mzi,110,96,0.387035,0.924
mzi,109,96,0.387097,0.9241
mzi,108,96,0.387172,0.9243
mzi,107,96,0.387277,0.9246
mzi,106,96,0.387412,0.9249
mzi,105,96,0.387589,0.9253
mzi,104,96,0.38783,0.9259
mzi,103,96,0.388167,0.9267
mzi,102,96,0.388659,0.9279
mzi,101,96,0.389422,0.9297
mzi,100,96,0.390695,0.9327
mzi,99,96,0.393072,0.9384
mzi,98,96,0.398366,0.951
mzi,97,96,0.414743,0.9901
mzi,96,96,0.510731,1.2193
mzi,126,97,0.94611,2.2587
mzi,125,97,1.504627,3.592
mzi,124,97,2.141877,5.1134
mzi,123,97,1.112053,2.6548
mzi,122,97,1.60352,3.8281
mzi,121,97,0.294332,0.7027
mzi,120,97,2.377164,5.6751
mzi,119,97,1.612571,3.8497
mzi,118,97,0.624615,1.4912
mzi,117,97,0.279914,0.6682
mzi,116,97,2.267954,5.4143
mzi,115,97,0.318855,0.7612
mzi,114,97,0.405142,0.9672
mzi,113,97,0.422462,1.0086
mzi,112,97,0.423763,1.0117
mzi,111,97,0.42384,1.0118
mzi,110,97,0.423896,1.012
mzi,109,97,0.423968,1.0121
mzi,108,97,0.424068,1.0124
mzi,107,97,0.424197,1.0127
mzi,106,97,0.424369,1.0131
mzi,105,97,0.424601,1.0137
mzi,104,97,0.424926,1.0144
mzi,103,97,0.425401,1.0156
mzi,102,97,0.426137,1.0173
mzi,101,97,0.427365,1.0203
mzi,100,97,0.429656,1.0257
mzi,99,97,0.434756,1.0379
mzi,98,97,0.450521,1.0755
mzi,97,97,0.543896,1.2985
mzi,126,98,2.348796,5.6073
mzi,125,98,0.274233,0.6547
mzi,124,98,1.275393,3.0448
mzi,123,98,1.053378,2.5148
mzi,122,98,1.844153,4.4026
mzi,121,98,1.671859,3.9913
mzi,120,98,0.696693,1.6632
mzi,119,98,2.22226,5.3053
mzi,118,98,-0.109129,-0.2605
mzi,117,98,2.393099,5.7131
mzi,116,98,0.525614,1.2548
mzi,115,98,0.46831,1.118
mzi,114,98,0.457933,1.0932
mzi,113,98,0.459905,1.0979
mzi,112,98,0.460629,1.0997
mzi,111,98,0.4607,1.0998
mzi,110,98,0.460762,1.1
mzi,109,98,0.460859,1.1002
mzi,108,98,0.460984,1.1005
mzi,107,98,0.461149,1.1009
mzi,106,98,0.461373,1.1014
mzi,105,98,0.461686,1.1022
mzi,104,98,0.462144,1.1033
mzi,103,98,0.462853,1.105
mzi,102,98,0.464037,1.1078
mzi,101,98,0.466244,1.1131
mzi,100,98,0.471153,1.1248
mzi,99,98,0.486313,1.161
mzi,98,98,0.577033,1.3776
mzi,126,99,-2.563336,-6.1195
mzi,125,99,2.314016,5.5243
mzi,124,99,0.239815,0.5725
mzi,123,99,1.414801,3.3776
mzi,122,99,1.837005,4.3855
mzi,121,99,1.315982,3.1417
mzi,120,99,1.065229,2.543
mzi,119,99,1.344644,3.2101
mzi,118,99,1.327248,3.1686
mzi,117,99,1.370343,3.2715
mzi,116,99,0.501965,1.1984
mzi,115,99,0.493328,1.1777
mzi,114,99,0.497519,1.1877
mzi,113,99,0.497592,1.1879
mzi,112,99,0.497498,1.1877
mzi,111,99,0.497555,1.1878
mzi,110,99,0.497649,1.1881
mzi,109,99,0.49777,1.1883
mzi,108,99,0.497929,1.1887
mzi,107,99,0.498145,1.1892
mzi,106,99,0.498446,1.19
mzi,105,99,0.498887,1.191
mzi,104,99,0.49957,1.1926
mzi,103,99,0.50071,1.1954
mzi,102,99,0.502834,1.2004
mzi,101,99,0.507554,1.2117
mzi,100,99,0.522118,1.2465
mzi,99,99,0.610141,1.4566
mzi,126,100,1.592407,3.8016
mzi,125,100,1.61082,3.8455
mzi,124,100,1.216498,2.9042
mzi,123,100,1.546103,3.691
mzi,122,100,2.033042,4.8535
mzi,121,100,0.68725,1.6407
mzi,120,100,1.848057,4.4119
mzi,119,100,0.799813,1.9094
mzi,118,100,1.915807,4.5737
mzi,117,100,0.658912,1.573
mzi,116,100,0.551621,1.3169
mzi,115,100,0.535495,1.2784
mzi,114,100,0.534298,1.2755
mzi,113,100,0.534281,1.2755
mzi,112,100,0.534353,1.2757
mzi,111,100,0.534441,1.2759
mzi,110,100,0.534557,1.2762
mzi,109,100,0.53471,1.2765
mzi,108,100,0.534917,1.277
mzi,107,100,0.535207,1.2777
mzi,106,100,0.535632,1.2787
mzi,105,100,0.536288,1.2803
mzi,104,100,0.537384,1.2829
mzi,103,100,0.539426,1.2878
mzi,102,100,0.54396,1.2986
mzi,101,100,0.557935,1.332
mzi,100,100,0.643222,1.5356
mzi,126,101,1.45221,3.4669
mzi,125,101,1.009554,2.4101
mzi,124,101,1.626273,3.8824
mzi,123,101,-3.025226,-7.2222
mzi,122,101,0.223549,0.5337
mzi,121,101,1.076667,2.5704
mzi,120,101,1.456919,3.4781
mzi,119,101,1.536008,3.6669
mzi,118,101,1.086598,2.5941
mzi,117,101,0.606773,1.4486
mzi,116,101,0.573131,1.3682
mzi,115,101,0.571623,1.3646
mzi,114,101,0.571143,1.3635
mzi,113,101,0.571144,1.3635
mzi,112,101,0.57123,1.3637
mzi,111,101,0.571343,1.364
mzi,110,101,0.571491,1.3643
mzi,109,101,0.57169,1.3648
mzi,108,101,0.571969,1.3655
mzi,107,101,0.572376,1.3664
mzi,106,101,0.573007,1.368
mzi,105,101,0.57406,1.3705
mzi,104,101,0.57602,1.3751
mzi,103,101,0.580371,1.3855
mzi,102,101,0.593765,1.4175
mzi,101,101,0.676278,1.6145
mzi,126,102,3.018059,7.2051
mzi,125,102,-1.481942,-3.5379
mzi,124,102,-2.833997,-6.7657
mzi,123,102,2.004564,4.7855
mzi,122,102,1.522505,3.6347
mzi,121,102,1.113652,2.6586
mzi,120,102,1.400398,3.3432
mzi,119,102,1.512709,3.6113
mzi,118,102,0.665312,1.5883
mzi,117,102,0.61261,1.4625
mzi,116,102,0.609144,1.4542
mzi,115,102,0.607986,1.4515
mzi,114,102,0.607926,1.4513
mzi,113,102,0.608018,1.4515
mzi,112,102,0.60813,1.4518
mzi,111,102,0.608272,1.4521
mzi,110,102,0.608463,1.4526
mzi,109,102,0.60873,1.4532
mzi,108,102,0.609122,1.4542
mzi,107,102,0.609727,1.4556
mzi,106,102,0.610736,1.458
mzi,105,102,0.612617,1.4625
mzi,104,102,0.616786,1.4725
mzi,103,102,0.629606,1.5031
mzi,102,102,0.709308,1.6933
mzi,126,103,1.479866,3.5329
mzi,125,103,1.743511,4.1623
mzi,124,103,1.719391,4.1047
mzi,123,103,1.871007,4.4667
mzi,122,103,1.606274,3.8347
mzi,121,103,1.180924,2.8192
mzi,120,103,1.652618,3.9453
mzi,119,103,0.84153,2.009
mzi,118,103,0.646607,1.5437
mzi,117,103,0.644514,1.5387
mzi,116,103,0.64464,1.539
mzi,115,103,0.644729,1.5392
mzi,114,103,0.644813,1.5394
mzi,113,103,0.644917,1.5396
mzi,112,103,0.645053,1.54
mzi,111,103,0.645236,1.5404
mzi,110,103,0.645493,1.541
mzi,109,103,0.645867,1.5419
mzi,108,103,0.646447,1.5433
mzi,107,103,0.647414,1.5456
mzi,106,103,0.649215,1.5499
mzi,105,103,0.653206,1.5594
mzi,104,103,0.66546,1.5887
mzi,103,103,0.742315,1.7721
mzi,126,104,1.644846,3.9268
mzi,125,104,1.691487,4.0381
mzi,124,104,2.091914,4.9941
mzi,123,104,1.998763,4.7717
mzi,122,104,1.265177,3.0204
mzi,121,104,1.767398,4.2194
mzi,120,104,0.806877,1.9263
mzi,119,104,0.650792,1.5537
mzi,118,104,0.680728,1.6251
mzi,117,104,0.681512,1.627
mzi,116,104,0.681472,1.6269
mzi,115,104,0.681596,1.6272
mzi,114,104,0.681705,1.6275
mzi,113,104,0.681835,1.6278
mzi,112,104,0.68201,1.6282
mzi,111,104,0.682255,1.6288
mzi,110,104,0.682614,1.6296
mzi,109,104,0.683168,1.6309
mzi,108,104,0.684094,1.6332
mzi,107,104,0.685816,1.6373
mzi,106,104,0.689629,1.6464
mzi,105,104,0.701324,1.6743
mzi,104,104,0.775299,1.8509
mzi,126,105,1.547419,3.6942
mzi,125,105,2.164255,5.1668
mzi,124,105,1.585518,3.7851
mzi,123,105,2.005615,4.7881
mzi,122,105,1.722037,4.1111
mzi,121,105,1.481209,3.5361
mzi,120,105,0.454384,1.0848
mzi,119,105,0.694928,1.659
mzi,118,105,0.716959,1.7116
mzi,117,105,0.718204,1.7146
mzi,116,105,0.718393,1.715
mzi,115,105,0.718494,1.7153
mzi,114,105,0.718617,1.7156
mzi,113,105,0.718784,1.716
mzi,112,105,0.719018,1.7165
mzi,111,105,0.719361,1.7173
mzi,110,105,0.71989,1.7186
mzi,109,105,0.720774,1.7207
mzi,108,105,0.722418,1.7246
mzi,107,105,0.726056,1.7333
mzi,106,105,0.737198,1.7599
mzi,105,105,0.808262,1.9296
mzi,126,106,0.625985,1.4944
mzi,125,106,2.71265,6.476
mzi,124,106,1.935969,4.6218
mzi,123,106,1.011422,2.4146
mzi,122,106,-2.682603,-6.4042
mzi,121,106,-0.389173,-0.9291
mzi,120,106,0.727214,1.7361
mzi,119,106,0.752948,1.7975
mzi,118,106,0.754618,1.8015
mzi,117,106,0.75515,1.8028
mzi,116,106,0.755281,1.8031
mzi,115,106,0.755399,1.8034
mzi,114,106,0.755559,1.8038
mzi,113,106,0.755782,1.8043
mzi,112,106,0.756108,1.8051
mzi,111,106,0.756613,1.8063
mzi,110,106,0.757455,1.8083
mzi,109,106,0.759022,1.812
mzi,108,106,0.762486,1.8203
mzi,107,106,0.773084,1.8456
mzi,106,106,0.841203,2.0082
mzi,126,107,-0.054752,-0.1307
mzi,125,107,3.030411,7.2346
mzi,124,107,2.056116,4.9086
mzi,123,107,0.731675,1.7467
mzi,122,107,2.538216,6.0595
mzi,121,107,0.900231,2.1491
mzi,120,107,0.796334,1.9011
mzi,119,107,0.791856,1.8904
mzi,118,107,0.791969,1.8907
mzi,117,107,0.792069,1.8909
mzi,116,107,0.792182,1.8912
mzi,115,107,0.792333,1.8916
mzi,114,107,0.792546,1.8921
mzi,113,107,0.792856,1.8928
mzi,112,107,0.793336,1.894
mzi,111,107,0.794137,1.8959
mzi,110,107,0.795627,1.8994
mzi,109,107,0.79892,1.9073
mzi,108,107,0.808978,1.9313
mzi,107,107,0.874125,2.0868
mzi,126,108,1.120176,2.6742
mzi,125,108,2.201405,5.2555
mzi,124,108,1.162515,2.7753
mzi,123,108,2.249174,5.3695
mzi,122,108,1.161206,2.7722
mzi,121,108,0.862774,2.0597
mzi,120,108,0.831334,1.9847
mzi,119,108,0.828908,1.9789
mzi,118,108,0.828868,1.9788
mzi,117,108,0.828965,1.979
mzi,116,108,0.829108,1.9794
mzi,115,108,0.82931,1.9798
mzi,114,108,0.829605,1.9805
mzi,113,108,0.83006,1.9816
mzi,112,108,0.83082,1.9834
mzi,111,108,0.832234,1.9868
mzi,110,108,0.835357,1.9943
mzi,109,108,0.844883,2.017
mzi,108,108,0.907028,2.1654
mzi,126,109,1.574761,3.7595
mzi,125,109,1.681182,4.0135
mzi,124,109,1.722723,4.1127
mzi,123,109,1.355627,3.2363
mzi,122,109,0.947395,2.2617
mzi,121,109,0.869961,2.0769
mzi,120,109,0.865995,2.0674
mzi,119,109,0.8657,2.0667
mzi,118,109,0.86575,2.0668
mzi,117,109,0.865884,2.0671
mzi,116,109,0.866074,2.0676
mzi,115,109,0.866353,2.0683
mzi,114,109,0.866785,2.0693
mzi,113,109,0.867504,2.071
mzi,112,109,0.868842,2.0742
mzi,111,109,0.871797,2.0813
mzi,110,109,0.880796,2.1027
mzi,109,109,0.939914,2.2439
mzi,126,110,2.195592,5.2416
mzi,125,110,1.440909,3.4399
mzi,124,110,1.557283,3.7177
mzi,123,110,0.969725,2.315
mzi,122,110,0.893034,2.132
mzi,121,110,0.902017,2.1534
mzi,120,110,0.902482,2.1545
mzi,119,110,0.902537,2.1546
mzi,118,110,0.902659,2.1549
mzi,117,110,0.902839,2.1554
mzi,116,110,0.903103,2.156
mzi,115,110,0.90351,2.157
mzi,114,110,0.904189,2.1586
mzi,113,110,0.905452,2.1616
mzi,112,110,0.908239,2.1683
mzi,111,110,0.916718,2.1885
mzi,110,110,0.972783,2.3223
mzi,126,111,-0.914262,-2.1826
mzi,125,111,2.089838,4.9891
mzi,124,111,0.916189,2.1872
mzi,123,111,0.904996,2.1605
mzi,122,111,0.93629,2.2352
mzi,121,111,0.938987,2.2417
mzi,120,111,0.9393,2.2424
mzi,119,111,0.939435,2.2427
mzi,118,111,0.939604,2.2431
mzi,117,111,0.939852,2.2437
mzi,116,111,0.940235,2.2446
mzi,115,111,0.940874,2.2462
mzi,114,111,0.942063,2.249
mzi,113,111,0.944684,2.2553
mzi,112,111,0.952648,2.2743
mzi,111,111,1.005636,2.4008
mzi,126,112,2.769982,6.6128
mzi,125,112,1.184536,2.8279
mzi,124,112,0.941346,2.2473
mzi,123,112,0.968839,2.3129
mzi,122,112,0.975711,2.3293
mzi,121,112,0.976073,2.3302
mzi,120,112,0.976207,2.3305
mzi,119,112,0.976369,2.3309
mzi,118,112,0.976602,2.3315
mzi,117,112,0.976961,2.3323
mzi,116,112,0.977561,2.3338
mzi,115,112,0.978675,2.3364
mzi,114,112,0.981131,2.3423
mzi,113,112,0.988585,2.3601
mzi,112,112,1.038474,2.4792
mzi,126,113,2.644925,6.3143
mzi,125,113,0.832543,1.9875
mzi,124,113,1.01089,2.4133
mzi,123,113,1.013945,2.4206
mzi,122,113,1.012883,2.4181
mzi,121,113,1.012983,2.4183
mzi,120,113,1.013135,2.4187
mzi,119,113,1.013352,2.4192
mzi,118,113,1.013688,2.42
mzi,117,113,1.014247,2.4213
mzi,116,113,1.015288,2.4238
mzi,115,113,1.017581,2.4293
mzi,114,113,1.02453,2.4459
mzi,113,113,1.071298,2.5575
mzi,126,114,1.148802,2.7426
mzi,125,114,1.063275,2.5384
mzi,124,114,1.051184,2.5095
mzi,123,114,1.049844,2.5063
mzi,122,114,1.049779,2.5062
mzi,121,114,1.049901,2.5065
mzi,120,114,1.050103,2.5069
mzi,119,114,1.050415,2.5077
mzi,118,114,1.050935,2.5089
mzi,117,114,1.051902,2.5112
mzi,116,114,1.054032,2.5163
mzi,115,114,1.060481,2.5317
mzi,114,114,1.104109,2.6359
mzi,126,115,0.881844,2.1052
mzi,125,115,1.092651,2.6085
mzi,124,115,1.08664,2.5942
mzi,123,115,1.086534,2.5939
mzi,122,115,1.086668,2.5942
mzi,121,115,1.086854,2.5947
mzi,120,115,1.087142,2.5954
mzi,119,115,1.087623,2.5965
mzi,118,115,1.088517,2.5986
mzi,117,115,1.090486,2.6033
mzi,116,115,1.096439,2.6176
mzi,115,115,1.136909,2.7142
mzi,126,116,1.12503,2.6858
mzi,125,116,1.12264,2.6801
mzi,124,116,1.123298,2.6817
mzi,123,116,1.123432,2.682
mzi,122,116,1.123604,2.6824
mzi,121,116,1.123869,2.683
mzi,120,116,1.124311,2.6841
mzi,119,116,1.125132,2.6861
mzi,118,116,1.126941,2.6904
mzi,117,116,1.132402,2.7034
mzi,116,116,1.169697,2.7924
mzi,126,117,1.162972,2.7764
mzi,125,117,1.159944,2.7692
mzi,124,117,1.160194,2.7698
mzi,123,117,1.160356,2.7701
mzi,122,117,1.160597,2.7707
mzi,121,117,1.161,2.7717
mzi,120,117,1.161749,2.7735
mzi,119,117,1.163398,2.7774
mzi,118,117,1.168371,2.7893
mzi,117,117,1.202475,2.8707
mzi,126,118,1.196836,2.8572
mzi,125,118,1.196981,2.8576
mzi,124,118,1.197107,2.8579
mzi,123,118,1.197326,2.8584
mzi,122,118,1.19769,2.8593
mzi,121,118,1.198366,2.8609
mzi,120,118,1.199856,2.8644
mzi,119,118,1.204345,2.8752
mzi,118,118,1.235243,2.9489
mzi,126,119,1.233714,2.9453
mzi,125,119,1.23386,2.9456
mzi,124,119,1.234054,2.9461
mzi,123,119,1.23438,2.9469
mzi,122,119,1.234984,2.9483
mzi,121,119,1.236315,2.9515
mzi,120,119,1.240324,2.9611
mzi,119,119,1.268004,3.0271
mzi,126,120,1.27061,3.0334
mzi,125,120,1.270783,3.0338
mzi,124,120,1.27107,3.0345
mzi,123,120,1.271603,3.0357
mzi,122,120,1.272776,3.0385
mzi,121,120,1.276306,3.047
mzi,120,120,1.300756,3.1053
mzi,126,121,1.307512,3.1215
mzi,125,121,1.30776,3.122
mzi,124,121,1.308222,3.1231
mzi,123,121,1.309238,3.1256
mzi,122,121,1.312292,3.1329
mzi,121,121,1.333503,3.1835
mzi,126,122,1.344451,3.2096
mzi,125,122,1.344841,3.2106
mzi,124,122,1.3457,3.2126
mzi,123,122,1.34828,3.2188
mzi,122,122,1.366243,3.2617
mzi,126,123,1.381461,3.298
mzi,125,123,1.382163,3.2997
mzi,124,123,1.384272,3.3047
mzi,123,123,1.398979,3.3398
mzi,126,124,1.418627,3.3867
mzi,125,124,1.420265,3.3906
mzi,124,124,1.43171,3.418
mzi,126,125,1.456261,3.4766
mzi,125,125,1.464439,3.4961
mzi,126,126,1.497165,3.5742
out,0,-,-0.0,-0.0
out,1,-,0.0,0.0
out,2,-,-0.0,-0.0
out,3,-,-0.0,-0.0
out,4,-,-0.0,-0.0
out,5,-,-0.0,-0.0
out,6,-,-0.0,-0.0
out,7,-,-0.0,-0.0
out,8,-,-0.0,-0.0
out,9,-,-0.0,-0.0
out,10,-,-0.0,-0.0
out,11,-,-0.0,-0.0
out,12,-,-0.0,-0.0
out,13,-,-0.0,-0.0
out,14,-,-0.0,-0.0
out,15,-,0.0,0.0
out,16,-,0.0,0.0
out,17,-,0.0,0.0
out,18,-,0.0,0.0
out,19,-,-0.0,-0.0
out,20,-,-0.0,-0.0
out,21,-,0.0,0.0
out,22,-,-0.0,-0.0
out,23,-,0.0,0.0
out,24,-,0.0,0.0
out,25,-,-0.0,-0.0
out,26,-,-0.0,-0.0
out,27,-,-0.0,-0.0
out,28,-,0.0,0.0
out,29,-,-0.0,-0.0
out,30,-,0.0,0.0
out,31,-,0.0,0.0
out,32,-,0.0,0.0
out,33,-,-0.0,-0.0
out,34,-,0.0,0.0
out,35,-,0.0,0.0
out,36,-,0.0,0.0
out,37,-,-0.0,-0.0
out,38,-,0.0,0.0
out,39,-,0.0,0.0
out,40,-,-0.0,-0.0
out,41,-,-0.0,-0.0
out,42,-,0.0,0.0
out,43,-,0.0,0.0
out,44,-,-0.0,-0.0
out,45,-,-0.0,-0.0
out,46,-,0.0,0.0
out,47,-,0.0,0.0
out,48,-,0.0,0.0
out,49,-,0.0,0.0
out,50,-,-0.0,-0.0
out,51,-,-0.0,-0.0
out,52,-,0.0,0.0
out,53,-,0.0,0.0
out,54,-,0.0,0.0
out,55,-,0.0,0.0
out,56,-,0.0,0.0
out,57,-,0.0,0.0
out,58,-,0.0,0.0
out,59,-,-0.0,-0.0
out,60,-,-0.0,-0.0
out,61,-,-0.0,-0.0
out,62,-,-0.0,-0.0
out,63,-,-0.0,-0.0
out,64,-,-0.0,-0.0
out,65,-,0.0,0.0
out,66,-,0.0,0.0
out,67,-,0.0,0.0
out,68,-,0.0,0.0
out,69,-,0.0,0.0
out,70,-,0.0,0.0
out,71,-,-0.0,-0.0
out,72,-,-0.0,-0.0
out,73,-,-0.0,-0.0
out,74,-,-0.0,-0.0
out,75,-,-0.0,-0.0
out,76,-,-0.0,-0.0
out,77,-,0.0,0.0
out,78,-,0.0,0.0
out,79,-,0.0,0.0
out,80,-,0.0,0.0
out,81,-,-0.0,-0.0
out,82,-,-0.0,-0.0
out,83,-,-0.0,-0.0
out,84,-,-0.0,-0.0
out,85,-,0.0,0.0
out,86,-,0.0,0.0
out,87,-,0.0,0.0
out,88,-,0.0,0.0
out,89,-,0.0,0.0
out,90,-,0.0,0.0
out,91,-,0.0,0.0
out,92,-,-0.0,-0.0
out,93,-,-0.0,-0.0
out,94,-,-0.0,-0.0
out,95,-,-0.0,-0.0
out,96,-,-0.0,-0.0
out,97,-,0.0,0.0
out,98,-,0.0,0.0
out,99,-,0.0,0.0
out,100,-,0.0,0.0
out,101,-,0.0,0.0
out,102,-,0.0,0.0
out,103,-,-0.0,-0.0
out,104,-,0.0,0.0
out,105,-,-0.0,-0.0
out,106,-,-0.0,-0.0
out,107,-,-0.0,-0.0
out,108,-,0.0,0.0
out,109,-,0.0,0.0
out,110,-,0.0,0.0
out,111,-,0.0,0.0
out,112,-,0.0,0.0
out,113,-,-0.0,-0.0
out,114,-,0.0,0.0
out,115,-,0.0,0.0
out,116,-,0.0,0.0
out,117,-,0.0,0.0
out,118,-,0.0,0.0
out,119,-,0.0,0.0
out,120,-,-0.0,-0.0
out,121,-,0.0,0.0
out,122,-,0.0,0.0
out,123,-,0.0,0.0
out,124,-,-0.0,-0.0
out,125,-,0.0,0.0
out,126,-,0.0,0.0
out,127,-,0.0,0.0
